1,0,[3.80420922e-04 7.53557729e-05 3.65403079e-03 1.61555223e-05],[1.16 1.11 1.16 1.11 1.19 1.11],[1.29 1.18 1.3  1.22 1.35 1.31]
1,1,[0.00044203 0.00026019 0.00164503 0.00862159],[1.13 1.11 1.08 1.11 1.08 1.08],[1.24 1.18 1.16 1.18 1.18 1.13]
1,2,[2.42227054e-04 3.12169651e-06 1.89414086e-04 8.32938012e-08],[1.21 1.21 1.21 1.21 1.29 1.21],[1.4  1.26 1.47 1.36 1.58 1.51]
1,3,[5.65126171e-04 1.14132468e-05 4.36466125e-03 3.52060134e-02],[1.13 1.07 1.02 1.07 1.02 1.02],[1.3  1.14 1.14 1.25 1.25 1.07]
1,4,[5.72306542e-05 2.73802839e-04 1.03193044e-06 9.89775660e-02],[1.17 1.2  1.   1.17 1.   1.  ],[1.28 1.38 1.22 1.36 1.17 1.34]
1,5,[1.81247526e-04 7.75277907e-07 3.85217399e-02 1.38455225e-09],[1.18 1.02 1.18 1.02 1.33 1.02],[1.41 1.18 1.55 1.35 1.65 1.55]
1,6,[1.03591026e-01 2.24588203e-05 1.21940063e-06 4.92517510e-02],[1.   1.   1.   1.23 1.   1.  ],[1.23 1.32 1.   1.38 1.23 1.32]
1,7,[2.58406984e-02 4.10710223e-06 1.75040441e-03 7.70939446e-04],[1.03 1.03 1.03 1.11 1.12 1.11],[1.29 1.11 1.14 1.29 1.31 1.17]
1,8,[2.60646047e-03 3.05254268e-05 2.69481061e-04 3.93273769e-04],[1.13 1.13 1.13 1.15 1.15 1.15],[1.29 1.2  1.18 1.32 1.31 1.27]
1,9,[1.64443014e-05 1.20962573e-02 8.81931101e-06 5.72668303e-03],[1.07 1.24 1.07 1.07 1.07 1.07],[1.25 1.36 1.25 1.28 1.07 1.29]
20,0,[1.16532057e-03 1.24937829e-05 1.09224234e-03 2.37058653e-05],[1.15 1.15 1.15 1.15 1.23 1.15],[1.32 1.18 1.29 1.31 1.38 1.32]
20,1,[3.37684399e-03 3.04155103e-08 1.36975592e-04 2.44371853e-06],[1.11 1.11 1.11 1.19 1.29 1.19],[1.5  1.21 1.33 1.5  1.59 1.41]
20,2,[2.17075592e-02 1.05989574e-03 2.03935063e-04 2.93195758e-05],[1.04 1.04 1.04 1.12 1.12 1.16],[1.12 1.18 1.24 1.2  1.24 1.32]
20,3,[2.16595853e-01 7.57574732e-02 1.29212419e-10 2.17931411e-08],[1.   1.   1.   1.   1.   1.43],[1.   1.57 1.43 1.57 1.43 1.9 ]
20,4,[1.31220543e-02 1.03167255e-04 1.89973060e-04 1.69026212e-06],[1.06 1.06 1.06 1.18 1.18 1.18],[1.21 1.18 1.33 1.25 1.38 1.43]
20,5,[1.89087745e-04 6.70646933e-03 2.13118842e-03 6.77019034e-05],[1.09 1.1  1.16 1.09 1.09 1.1 ],[1.19 1.19 1.27 1.12 1.22 1.25]
20,6,[8.42852295e-04 4.28030553e-03 1.86736420e-08 1.00134425e-02],[1.07 1.11 1.07 1.07 1.07 1.07],[1.14 1.45 1.14 1.45 1.08 1.45]
20,7,[1.59292117e-05 5.95461765e-03 7.74931546e-06 3.14552980e-03],[1.09 1.24 1.09 1.09 1.09 1.09],[1.27 1.38 1.27 1.29 1.1  1.3 ]
20,8,[2.08723198e-05 1.99796121e-03 1.70981033e-05 5.01553575e-04],[1.14 1.22 1.15 1.14 1.14 1.15],[1.31 1.39 1.31 1.27 1.18 1.33]
20,9,[9.28674717e-05 5.63867356e-06 2.92835534e-05 9.54418850e-02],[1.21 1.21 1.   1.22 1.   1.  ],[1.39 1.31 1.21 1.37 1.29 1.24]
18,0,[3.10171095e-07 4.10628603e-05 2.28648655e-04 5.99117862e-04],[1.21 1.18 1.18 1.18 1.18 1.18],[1.52 1.43 1.42 1.3  1.28 1.26]
18,1,[7.90511900e-03 3.23175583e-05 3.67623435e-06 1.77734856e-06],[1.08 1.08 1.08 1.24 1.24 1.28],[1.26 1.31 1.34 1.38 1.4  1.53]
18,2,[2.03600735e-05 7.35126848e-06 5.23280120e-04 3.04673921e-03],[1.23 1.15 1.12 1.15 1.12 1.12],[1.43 1.29 1.26 1.31 1.3  1.21]
18,3,[4.40578783e-02 1.24257518e-02 1.20651719e-02 6.47622842e-08],[1.01 1.01 1.01 1.02 1.02 1.02],[1.02 1.02 1.39 1.02 1.39 1.39]
18,4,[0.03178476 0.00047554 0.00028324 0.00251921],[1.03 1.03 1.03 1.13 1.09 1.09],[1.15 1.17 1.09 1.2  1.15 1.19]
18,5,[4.35392894e-05 2.30371996e-02 3.39480187e-02 1.12329466e-07],[1.01 1.01 1.21 1.01 1.01 1.01],[1.21 1.21 1.43 1.01 1.39 1.39]
18,6,[2.34206993e-04 1.17393228e-05 2.21212400e-06 1.54677705e-03],[1.18 1.18 1.14 1.25 1.14 1.14],[1.35 1.38 1.21 1.46 1.3  1.4 ]
18,7,[1.94231712e-05 2.12424643e-03 9.77343167e-04 7.83750322e-06],[1.13 1.13 1.24 1.13 1.13 1.13],[1.3  1.29 1.41 1.17 1.31 1.34]
18,8,[8.30890734e-05 1.62759285e-03 2.43051407e-04 1.09479297e-02],[1.11 1.15 1.07 1.11 1.07 1.07],[1.24 1.26 1.21 1.18 1.12 1.18]
18,9,[1.30486203e-07 3.78185345e-02 3.71511303e-05 1.31741605e-05],[1.02 1.23 1.24 1.02 1.02 1.23],[1.4  1.44 1.49 1.23 1.26 1.39]
10,0,[2.93531524e-04 2.79224663e-07 1.27689728e-05 3.29665747e-04],[1.2  1.2  1.2  1.25 1.2  1.2 ],[1.47 1.33 1.24 1.48 1.43 1.37]
10,1,[1.40390012e-02 1.80216849e-05 1.10656684e-02 9.69335678e-08],[1.05 1.04 1.05 1.05 1.23 1.05],[1.25 1.04 1.41 1.25 1.48 1.41]
10,2,[3.10793855e-05 1.32435952e-06 2.62885859e-04 5.91171392e-03],[1.22 1.17 1.09 1.17 1.09 1.09],[1.45 1.3  1.25 1.38 1.34 1.2 ]
10,3,[3.91417188e-08 4.49816603e-07 7.05338062e-04 1.87442954e-06],[1.34 1.17 1.32 1.17 1.32 1.17],[1.68 1.46 1.59 1.41 1.52 1.4 ]
10,4,[1.02331350e-05 2.27187692e-03 2.38199381e-02 1.20921270e-04],[1.1  1.04 1.18 1.04 1.1  1.04],[1.3  1.27 1.33 1.1  1.21 1.21]
10,5,[2.55030383e-02 1.34420239e-05 1.25437843e-05 1.67698900e-02],[1.02 1.02 1.02 1.23 1.02 1.02],[1.24 1.25 1.02 1.37 1.24 1.25]
10,6,[2.33906247e-04 3.52813447e-04 3.89923263e-03 1.39137085e-05],[1.15 1.11 1.15 1.11 1.15 1.11],[1.26 1.19 1.32 1.19 1.32 1.31]
10,7,[3.83122356e-05 1.02770354e-04 1.90827642e-03 5.63043617e-05],[1.2  1.14 1.2  1.14 1.2  1.14],[1.35 1.26 1.33 1.22 1.3  1.28]
10,8,[1.18751408e-05 3.86654340e-03 7.49574192e-04 6.63760824e-09],[1.11 1.14 1.25 1.11 1.11 1.14],[1.31 1.3  1.56 1.16 1.5  1.52]
10,9,[2.17427770e-02 1.19238964e-07 3.71548627e-07 8.95493192e-06],[1.04 1.04 1.04 1.35 1.28 1.28],[1.43 1.37 1.28 1.59 1.48 1.52]
15,0,[1.60154172e-04 3.27863337e-04 1.09247611e-08 3.21817436e-03],[1.16 1.17 1.12 1.16 1.12 1.12],[1.27 1.51 1.2  1.5  1.2  1.51]
15,1,[2.15996377e-02 1.27604161e-03 3.08363431e-05 4.77461693e-04],[1.04 1.04 1.04 1.12 1.12 1.13],[1.13 1.24 1.15 1.25 1.17 1.3 ]
15,2,[3.46551123e-05 9.23582431e-04 1.03798639e-02 4.85624011e-02],[1.11 1.04 1.01 1.04 1.01 1.01],[1.25 1.22 1.22 1.11 1.11 1.04]
15,3,[1.56882321e-04 6.68520030e-04 6.14676852e-05 1.07200186e-03],[1.16 1.17 1.16 1.16 1.16 1.16],[1.27 1.3  1.22 1.26 1.2  1.28]
15,4,[3.51104157e-03 1.00552855e-05 5.13400459e-05 3.10691485e-03],[1.12 1.12 1.12 1.2  1.12 1.12],[1.3  1.23 1.12 1.37 1.29 1.25]
15,5,[0.00451625 0.02502034 0.00014386 0.00139562],[1.04 1.07 1.07 1.04 1.04 1.1 ],[1.07 1.18 1.11 1.18 1.11 1.21]
15,6,[2.22497587e-08 3.38646554e-04 7.67393812e-03 2.35935309e-06],[1.16 1.08 1.3  1.08 1.16 1.08],[1.53 1.46 1.58 1.17 1.35 1.34]
15,7,[6.42691091e-05 2.94732230e-03 3.42480982e-04 4.27472932e-04],[1.12 1.14 1.14 1.12 1.12 1.14],[1.26 1.28 1.28 1.18 1.19 1.26]
15,8,[2.07354761e-05 3.25224900e-04 4.18713266e-05 4.38282805e-03],[1.17 1.21 1.11 1.17 1.11 1.11],[1.33 1.36 1.26 1.27 1.18 1.26]
15,9,[6.75932147e-03 2.34176533e-05 3.27417096e-05 4.97642449e-04],[1.09 1.09 1.09 1.21 1.15 1.15],[1.27 1.25 1.16 1.34 1.28 1.31]
11,0,[3.41666523e-06 9.31060055e-05 3.85622513e-05 6.00155172e-08],[1.24 1.24 1.29 1.24 1.24 1.24],[1.43 1.41 1.58 1.31 1.49 1.6 ]
11,1,[5.95609032e-05 6.65992730e-05 1.78296467e-03 6.96530806e-05],[1.18 1.14 1.18 1.14 1.18 1.14],[1.35 1.25 1.31 1.24 1.32 1.29]
11,2,[1.04463645e-01 2.01070909e-05 7.18120914e-06 2.41338756e-03],[1.   1.   1.   1.23 1.09 1.09],[1.25 1.28 1.09 1.36 1.25 1.31]
11,3,[6.33647294e-06 2.20260499e-07 1.21256899e-02 1.27469847e-05],[1.27 1.07 1.27 1.07 1.27 1.07],[1.55 1.29 1.39 1.39 1.47 1.28]
11,4,[7.89965607e-04 1.82263206e-03 6.80958722e-05 3.65433750e-07],[1.14 1.14 1.14 1.14 1.14 1.19],[1.2  1.26 1.39 1.25 1.39 1.47]
11,5,[3.96833774e-06 2.72640709e-04 1.47434788e-04 2.88768181e-04],[1.2 1.2 1.2 1.2 1.2 1.2],[1.41 1.35 1.34 1.29 1.24 1.33]
11,6,[3.39682723e-05 1.82447375e-03 3.13694549e-02 1.24520387e-02],[1.09 1.03 1.03 1.03 1.03 1.03],[1.25 1.22 1.22 1.09 1.09 1.03]
11,7,[9.26434649e-05 9.98678297e-06 9.97888938e-03 1.32257867e-05],[1.2  1.07 1.2  1.07 1.24 1.07],[1.35 1.21 1.34 1.28 1.4  1.28]
11,8,[2.65553369e-01 2.25618755e-08 1.81901775e-04 9.14344594e-03],[1.   1.   1.   1.16 1.05 1.05],[1.43 1.17 1.05 1.46 1.43 1.17]
11,9,[8.01218271e-04 2.14206897e-05 6.03624157e-04 2.02959871e-11],[1.17 1.17 1.17 1.17 1.23 1.17],[1.32 1.2  1.68 1.3  1.72 1.73]
4,0,[8.07795920e-04 3.04413871e-04 1.54466760e-04 1.48894116e-05],[1.17 1.17 1.17 1.17 1.17 1.17],[1.24 1.25 1.29 1.27 1.31 1.39]
4,1,[3.23391671e-07 5.50774601e-01 4.07614006e-04 3.35571579e-06],[1.   1.16 1.29 1.   1.   1.16],[1.38 1.38 1.49 1.16 1.31 1.37]
4,2,[1.49700374e-03 1.04695141e-01 2.63936296e-05 1.72759769e-03],[1.   1.09 1.09 1.   1.   1.09],[1.11 1.25 1.14 1.24 1.11 1.27]
4,3,[4.69140172e-06 1.07473535e-05 5.75456413e-05 9.16812453e-06],[1.26 1.26 1.26 1.26 1.26 1.26],[1.48 1.39 1.44 1.35 1.42 1.44]
4,4,[2.65677961e-04 1.33393465e-06 2.87635562e-06 1.49762885e-04],[1.2  1.2  1.2  1.29 1.2  1.2 ],[1.43 1.38 1.26 1.48 1.41 1.44]
4,5,[4.51133538e-02 3.42450370e-03 2.29942105e-05 2.16618301e-04],[1.01 1.01 1.01 1.08 1.08 1.16],[1.08 1.24 1.17 1.24 1.17 1.32]
4,6,[2.01044477e-06 7.69951924e-05 7.08051463e-04 1.02469142e-04],[1.19 1.17 1.19 1.17 1.19 1.17],[1.43 1.36 1.41 1.25 1.3  1.3 ]
4,7,[2.20082630e-04 3.19237264e-06 1.48744401e-06 5.97774173e-06],[1.21 1.21 1.21 1.28 1.28 1.28],[1.44 1.39 1.36 1.48 1.45 1.53]
4,8,[1.84183390e-04 4.94668625e-06 1.17062706e-04 4.25357250e-03],[1.18 1.18 1.11 1.18 1.11 1.11],[1.37 1.26 1.2  1.35 1.3  1.24]
4,9,[2.79781655e-05 4.42453749e-04 9.94248480e-04 1.50711787e-03],[1.15 1.15 1.15 1.15 1.15 1.15],[1.32 1.28 1.28 1.2  1.19 1.2 ]
5,0,[2.29035407e-03 1.41464026e-03 1.38906554e-04 9.12342985e-06],[1.13 1.13 1.13 1.13 1.13 1.17],[1.16 1.21 1.3  1.22 1.3  1.37]
5,1,[2.54809580e-04 2.90587810e-03 1.04201321e-05 2.84908666e-04],[1.12 1.15 1.15 1.12 1.12 1.15],[1.21 1.31 1.25 1.3  1.19 1.36]
5,2,[4.83321859e-04 7.24144045e-06 2.86108954e-06 3.12434301e-10],[1.19 1.19 1.19 1.29 1.29 1.29],[1.37 1.36 1.6  1.43 1.66 1.83]
5,3,[3.94639188e-09 2.11293778e-03 2.44181808e-09 1.39496180e-01],[1.1  1.47 1.   1.1  1.   1.  ],[1.53 1.75 1.5  1.5  1.1  1.5 ]
5,4,[6.37458820e-03 6.01615331e-06 6.78672376e-06 2.56187175e-04],[1.09 1.09 1.09 1.25 1.17 1.17],[1.32 1.3  1.18 1.42 1.33 1.38]
5,5,[0.00150408 0.00968862 0.00034626 0.01066351],[1.06 1.09 1.06 1.06 1.06 1.06],[1.1  1.16 1.1  1.15 1.06 1.15]
5,6,[1.99078537e-03 3.11543893e-06 3.90899879e-03 3.87685928e-09],[1.11 1.11 1.11 1.11 1.28 1.11],[1.34 1.12 1.53 1.32 1.65 1.54]
5,7,[1.04191800e-04 1.51926428e-05 1.82804716e-03 2.30738630e-04],[1.18 1.14 1.17 1.14 1.17 1.14],[1.38 1.23 1.28 1.29 1.31 1.24]
5,8,[3.92680577e-09 3.28981458e-01 1.23702581e-04 2.42783182e-03],[1.   1.18 1.1  1.   1.   1.1 ],[1.48 1.49 1.48 1.2  1.1  1.21]
5,9,[4.44746060e-08 8.07175831e-05 3.46395162e-02 1.05309737e-07],[1.21 1.02 1.38 1.02 1.21 1.02],[1.55 1.44 1.58 1.21 1.47 1.42]
12,0,[3.91128691e-07 1.29096874e-04 1.35965909e-06 4.50166132e-04],[1.19 1.31 1.19 1.19 1.19 1.19],[1.48 1.58 1.41 1.4  1.26 1.44]
12,1,[6.12531796e-04 3.96441333e-06 8.59384534e-06 3.08052977e-03],[1.14 1.14 1.12 1.26 1.12 1.12],[1.36 1.32 1.17 1.45 1.31 1.34]
12,2,[1.63263330e-05 6.91421823e-04 2.60932207e-03 6.58842840e-05],[1.14 1.13 1.19 1.13 1.14 1.13],[1.32 1.27 1.34 1.18 1.27 1.26]
12,3,[5.59285327e-03 6.01838335e-09 8.65669648e-07 2.93946985e-04],[1.1  1.1  1.1  1.32 1.17 1.17],[1.51 1.35 1.18 1.64 1.51 1.41]
12,4,[3.78582503e-03 1.98423056e-10 1.91876083e-07 6.47444034e-04],[1.11 1.11 1.11 1.37 1.14 1.14],[1.64 1.4  1.16 1.78 1.62 1.44]
12,5,[3.11621251e-03 4.25848120e-04 2.81060980e-04 3.24187233e-08],[1.12 1.12 1.12 1.15 1.15 1.15],[1.2  1.19 1.45 1.22 1.47 1.55]
12,6,[7.63216803e-05 1.43380303e-02 3.80727119e-06 7.28919564e-04],[1.06 1.19 1.14 1.06 1.06 1.14],[1.23 1.35 1.23 1.3  1.14 1.38]
12,7,[4.37241169e-02 7.25683939e-04 1.01108135e-08 7.29985718e-06],[1.01 1.01 1.01 1.14 1.14 1.26],[1.14 1.48 1.28 1.48 1.28 1.6 ]
12,8,[1.54182487e-04 5.68724498e-05 4.33907930e-06 1.84379638e-06],[1.22 1.22 1.22 1.22 1.22 1.28],[1.34 1.37 1.39 1.4  1.4  1.52]
12,9,[5.36169632e-02 2.82119495e-06 4.01125003e-04 6.08071946e-04],[1.   1.   1.   1.14 1.14 1.14],[1.31 1.16 1.14 1.33 1.32 1.22]
6,0,[7.51180105e-08 6.06886579e-03 2.20599077e-04 5.01212061e-04],[1.09 1.16 1.15 1.09 1.09 1.15],[1.45 1.45 1.45 1.18 1.16 1.25]
6,1,[3.75747719e-04 2.44374855e-02 1.27437949e-09 1.24901710e-04],[1.04 1.16 1.16 1.04 1.04 1.17],[1.16 1.55 1.23 1.53 1.19 1.6 ]
6,2,[2.73741108e-03 2.91149038e-05 4.75321247e-05 2.45485394e-03],[1.12 1.12 1.12 1.21 1.12 1.12],[1.28 1.25 1.13 1.33 1.26 1.26]
6,3,[8.81573929e-07 1.19636526e-02 2.46181347e-05 7.34827034e-07],[1.07 1.24 1.31 1.07 1.07 1.24],[1.36 1.43 1.52 1.25 1.35 1.5 ]
6,4,[0.000114   0.00151856 0.00017163 0.10014302],[1.11 1.16 1.   1.11 1.   1.  ],[1.22 1.25 1.2  1.19 1.11 1.18]
6,5,[4.98179165e-03 5.68409934e-03 4.32727258e-06 8.00826029e-03],[1.08 1.08 1.08 1.08 1.08 1.08],[1.08 1.28 1.08 1.28 1.08 1.28]
6,6,[1.27169762e-05 2.80690677e-06 6.83009585e-04 8.63720243e-06],[1.26 1.17 1.26 1.17 1.26 1.17],[1.48 1.3  1.43 1.35 1.46 1.42]
6,7,[1.42883005e-01 2.08195066e-07 8.55496539e-07 1.54733533e-04],[1.   1.   1.   1.32 1.19 1.19],[1.39 1.35 1.19 1.52 1.42 1.44]
6,8,[1.49267010e-02 1.05213757e-05 3.68233312e-04 4.76081206e-05],[1.06 1.06 1.06 1.16 1.21 1.16],[1.28 1.17 1.23 1.29 1.35 1.3 ]
6,9,[1.54519055e-04 3.60850541e-04 9.62994659e-07 3.53192728e-04],[1.2 1.2 1.2 1.2 1.2 1.2],[1.28 1.41 1.26 1.4  1.23 1.44]
3,0,[3.86597755e-05 1.22956174e-04 6.65087398e-07 3.11206423e-06],[1.23 1.23 1.23 1.23 1.23 1.29],[1.36 1.45 1.42 1.43 1.37 1.59]
3,1,[2.12254481e-03 2.30893844e-05 5.91322874e-06 3.79632989e-03],[1.11 1.11 1.11 1.23 1.11 1.11],[1.28 1.3  1.13 1.38 1.26 1.3 ]
3,2,[9.29329797e-05 4.63451943e-02 1.04113996e-04 9.39445070e-05],[1.01 1.17 1.17 1.01 1.01 1.17],[1.21 1.26 1.28 1.2  1.2  1.31]
3,3,[2.97662206e-05 3.29183514e-07 1.08168816e-04 9.99336583e-05],[1.24 1.24 1.24 1.24 1.24 1.24],[1.54 1.32 1.34 1.44 1.47 1.34]
3,4,[7.85327854e-03 3.06149635e-08 2.10733762e-08 2.33542285e-02],[1.05 1.05 1.04 1.41 1.04 1.04],[1.46 1.44 1.05 1.65 1.44 1.44]
3,5,[8.23620814e-07 9.66095829e-06 9.28110844e-04 1.01360546e-03],[1.25 1.16 1.16 1.16 1.16 1.16],[1.48 1.37 1.37 1.3  1.3  1.21]
3,6,[2.04425974e-04 3.98922929e-04 6.04681021e-05 8.98049111e-05],[1.19 1.19 1.19 1.19 1.19 1.19],[1.27 1.29 1.29 1.28 1.27 1.37]
3,7,[1.69237732e-02 2.79759867e-05 7.15245091e-07 1.65771135e-03],[1.05 1.05 1.05 1.22 1.11 1.11],[1.25 1.36 1.11 1.43 1.25 1.38]
3,8,[3.83728187e-07 3.11642304e-03 6.45246515e-05 1.36988682e-04],[1.12 1.19 1.19 1.12 1.12 1.19],[1.42 1.44 1.44 1.23 1.22 1.34]
3,9,[5.51886879e-03 2.78417234e-05 1.04814101e-03 7.85857401e-03],[1.08 1.08 1.08 1.11 1.08 1.08],[1.24 1.13 1.08 1.24 1.24 1.13]
2,0,[1.16763510e-02 3.09526609e-07 8.21195698e-03 9.94395487e-05],[1.06 1.06 1.06 1.06 1.18 1.06],[1.38 1.06 1.2  1.38 1.42 1.2 ]
2,1,[4.79597805e-07 1.25232032e-06 1.25326837e-03 1.01731687e-02],[1.31 1.12 1.07 1.12 1.07 1.07],[1.57 1.38 1.37 1.35 1.34 1.14]
2,2,[5.36916519e-02 5.06601566e-05 4.28024491e-06 3.05766621e-05],[1.   1.   1.   1.22 1.22 1.22],[1.22 1.3  1.24 1.36 1.31 1.42]
2,3,[1.49861565e-07 4.44592381e-06 8.08546876e-08 4.80808648e-02],[1.3  1.37 1.01 1.3  1.01 1.01],[1.56 1.57 1.4  1.54 1.3  1.42]
2,4,[8.93299043e-04 2.80287576e-05 5.47248758e-05 7.70730402e-06],[1.17 1.17 1.17 1.22 1.22 1.22],[1.32 1.26 1.32 1.36 1.4  1.43]
2,5,[1.04272333e-03 5.51655078e-04 1.32781979e-05 4.08235346e-04],[1.16 1.16 1.16 1.16 1.16 1.16],[1.21 1.29 1.21 1.31 1.22 1.35]
2,6,[3.54091295e-06 6.56141617e-05 9.31140282e-02 3.54198493e-03],[1.19 1.   1.08 1.   1.08 1.  ],[1.38 1.29 1.29 1.21 1.21 1.08]
2,7,[4.63241932e-06 8.49864631e-05 1.98226122e-07 2.02924424e-03],[1.21 1.28 1.14 1.21 1.14 1.14],[1.4  1.53 1.32 1.47 1.23 1.44]
2,8,[3.21936270e-04 9.34778925e-05 3.49785318e-03 1.16008440e-04],[1.16 1.11 1.16 1.11 1.17 1.11],[1.28 1.2  1.26 1.22 1.29 1.24]
2,9,[2.08722221e-06 4.20079312e-06 1.12976960e-03 3.14647391e-07],[1.3  1.16 1.3  1.16 1.3  1.16],[1.52 1.36 1.51 1.33 1.5  1.45]
19,0,[2.49081657e-03 1.21612419e-06 8.79715199e-07 8.99686033e-02],[1.09 1.09 1.   1.31 1.   1.  ],[1.34 1.34 1.09 1.49 1.33 1.34]
19,1,[5.45035848e-07 3.28142534e-04 1.87192341e-04 5.81331489e-03],[1.16 1.16 1.1  1.16 1.1  1.1 ],[1.43 1.4  1.37 1.23 1.17 1.21]
19,2,[2.65577633e-03 4.20567293e-04 1.04492114e-05 6.44622429e-08],[1.13 1.13 1.13 1.16 1.16 1.25],[1.2  1.29 1.45 1.32 1.46 1.58]
19,3,[2.07715482e-03 1.49186742e-05 1.16508978e-02 5.73584454e-05],[1.1  1.07 1.1  1.07 1.2  1.07],[1.28 1.1  1.22 1.26 1.33 1.22]
19,4,[8.26529728e-05 1.36467735e-02 1.92105188e-04 4.65976272e-03],[1.06 1.16 1.07 1.06 1.06 1.07],[1.2  1.25 1.2  1.18 1.08 1.19]
19,5,[1.04613959e-06 7.42623385e-03 4.61889440e-04 8.55618256e-06],[1.09 1.15 1.26 1.09 1.09 1.15],[1.37 1.38 1.43 1.16 1.29 1.36]
19,6,[9.85804386e-05 1.57798286e-06 3.98460050e-04 2.57460828e-06],[1.2  1.19 1.2  1.19 1.29 1.19],[1.45 1.26 1.38 1.37 1.49 1.4 ]
19,7,[9.35879668e-04 2.60112299e-03 3.24401272e-03 2.11680451e-10],[1.12 1.12 1.12 1.12 1.12 1.12],[1.17 1.15 1.57 1.13 1.57 1.58]
19,8,[1.75024696e-06 3.88193574e-04 6.19581551e-06 1.76979795e-04],[1.19 1.27 1.19 1.19 1.19 1.19],[1.45 1.47 1.4  1.33 1.24 1.38]
19,9,[4.07621127e-05 5.18321312e-06 2.96083624e-03 4.55764955e-04],[1.21 1.12 1.15 1.12 1.15 1.12],[1.43 1.25 1.27 1.31 1.33 1.18]
13,0,[1.28541066e-04 6.42719032e-06 4.12426145e-03 2.97686813e-04],[1.18 1.11 1.17 1.11 1.17 1.11],[1.38 1.21 1.24 1.3  1.35 1.2 ]
13,1,[6.61153060e-04 1.04130553e-05 1.35132165e-06 2.30033962e-04],[1.18 1.18 1.18 1.25 1.18 1.18],[1.34 1.35 1.23 1.46 1.33 1.44]
13,2,[2.00713717e-04 5.21386626e-07 8.23754169e-04 2.99620169e-03],[1.16 1.13 1.12 1.13 1.12 1.12],[1.42 1.22 1.2  1.39 1.38 1.18]
13,3,[1.63326475e-06 1.47312200e-04 4.50858516e-05 7.31450533e-06],[1.23 1.23 1.26 1.23 1.23 1.23],[1.44 1.41 1.49 1.32 1.35 1.46]
13,4,[2.92265496e-08 5.08039919e-04 3.14329443e-04 2.20170263e-05],[1.18 1.18 1.22 1.18 1.18 1.18],[1.53 1.51 1.55 1.22 1.31 1.37]
13,5,[3.07009002e-05 5.33273774e-08 4.72493553e-05 2.95270675e-09],[1.27 1.27 1.27 1.27 1.4  1.27],[1.6  1.33 1.59 1.49 1.73 1.68]
13,6,[1.37260620e-03 1.06700886e-03 5.17416486e-05 1.31276177e-07],[1.15 1.15 1.15 1.15 1.15 1.2 ],[1.2  1.26 1.41 1.26 1.41 1.49]
13,7,[5.78285255e-04 2.93482523e-04 8.97367083e-05 3.86939627e-02],[1.14 1.14 1.02 1.15 1.02 1.02],[1.22 1.22 1.14 1.23 1.17 1.21]
13,8,[1.43077321e-03 7.31992221e-06 1.24543058e-04 6.36222007e-04],[1.15 1.15 1.15 1.17 1.15 1.15],[1.35 1.24 1.19 1.35 1.32 1.28]
13,9,[1.97353717e-01 4.86498724e-07 4.52873645e-08 1.07315879e-05],[1.   1.   1.   1.34 1.27 1.27],[1.36 1.43 1.27 1.59 1.46 1.63]
7,0,[3.10076770e-04 5.08049359e-05 5.24580662e-03 1.84583802e-04],[1.16 1.1  1.16 1.1  1.16 1.1 ],[1.29 1.18 1.24 1.23 1.27 1.22]
7,1,[1.68395634e-05 8.42598704e-06 3.94179582e-05 1.32166936e-07],[1.27 1.27 1.27 1.27 1.27 1.27],[1.45 1.36 1.51 1.38 1.5  1.6 ]
7,2,[9.47884307e-03 2.07329614e-04 1.60283899e-04 2.38869642e-05],[1.08 1.08 1.08 1.17 1.17 1.17],[1.19 1.19 1.25 1.24 1.28 1.35]
7,3,[5.23704431e-05 2.73100202e-03 3.14446691e-10 1.07594096e-08],[1.12 1.22 1.22 1.12 1.12 1.44],[1.26 1.64 1.51 1.59 1.48 1.89]
7,4,[2.29784841e-03 9.07568590e-06 1.24814413e-07 1.60956558e-04],[1.13 1.13 1.13 1.25 1.19 1.19],[1.33 1.42 1.21 1.51 1.35 1.52]
7,5,[2.23567916e-05 1.32609340e-03 3.31895581e-05 3.49105487e-06],[1.15 1.23 1.23 1.15 1.15 1.23],[1.31 1.37 1.41 1.27 1.34 1.46]
7,6,[3.91055686e-04 1.99579684e-04 8.42153458e-09 4.94338237e-03],[1.16 1.16 1.1  1.16 1.1  1.1 ],[1.25 1.51 1.18 1.52 1.19 1.51]
7,7,[1.37815531e-04 4.95081655e-03 5.71280250e-04 7.42250689e-05],[1.1  1.14 1.17 1.1  1.1  1.14],[1.23 1.24 1.29 1.16 1.23 1.27]
7,8,[1.10179987e-02 2.20915067e-07 3.34656477e-04 1.14708236e-07],[1.07 1.07 1.07 1.16 1.36 1.16],[1.4  1.17 1.41 1.41 1.58 1.48]
7,9,[8.88504371e-03 4.44604096e-06 1.04223398e-02 2.42967380e-06],[1.06 1.06 1.06 1.06 1.28 1.06],[1.29 1.06 1.31 1.29 1.44 1.31]
17,0,[8.61930662e-03 4.47248015e-04 1.05980044e-06 1.61382372e-04],[1.08 1.08 1.08 1.15 1.15 1.17],[1.17 1.34 1.19 1.37 1.24 1.43]
17,1,[2.77042264e-02 2.03094712e-08 1.43188536e-04 3.27268237e-07],[1.03 1.03 1.03 1.19 1.35 1.19],[1.47 1.19 1.37 1.47 1.61 1.48]
17,2,[1.42513263e-07 2.57289283e-03 1.83571961e-04 4.32036196e-03],[1.11 1.16 1.11 1.11 1.11 1.11],[1.41 1.43 1.4  1.21 1.12 1.21]
17,3,[1.12289393e-01 1.97615060e-05 9.92540833e-07 2.84251434e-05],[1.   1.   1.   1.23 1.23 1.23],[1.25 1.34 1.24 1.41 1.35 1.5 ]
17,4,[1.55389964e-03 1.96687224e-07 5.01234359e-04 3.29994558e-06],[1.15 1.15 1.15 1.15 1.28 1.15],[1.46 1.19 1.32 1.46 1.5  1.41]
17,5,[7.31302669e-04 3.62048920e-05 2.45647122e-04 6.43278485e-06],[1.17 1.17 1.17 1.17 1.21 1.17],[1.33 1.23 1.33 1.31 1.39 1.37]
17,6,[2.47625345e-06 1.15550697e-04 4.71825945e-06 6.69755354e-03],[1.2  1.27 1.09 1.2  1.09 1.09],[1.39 1.42 1.32 1.37 1.21 1.32]
17,7,[4.78062617e-04 9.49306687e-03 3.84724997e-01 4.57219138e-08],[1.04 1.   1.13 1.   1.04 1.  ],[1.14 1.14 1.42 1.04 1.41 1.41]
17,8,[1.28277446e-06 9.30519133e-06 1.28940019e-06 1.51277211e-05],[1.3 1.3 1.3 1.3 1.3 1.3],[1.56 1.51 1.47 1.46 1.39 1.53]
17,9,[6.17809220e-05 4.44260752e-04 1.78252489e-06 4.62422654e-05],[1.19 1.21 1.21 1.19 1.19 1.21],[1.29 1.41 1.34 1.36 1.29 1.49]
29,0,[0.00031886 0.00852143 0.00225622 0.00021075],[1.08 1.1  1.14 1.08 1.08 1.1 ],[1.18 1.18 1.22 1.11 1.18 1.2 ]
29,1,[1.83934535e-03 6.67113946e-06 4.53125557e-04 7.23914849e-07],[1.14 1.14 1.14 1.15 1.26 1.15],[1.34 1.18 1.38 1.34 1.48 1.42]
29,2,[8.50969894e-05 1.56828986e-06 5.55949243e-02 3.45382880e-06],[1.21 1.   1.21 1.   1.28 1.  ],[1.43 1.21 1.35 1.33 1.45 1.31]
29,3,[4.42639744e-06 2.74414889e-07 1.97708106e-04 9.50979799e-05],[1.28 1.22 1.22 1.22 1.22 1.22],[1.56 1.37 1.37 1.42 1.45 1.33]
29,4,[2.68226902e-06 1.16362913e-02 1.23510551e-01 3.19293776e-05],[1.04 1.   1.22 1.   1.04 1.  ],[1.3  1.3  1.34 1.04 1.22 1.22]
29,5,[2.72476676e-03 1.25089085e-06 1.72347775e-03 3.14272292e-06],[1.13 1.13 1.13 1.13 1.29 1.13],[1.37 1.14 1.32 1.36 1.48 1.37]
29,6,[3.13218662e-08 9.24898576e-07 2.34002860e-02 2.41630062e-03],[1.32 1.04 1.09 1.04 1.09 1.04],[1.64 1.43 1.43 1.34 1.34 1.1 ]
29,7,[3.93700384e-05 2.54577165e-03 2.47558280e-06 1.67326329e-05],[1.13 1.23 1.23 1.13 1.13 1.24],[1.28 1.41 1.34 1.34 1.28 1.48]
29,8,[1.92740585e-04 1.83912245e-02 1.75635182e-04 5.11636267e-05],[1.05 1.16 1.16 1.05 1.05 1.16],[1.19 1.24 1.27 1.18 1.22 1.31]
29,9,[0.04948141 0.00157932 0.00253341 0.02066192],[1.01 1.01 1.01 1.07 1.01 1.01],[1.09 1.07 1.01 1.1  1.09 1.07]
22,0,[1.32717102e-01 3.64361585e-08 1.09584382e-05 9.26879513e-03],[1.   1.   1.   1.25 1.04 1.04],[1.41 1.26 1.04 1.47 1.41 1.26]
22,1,[8.64088135e-07 8.43073389e-10 1.13980167e-06 4.90304124e-03],[1.32 1.32 1.1  1.32 1.1  1.1 ],[1.72 1.5  1.35 1.63 1.55 1.38]
22,2,[1.00147939e-03 1.21094560e-04 1.70553290e-07 9.15923107e-03],[1.12 1.12 1.08 1.17 1.08 1.08],[1.22 1.4  1.14 1.45 1.2  1.4 ]
22,3,[1.69765137e-06 1.25907874e-04 7.27882635e-04 9.58807442e-04],[1.17 1.16 1.16 1.16 1.16 1.16],[1.42 1.36 1.38 1.24 1.23 1.22]
22,4,[6.67077534e-05 1.16176692e-04 1.80127427e-03 2.94584620e-06],[1.19 1.14 1.19 1.14 1.19 1.14],[1.32 1.26 1.38 1.22 1.39 1.37]
22,5,[9.69061940e-06 5.81865858e-08 1.36606582e-02 1.61452446e-06],[1.27 1.06 1.27 1.06 1.31 1.06],[1.59 1.28 1.44 1.43 1.55 1.36]
22,6,[5.61449292e-02 1.80536768e-02 2.79948622e-03 9.66713689e-06],[1.   1.   1.   1.02 1.02 1.07],[1.02 1.07 1.25 1.07 1.25 1.27]
22,7,[8.67422173e-06 6.21243424e-04 2.77774466e-06 4.64632420e-04],[1.18 1.26 1.18 1.18 1.18 1.18],[1.35 1.44 1.33 1.34 1.21 1.39]
22,8,[2.38305372e-04 3.67925408e-05 1.22319577e-05 7.62578125e-03],[1.17 1.17 1.08 1.21 1.08 1.08],[1.29 1.33 1.18 1.36 1.24 1.31]
22,9,[6.99911728e-06 1.31362840e-03 1.44183621e-09 1.32997666e-01],[1.12 1.26 1.   1.12 1.   1.  ],[1.32 1.59 1.28 1.51 1.12 1.51]
32,0,[3.82787293e-06 5.91409941e-05 6.99152386e-07 1.09582846e-03],[1.22 1.28 1.16 1.22 1.16 1.16],[1.46 1.48 1.34 1.44 1.26 1.43]
32,1,[9.24933736e-06 4.72337110e-05 4.26371407e-02 4.20710442e-05],[1.21 1.01 1.21 1.01 1.21 1.01],[1.38 1.28 1.35 1.22 1.31 1.23]
32,2,[3.25281473e-04 8.61636043e-05 3.03646201e-06 2.66230230e-05],[1.2  1.2  1.2  1.21 1.21 1.22],[1.3  1.35 1.3  1.38 1.34 1.43]
32,3,[1.45958885e-06 5.92508472e-03 2.01837402e-06 6.83824451e-01],[1.06 1.3  1.   1.06 1.   1.  ],[1.33 1.44 1.33 1.31 1.06 1.31]
32,4,[1.49865780e-01 5.11704056e-07 7.64696930e-06 1.26902159e-02],[1.   1.   1.   1.26 1.03 1.03],[1.34 1.27 1.03 1.42 1.34 1.27]
32,5,[1.20728930e-05 3.01512681e-02 2.24865307e-03 3.96281610e-05],[1.03 1.1  1.21 1.03 1.03 1.1 ],[1.26 1.26 1.34 1.1  1.23 1.26]
32,6,[7.02392086e-05 2.04518381e-03 5.91068216e-06 1.83234669e-04],[1.13 1.19 1.18 1.13 1.13 1.18],[1.27 1.37 1.28 1.31 1.22 1.39]
32,7,[3.18229569e-04 7.19023457e-05 4.33084287e-06 3.30752679e-08],[1.2  1.2  1.2  1.21 1.21 1.28],[1.33 1.35 1.48 1.38 1.51 1.65]
32,8,[8.46374664e-05 6.06924195e-05 9.61187116e-05 4.54133335e-02],[1.18 1.18 1.01 1.18 1.01 1.01],[1.32 1.28 1.21 1.27 1.22 1.2 ]
32,9,[9.43485701e-04 3.82716626e-05 1.58578750e-02 5.92630845e-07],[1.13 1.06 1.13 1.06 1.21 1.06],[1.27 1.13 1.38 1.23 1.44 1.38]
0,0,[4.51091784e-07 1.22407104e-08 1.02249369e-03 1.77945805e-04],[1.34 1.16 1.18 1.16 1.18 1.16],[1.73 1.41 1.41 1.48 1.5  1.26]
0,1,[3.81245339e-04 4.45487223e-08 2.50044561e-05 4.16447142e-05],[1.19 1.19 1.19 1.22 1.22 1.22],[1.55 1.3  1.27 1.54 1.52 1.4 ]
0,2,[8.13423361e-04 6.35434886e-05 1.67650898e-03 3.14609959e-05],[1.14 1.14 1.14 1.14 1.2  1.14],[1.27 1.17 1.27 1.25 1.35 1.29]
0,3,[6.46002115e-07 1.43651966e-02 8.93131145e-06 1.17155252e-06],[1.06 1.28 1.32 1.06 1.06 1.28],[1.38 1.47 1.46 1.28 1.34 1.52]
0,4,[7.67312909e-06 2.42493719e-03 2.11033035e-05 1.75933264e-02],[1.09 1.23 1.05 1.09 1.05 1.05],[1.29 1.37 1.28 1.25 1.1  1.25]
0,5,[5.30739040e-06 1.74640897e-06 6.34341772e-03 3.54410400e-05],[1.27 1.09 1.24 1.09 1.24 1.09],[1.47 1.3  1.38 1.33 1.38 1.28]
0,6,[7.82933094e-04 2.01099335e-05 3.24702188e-07 6.26474965e-08],[1.17 1.17 1.17 1.25 1.25 1.36],[1.33 1.41 1.43 1.49 1.52 1.69]
0,7,[4.94571456e-05 1.89997029e-02 2.64409586e-04 1.40177828e-06],[1.05 1.17 1.2  1.05 1.05 1.17],[1.24 1.26 1.37 1.17 1.33 1.4 ]
0,8,[6.69857418e-06 7.30316107e-06 2.74340055e-07 7.24172090e-04],[1.27 1.27 1.17 1.27 1.17 1.17],[1.44 1.51 1.33 1.52 1.32 1.45]
0,9,[1.11059402e-03 4.21625472e-05 1.70935119e-08 1.56206632e-03],[1.14 1.14 1.14 1.21 1.14 1.14],[1.28 1.48 1.17 1.54 1.25 1.51]
14,0,[7.41216815e-04 2.85924143e-07 7.95114171e-04 2.67136933e-03],[1.13 1.13 1.13 1.13 1.13 1.13],[1.41 1.2  1.16 1.4  1.4  1.2 ]
14,1,[1.19131304e-05 2.13071686e-03 2.01569534e-05 1.07005286e-07],[1.13 1.25 1.25 1.13 1.13 1.25],[1.34 1.38 1.54 1.27 1.43 1.57]
14,2,[0.0002628  0.00207916 0.01665978 0.06789464],[1.08 1.02 1.   1.02 1.   1.  ],[1.17 1.15 1.15 1.08 1.08 1.02]
14,3,[7.25843515e-06 2.05531425e-03 1.43913080e-03 5.91518166e-06],[1.13 1.13 1.25 1.13 1.13 1.13],[1.31 1.31 1.43 1.16 1.31 1.33]
14,4,[5.18201226e-08 1.89003640e-04 1.49451131e-03 1.47115920e-04],[1.17 1.15 1.17 1.15 1.17 1.15],[1.53 1.46 1.48 1.21 1.26 1.26]
14,5,[3.89807391e-07 2.54879717e-07 1.73344470e-04 3.87308179e-04],[1.34 1.19 1.19 1.19 1.19 1.19],[1.64 1.42 1.42 1.45 1.41 1.3 ]
14,6,[0.00054228 0.000132   0.00038565 0.12550854],[1.14 1.14 1.   1.14 1.   1.  ],[1.24 1.19 1.15 1.23 1.19 1.16]
14,7,[4.35540291e-05 7.07888750e-08 4.95794917e-06 1.55278726e-04],[1.23 1.23 1.22 1.28 1.22 1.22],[1.57 1.39 1.32 1.57 1.47 1.43]
14,8,[8.63329757e-05 8.50183998e-05 4.96114125e-05 5.17056434e-06],[1.24 1.24 1.24 1.24 1.24 1.24],[1.34 1.3  1.4  1.33 1.38 1.47]
14,9,[4.19845094e-07 2.89658189e-06 4.04966786e-02 4.10022262e-06],[1.29 1.01 1.29 1.01 1.29 1.01],[1.55 1.37 1.5  1.31 1.41 1.3 ]
8,0,[2.03461050e-03 3.53486698e-08 7.81970839e-06 3.53851774e-03],[1.11 1.11 1.11 1.26 1.11 1.11],[1.49 1.3  1.13 1.53 1.45 1.3 ]
8,1,[5.90654812e-08 3.75403908e-04 1.30941784e-02 2.16614613e-03],[1.14 1.06 1.1  1.06 1.1  1.06],[1.44 1.41 1.41 1.16 1.17 1.11]
8,2,[1.15976631e-05 4.18001055e-06 6.19754483e-05 3.29759427e-05],[1.26 1.26 1.26 1.26 1.26 1.26],[1.51 1.35 1.38 1.41 1.39 1.41]
8,3,[4.46213058e-05 1.12139266e-05 9.23224216e-06 1.82947627e-05],[1.27 1.27 1.27 1.27 1.27 1.27],[1.4  1.36 1.35 1.42 1.41 1.48]
8,4,[8.43684427e-03 3.00238236e-08 6.46300827e-05 2.85506560e-05],[1.08 1.08 1.08 1.22 1.22 1.22],[1.47 1.22 1.24 1.49 1.5  1.36]
8,5,[4.13443734e-02 1.07586635e-05 1.07846932e-03 8.61589038e-08],[1.01 1.01 1.01 1.12 1.25 1.12],[1.27 1.12 1.41 1.27 1.53 1.47]
8,6,[2.38183800e-04 3.02275254e-07 1.70946368e-04 4.22293585e-03],[1.16 1.16 1.11 1.16 1.11 1.11],[1.44 1.27 1.2  1.43 1.39 1.23]
8,7,[1.44159897e-02 7.90802200e-06 1.11789482e-02 8.94792457e-05],[1.05 1.05 1.05 1.05 1.19 1.05],[1.27 1.05 1.2  1.27 1.32 1.2 ]
8,8,[8.26011106e-06 4.20083830e-03 4.07025369e-09 9.28220333e-04],[1.11 1.26 1.13 1.11 1.11 1.13],[1.31 1.6  1.31 1.5  1.16 1.55]
8,9,[7.97937618e-04 4.90830710e-04 1.15811824e-05 3.88889236e-02],[1.13 1.13 1.02 1.13 1.02 1.02],[1.21 1.28 1.13 1.28 1.15 1.28]
21,0,[4.13565176e-03 1.09247583e-05 3.17851627e-04 6.86667430e-03],[1.09 1.09 1.09 1.14 1.09 1.09],[1.28 1.17 1.09 1.3  1.27 1.17]
21,1,[2.87741376e-02 4.84231720e-03 4.35328177e-06 1.14190596e-02],[1.03 1.03 1.03 1.05 1.04 1.04],[1.05 1.28 1.04 1.28 1.05 1.28]
21,2,[4.84594116e-05 2.78705993e-02 7.82495979e-09 1.18179158e-03],[1.03 1.21 1.12 1.03 1.03 1.12],[1.23 1.51 1.25 1.48 1.12 1.54]
21,3,[0.00255157 0.00039652 0.00363205 0.00033827],[1.11 1.11 1.11 1.11 1.13 1.11],[1.19 1.12 1.19 1.18 1.24 1.19]
21,4,[3.16698858e-05 1.79087078e-04 1.02953444e-04 2.15535081e-05],[1.22 1.22 1.22 1.22 1.22 1.22],[1.36 1.35 1.34 1.29 1.31 1.41]
21,5,[4.45060655e-10 3.60162101e-06 4.00457338e-03 2.17827394e-04],[1.28 1.11 1.18 1.11 1.18 1.11],[1.72 1.57 1.58 1.33 1.35 1.23]
21,6,[4.52626773e-04 3.90155078e-04 7.50840420e-04 1.06199511e-06],[1.17 1.17 1.17 1.17 1.17 1.17],[1.24 1.21 1.4  1.21 1.39 1.42]
21,7,[1.78309149e-06 4.32383586e-03 1.64632051e-05 8.84182017e-03],[1.08 1.24 1.08 1.08 1.08 1.08],[1.32 1.41 1.32 1.26 1.09 1.26]
21,8,[9.62547762e-04 1.93530725e-09 1.16001946e-08 4.64199607e-07],[1.16 1.16 1.16 1.45 1.37 1.37],[1.64 1.5  1.39 1.75 1.72 1.75]
21,9,[9.35884429e-06 7.50147915e-06 1.52440068e-04 8.27345808e-07],[1.26 1.23 1.26 1.23 1.26 1.23],[1.48 1.35 1.46 1.35 1.48 1.44]
9,0,[1.42321327e-05 5.91825379e-04 2.37692743e-08 5.01118091e-04],[1.18 1.24 1.18 1.18 1.18 1.18],[1.34 1.54 1.32 1.5  1.21 1.53]
9,1,[5.85449009e-04 5.42993220e-07 1.23243617e-06 3.44068797e-05],[1.18 1.18 1.18 1.31 1.24 1.24],[1.44 1.36 1.29 1.55 1.45 1.5 ]
9,2,[1.31423198e-05 4.22730952e-06 8.80195526e-06 2.69274950e-03],[1.25 1.25 1.12 1.25 1.12 1.12],[1.49 1.42 1.28 1.42 1.32 1.32]
9,3,[2.89734036e-04 6.54070040e-02 1.39798449e-06 5.29594940e-04],[1.   1.15 1.15 1.   1.   1.15],[1.17 1.36 1.2  1.33 1.15 1.39]
9,4,[3.01183680e-08 1.37776312e-06 5.74298203e-07 4.38696653e-05],[1.33 1.33 1.27 1.33 1.27 1.27],[1.67 1.64 1.5  1.51 1.44 1.54]
9,5,[5.66757849e-05 2.49758224e-04 9.83626514e-11 1.27799824e-03],[1.17 1.2  1.15 1.17 1.15 1.15],[1.31 1.65 1.25 1.65 1.22 1.65]
9,6,[1.04609004e-05 7.54677257e-04 1.07802604e-04 1.59012750e-02],[1.13 1.18 1.05 1.13 1.05 1.05],[1.3  1.34 1.27 1.22 1.14 1.21]
9,7,[3.79285596e-04 1.85750676e-04 3.03438616e-05 2.43799798e-08],[1.19 1.19 1.19 1.19 1.19 1.22],[1.3  1.3  1.49 1.32 1.48 1.59]
9,8,[2.77198272e-07 5.89287233e-04 3.45803762e-02 1.79518339e-02],[1.13 1.02 1.02 1.02 1.02 1.02],[1.39 1.36 1.36 1.13 1.13 1.02]
9,9,[3.07677125e-02 3.56505995e-03 1.45298773e-05 3.19103330e-04],[1.03 1.03 1.03 1.08 1.08 1.14],[1.08 1.25 1.16 1.25 1.16 1.32]
31,0,[1.59029656e-09 1.07969462e-03 6.21241802e-07 1.69995806e-02],[1.12 1.33 1.05 1.12 1.05 1.05],[1.56 1.65 1.52 1.35 1.13 1.35]
31,1,[3.17854398e-02 3.21840172e-03 1.27543955e-07 3.83305297e-06],[1.03 1.03 1.03 1.08 1.08 1.28],[1.08 1.4  1.28 1.4  1.28 1.6 ]
31,2,[1.14601690e-03 8.65561013e-03 1.87895304e-03 6.89154323e-07],[1.08 1.1  1.1  1.08 1.08 1.1 ],[1.14 1.14 1.37 1.11 1.36 1.38]
31,3,[5.28353049e-05 3.54123664e-05 1.14488745e-05 8.15928119e-02],[1.21 1.21 1.   1.21 1.   1.  ],[1.34 1.34 1.22 1.35 1.23 1.27]
31,4,[3.74032531e-03 9.37239720e-05 1.13886706e-01 9.37098865e-09],[1.08 1.   1.08 1.   1.18 1.  ],[1.21 1.08 1.46 1.2  1.48 1.46]
31,5,[3.32408050e-06 3.28144928e-05 1.12254584e-06 4.18311407e-05],[1.27 1.29 1.27 1.27 1.27 1.27],[1.44 1.51 1.39 1.44 1.32 1.51]
31,6,[4.58315465e-04 2.28841734e-08 6.40747150e-04 4.31520938e-03],[1.13 1.13 1.11 1.13 1.11 1.11],[1.49 1.21 1.17 1.47 1.46 1.18]
31,7,[6.30601351e-03 1.98346926e-04 5.76207810e-04 3.37547329e-07],[1.09 1.09 1.09 1.15 1.16 1.15],[1.21 1.16 1.39 1.23 1.41 1.43]
31,8,[1.52199002e-07 3.39659533e-04 4.09259324e-05 3.50650812e-03],[1.16 1.21 1.12 1.16 1.12 1.12],[1.44 1.47 1.4  1.3  1.18 1.27]
31,9,[8.49385796e-05 5.09810156e-04 3.39107211e-05 4.15025849e-05],[1.18 1.2  1.2  1.18 1.18 1.2 ],[1.29 1.33 1.32 1.3  1.28 1.39]
30,0,[4.48338560e-04 4.16843277e-07 3.55418150e-05 3.33120069e-06],[1.19 1.19 1.19 1.24 1.29 1.24],[1.45 1.28 1.35 1.46 1.53 1.46]
30,1,[2.71328880e-07 3.91446331e-02 7.88393667e-05 6.36426725e-03],[1.02 1.19 1.06 1.02 1.02 1.06],[1.36 1.42 1.36 1.21 1.06 1.21]
30,2,[2.40815581e-07 1.14413203e-01 2.16367060e-02 7.05751271e-07],[1.   1.01 1.33 1.   1.   1.01],[1.37 1.37 1.56 1.01 1.33 1.33]
30,3,[3.13046275e-04 2.06984137e-06 1.06462211e-05 1.31578872e-01],[1.17 1.17 1.   1.25 1.   1.  ],[1.38 1.29 1.17 1.42 1.32 1.27]
30,4,[2.39645974e-05 3.54149784e-02 1.02497163e-03 2.14620938e-04],[1.02 1.13 1.16 1.02 1.02 1.13],[1.25 1.26 1.28 1.13 1.18 1.22]
30,5,[3.77272360e-04 3.86835297e-07 3.10193000e-07 2.19076731e-05],[1.2  1.2  1.2  1.34 1.25 1.25],[1.45 1.43 1.31 1.61 1.48 1.52]
30,6,[1.68192968e-04 8.16957510e-04 1.02611867e-02 3.30435457e-10],[1.13 1.07 1.17 1.07 1.13 1.07],[1.23 1.19 1.6  1.14 1.58 1.58]
30,7,[6.72206197e-05 3.94837325e-04 1.79459782e-03 1.12459481e-02],[1.14 1.1  1.07 1.1  1.07 1.07],[1.27 1.23 1.21 1.17 1.16 1.12]
30,8,[4.29637425e-04 5.38087471e-04 1.70982628e-08 9.19130107e-04],[1.16 1.16 1.16 1.16 1.16 1.16],[1.25 1.5  1.21 1.5  1.2  1.53]
30,9,[5.06915165e-04 1.72749225e-05 1.76557360e-06 1.53473143e-04],[1.19 1.19 1.19 1.24 1.19 1.19],[1.34 1.38 1.23 1.44 1.34 1.43]
28,0,[1.96734596e-02 2.78212171e-04 8.21990158e-08 8.56701667e-04],[1.05 1.05 1.05 1.15 1.13 1.13],[1.18 1.42 1.13 1.44 1.2  1.47]
28,1,[3.49267117e-03 2.29605074e-03 1.16342895e-04 4.06331179e-06],[1.11 1.11 1.11 1.11 1.11 1.18],[1.15 1.2  1.31 1.2  1.31 1.37]
28,2,[2.18820558e-02 8.16427514e-07 1.18421202e-07 2.69591796e-04],[1.04 1.04 1.04 1.33 1.17 1.17],[1.35 1.41 1.17 1.53 1.37 1.48]
28,3,[0.00084135 0.0003957  0.00723519 0.01576105],[1.11 1.06 1.06 1.06 1.06 1.06],[1.2  1.12 1.12 1.14 1.14 1.06]
28,4,[1.30216279e-07 5.16394418e-06 1.15541556e-04 4.42385253e-04],[1.27 1.2  1.19 1.2  1.19 1.19],[1.6  1.45 1.44 1.37 1.36 1.29]
28,5,[1.88730822e-08 1.45818992e-04 5.20979553e-02 1.75948419e-06],[1.19 1.   1.31 1.   1.19 1.  ],[1.5  1.46 1.56 1.19 1.37 1.33]
28,6,[2.58386997e-04 1.25723779e-05 9.26059438e-06 7.80969922e-07],[1.21 1.21 1.21 1.25 1.25 1.25],[1.39 1.34 1.4  1.4  1.49 1.52]
28,7,[7.20050670e-04 3.47658238e-03 6.44706324e-06 2.11477598e-03],[1.11 1.12 1.11 1.11 1.11 1.11],[1.18 1.31 1.18 1.3  1.13 1.33]
28,8,[1.41959639e-06 1.56616281e-04 1.26726213e-04 3.92507560e-07],[1.22 1.22 1.31 1.22 1.22 1.22],[1.43 1.42 1.53 1.28 1.42 1.53]
28,9,[1.87138043e-06 2.23440719e-03 8.70637805e-06 9.02464885e-06],[1.13 1.26 1.26 1.13 1.13 1.26],[1.37 1.45 1.44 1.29 1.3  1.45]
41,0,[9.41533004e-05 1.46545041e-02 7.99506545e-08 2.30114030e-04],[1.06 1.18 1.18 1.06 1.06 1.18],[1.22 1.46 1.26 1.42 1.18 1.49]
41,1,[3.20492716e-04 1.61202158e-03 3.73444352e-06 2.14808857e-04],[1.14 1.16 1.16 1.14 1.14 1.16],[1.23 1.34 1.25 1.34 1.21 1.42]
41,2,[1.95792487e-06 3.05459603e-04 2.87771142e-03 1.26551364e-07],[1.17 1.12 1.3  1.12 1.17 1.12],[1.41 1.35 1.55 1.19 1.43 1.43]
41,3,[0.00032375 0.00045478 0.00528459 0.01791751],[1.13 1.07 1.05 1.07 1.05 1.05],[1.21 1.15 1.15 1.15 1.15 1.07]
41,4,[2.57897339e-06 3.00369603e-07 6.28257179e-03 3.74629138e-04],[1.29 1.09 1.16 1.09 1.16 1.09],[1.59 1.33 1.33 1.39 1.42 1.19]
41,5,[5.41635699e-05 2.31063020e-01 7.09729673e-05 2.05310825e-05],[1.  1.2 1.2 1.  1.  1.2],[1.22 1.3  1.32 1.21 1.25 1.36]
41,6,[6.52633576e-04 6.85911759e-04 6.83624361e-03 1.11761858e-07],[1.12 1.09 1.12 1.09 1.12 1.09],[1.19 1.15 1.44 1.15 1.44 1.44]
41,7,[8.35764513e-08 1.84746545e-01 2.96306877e-08 9.68635066e-04],[1.   1.39 1.12 1.   1.   1.12],[1.41 1.64 1.41 1.44 1.12 1.48]
41,8,[1.33299358e-04 1.49130132e-07 1.81046958e-06 7.01552228e-04],[1.19 1.19 1.17 1.31 1.17 1.17],[1.5  1.41 1.24 1.56 1.42 1.4 ]
41,9,[6.80726142e-04 4.34664062e-05 6.55696038e-02 5.13096646e-05],[1.14 1.   1.14 1.   1.19 1.  ],[1.27 1.14 1.23 1.23 1.31 1.22]
23,0,[2.36857244e-06 6.15617428e-06 1.09672570e-03 3.38629286e-05],[1.27 1.16 1.24 1.16 1.24 1.16],[1.5  1.35 1.41 1.32 1.42 1.31]
23,1,[2.03466371e-03 6.02936213e-05 3.45524521e-04 3.83035247e-05],[1.13 1.13 1.13 1.16 1.2  1.16],[1.26 1.19 1.26 1.29 1.31 1.31]
23,2,[9.33263387e-06 1.38877453e-06 8.17238761e-05 4.93457109e-04],[1.25 1.21 1.19 1.21 1.19 1.19],[1.52 1.36 1.32 1.42 1.38 1.32]
23,3,[1.52072275e-03 5.38311919e-06 7.62077035e-04 3.53760888e-05],[1.15 1.15 1.15 1.15 1.21 1.15],[1.33 1.18 1.27 1.32 1.39 1.31]
23,4,[7.94967132e-03 2.82938819e-06 1.27032324e-06 5.99881249e-04],[1.08 1.08 1.08 1.29 1.14 1.14],[1.35 1.34 1.15 1.49 1.35 1.37]
23,5,[1.77591846e-03 5.81377064e-06 3.39333420e-03 3.25639185e-05],[1.11 1.11 1.11 1.11 1.22 1.11],[1.31 1.14 1.26 1.3  1.37 1.26]
23,6,[7.90056043e-08 5.78321360e-05 6.50405567e-04 5.47214142e-05],[1.2  1.18 1.2  1.18 1.2  1.18],[1.54 1.45 1.49 1.28 1.33 1.31]
23,7,[4.19699100e-05 1.38106338e-05 2.44518028e-04 1.87948518e-02],[1.21 1.17 1.05 1.17 1.05 1.05],[1.39 1.28 1.23 1.29 1.27 1.19]
23,8,[6.14069663e-06 1.52855346e-03 4.62776189e-05 1.28510972e-03],[1.14 1.21 1.14 1.14 1.14 1.14],[1.33 1.37 1.33 1.26 1.17 1.29]
23,9,[4.12793056e-03 8.61396855e-03 4.84055620e-08 2.43544449e-06],[1.08 1.08 1.08 1.08 1.08 1.29],[1.1  1.42 1.3  1.42 1.3  1.62]
57,0,[9.69755584e-03 1.79518303e-05 3.11760476e-04 2.18229302e-02],[1.04 1.04 1.04 1.15 1.04 1.04],[1.24 1.15 1.04 1.26 1.24 1.15]
57,1,[1.58710668e-01 2.15141027e-05 4.89138263e-05 1.04055674e-01],[1.  1.  1.  1.2 1.  1. ],[1.23 1.2  1.   1.29 1.23 1.2 ]
57,2,[9.03075317e-08 8.34248883e-05 6.03884153e-03 8.61830081e-04],[1.19 1.09 1.13 1.09 1.13 1.09],[1.49 1.42 1.43 1.21 1.24 1.17]
57,3,[1.03741534e-03 6.73344233e-04 1.31430480e-03 7.04872465e-07],[1.15 1.15 1.15 1.15 1.15 1.15],[1.2  1.18 1.37 1.18 1.39 1.4 ]
57,4,[8.28579969e-02 5.34702197e-05 6.89461586e-03 9.54535505e-04],[1.   1.   1.   1.06 1.11 1.06],[1.21 1.06 1.13 1.21 1.22 1.13]
57,5,[5.79353941e-04 2.52364960e-03 6.10652470e-05 6.53793936e-04],[1.13 1.13 1.13 1.13 1.13 1.13],[1.2  1.27 1.2  1.25 1.17 1.29]
57,6,[6.39314085e-05 8.10363493e-02 4.20440744e-06 5.45505255e-06],[1.   1.21 1.21 1.   1.   1.26],[1.21 1.36 1.35 1.3  1.29 1.47]
57,7,[4.32620769e-03 6.80896773e-06 6.43655725e-05 1.84419754e-06],[1.11 1.11 1.11 1.22 1.27 1.22],[1.32 1.23 1.33 1.36 1.46 1.44]
57,8,[7.13703424e-07 2.36581179e-08 3.50090640e-02 2.13909112e-04],[1.33 1.02 1.18 1.02 1.18 1.02],[1.69 1.35 1.37 1.45 1.47 1.18]
57,9,[7.36223704e-05 3.32924606e-05 5.25611618e-05 1.92879536e-02],[1.2  1.2  1.05 1.2  1.05 1.05],[1.34 1.31 1.21 1.31 1.24 1.24]
43,0,[1.12945750e-04 9.73194302e-05 9.24720839e-03 2.86843130e-04],[1.17 1.08 1.17 1.08 1.17 1.08],[1.3  1.21 1.24 1.21 1.24 1.19]
43,1,[1.04753714e-02 1.94813212e-06 2.01644689e-06 8.92610000e-03],[1.06 1.06 1.06 1.28 1.06 1.06],[1.31 1.33 1.06 1.44 1.31 1.33]
43,2,[3.87719209e-02 3.78086194e-07 8.28067823e-05 5.48278263e-02],[1.   1.   1.   1.19 1.   1.  ],[1.35 1.19 1.   1.4  1.35 1.19]
43,3,[1.96773380e-03 4.91576811e-02 1.15267167e-01 1.17150982e-07],[1.   1.   1.08 1.   1.   1.  ],[1.08 1.08 1.37 1.   1.37 1.37]
43,4,[1.53441372e-04 6.89059001e-07 3.01399251e-04 2.65277285e-03],[1.17 1.17 1.13 1.17 1.13 1.13],[1.45 1.27 1.21 1.39 1.37 1.23]
43,5,[0.04348005 0.00068886 0.00248913 0.00013943],[1.01 1.01 1.01 1.09 1.12 1.09],[1.14 1.09 1.19 1.15 1.22 1.22]
43,6,[1.70683045e-08 4.73467624e-04 6.51142785e-06 1.28517304e-04],[1.19 1.26 1.2  1.19 1.19 1.2 ],[1.56 1.59 1.51 1.33 1.25 1.39]
43,7,[3.66763442e-04 2.97701904e-07 2.64724379e-04 2.58878883e-03],[1.15 1.15 1.13 1.15 1.13 1.13],[1.44 1.24 1.19 1.4  1.38 1.22]
43,8,[1.18859774e-03 2.63005379e-03 8.11008495e-07 4.71834638e-06],[1.13 1.13 1.13 1.13 1.13 1.27],[1.18 1.37 1.3  1.37 1.3  1.55]
43,9,[2.08136905e-06 4.57691807e-05 2.15006595e-02 4.26896216e-08],[1.23 1.04 1.3  1.04 1.23 1.04],[1.44 1.32 1.54 1.23 1.49 1.46]
26,0,[2.37044783e-04 7.09253014e-07 4.79145664e-05 1.02502951e-03],[1.17 1.17 1.16 1.21 1.16 1.16],[1.44 1.3  1.22 1.44 1.39 1.31]
26,1,[1.46757372e-03 7.08666247e-05 7.91183964e-05 3.30487092e-05],[1.15 1.15 1.15 1.19 1.19 1.19],[1.26 1.25 1.27 1.31 1.34 1.37]
26,2,[1.44493487e-05 7.79802471e-04 1.17396967e-03 6.54577460e-05],[1.15 1.15 1.19 1.15 1.15 1.15],[1.34 1.3  1.36 1.19 1.26 1.29]
26,3,[6.43441942e-05 8.05564788e-03 1.18893391e-08 5.83758953e-04],[1.08 1.2  1.14 1.08 1.08 1.14],[1.24 1.5  1.26 1.47 1.15 1.52]
26,4,[1.75414040e-02 2.16684534e-05 3.55364871e-04 1.46371783e-07],[1.05 1.05 1.05 1.16 1.23 1.16],[1.27 1.16 1.4  1.28 1.49 1.45]
26,5,[1.59037880e-03 8.00926954e-05 4.35865921e-03 1.31725121e-04],[1.11 1.11 1.11 1.11 1.17 1.11],[1.25 1.14 1.23 1.22 1.3  1.23]
26,6,[2.37682369e-05 2.47744131e-04 2.11056554e-08 4.16251480e-03],[1.17 1.23 1.11 1.17 1.11 1.11],[1.33 1.56 1.26 1.48 1.2  1.51]
26,7,[6.60208632e-04 1.73248708e-07 9.23808758e-05 3.11700642e-03],[1.14 1.14 1.12 1.19 1.12 1.12],[1.44 1.25 1.17 1.44 1.41 1.25]
26,8,[5.32867498e-03 2.47662397e-07 1.91212236e-04 6.09692787e-04],[1.1  1.1  1.1  1.16 1.14 1.14],[1.4  1.2  1.16 1.45 1.4  1.23]
26,9,[3.04445197e-06 7.26947217e-04 1.29965446e-01 7.17600730e-05],[1.14 1.   1.19 1.   1.14 1.  ],[1.37 1.31 1.37 1.14 1.23 1.21]
36,0,[1.14467913e-03 5.75255233e-06 1.23596364e-03 2.36706137e-06],[1.15 1.15 1.15 1.15 1.27 1.15],[1.35 1.17 1.34 1.32 1.46 1.37]
36,1,[3.50435960e-08 1.30769843e-03 3.01756834e-07 2.66178134e-02],[1.12 1.35 1.03 1.12 1.03 1.03],[1.46 1.57 1.44 1.37 1.12 1.37]
36,2,[0.0092072  0.07564365 0.01536187 0.00100555],[1.   1.02 1.03 1.   1.   1.02],[1.03 1.03 1.1  1.02 1.1  1.1 ]
36,3,[2.25745174e-06 1.31570783e-03 3.26094156e-04 3.20462190e-09],[1.15 1.16 1.3  1.15 1.15 1.16],[1.38 1.38 1.63 1.2  1.55 1.61]
36,4,[7.71267297e-06 1.39972540e-04 5.85055983e-06 1.50254393e-04],[1.23 1.26 1.23 1.23 1.23 1.23],[1.38 1.44 1.34 1.35 1.3  1.43]
36,5,[1.91461509e-07 8.89172163e-03 9.11658743e-03 4.06222681e-05],[1.06 1.06 1.21 1.06 1.06 1.06],[1.38 1.38 1.43 1.06 1.22 1.22]
36,6,[8.79651536e-06 5.35251220e-06 1.88541064e-03 2.76017858e-04],[1.25 1.14 1.17 1.14 1.17 1.14],[1.44 1.3  1.32 1.31 1.34 1.23]
36,7,[0.00526173 0.00017127 0.00178277 0.00080094],[1.1  1.1  1.1  1.11 1.12 1.11],[1.2  1.12 1.15 1.2  1.22 1.17]
36,8,[2.48804348e-06 1.68968496e-03 1.13089424e-06 3.74149604e-04],[1.14 1.29 1.16 1.14 1.14 1.16],[1.37 1.47 1.36 1.36 1.19 1.41]
36,9,[3.75330812e-05 1.68109916e-02 5.30318227e-04 1.68218186e-04],[1.05 1.15 1.17 1.05 1.05 1.15],[1.24 1.26 1.29 1.15 1.19 1.24]
24,0,[1.24163455e-01 2.48534144e-03 4.89959441e-03 1.23426564e-05],[1.   1.   1.   1.07 1.08 1.07],[1.09 1.07 1.25 1.09 1.25 1.25]
24,1,[4.00306022e-05 2.77088194e-04 1.16609974e-05 2.67969665e-04],[1.21 1.21 1.21 1.21 1.21 1.21],[1.32 1.38 1.29 1.34 1.24 1.37]
24,2,[8.50828720e-06 4.33201553e-06 4.02479614e-04 3.83524044e-05],[1.26 1.19 1.23 1.19 1.23 1.19],[1.51 1.35 1.36 1.34 1.41 1.33]
24,3,[7.04395680e-06 5.76309176e-03 1.43489061e-03 8.77432542e-08],[1.1  1.11 1.26 1.1  1.1  1.11],[1.3  1.3  1.49 1.13 1.42 1.45]
24,4,[8.67348975e-05 1.53400654e-03 1.00216289e-05 2.11126116e-04],[1.14 1.19 1.18 1.14 1.14 1.18],[1.25 1.34 1.28 1.29 1.22 1.37]
24,5,[7.27140707e-06 2.78030478e-05 2.65189037e-03 1.18305119e-05],[1.24 1.12 1.25 1.12 1.24 1.12],[1.42 1.3  1.39 1.27 1.38 1.32]
24,6,[3.73613513e-06 2.82838067e-03 1.57041917e-04 2.94438802e-05],[1.12 1.19 1.22 1.12 1.12 1.19],[1.36 1.37 1.4  1.21 1.26 1.35]
24,7,[2.51539244e-05 9.38107615e-06 1.48725880e-04 2.12876452e-02],[1.22 1.19 1.04 1.19 1.04 1.04],[1.4  1.31 1.25 1.32 1.28 1.2 ]
24,8,[9.13577675e-03 8.70829515e-08 1.39845575e-04 3.19900067e-04],[1.08 1.08 1.08 1.17 1.16 1.16],[1.45 1.2  1.17 1.46 1.45 1.26]
24,9,[1.33190887e-05 1.33083293e-06 1.96311008e-04 2.59985061e-05],[1.24 1.21 1.24 1.21 1.24 1.21],[1.55 1.35 1.38 1.38 1.41 1.37]
47,0,[2.27287225e-04 1.05741531e-03 5.68100893e-05 3.27204003e-04],[1.16 1.16 1.16 1.16 1.16 1.16],[1.25 1.3  1.27 1.25 1.21 1.3 ]
47,1,[1.51778068e-04 1.40273557e-03 6.20288258e-06 1.26875629e-07],[1.15 1.19 1.19 1.15 1.15 1.27],[1.24 1.35 1.45 1.31 1.42 1.58]
47,2,[4.68789019e-05 2.14346702e-03 8.31591146e-02 1.05065084e-04],[1.1  1.   1.18 1.   1.1  1.  ],[1.24 1.23 1.29 1.1  1.2  1.2 ]
47,3,[5.59988154e-07 1.22332505e-04 2.93009611e-03 2.52023514e-03],[1.17 1.12 1.12 1.12 1.12 1.12],[1.42 1.36 1.36 1.21 1.21 1.15]
47,4,[6.55256460e-06 2.24940374e-02 2.50121820e-06 4.03395349e-06],[1.04 1.28 1.28 1.04 1.04 1.28],[1.29 1.43 1.43 1.32 1.3  1.49]
47,5,[1.21392556e-07 7.52743120e-04 3.06910690e-07 4.61759549e-04],[1.17 1.35 1.17 1.17 1.17 1.17],[1.46 1.6  1.44 1.4  1.21 1.46]
47,6,[4.46992025e-03 1.37458493e-03 1.48742736e-04 3.85747050e-06],[1.1  1.1  1.1  1.11 1.11 1.17],[1.14 1.2  1.31 1.2  1.31 1.38]
47,7,[0.02104059 0.00117318 0.01223387 0.00034655],[1.04 1.04 1.04 1.04 1.1  1.04],[1.1  1.04 1.15 1.1  1.16 1.15]
47,8,[1.09813124e-06 5.82249684e-02 7.51052927e-03 1.21916313e-04],[1.   1.05 1.18 1.   1.   1.05],[1.33 1.33 1.34 1.05 1.19 1.19]
47,9,[4.12260670e-10 8.57939381e-03 1.25472301e-04 1.51002535e-05],[1.08 1.19 1.24 1.08 1.08 1.19],[1.6  1.61 1.68 1.2  1.26 1.37]
50,0,[1.26817820e-04 1.23070636e-07 1.82854684e-04 4.25190578e-03],[1.17 1.17 1.11 1.17 1.11 1.11],[1.47 1.26 1.21 1.44 1.41 1.22]
50,1,[2.78958321e-07 4.76520874e-04 1.34747846e-03 3.13649942e-06],[1.15 1.15 1.28 1.15 1.15 1.15],[1.46 1.42 1.51 1.19 1.36 1.39]
50,2,[5.07232123e-07 5.18815854e-04 1.69469749e-04 1.03584353e-03],[1.16 1.16 1.16 1.16 1.16 1.16],[1.42 1.41 1.39 1.25 1.19 1.27]
50,3,[2.63581406e-07 8.94876359e-06 1.32505762e-04 4.82742632e-02],[1.26 1.2  1.01 1.2  1.01 1.01],[1.53 1.4  1.38 1.33 1.28 1.2 ]
50,4,[3.44370555e-04 1.49328204e-05 2.65060625e-05 1.94661628e-05],[1.2  1.2  1.2  1.23 1.23 1.23],[1.35 1.31 1.31 1.37 1.37 1.42]
50,5,[1.61050818e-03 1.30940131e-06 6.61704383e-05 2.21889590e-02],[1.11 1.11 1.04 1.19 1.04 1.04],[1.36 1.23 1.11 1.39 1.34 1.22]
50,6,[6.46302964e-03 6.54338961e-09 3.76900154e-03 1.31996932e-07],[1.09 1.09 1.09 1.09 1.38 1.09],[1.49 1.1  1.42 1.49 1.63 1.42]
50,7,[2.92941611e-03 6.18624553e-06 9.40464595e-10 2.26508954e-02],[1.09 1.09 1.04 1.27 1.04 1.04],[1.31 1.54 1.09 1.61 1.29 1.54]
50,8,[7.15324437e-06 1.40246542e-06 2.13100939e-04 9.58239282e-07],[1.28 1.21 1.28 1.21 1.31 1.21],[1.51 1.33 1.49 1.4  1.51 1.48]
50,9,[8.08423900e-02 2.57687747e-04 2.40352157e-05 2.59763862e-03],[1.   1.   1.   1.15 1.09 1.09],[1.17 1.25 1.09 1.28 1.18 1.27]
54,0,[7.47372794e-05 1.04449890e-07 2.10069402e-08 4.46522511e-05],[1.25 1.25 1.25 1.39 1.25 1.25],[1.52 1.5  1.32 1.68 1.5  1.61]
54,1,[3.31623866e-03 3.88754180e-02 5.83917512e-03 2.79129167e-05],[1.02 1.06 1.07 1.02 1.02 1.06],[1.08 1.08 1.22 1.06 1.22 1.23]
54,2,[0.00055104 0.00705796 0.00062791 0.00409792],[1.09 1.11 1.09 1.09 1.09 1.09],[1.16 1.19 1.16 1.15 1.09 1.16]
54,3,[2.77025500e-04 1.49384539e-06 6.98737694e-04 7.91211281e-03],[1.15 1.14 1.08 1.14 1.08 1.08],[1.39 1.21 1.18 1.34 1.34 1.16]
54,4,[2.06831117e-04 2.00365524e-07 3.97615083e-03 4.04405670e-06],[1.18 1.11 1.18 1.11 1.28 1.11],[1.46 1.21 1.35 1.4  1.53 1.35]
54,5,[1.52002496e-03 1.38514520e-08 2.82777349e-02 2.89509779e-04],[1.11 1.03 1.11 1.03 1.15 1.03],[1.47 1.11 1.18 1.47 1.49 1.17]
54,6,[4.43457119e-05 1.61345686e-05 4.74749757e-08 7.84556629e-05],[1.25 1.25 1.25 1.25 1.25 1.25],[1.4  1.52 1.32 1.55 1.34 1.58]
54,7,[1.64328475e-05 1.32644768e-05 5.87896183e-05 5.95455134e-08],[1.25 1.25 1.25 1.25 1.25 1.25],[1.44 1.36 1.56 1.38 1.5  1.57]
54,8,[9.78446691e-06 3.93884016e-03 3.68842015e-08 4.98295293e-05],[1.11 1.25 1.22 1.11 1.11 1.22],[1.3  1.53 1.37 1.44 1.24 1.6 ]
54,9,[2.54531368e-05 2.09520956e-09 6.77827471e-03 1.22014212e-05],[1.24 1.09 1.24 1.09 1.24 1.09],[1.65 1.26 1.36 1.53 1.59 1.3 ]
38,0,[3.93443814e-04 1.32901421e-02 4.69578831e-07 2.59086731e-02],[1.03 1.14 1.03 1.03 1.03 1.03],[1.14 1.37 1.14 1.35 1.03 1.35]
38,1,[5.00513479e-05 7.00798165e-05 5.19434606e-06 3.26967048e-04],[1.2 1.2 1.2 1.2 1.2 1.2],[1.36 1.39 1.3  1.39 1.27 1.39]
38,2,[4.46693886e-05 1.07645854e-04 7.77697690e-03 6.10095476e-07],[1.2  1.08 1.2  1.08 1.2  1.08],[1.34 1.23 1.44 1.21 1.4  1.39]
38,3,[7.98056649e-04 3.07500614e-06 1.07231648e-02 6.58513340e-05],[1.13 1.07 1.13 1.07 1.19 1.07],[1.34 1.14 1.25 1.31 1.37 1.24]
38,4,[1.63063137e-05 5.70402027e-06 9.88391373e-04 3.65510902e-04],[1.24 1.16 1.16 1.16 1.16 1.16],[1.45 1.3  1.31 1.33 1.36 1.24]
38,5,[8.00768376e-07 2.63303592e-04 4.21276140e-05 3.31224671e-04],[1.2  1.21 1.2  1.2  1.2  1.2 ],[1.44 1.45 1.38 1.3  1.24 1.34]
38,6,[1.07948121e-05 1.76850301e-05 1.49974916e-03 2.04109645e-03],[1.23 1.14 1.14 1.14 1.14 1.14],[1.4  1.3  1.31 1.27 1.27 1.17]
38,7,[9.68265905e-07 1.39640078e-04 4.78565311e-03 1.62534654e-06],[1.19 1.1  1.3  1.1  1.19 1.1 ],[1.42 1.35 1.49 1.21 1.39 1.38]
38,8,[1.07081494e-03 2.67025404e-07 3.38930866e-08 1.38711842e-02],[1.12 1.12 1.06 1.36 1.06 1.06],[1.41 1.46 1.13 1.61 1.38 1.46]
38,9,[4.32264471e-03 4.92233127e-03 8.04844685e-05 3.15450533e-04],[1.1  1.1  1.1  1.1  1.1  1.15],[1.11 1.2  1.17 1.2  1.17 1.27]
46,0,[6.61930989e-06 1.07324261e-05 5.80711587e-05 7.97095514e-07],[1.27 1.26 1.27 1.26 1.27 1.26],[1.45 1.42 1.48 1.36 1.48 1.53]
46,1,[5.13533185e-04 1.49313513e-05 2.59384311e-03 1.07310229e-07],[1.15 1.13 1.15 1.13 1.24 1.13],[1.34 1.17 1.45 1.29 1.5  1.48]
46,2,[9.90458336e-04 4.19801799e-05 1.18062834e-03 1.08252654e-04],[1.16 1.16 1.16 1.16 1.18 1.16],[1.27 1.18 1.25 1.26 1.31 1.27]
46,3,[3.93952317e-04 8.21444693e-06 4.40067670e-02 5.53003189e-06],[1.16 1.01 1.16 1.01 1.26 1.01],[1.34 1.16 1.33 1.28 1.38 1.29]
46,4,[5.55108639e-07 5.19513645e-06 3.18649336e-04 4.54508585e-05],[1.27 1.2  1.23 1.2  1.23 1.2 ],[1.56 1.43 1.42 1.34 1.4  1.34]
46,5,[5.47291718e-05 8.04362355e-03 7.79742161e-05 5.95209221e-04],[1.08 1.19 1.14 1.08 1.08 1.14],[1.24 1.29 1.24 1.21 1.16 1.28]
46,6,[9.14290865e-09 1.35723931e-02 6.51128246e-02 7.77342407e-04],[1.03 1.   1.12 1.   1.03 1.  ],[1.46 1.46 1.47 1.03 1.12 1.12]
46,7,[3.43488335e-04 1.20241569e-06 5.81912031e-07 1.14146025e-04],[1.2  1.2  1.2  1.32 1.2  1.2 ],[1.45 1.41 1.28 1.55 1.4  1.51]
46,8,[2.40290265e-08 6.02335871e-03 1.17206544e-05 2.14289031e-03],[1.09 1.25 1.1  1.09 1.09 1.1 ],[1.45 1.52 1.45 1.28 1.12 1.29]
46,9,[1.17788658e-04 3.15094730e-05 7.66698695e-02 4.73980800e-04],[1.18 1.   1.15 1.   1.15 1.  ],[1.32 1.2  1.23 1.24 1.26 1.15]
16,0,[1.26832573e-08 3.11396279e-02 7.24486692e-06 1.09862011e-05],[1.03 1.26 1.26 1.03 1.03 1.26],[1.48 1.54 1.53 1.28 1.27 1.44]
16,1,[9.32668124e-04 3.88323770e-06 7.97818669e-04 2.52529402e-03],[1.13 1.13 1.13 1.13 1.13 1.13],[1.34 1.19 1.17 1.32 1.32 1.19]
16,2,[2.25135332e-04 1.23024841e-06 2.44023094e-04 7.31300211e-06],[1.21 1.21 1.21 1.21 1.26 1.21],[1.41 1.25 1.35 1.38 1.47 1.39]
16,3,[0.00251654 0.00150576 0.00126149 0.00112731],[1.13 1.13 1.13 1.13 1.13 1.13],[1.17 1.16 1.16 1.16 1.17 1.18]
16,4,[8.66111433e-07 6.36964166e-05 1.24054930e-05 9.75411857e-04],[1.21 1.25 1.16 1.21 1.16 1.16],[1.48 1.45 1.38 1.37 1.26 1.34]
16,5,[5.46917035e-05 2.44692126e-04 7.41523628e-02 3.29420767e-07],[1.17 1.   1.2  1.   1.17 1.  ],[1.31 1.22 1.41 1.17 1.39 1.37]
16,6,[5.47510010e-03 3.17337374e-05 6.18149202e-04 5.62978092e-04],[1.1  1.1  1.1  1.13 1.13 1.13],[1.26 1.15 1.16 1.28 1.27 1.23]
16,7,[4.54126022e-06 3.04646530e-09 7.76174587e-04 1.16301956e-07],[1.3  1.17 1.3  1.17 1.38 1.17],[1.67 1.34 1.53 1.53 1.68 1.48]
16,8,[1.09272033e-06 2.71832283e-03 3.00866303e-04 6.06156936e-02],[1.09 1.15 1.   1.09 1.   1.  ],[1.34 1.36 1.34 1.16 1.09 1.16]
16,9,[1.45855515e-06 6.80659355e-05 1.08482758e-04 3.48748632e-05],[1.24 1.24 1.24 1.24 1.24 1.24],[1.48 1.4  1.43 1.32 1.34 1.35]
27,0,[1.05811821e-04 1.09576805e-06 5.26015034e-02 1.26362810e-07],[1.2  1.   1.2  1.   1.32 1.  ],[1.45 1.2  1.42 1.34 1.54 1.41]
27,1,[1.02558909e-04 1.11359512e-03 1.17948773e-05 4.02285769e-03],[1.12 1.18 1.11 1.12 1.11 1.11],[1.25 1.35 1.21 1.29 1.15 1.29]
27,2,[3.80904403e-06 1.56652393e-05 1.91779550e-05 4.14122606e-05],[1.27 1.27 1.27 1.27 1.27 1.27],[1.48 1.41 1.37 1.38 1.37 1.44]
27,3,[3.81082655e-06 9.30850245e-06 1.50109350e-03 1.02238416e-04],[1.25 1.15 1.2  1.15 1.2  1.15],[1.47 1.33 1.37 1.31 1.35 1.27]
27,4,[3.23142883e-04 6.16370959e-08 1.61508540e-06 6.10448365e-04],[1.18 1.18 1.18 1.31 1.18 1.18],[1.51 1.38 1.23 1.6  1.47 1.41]
27,5,[1.32693271e-04 1.99419580e-04 5.79903739e-07 6.43992144e-02],[1.17 1.17 1.   1.17 1.   1.  ],[1.3  1.4  1.19 1.39 1.18 1.36]
27,6,[2.92025683e-05 1.33215514e-06 5.54588333e-03 1.18549327e-04],[1.22 1.1  1.19 1.1  1.19 1.1 ],[1.45 1.25 1.32 1.34 1.39 1.24]
27,7,[1.75855713e-06 1.09230037e-05 8.52718376e-08 7.25455006e-05],[1.27 1.3  1.25 1.27 1.25 1.25],[1.56 1.57 1.4  1.51 1.39 1.56]
27,8,[8.39264996e-07 2.09315133e-04 4.92479922e-06 6.42773152e-03],[1.18 1.27 1.09 1.18 1.09 1.09],[1.43 1.47 1.36 1.35 1.19 1.33]
27,9,[1.55553958e-04 6.14534812e-07 5.36981947e-01 1.21088854e-07],[1.19 1.   1.19 1.   1.33 1.  ],[1.45 1.19 1.42 1.36 1.56 1.41]
45,0,[2.60753690e-04 1.04016211e-06 4.02591538e-02 1.11552152e-08],[1.17 1.01 1.17 1.01 1.32 1.01],[1.41 1.17 1.48 1.34 1.61 1.48]
45,1,[3.48964102e-04 2.99059514e-02 4.74948765e-03 1.57746684e-05],[1.03 1.07 1.14 1.03 1.03 1.07],[1.15 1.15 1.29 1.07 1.26 1.26]
45,2,[7.33627214e-07 3.57033756e-03 2.39147413e-09 2.12605041e-04],[1.11 1.33 1.18 1.11 1.11 1.18],[1.38 1.67 1.4  1.53 1.19 1.57]
45,3,[5.72744996e-03 9.16911143e-04 1.15164110e-05 2.11725710e-05],[1.1  1.1  1.1  1.13 1.13 1.23],[1.15 1.28 1.26 1.3  1.27 1.42]
45,4,[2.06308209e-04 6.21526364e-04 1.97805230e-08 1.64268644e-03],[1.14 1.16 1.14 1.14 1.14 1.14],[1.25 1.52 1.2  1.47 1.19 1.49]
45,5,[1.37814186e-05 5.69531052e-04 5.01762204e-04 4.46753064e-03],[1.13 1.13 1.11 1.13 1.11 1.11],[1.31 1.3  1.28 1.2  1.16 1.19]
45,6,[3.67858955e-05 6.23248799e-03 1.02875194e-04 1.27033838e-04],[1.09 1.18 1.18 1.09 1.09 1.18],[1.27 1.31 1.3  1.21 1.2  1.29]
45,7,[1.40422298e-08 1.91845646e-04 7.99797174e-05 1.50767120e-03],[1.18 1.19 1.15 1.18 1.15 1.15],[1.55 1.57 1.48 1.28 1.21 1.28]
45,8,[3.42029320e-07 4.08869771e-05 7.50882252e-03 2.87431857e-04],[1.21 1.09 1.17 1.09 1.17 1.09],[1.48 1.39 1.4  1.23 1.27 1.2 ]
45,9,[8.61092061e-06 4.62059487e-04 1.69937287e-04 2.86239652e-06],[1.19 1.19 1.25 1.19 1.19 1.19],[1.37 1.34 1.44 1.24 1.36 1.42]
40,0,[1.43511743e-03 1.05183718e-04 1.97316683e-07 1.49458211e-05],[1.15 1.15 1.15 1.2  1.2  1.24],[1.26 1.42 1.29 1.44 1.34 1.57]
40,1,[1.42537121e-04 5.48823809e-09 7.57136591e-04 1.34205198e-04],[1.17 1.17 1.17 1.17 1.17 1.17],[1.6  1.23 1.29 1.54 1.53 1.29]
40,2,[1.93666104e-03 1.23331104e-05 8.92660655e-03 5.81865286e-07],[1.1  1.08 1.1  1.08 1.25 1.08],[1.28 1.11 1.37 1.27 1.42 1.37]
40,3,[1.64500045e-02 8.47255709e-07 1.91303400e-01 4.18182939e-06],[1.02 1.   1.02 1.   1.28 1.  ],[1.33 1.02 1.28 1.33 1.45 1.28]
40,4,[0.00011159 0.00094255 0.00039965 0.00056046],[1.16 1.16 1.16 1.16 1.16 1.16],[1.28 1.25 1.26 1.22 1.2  1.25]
40,5,[3.36605909e-05 1.42245953e-06 3.98847697e-08 2.17790415e-05],[1.28 1.28 1.28 1.31 1.28 1.28],[1.48 1.52 1.38 1.59 1.43 1.6 ]
40,6,[1.24887634e-07 8.80366318e-06 4.41145228e-06 1.13662036e-02],[1.28 1.28 1.07 1.28 1.07 1.07],[1.55 1.51 1.41 1.42 1.28 1.32]
40,7,[8.16890633e-04 9.08974185e-09 3.73705897e-03 7.86956217e-06],[1.13 1.11 1.13 1.11 1.26 1.11],[1.52 1.16 1.31 1.49 1.55 1.31]
40,8,[2.20492290e-06 5.74003002e-04 4.17369294e-04 4.77395780e-05],[1.18 1.18 1.2  1.18 1.18 1.18],[1.39 1.36 1.41 1.23 1.29 1.33]
40,9,[2.72494901e-05 9.34819750e-03 6.94607825e-05 3.27666062e-05],[1.08 1.21 1.21 1.08 1.08 1.21],[1.26 1.31 1.35 1.22 1.25 1.36]
25,0,[1.30614652e-09 1.55436726e-04 5.49590846e-02 1.41359122e-08],[1.19 1.   1.44 1.   1.19 1.  ],[1.61 1.52 1.73 1.19 1.49 1.46]
25,1,[8.66248363e-05 1.60512932e-05 2.75480574e-05 4.16970446e-03],[1.21 1.21 1.11 1.22 1.11 1.11],[1.37 1.32 1.22 1.36 1.27 1.28]
25,2,[3.42102365e-05 1.14984112e-05 3.52556411e-04 4.13766922e-03],[1.22 1.16 1.11 1.16 1.11 1.11],[1.39 1.29 1.25 1.31 1.28 1.22]
25,3,[8.90514152e-04 3.04783736e-05 1.01851092e-06 6.08597215e-04],[1.16 1.16 1.16 1.22 1.16 1.16],[1.3  1.38 1.2  1.45 1.27 1.43]
25,4,[2.68627590e-04 2.97546012e-06 5.54677204e-05 2.73005804e-04],[1.2 1.2 1.2 1.2 1.2 1.2],[1.42 1.3  1.25 1.43 1.36 1.34]
25,5,[7.91098498e-04 1.43165688e-06 2.29634157e-04 1.11270414e-03],[1.16 1.16 1.16 1.16 1.16 1.16],[1.4  1.22 1.19 1.38 1.36 1.26]
25,6,[4.55060794e-06 1.01898263e-03 7.00310420e-06 3.67772318e-03],[1.12 1.26 1.11 1.12 1.11 1.11],[1.34 1.43 1.31 1.32 1.15 1.33]
25,7,[6.73810528e-03 5.25776509e-05 4.22188655e-03 9.81434934e-05],[1.09 1.09 1.09 1.09 1.18 1.09],[1.23 1.09 1.21 1.23 1.28 1.22]
25,8,[1.19168639e-05 2.13224777e-04 3.94214290e-04 8.06957625e-06],[1.19 1.19 1.24 1.19 1.19 1.19],[1.36 1.34 1.39 1.24 1.36 1.37]
25,9,[2.13980471e-07 1.22319400e-04 4.37864747e-05 8.17076587e-06],[1.24 1.24 1.26 1.24 1.24 1.24],[1.5  1.47 1.5  1.31 1.35 1.45]
49,0,[3.32071526e-09 3.57298922e-05 1.69221493e-05 2.47255371e-05],[1.28 1.28 1.28 1.28 1.28 1.28],[1.71 1.58 1.62 1.38 1.34 1.43]
49,1,[1.89549881e-06 3.98569888e-04 1.19713619e-02 9.31943688e-05],[1.16 1.07 1.19 1.07 1.16 1.07],[1.38 1.33 1.38 1.16 1.25 1.23]
49,2,[2.97321606e-03 1.83483030e-05 8.75517764e-05 9.48288537e-08],[1.12 1.12 1.12 1.2  1.24 1.2 ],[1.3  1.23 1.42 1.34 1.48 1.55]
49,3,[0.00012107 0.00319869 0.0018344  0.00519536],[1.1 1.1 1.1 1.1 1.1 1.1],[1.22 1.21 1.21 1.13 1.11 1.13]
49,4,[3.17940718e-03 3.33918493e-06 5.55530263e-06 2.16423776e-02],[1.08 1.08 1.04 1.27 1.04 1.04],[1.31 1.28 1.08 1.42 1.31 1.28]
49,5,[3.17731934e-04 1.28952931e-07 1.29521159e-06 3.07058734e-07],[1.2  1.2  1.2  1.33 1.36 1.33],[1.48 1.39 1.42 1.55 1.61 1.59]
49,6,[2.75089275e-04 3.42598432e-02 9.66154270e-06 2.21554662e-06],[1.02 1.17 1.17 1.02 1.02 1.25],[1.17 1.3  1.34 1.28 1.32 1.47]
49,7,[1.48166619e-03 9.78583423e-04 9.94999385e-05 2.27262189e-02],[1.11 1.11 1.04 1.11 1.04 1.04],[1.16 1.21 1.11 1.21 1.13 1.21]
49,8,[1.75351021e-02 2.68457888e-07 1.80416495e-03 1.89551603e-08],[1.05 1.05 1.05 1.1  1.36 1.1 ],[1.38 1.1  1.46 1.38 1.61 1.49]
49,9,[2.79008597e-03 1.08665503e-03 9.32443064e-05 1.42327347e-01],[1.09 1.09 1.   1.1  1.   1.  ],[1.14 1.2  1.09 1.21 1.12 1.2 ]
39,0,[4.01223615e-05 3.77322511e-04 3.13767190e-04 1.87879056e-02],[1.14 1.14 1.05 1.14 1.05 1.05],[1.3  1.28 1.23 1.2  1.16 1.17]
39,1,[8.12209579e-03 7.88335320e-04 6.94807221e-04 2.99493978e-05],[1.08 1.08 1.08 1.12 1.12 1.12],[1.16 1.15 1.25 1.17 1.25 1.27]
39,2,[2.95763725e-05 5.71710877e-03 5.31266960e-04 4.63905454e-03],[1.1  1.13 1.1  1.1  1.1  1.1 ],[1.25 1.26 1.25 1.16 1.1  1.16]
39,3,[2.80851687e-05 4.06178194e-05 6.49962373e-09 1.70714805e-04],[1.22 1.22 1.22 1.22 1.22 1.22],[1.41 1.56 1.32 1.57 1.3  1.64]
39,4,[3.61066350e-05 3.71012681e-04 7.51423627e-07 7.42974787e-05],[1.2  1.21 1.21 1.2  1.2  1.21],[1.32 1.44 1.33 1.38 1.28 1.47]
39,5,[8.59320390e-05 7.78995792e-05 3.93097954e-07 9.73738164e-05],[1.24 1.24 1.24 1.24 1.24 1.24],[1.35 1.46 1.3  1.45 1.29 1.52]
39,6,[6.09501272e-06 3.50449542e-03 3.59650973e-04 1.22051851e-02],[1.08 1.14 1.07 1.08 1.07 1.07],[1.29 1.31 1.29 1.16 1.09 1.16]
39,7,[1.16662683e-05 1.91178071e-03 5.53842786e-03 2.76531066e-03],[1.1 1.1 1.1 1.1 1.1 1.1],[1.28 1.27 1.27 1.12 1.13 1.13]
39,8,[9.71390920e-04 7.04553514e-04 5.67800839e-03 1.86457865e-08],[1.12 1.1  1.12 1.1  1.12 1.1 ],[1.19 1.14 1.47 1.16 1.47 1.47]
39,9,[4.78069743e-06 8.68313056e-05 6.83842031e-04 5.11833600e-07],[1.21 1.17 1.27 1.17 1.21 1.17],[1.4  1.33 1.5  1.25 1.44 1.48]
56,0,[3.08666018e-03 3.10142489e-04 1.62048268e-04 1.15748755e-06],[1.12 1.12 1.12 1.17 1.17 1.17],[1.21 1.2  1.36 1.24 1.38 1.44]
56,1,[4.17024560e-07 1.45973681e-04 2.81066930e-05 5.17485921e-09],[1.23 1.24 1.34 1.23 1.23 1.24],[1.5  1.46 1.66 1.32 1.54 1.65]
56,2,[3.23227190e-07 3.44900110e-03 1.16448677e-03 2.92453239e-08],[1.12 1.12 1.35 1.12 1.12 1.12],[1.41 1.41 1.6  1.14 1.45 1.51]
56,3,[3.79691594e-05 3.01056373e-06 4.04492500e-06 2.04027078e-06],[1.27 1.27 1.27 1.29 1.29 1.29],[1.44 1.4  1.44 1.46 1.46 1.51]
56,4,[5.40777032e-05 1.15714509e-03 4.81702326e-06 1.91861337e-02],[1.12 1.2  1.05 1.12 1.05 1.05],[1.25 1.35 1.22 1.31 1.12 1.31]
56,5,[0.00013855 0.00118782 0.00026492 0.00034595],[1.16 1.16 1.16 1.16 1.16 1.16],[1.25 1.27 1.26 1.22 1.2  1.27]
56,6,[5.66733523e-04 4.24304866e-06 3.29988268e-04 2.19955951e-06],[1.18 1.18 1.18 1.18 1.28 1.18],[1.38 1.23 1.37 1.35 1.46 1.41]
56,7,[2.92407840e-04 2.39268041e-03 5.59360184e-05 1.09849237e-02],[1.1  1.15 1.07 1.1  1.07 1.07],[1.19 1.27 1.17 1.23 1.1  1.23]
56,8,[3.12166175e-04 1.56996913e-03 9.49395590e-06 1.89276634e-05],[1.14 1.17 1.17 1.14 1.14 1.23],[1.23 1.33 1.32 1.3  1.28 1.43]
56,9,[4.67033808e-06 2.97514477e-03 1.59038876e-02 3.71726618e-03],[1.07 1.05 1.07 1.05 1.07 1.05],[1.3  1.29 1.29 1.09 1.09 1.09]
34,0,[1.53746287e-04 1.71540762e-06 4.55920076e-05 5.83610899e-05],[1.22 1.22 1.22 1.22 1.22 1.22],[1.42 1.32 1.3  1.43 1.42 1.37]
34,1,[9.56638653e-04 3.48712829e-05 1.05677724e-08 1.79772287e-05],[1.16 1.16 1.16 1.23 1.23 1.23],[1.33 1.5  1.28 1.55 1.36 1.64]
34,2,[4.71921843e-05 3.02543986e-02 1.63867397e-07 1.59275571e-02],[1.02 1.2  1.02 1.02 1.02 1.02],[1.2  1.43 1.2  1.39 1.02 1.39]
34,3,[2.37137359e-04 5.88550177e-03 1.28165885e-07 1.32942363e-04],[1.09 1.17 1.17 1.09 1.09 1.17],[1.2  1.42 1.26 1.41 1.21 1.5 ]
34,4,[3.32357425e-05 9.54737594e-03 4.88017687e-06 2.51392087e-08],[1.07 1.24 1.24 1.07 1.07 1.27],[1.27 1.37 1.5  1.3  1.46 1.64]
34,5,[1.36797873e-07 9.15792741e-05 4.39041513e-06 3.14357324e-06],[1.24 1.29 1.29 1.24 1.24 1.29],[1.52 1.53 1.55 1.39 1.39 1.54]
34,6,[2.94018828e-06 5.32698542e-03 2.56649644e-05 3.58620713e-05],[1.1  1.22 1.22 1.1  1.1  1.22],[1.35 1.4  1.43 1.26 1.25 1.41]
34,7,[9.30845767e-08 7.18037669e-05 5.36155896e-04 8.86798388e-07],[1.21 1.18 1.33 1.18 1.21 1.18],[1.53 1.44 1.56 1.27 1.43 1.43]
34,8,[2.09683918e-04 2.02677903e-06 6.56799606e-05 2.00153094e-09],[1.22 1.22 1.22 1.22 1.3  1.22],[1.43 1.28 1.57 1.43 1.69 1.65]
34,9,[1.00034909e-03 4.13459114e-08 5.60894629e-04 3.79217590e-04],[1.16 1.16 1.16 1.16 1.16 1.16],[1.47 1.19 1.21 1.49 1.47 1.25]
55,0,[1.49394237e-08 8.89192493e-04 8.62485025e-05 1.24180229e-05],[1.16 1.21 1.25 1.16 1.16 1.21],[1.53 1.53 1.6  1.25 1.3  1.37]
55,1,[8.32040658e-05 3.86964456e-04 2.99777853e-07 3.45742673e-03],[1.16 1.19 1.12 1.16 1.12 1.12],[1.28 1.46 1.23 1.43 1.18 1.42]
55,2,[5.84307482e-04 1.19658801e-05 7.04359680e-06 1.35919855e-02],[1.14 1.14 1.06 1.25 1.06 1.06],[1.31 1.31 1.15 1.4  1.27 1.3 ]
55,3,[2.84392910e-02 2.33516095e-10 1.65303908e-06 2.31172139e-05],[1.03 1.03 1.03 1.31 1.25 1.25],[1.58 1.33 1.25 1.69 1.61 1.47]
55,4,[1.80778262e-03 2.04381024e-05 7.51269249e-05 7.77262856e-03],[1.11 1.11 1.08 1.19 1.08 1.08],[1.29 1.24 1.12 1.34 1.26 1.24]
55,5,[8.48697686e-05 4.59224239e-04 1.22859404e-05 1.39981012e-04],[1.19 1.19 1.19 1.19 1.19 1.19],[1.31 1.36 1.29 1.32 1.25 1.4 ]
55,6,[2.28983036e-04 3.55896991e-05 1.13058532e-03 1.20737147e-04],[1.17 1.16 1.17 1.16 1.18 1.16],[1.34 1.21 1.26 1.28 1.33 1.26]
55,7,[1.83604285e-04 2.22397696e-04 8.05798081e-07 9.88093388e-04],[1.16 1.16 1.16 1.16 1.16 1.16],[1.26 1.41 1.23 1.43 1.21 1.43]
55,8,[6.15334581e-07 1.03447264e-08 2.13401650e-05 5.30114151e-03],[1.34 1.25 1.1  1.25 1.1  1.1 ],[1.71 1.45 1.37 1.54 1.48 1.28]
55,9,[5.76369589e-06 6.25088619e-06 1.17318753e-04 3.81844784e-02],[1.25 1.2  1.02 1.2  1.02 1.02],[1.46 1.34 1.29 1.34 1.29 1.2 ]
44,0,[4.64631999e-06 1.65579220e-03 1.10353332e-04 1.22799488e-05],[1.14 1.2  1.25 1.14 1.14 1.2 ],[1.35 1.35 1.43 1.23 1.3  1.37]
44,1,[1.88713855e-04 2.04225469e-01 4.59168468e-08 3.97173814e-04],[1.   1.16 1.16 1.   1.   1.16],[1.18 1.45 1.22 1.44 1.16 1.49]
44,2,[3.29929827e-06 1.02364680e-05 3.40189743e-06 2.91462321e-09],[1.31 1.31 1.31 1.31 1.31 1.31],[1.51 1.45 1.61 1.43 1.63 1.69]
44,3,[2.30744710e-06 6.50962763e-06 1.45815828e-02 4.22835088e-07],[1.29 1.06 1.3  1.06 1.29 1.06],[1.47 1.32 1.46 1.29 1.47 1.4 ]
44,4,[6.93253476e-04 2.71510863e-06 1.23939811e-05 4.51181281e-03],[1.14 1.14 1.11 1.25 1.11 1.11],[1.35 1.3  1.16 1.43 1.32 1.3 ]
44,5,[0.00012706 0.00184623 0.00089383 0.00033775],[1.14 1.14 1.14 1.14 1.14 1.14],[1.26 1.24 1.26 1.17 1.19 1.22]
44,6,[4.07270296e-03 1.79409188e-03 1.23915097e-05 1.39364521e-02],[1.08 1.08 1.06 1.09 1.06 1.06],[1.12 1.25 1.08 1.25 1.11 1.25]
44,7,[1.93130741e-07 8.53009951e-06 7.61677277e-09 6.31113987e-06],[1.32 1.37 1.32 1.32 1.32 1.32],[1.58 1.69 1.52 1.58 1.43 1.68]
44,8,[6.49477897e-06 4.17150148e-02 1.02820466e-03 3.12750376e-07],[1.01 1.12 1.26 1.01 1.01 1.12],[1.29 1.29 1.46 1.12 1.38 1.42]
44,9,[2.68521822e-04 1.16594363e-06 5.27779829e-06 7.42834367e-04],[1.17 1.17 1.17 1.27 1.17 1.17],[1.45 1.36 1.23 1.47 1.38 1.38]
51,0,[6.26476247e-05 7.42550764e-03 2.78214633e-03 6.24177887e-09],[1.09 1.09 1.2  1.09 1.09 1.09],[1.22 1.22 1.52 1.1  1.5  1.51]
51,1,[1.66978353e-05 1.93002669e-04 1.10110347e-03 4.09650203e-05],[1.18 1.16 1.21 1.16 1.18 1.16],[1.37 1.29 1.37 1.23 1.3  1.32]
51,2,[9.09036270e-03 1.81542922e-05 1.14984687e-03 2.11294487e-05],[1.08 1.08 1.08 1.12 1.22 1.12],[1.28 1.13 1.25 1.28 1.34 1.3 ]
51,3,[6.49744225e-04 1.01596469e-07 9.10032377e-06 2.25632387e-06],[1.17 1.17 1.17 1.28 1.29 1.28],[1.47 1.32 1.37 1.53 1.58 1.51]
51,4,[7.48035651e-03 7.91063248e-08 2.94161598e-06 2.72399300e-04],[1.08 1.08 1.08 1.29 1.17 1.17],[1.46 1.32 1.18 1.54 1.47 1.38]
51,5,[2.94407210e-07 1.62833630e-05 6.16590429e-04 3.61110145e-05],[1.24 1.18 1.23 1.18 1.23 1.18],[1.51 1.4  1.46 1.29 1.36 1.32]
51,6,[1.24883258e-05 2.71590145e-03 4.31666822e-05 2.11991502e-02],[1.09 1.21 1.04 1.09 1.04 1.04],[1.28 1.33 1.27 1.23 1.09 1.23]
51,7,[1.08809972e-04 1.59749991e-10 1.89901525e-05 8.65299863e-05],[1.24 1.24 1.24 1.24 1.24 1.24],[1.74 1.33 1.29 1.71 1.67 1.41]
51,8,[2.15105247e-02 3.63512501e-05 1.43552474e-04 1.57558358e-05],[1.04 1.04 1.04 1.19 1.21 1.19],[1.24 1.19 1.26 1.28 1.33 1.35]
51,9,[4.30121189e-07 4.49023975e-02 4.24674307e-04 5.22623035e-04],[1.01 1.14 1.14 1.01 1.01 1.14],[1.38 1.39 1.38 1.16 1.15 1.22]
52,0,[5.68958992e-06 3.99648489e-04 2.83511032e-04 1.76944807e-03],[1.15 1.15 1.14 1.15 1.14 1.14],[1.38 1.34 1.31 1.23 1.2  1.23]
52,1,[4.79193026e-05 1.16445793e-03 1.18253666e-05 3.26731108e-05],[1.15 1.22 1.22 1.15 1.15 1.22],[1.29 1.34 1.34 1.31 1.27 1.43]
52,2,[4.01023749e-06 9.27664812e-03 1.52547565e-04 4.27554201e-04],[1.08 1.17 1.15 1.08 1.08 1.15],[1.33 1.34 1.33 1.19 1.16 1.26]
52,3,[1.53486315e-04 1.72717661e-06 1.18287804e-03 2.69942241e-06],[1.19 1.15 1.19 1.15 1.29 1.15],[1.43 1.22 1.4  1.37 1.46 1.37]
52,4,[2.92868587e-04 3.15395592e-07 2.80043712e-05 1.28510394e-04],[1.2  1.2  1.2  1.22 1.2  1.2 ],[1.48 1.3  1.25 1.47 1.43 1.37]
52,5,[7.82481873e-08 1.38580757e-02 1.00932742e-05 2.57788395e-08],[1.06 1.27 1.4  1.06 1.06 1.27],[1.43 1.47 1.65 1.27 1.45 1.64]
52,6,[4.40922669e-05 3.64293731e-05 9.61626943e-04 2.29016700e-04],[1.2  1.16 1.17 1.16 1.17 1.16],[1.37 1.27 1.31 1.27 1.3  1.25]
52,7,[3.03917458e-08 1.36753072e-03 7.53984622e-04 1.18099206e-04],[1.15 1.15 1.18 1.15 1.15 1.15],[1.47 1.47 1.51 1.18 1.23 1.26]
52,8,[3.62761428e-05 3.35946516e-03 1.05795885e-06 5.80667114e-06],[1.12 1.23 1.23 1.12 1.12 1.27],[1.27 1.43 1.39 1.36 1.3  1.51]
52,9,[8.53268760e-04 5.30783733e-03 2.42558196e-10 9.85070788e-03],[1.07 1.11 1.07 1.07 1.07 1.07],[1.14 1.57 1.14 1.57 1.08 1.57]
59,0,[6.19478357e-09 2.76869372e-05 1.00193083e-04 1.32129624e-02],[1.22 1.2  1.06 1.2  1.06 1.06],[1.59 1.54 1.49 1.29 1.25 1.22]
59,1,[6.75684680e-07 1.07821769e-02 1.79504040e-04 5.22961152e-07],[1.07 1.18 1.33 1.07 1.07 1.18],[1.38 1.4  1.52 1.19 1.36 1.46]
59,2,[1.20969134e-04 2.16804101e-06 9.44561097e-04 1.36025397e-03],[1.18 1.15 1.15 1.15 1.15 1.15],[1.41 1.24 1.22 1.35 1.35 1.19]
59,3,[1.75110699e-01 1.20177369e-04 7.77417853e-04 2.69577745e-04],[1.   1.   1.   1.14 1.15 1.14],[1.2  1.14 1.17 1.21 1.24 1.21]
59,4,[1.98580425e-04 2.39768467e-05 9.68887417e-07 4.88203608e-03],[1.18 1.18 1.1  1.23 1.1  1.1 ],[1.35 1.4  1.2  1.44 1.26 1.39]
59,5,[1.41645934e-03 1.60884779e-05 8.66766975e-04 1.62510528e-03],[1.14 1.14 1.14 1.14 1.14 1.14],[1.31 1.17 1.16 1.3  1.29 1.19]
59,6,[2.20848764e-04 3.49995187e-04 1.36863399e-05 5.81505311e-04],[1.18 1.18 1.18 1.18 1.18 1.18],[1.27 1.32 1.23 1.33 1.22 1.35]
59,7,[2.77169978e-06 2.19008781e-04 1.46234970e-03 3.97502111e-04],[1.16 1.15 1.16 1.15 1.16 1.15],[1.41 1.34 1.36 1.21 1.24 1.22]
59,8,[6.46318047e-07 1.72290997e-02 6.85991500e-02 5.24817600e-04],[1.02 1.   1.13 1.   1.02 1.  ],[1.33 1.33 1.35 1.02 1.13 1.13]
59,9,[2.18207912e-04 2.38528002e-05 7.39872020e-06 2.81449742e-04],[1.2  1.2  1.2  1.23 1.2  1.2 ],[1.35 1.35 1.24 1.39 1.3  1.4 ]
58,0,[7.94517390e-05 3.40095717e-04 1.33661090e-05 2.18588435e-04],[1.2 1.2 1.2 1.2 1.2 1.2],[1.3  1.36 1.29 1.31 1.25 1.38]
58,1,[3.11195358e-09 8.03324376e-05 1.93635858e-06 5.16985865e-06],[1.25 1.3  1.29 1.25 1.25 1.29],[1.6  1.67 1.6  1.39 1.39 1.55]
58,2,[2.66988407e-04 6.68394847e-07 2.98154815e-07 8.20043164e-05],[1.21 1.21 1.21 1.34 1.21 1.21],[1.46 1.45 1.28 1.52 1.43 1.5 ]
58,3,[6.59161607e-05 3.59266699e-06 3.24964327e-04 4.92574571e-05],[1.21 1.2  1.21 1.2  1.21 1.2 ],[1.44 1.29 1.31 1.36 1.39 1.3 ]
58,4,[4.62944149e-02 1.57904823e-06 2.29550801e-03 2.94779191e-04],[1.01 1.01 1.01 1.1  1.15 1.1 ],[1.33 1.1  1.17 1.33 1.35 1.19]
58,5,[5.51578736e-05 2.24432970e-05 5.24829233e-06 1.83154547e-02],[1.22 1.22 1.05 1.23 1.05 1.05],[1.34 1.34 1.22 1.37 1.25 1.3 ]
58,6,[6.98172671e-03 1.77127734e-04 1.47521449e-05 9.56263928e-07],[1.09 1.09 1.09 1.18 1.18 1.24],[1.2  1.26 1.35 1.31 1.37 1.52]
58,7,[5.58079385e-04 7.26744918e-06 5.00603775e-04 1.81116351e-06],[1.18 1.18 1.18 1.18 1.26 1.18],[1.39 1.21 1.37 1.34 1.44 1.43]
58,8,[6.13000087e-03 7.07862717e-05 2.75527099e-06 4.07069852e-05],[1.09 1.09 1.09 1.21 1.21 1.21],[1.24 1.32 1.24 1.38 1.29 1.43]
58,9,[0.00107688 0.00072856 0.00011277 0.00452174],[1.12 1.12 1.1  1.12 1.1  1.1 ],[1.19 1.25 1.15 1.24 1.16 1.24]
35,0,[9.03380119e-03 4.40224863e-04 4.66180383e-05 5.87448509e-03],[1.08 1.08 1.08 1.13 1.08 1.08],[1.15 1.23 1.08 1.25 1.15 1.23]
35,1,[4.49567807e-07 4.16911730e-03 5.60303315e-04 5.74312914e-03],[1.1  1.13 1.1  1.1  1.1  1.1 ],[1.38 1.39 1.38 1.16 1.1  1.16]
35,2,[2.96327502e-06 8.36099350e-06 1.89220981e-04 9.00397306e-07],[1.28 1.22 1.29 1.22 1.28 1.22],[1.51 1.38 1.5  1.35 1.48 1.47]
35,3,[3.77543711e-05 1.69077540e-03 1.68511460e-06 4.78777437e-06],[1.14 1.23 1.23 1.14 1.14 1.28],[1.28 1.43 1.4  1.35 1.33 1.53]
35,4,[2.70179987e-08 8.01469036e-06 8.53157398e-08 8.32785824e-04],[1.28 1.39 1.17 1.28 1.17 1.17],[1.59 1.68 1.48 1.54 1.33 1.51]
35,5,[5.04511998e-05 3.85132551e-04 9.86115132e-02 1.47525899e-07],[1.16 1.   1.2  1.   1.16 1.  ],[1.29 1.22 1.45 1.16 1.41 1.4 ]
35,6,[9.37737799e-06 2.24748665e-04 8.75487895e-05 1.45206440e-07],[1.21 1.21 1.25 1.21 1.21 1.21],[1.38 1.38 1.54 1.28 1.47 1.56]
35,7,[2.36787265e-05 4.99901015e-05 1.68009134e-04 8.49514366e-07],[1.22 1.22 1.23 1.22 1.22 1.22],[1.42 1.34 1.46 1.29 1.42 1.47]
35,8,[1.43598242e-06 9.06220490e-06 9.41949583e-05 5.85006236e-03],[1.25 1.2  1.09 1.2  1.09 1.09],[1.45 1.38 1.34 1.34 1.28 1.24]
35,9,[1.59718343e-04 1.25971234e-04 2.82987842e-08 2.65238007e-04],[1.21 1.21 1.21 1.21 1.21 1.21],[1.33 1.5  1.26 1.5  1.29 1.56]
37,0,[1.19357353e-06 1.39392243e-04 7.43827646e-08 7.56757926e-05],[1.23 1.31 1.23 1.23 1.23 1.23],[1.45 1.56 1.43 1.49 1.29 1.59]
37,1,[8.13298318e-11 2.11350710e-07 3.67820365e-03 5.83676514e-02],[1.37 1.08 1.   1.08 1.   1.  ],[1.83 1.59 1.59 1.39 1.39 1.08]
37,2,[3.17471747e-03 6.56123731e-08 6.18530865e-06 3.83807374e-04],[1.12 1.12 1.12 1.27 1.16 1.16],[1.47 1.3  1.18 1.55 1.46 1.35]
37,3,[4.92617736e-04 2.93872295e-04 7.43342560e-06 2.19805965e-04],[1.19 1.19 1.19 1.19 1.19 1.19],[1.27 1.35 1.24 1.33 1.26 1.39]
37,4,[2.66866338e-08 5.68503286e-03 1.17414239e-03 1.18421570e-06],[1.1  1.12 1.31 1.1  1.1  1.12],[1.46 1.46 1.58 1.13 1.35 1.38]
37,5,[2.70998728e-05 5.43690068e-05 4.88804153e-05 1.79229525e-04],[1.22 1.22 1.22 1.22 1.22 1.22],[1.38 1.35 1.32 1.35 1.29 1.33]
37,6,[7.91876031e-05 6.00104091e-05 1.18460803e-03 6.13694834e-06],[1.2  1.16 1.2  1.16 1.2  1.16],[1.38 1.25 1.37 1.27 1.38 1.37]
37,7,[2.40785401e-05 2.72389000e-05 1.00308570e-04 3.42805348e-05],[1.24 1.24 1.24 1.24 1.24 1.24],[1.42 1.33 1.36 1.34 1.36 1.38]
37,8,[8.39219153e-03 9.45069021e-06 8.83884328e-03 7.67280720e-06],[1.06 1.06 1.06 1.06 1.25 1.06],[1.27 1.06 1.28 1.27 1.37 1.28]
37,9,[9.64510493e-05 1.28004390e-06 6.79668746e-03 2.21999142e-03],[1.18 1.09 1.1  1.09 1.1  1.09],[1.4  1.21 1.21 1.33 1.33 1.13]
53,0,[0.00267945 0.00076792 0.00040897 0.00056095],[1.13 1.13 1.13 1.13 1.13 1.13],[1.18 1.19 1.18 1.22 1.21 1.22]
53,1,[1.37904209e-02 5.41656644e-04 4.19474314e-04 6.26909890e-06],[1.06 1.06 1.06 1.14 1.14 1.14],[1.16 1.16 1.29 1.19 1.3  1.35]
53,2,[1.56326399e-06 1.48149923e-04 2.49022568e-07 1.26414471e-06],[1.23 1.31 1.31 1.23 1.23 1.31],[1.43 1.54 1.53 1.45 1.4  1.63]
53,3,[5.79633318e-05 1.12486570e-04 1.17052794e-06 1.05302960e-02],[1.2  1.2  1.07 1.2  1.07 1.07],[1.33 1.42 1.22 1.38 1.21 1.35]
53,4,[2.85102621e-05 7.38260098e-05 7.13117853e-05 6.96399640e-04],[1.19 1.19 1.17 1.19 1.17 1.17],[1.38 1.34 1.3  1.31 1.26 1.29]
53,5,[4.62121961e-04 4.74327321e-04 2.72309270e-03 2.52672430e-05],[1.13 1.12 1.13 1.12 1.13 1.12],[1.24 1.18 1.29 1.18 1.29 1.29]
53,6,[7.57462578e-07 1.60652102e-03 1.27114722e-06 1.46587058e-05],[1.14 1.31 1.26 1.14 1.14 1.26],[1.39 1.49 1.47 1.37 1.29 1.5 ]
53,7,[1.33064693e-05 3.58708694e-07 3.82832481e-05 4.33294635e-05],[1.27 1.27 1.27 1.27 1.27 1.27],[1.54 1.38 1.38 1.47 1.49 1.41]
53,8,[7.44659170e-05 8.20499951e-07 1.39257449e-07 3.14557384e-04],[1.21 1.21 1.2  1.32 1.2  1.2 ],[1.47 1.49 1.27 1.56 1.39 1.52]
53,9,[1.82492366e-05 8.29486668e-04 3.58582983e-03 6.18005572e-04],[1.12 1.11 1.12 1.11 1.12 1.11],[1.32 1.27 1.3  1.16 1.2  1.19]
42,0,[1.72722766e-06 9.96151517e-05 4.50988043e-06 3.02472987e-05],[1.24 1.28 1.24 1.24 1.24 1.24],[1.43 1.48 1.43 1.36 1.32 1.48]
42,1,[0.00135375 0.00025415 0.00026204 0.00830095],[1.12 1.12 1.08 1.14 1.08 1.08],[1.21 1.19 1.12 1.23 1.18 1.19]
42,2,[8.17397752e-06 1.79396054e-10 9.50881225e-07 4.25733201e-04],[1.28 1.28 1.19 1.32 1.19 1.19],[1.73 1.46 1.32 1.78 1.63 1.43]
42,3,[1.89072490e-04 3.22563142e-05 1.45135070e-03 2.46912296e-03],[1.16 1.13 1.13 1.13 1.13 1.13],[1.29 1.21 1.21 1.26 1.26 1.16]
42,4,[0.00013771 0.00027883 0.00044202 0.0002924 ],[1.19 1.19 1.19 1.19 1.19 1.19],[1.31 1.26 1.27 1.25 1.24 1.28]
42,5,[7.04623393e-04 1.31704047e-05 3.66175300e-05 2.71443959e-03],[1.14 1.14 1.12 1.21 1.12 1.12],[1.32 1.28 1.18 1.36 1.28 1.3 ]
42,6,[4.36997250e-03 2.84388384e-04 5.53166972e-05 8.20117859e-05],[1.11 1.11 1.11 1.17 1.17 1.19],[1.2  1.23 1.22 1.26 1.26 1.35]
42,7,[2.54945081e-02 4.72099022e-06 1.50240828e-06 2.46367124e-06],[1.04 1.04 1.04 1.3  1.3  1.3 ],[1.3  1.33 1.32 1.42 1.45 1.53]
42,8,[3.68829698e-07 9.87795349e-05 8.87460920e-05 1.81987472e-08],[1.24 1.24 1.35 1.24 1.24 1.24],[1.51 1.42 1.63 1.31 1.52 1.6 ]
42,9,[1.18103685e-05 4.71319671e-03 6.21724313e-04 1.16915154e-06],[1.1  1.14 1.25 1.1  1.1  1.14],[1.3  1.3  1.44 1.16 1.35 1.4 ]
48,0,[7.18565970e-04 2.41035022e-06 1.74417803e-07 2.33748567e-04],[1.17 1.17 1.17 1.3  1.17 1.17],[1.4  1.42 1.23 1.54 1.37 1.49]
48,1,[3.47709369e-06 1.11307277e-06 1.53263779e-02 2.26385352e-05],[1.28 1.06 1.25 1.06 1.25 1.06],[1.49 1.31 1.37 1.34 1.42 1.26]
48,2,[5.46392301e-05 8.41395131e-07 9.53823355e-04 1.49008826e-07],[1.22 1.16 1.22 1.16 1.33 1.16],[1.47 1.26 1.48 1.37 1.56 1.5 ]
48,3,[6.27364991e-04 2.04636719e-04 5.01472661e-08 3.06620457e-04],[1.18 1.18 1.18 1.18 1.18 1.18],[1.27 1.47 1.23 1.52 1.24 1.52]
48,4,[8.69204414e-07 1.35922423e-04 5.35411216e-02 7.61176232e-06],[1.19 1.   1.27 1.   1.19 1.  ],[1.45 1.35 1.45 1.19 1.32 1.29]
48,5,[2.00649497e-09 4.57345461e-05 2.18385443e-04 2.99992006e-06],[1.23 1.21 1.29 1.21 1.23 1.21],[1.66 1.57 1.65 1.31 1.42 1.44]
48,6,[1.17706759e-04 9.68903321e-03 1.93566555e-03 9.52314580e-07],[1.08 1.1  1.18 1.08 1.08 1.1 ],[1.2  1.2  1.38 1.11 1.35 1.38]
48,7,[5.75867932e-03 6.86892376e-05 3.70274380e-03 2.37236992e-04],[1.1  1.09 1.1  1.1  1.15 1.1 ],[1.22 1.09 1.18 1.22 1.26 1.19]
48,8,[9.77228054e-05 1.01213009e-04 1.26443927e-06 9.24719086e-07],[1.24 1.24 1.24 1.24 1.24 1.31],[1.34 1.41 1.43 1.4  1.44 1.62]
48,9,[5.04150662e-05 1.35293215e-07 1.28044726e-06 8.69808628e-04],[1.22 1.22 1.17 1.31 1.17 1.17],[1.56 1.44 1.26 1.54 1.43 1.39]
60,0,[5.64100703e-06 9.29804770e-05 2.85152378e-05 1.88900682e-04],[1.22 1.22 1.22 1.22 1.22 1.22],[1.4  1.41 1.34 1.33 1.28 1.38]
60,1,[1.30909290e-05 2.00317537e-05 7.47677235e-05 1.74704131e-08],[1.25 1.25 1.25 1.25 1.25 1.25],[1.43 1.36 1.55 1.35 1.55 1.63]
60,2,[7.49148446e-08 6.40747153e-07 5.53274348e-04 6.30571252e-04],[1.34 1.18 1.18 1.18 1.18 1.18],[1.63 1.46 1.45 1.4  1.39 1.25]
60,3,[1.09471726e-03 1.64696900e-02 7.58593963e-05 4.42367317e-03],[1.05 1.1  1.07 1.05 1.05 1.07],[1.12 1.22 1.12 1.21 1.08 1.22]
60,4,[6.13275381e-05 2.42755544e-04 2.64114371e-04 5.69583565e-04],[1.18 1.18 1.18 1.18 1.18 1.18],[1.34 1.28 1.27 1.25 1.24 1.26]
60,5,[1.37021956e-05 3.01558146e-04 6.27317751e-03 3.39622256e-05],[1.17 1.09 1.22 1.09 1.17 1.09],[1.33 1.27 1.37 1.17 1.29 1.27]
60,6,[8.36010155e-06 3.67120642e-03 6.14300631e-03 2.83980084e-03],[1.09 1.09 1.09 1.09 1.09 1.09],[1.28 1.28 1.28 1.1  1.11 1.11]
60,7,[1.02445776e-02 3.09456741e-06 2.60222330e-08 2.11684694e-04],[1.07 1.07 1.07 1.29 1.18 1.18],[1.33 1.46 1.18 1.55 1.35 1.57]
60,8,[1.12167092e-05 4.49807691e-04 1.59593853e-07 5.74778630e-04],[1.18 1.25 1.18 1.18 1.18 1.18],[1.34 1.5  1.32 1.43 1.22 1.48]
60,9,[2.93079723e-06 1.36688626e-05 1.09150739e-01 5.79087415e-03],[1.24 1.   1.06 1.   1.06 1.  ],[1.44 1.3  1.3  1.24 1.24 1.06]
33,0,[3.09378307e-07 4.16264953e-06 4.66823329e-08 5.27749138e-04],[1.3  1.35 1.18 1.3  1.18 1.18],[1.56 1.62 1.42 1.58 1.34 1.5 ]
33,1,[1.57432715e-03 3.55361409e-05 2.39946838e-05 1.57713480e-07],[1.14 1.14 1.14 1.23 1.23 1.23],[1.28 1.27 1.41 1.34 1.48 1.53]
33,2,[4.06704255e-04 4.77976920e-06 1.08408295e-04 1.66078726e-04],[1.19 1.19 1.19 1.19 1.19 1.19],[1.39 1.26 1.25 1.37 1.36 1.31]
33,3,[1.23795272e-04 3.83035906e-04 2.77808523e-03 1.76427013e-08],[1.16 1.12 1.18 1.12 1.16 1.12],[1.28 1.21 1.54 1.19 1.5  1.53]
33,4,[3.73239751e-03 2.05185086e-04 4.13369450e-06 3.31398447e-03],[1.11 1.11 1.11 1.16 1.11 1.11],[1.2  1.3  1.12 1.34 1.2  1.31]
33,5,[4.95602479e-04 1.58764099e-03 6.83246611e-06 5.01252352e-04],[1.14 1.14 1.14 1.14 1.14 1.14],[1.22 1.33 1.23 1.3  1.19 1.36]
33,6,[5.98356129e-06 5.35828951e-05 6.50491951e-07 9.68323546e-03],[1.22 1.27 1.08 1.22 1.08 1.08],[1.38 1.48 1.3  1.41 1.22 1.4 ]
33,7,[3.08092353e-07 4.75631412e-04 5.75391296e-05 3.38414683e-08],[1.19 1.22 1.35 1.19 1.19 1.22],[1.46 1.49 1.58 1.27 1.48 1.59]
33,8,[3.26863496e-07 1.53189854e-05 1.42044175e-05 1.29133973e-02],[1.24 1.24 1.06 1.24 1.06 1.06],[1.53 1.45 1.38 1.36 1.26 1.28]
33,9,[4.59076368e-03 5.19307960e-05 2.44190639e-04 5.00385309e-04],[1.11 1.11 1.11 1.15 1.15 1.15],[1.26 1.19 1.17 1.27 1.26 1.26]
63,0,[1.15534179e-02 2.85458796e-02 2.92743743e-06 2.24294706e-04],[1.03 1.04 1.04 1.03 1.03 1.16],[1.04 1.29 1.16 1.29 1.16 1.35]
63,1,[8.62230622e-06 5.57903705e-04 9.93933911e-02 6.16544149e-10],[1.15 1.   1.26 1.   1.15 1.  ],[1.33 1.28 1.63 1.15 1.56 1.56]
63,2,[2.12189927e-04 2.62504686e-02 1.56232902e-03 1.59729843e-05],[1.03 1.11 1.16 1.03 1.03 1.11],[1.18 1.18 1.3  1.11 1.26 1.3 ]
63,3,[4.96209251e-03 8.66684742e-08 7.56899265e-06 1.45804081e-03],[1.1  1.1  1.1  1.26 1.11 1.11],[1.43 1.29 1.13 1.52 1.43 1.31]
63,4,[2.82658344e-02 3.67004393e-05 4.61480668e-04 7.49709128e-04],[1.03 1.03 1.03 1.13 1.13 1.13],[1.23 1.15 1.13 1.25 1.26 1.21]
63,5,[2.49373820e-06 2.24658724e-02 2.08102846e-09 1.47358746e-02],[1.03 1.3  1.03 1.03 1.03 1.03],[1.3  1.59 1.3  1.52 1.03 1.52]
63,6,[9.40658462e-06 6.83856522e-03 4.74000807e-04 3.71006871e-03],[1.09 1.13 1.09 1.09 1.09 1.09],[1.28 1.29 1.28 1.16 1.1  1.16]
63,7,[4.78728166e-07 2.42539337e-05 3.29420850e-07 2.17745503e-02],[1.25 1.33 1.04 1.25 1.04 1.04],[1.49 1.52 1.36 1.44 1.25 1.38]
63,8,[3.15192617e-07 9.18679031e-05 1.82731301e-05 2.61560975e-05],[1.24 1.24 1.24 1.24 1.24 1.24],[1.5  1.48 1.49 1.35 1.33 1.44]
63,9,[6.43666878e-05 7.11931631e-06 4.44835224e-02 6.93173562e-03],[1.2  1.01 1.06 1.01 1.06 1.01],[1.4  1.2  1.2  1.27 1.27 1.06]
61,0,[2.44957210e-03 2.44217680e-06 3.66391431e-04 3.81426151e-04],[1.13 1.13 1.13 1.14 1.14 1.14],[1.36 1.19 1.18 1.36 1.37 1.25]
61,1,[2.78194325e-07 3.90430983e-08 7.20763854e-04 6.24554168e-08],[1.38 1.17 1.38 1.17 1.4  1.17],[1.67 1.41 1.64 1.48 1.63 1.52]
61,2,[2.41773719e-04 4.20864101e-02 9.82248131e-06 3.63587653e-04],[1.01 1.15 1.15 1.01 1.01 1.15],[1.17 1.31 1.21 1.27 1.16 1.34]
61,3,[8.73058390e-06 4.99286856e-04 6.72655477e-02 1.74105674e-03],[1.13 1.   1.11 1.   1.11 1.  ],[1.3  1.27 1.27 1.15 1.16 1.11]
61,4,[1.76242494e-03 6.20311069e-09 3.40592193e-02 4.84744078e-05],[1.11 1.02 1.11 1.02 1.21 1.02],[1.5  1.11 1.22 1.49 1.5  1.22]
61,5,[2.54164364e-03 1.95017118e-05 2.91838268e-03 3.75124927e-05],[1.12 1.12 1.12 1.12 1.21 1.12],[1.29 1.13 1.24 1.28 1.36 1.24]
61,6,[1.87931501e-04 1.11100404e-05 1.53534630e-07 4.86752098e-04],[1.19 1.19 1.19 1.25 1.19 1.19],[1.37 1.45 1.25 1.48 1.31 1.49]
61,7,[4.23393797e-03 5.88146812e-06 1.55282087e-05 2.92401561e-06],[1.11 1.11 1.11 1.26 1.27 1.26],[1.32 1.27 1.32 1.39 1.44 1.46]
61,8,[1.11242533e-04 1.33705040e-03 2.71367585e-05 1.94011654e-03],[1.14 1.18 1.14 1.14 1.14 1.14],[1.24 1.31 1.23 1.28 1.16 1.28]
61,9,[4.83321711e-04 2.39150232e-04 1.87915923e-07 1.13881540e-03],[1.16 1.16 1.16 1.16 1.16 1.16],[1.26 1.42 1.2  1.46 1.21 1.47]
69,0,[3.26801784e-05 2.52503541e-02 1.06862716e-08 4.18536548e-04],[1.04 1.22 1.16 1.04 1.04 1.16],[1.24 1.5  1.26 1.48 1.16 1.55]
69,1,[9.28270599e-03 9.47511046e-07 5.56694689e-07 2.32468578e-09],[1.08 1.08 1.08 1.34 1.34 1.34],[1.37 1.37 1.52 1.54 1.58 1.82]
69,2,[1.23167021e-04 6.85976774e-06 1.83255026e-05 2.54242284e-03],[1.2  1.2  1.13 1.24 1.13 1.13],[1.36 1.34 1.22 1.39 1.3  1.31]
69,3,[3.39698662e-03 2.43254535e-04 1.41851143e-05 4.14959447e-07],[1.12 1.12 1.12 1.17 1.17 1.25],[1.21 1.29 1.39 1.32 1.41 1.52]
69,4,[1.94237433e-05 1.62784031e-02 1.60917944e-03 1.08274742e-05],[1.05 1.11 1.23 1.05 1.05 1.11],[1.26 1.26 1.35 1.11 1.27 1.28]
69,5,[2.72013617e-03 7.42297361e-05 1.45494338e-05 6.32339268e-07],[1.12 1.12 1.12 1.21 1.21 1.24],[1.25 1.28 1.38 1.33 1.41 1.53]
69,6,[5.82363791e-03 2.09167772e-05 1.09684568e-03 4.10287014e-04],[1.1  1.1  1.1  1.12 1.14 1.12],[1.26 1.14 1.16 1.26 1.29 1.2 ]
69,7,[6.42535475e-03 5.23453747e-03 1.31818591e-03 1.68391134e-06],[1.09 1.09 1.09 1.09 1.09 1.1 ],[1.1  1.12 1.31 1.12 1.31 1.34]
69,8,[5.97829119e-07 4.52748670e-05 1.57643423e-03 5.35631742e-03],[1.21 1.11 1.1  1.11 1.1  1.1 ],[1.47 1.37 1.36 1.23 1.23 1.16]
69,9,[9.90120338e-02 1.07276765e-06 2.36531854e-03 1.74684875e-03],[1.   1.   1.   1.09 1.09 1.09],[1.33 1.1  1.11 1.33 1.33 1.15]
67,0,[6.21362808e-02 3.30921956e-06 5.55719620e-03 8.15079928e-08],[1.   1.   1.   1.06 1.29 1.06],[1.29 1.06 1.41 1.29 1.52 1.43]
67,1,[3.11617305e-05 2.51624968e-02 2.57330132e-06 1.13409448e-05],[1.04 1.24 1.24 1.04 1.04 1.25],[1.25 1.38 1.36 1.31 1.27 1.51]
67,2,[0.04041892 0.00015151 0.00014068 0.00145569],[1.01 1.01 1.01 1.16 1.11 1.11],[1.19 1.19 1.11 1.25 1.2  1.23]
67,3,[1.22345175e-04 4.60997162e-05 2.32510811e-02 3.54779356e-03],[1.17 1.04 1.08 1.04 1.08 1.04],[1.3  1.19 1.19 1.22 1.22 1.08]
67,4,[3.39568326e-04 2.01864324e-07 3.30915485e-02 6.49391459e-06],[1.16 1.02 1.16 1.02 1.27 1.02],[1.45 1.16 1.32 1.39 1.49 1.3 ]
67,5,[2.68173870e-05 1.67095955e-07 3.93657625e-03 7.65197847e-08],[1.24 1.11 1.24 1.11 1.37 1.11],[1.53 1.25 1.49 1.4  1.62 1.46]
67,6,[5.07923068e-04 1.37595995e-04 4.21313616e-04 1.23717518e-05],[1.19 1.19 1.19 1.19 1.19 1.19],[1.28 1.23 1.33 1.25 1.34 1.35]
67,7,[5.79846382e-03 3.24294996e-05 3.23957996e-08 5.80828038e-04],[1.09 1.09 1.09 1.22 1.14 1.14],[1.26 1.45 1.16 1.48 1.26 1.52]
67,8,[1.14828642e-08 2.33786345e-03 5.95023861e-04 3.36755777e-08],[1.13 1.14 1.42 1.13 1.13 1.14],[1.53 1.51 1.7  1.18 1.46 1.52]
67,9,[4.73992211e-07 7.71762835e-02 4.14268300e-02 7.44494963e-05],[1.   1.   1.19 1.   1.   1.  ],[1.34 1.34 1.38 1.   1.19 1.19]
62,0,[1.02092072e-07 5.38024996e-05 5.49201702e-04 3.42834867e-04],[1.2  1.18 1.18 1.18 1.18 1.18],[1.53 1.45 1.45 1.28 1.28 1.26]
62,1,[7.03261763e-07 8.51903446e-05 1.16668588e-04 2.28974728e-09],[1.24 1.24 1.33 1.24 1.24 1.24],[1.49 1.42 1.69 1.31 1.58 1.64]
62,2,[5.09834266e-02 1.67928752e-06 4.97010043e-05 1.55188060e-03],[1.   1.   1.   1.21 1.11 1.11],[1.32 1.23 1.11 1.39 1.32 1.25]
62,3,[2.83671857e-07 1.74645704e-02 4.15027631e-07 1.07509600e-06],[1.05 1.34 1.34 1.05 1.05 1.34],[1.4  1.55 1.51 1.37 1.34 1.57]
62,4,[8.16066843e-07 6.91166610e-04 8.94088636e-04 6.72693730e-05],[1.17 1.17 1.19 1.17 1.17 1.17],[1.41 1.38 1.42 1.2  1.26 1.28]
62,5,[3.83872071e-05 1.02144170e-04 1.53902049e-02 2.80612167e-06],[1.2  1.06 1.21 1.06 1.2  1.06],[1.32 1.23 1.39 1.2  1.38 1.33]
62,6,[1.93544068e-04 1.29447890e-04 5.70110848e-06 1.48861473e-07],[1.22 1.22 1.22 1.22 1.22 1.27],[1.31 1.36 1.44 1.36 1.47 1.57]
62,7,[9.68363944e-05 2.19306204e-06 3.77266539e-02 1.00052769e-06],[1.2  1.02 1.2  1.02 1.3  1.02],[1.38 1.2  1.39 1.32 1.52 1.36]
62,8,[1.20328653e-05 4.03305159e-03 1.43017508e-01 2.96806411e-07],[1.08 1.   1.25 1.   1.08 1.  ],[1.27 1.27 1.45 1.08 1.36 1.36]
62,9,[3.13461424e-02 1.74774104e-07 8.11978418e-09 3.69651849e-04],[1.03 1.03 1.03 1.37 1.16 1.16],[1.4  1.48 1.16 1.65 1.4  1.56]
70,0,[2.69521025e-01 2.40307716e-06 3.03282242e-03 1.65666679e-07],[1.   1.   1.   1.09 1.29 1.09],[1.3  1.09 1.39 1.3  1.52 1.42]
70,1,[0.03725454 0.00031217 0.00033647 0.00107116],[1.02 1.02 1.02 1.13 1.12 1.12],[1.16 1.16 1.12 1.21 1.19 1.2 ]
70,2,[5.09848895e-04 2.84884365e-03 3.78693438e-04 1.22856229e-05],[1.12 1.14 1.14 1.12 1.12 1.14],[1.19 1.23 1.3  1.2  1.29 1.34]
70,3,[2.89375961e-06 2.47329217e-03 2.91417146e-03 7.65092416e-05],[1.12 1.12 1.19 1.12 1.12 1.12],[1.33 1.33 1.4  1.13 1.24 1.24]
70,4,[3.00880267e-05 9.35907832e-03 8.34461894e-04 2.18702552e-06],[1.08 1.13 1.22 1.08 1.08 1.13],[1.25 1.26 1.4  1.14 1.33 1.36]
70,5,[1.63278884e-06 2.02846732e-03 3.71098100e-04 5.26878233e-06],[1.14 1.16 1.27 1.14 1.14 1.16],[1.4  1.38 1.47 1.19 1.31 1.37]
70,6,[2.63373185e-02 6.04300832e-10 4.58613732e-05 3.63500919e-05],[1.03 1.03 1.03 1.21 1.21 1.21],[1.56 1.23 1.23 1.62 1.59 1.35]
70,7,[3.93384445e-08 8.79820774e-06 1.09226297e-03 1.35031678e-01],[1.26 1.12 1.   1.12 1.   1.  ],[1.58 1.43 1.43 1.28 1.28 1.12]
70,8,[7.91088044e-04 5.04709180e-05 5.43588456e-08 3.66608305e-03],[1.13 1.13 1.11 1.2  1.11 1.11],[1.27 1.44 1.16 1.51 1.24 1.47]
70,9,[1.78411641e-03 4.40525556e-07 1.34261147e-04 8.09720522e-08],[1.14 1.14 1.14 1.19 1.35 1.19],[1.41 1.22 1.43 1.42 1.59 1.51]
72,0,[9.25126526e-07 6.64691967e-03 8.96629093e-03 4.28097350e-04],[1.07 1.07 1.14 1.07 1.07 1.07],[1.34 1.34 1.35 1.07 1.15 1.15]
72,1,[1.13927325e-05 5.80205930e-06 5.58830882e-06 2.77191364e-03],[1.26 1.26 1.12 1.26 1.12 1.12],[1.45 1.41 1.28 1.42 1.31 1.34]
72,2,[0.00595516 0.00014171 0.01299863 0.00088572],[1.06 1.06 1.06 1.06 1.11 1.06],[1.19 1.07 1.12 1.19 1.2  1.12]
72,3,[1.19777402e-02 2.35190807e-08 3.24355564e-03 1.29571827e-07],[1.07 1.07 1.07 1.08 1.38 1.08],[1.45 1.09 1.41 1.45 1.6  1.41]
72,4,[2.15106286e-06 5.23218135e-02 1.75929379e-05 1.29924589e-05],[1.   1.24 1.24 1.   1.   1.24],[1.32 1.4  1.41 1.25 1.26 1.42]
72,5,[3.00265374e-02 4.67564120e-06 3.69145530e-06 1.08140387e-04],[1.03 1.03 1.03 1.27 1.2  1.2 ],[1.31 1.3  1.2  1.44 1.36 1.4 ]
72,6,[6.28912621e-05 6.11891671e-08 3.75801740e-07 1.98675766e-03],[1.22 1.22 1.14 1.35 1.14 1.14],[1.53 1.44 1.24 1.62 1.45 1.45]
72,7,[2.01090944e-07 1.63590967e-03 9.32964791e-03 1.29858414e-03],[1.1  1.08 1.1  1.08 1.1  1.08],[1.4  1.37 1.37 1.12 1.15 1.14]
72,8,[3.10296175e-06 5.29538530e-05 5.60220712e-03 1.30203066e-04],[1.2 1.1 1.2 1.1 1.2 1.1],[1.42 1.32 1.37 1.24 1.29 1.23]
72,9,[6.87239683e-05 1.07382275e-07 5.97332910e-08 2.81011465e-04],[1.21 1.21 1.2  1.38 1.2  1.2 ],[1.52 1.51 1.27 1.64 1.45 1.54]
66,0,[9.34731223e-04 6.24733787e-05 4.19093882e-03 8.68778203e-03],[1.11 1.08 1.08 1.08 1.08 1.08],[1.24 1.13 1.13 1.21 1.21 1.1 ]
66,1,[3.50830770e-02 6.93582243e-06 2.72468372e-04 9.99734299e-03],[1.02 1.02 1.02 1.15 1.04 1.04],[1.26 1.16 1.04 1.29 1.26 1.16]
66,2,[7.27151741e-03 3.53858873e-03 1.24770623e-08 5.88336913e-05],[1.09 1.09 1.09 1.09 1.09 1.2 ],[1.11 1.45 1.21 1.45 1.21 1.57]
66,3,[6.18287582e-04 1.16686845e-08 1.18596860e-02 1.01503413e-05],[1.14 1.07 1.14 1.07 1.25 1.07],[1.53 1.15 1.3  1.47 1.58 1.29]
66,4,[6.02984666e-07 1.97033358e-05 2.22492584e-06 2.85354231e-03],[1.25 1.3  1.12 1.25 1.12 1.12],[1.52 1.52 1.38 1.43 1.28 1.38]
66,5,[1.98779534e-05 2.30283067e-03 2.70869037e-05 9.06776405e-05],[1.13 1.22 1.2  1.13 1.13 1.2 ],[1.31 1.36 1.32 1.27 1.23 1.37]
66,6,[2.97822966e-04 1.34151770e-08 1.40604898e-07 1.41121534e-06],[1.2  1.2  1.2  1.38 1.33 1.33],[1.56 1.46 1.39 1.63 1.64 1.69]
66,7,[6.16030823e-05 2.38555752e-04 7.09844785e-04 1.98386863e-04],[1.17 1.17 1.17 1.17 1.17 1.17],[1.31 1.26 1.29 1.23 1.25 1.26]
66,8,[7.89823988e-03 8.26811118e-03 2.82683014e-07 6.48704812e-05],[1.08 1.08 1.08 1.08 1.08 1.19],[1.08 1.36 1.2  1.36 1.2  1.48]
66,9,[1.28522479e-08 6.73183617e-05 8.53489482e-03 1.22648585e-05],[1.21 1.08 1.24 1.08 1.21 1.08],[1.57 1.47 1.55 1.22 1.32 1.29]
87,0,[1.57287841e-03 1.02863745e-03 1.62574448e-05 2.08562816e-05],[1.15 1.15 1.15 1.15 1.15 1.22],[1.2  1.29 1.28 1.28 1.29 1.41]
87,1,[1.54875835e-05 8.17461414e-02 5.02716346e-03 1.26144380e-04],[1.   1.07 1.17 1.   1.   1.07],[1.24 1.24 1.31 1.07 1.19 1.2 ]
87,2,[5.62887600e-05 7.57551555e-09 7.60189893e-04 8.94575727e-05],[1.2  1.17 1.2  1.17 1.2  1.17],[1.58 1.26 1.32 1.5  1.54 1.28]
87,3,[1.36558196e-02 4.98259693e-05 3.53137428e-06 1.80692167e-07],[1.06 1.06 1.06 1.22 1.22 1.28],[1.24 1.31 1.39 1.36 1.45 1.58]
87,4,[2.95328732e-05 5.16425430e-06 5.31442639e-08 1.60821694e-03],[1.24 1.24 1.14 1.27 1.14 1.14],[1.42 1.51 1.27 1.56 1.32 1.49]
87,5,[4.72410714e-07 4.07950627e-03 9.99620551e-06 5.48374908e-05],[1.11 1.25 1.22 1.11 1.11 1.22],[1.43 1.49 1.45 1.28 1.24 1.41]
87,6,[3.74517064e-04 1.42226644e-03 4.46683524e-06 2.47250887e-05],[1.15 1.16 1.16 1.15 1.15 1.23],[1.23 1.34 1.3  1.32 1.27 1.43]
87,7,[3.05470670e-05 2.38934292e-04 1.83327447e-05 3.86647407e-04],[1.19 1.22 1.19 1.19 1.19 1.19],[1.33 1.37 1.29 1.32 1.23 1.35]
87,8,[0.00137459 0.00067216 0.00082193 0.03981571],[1.11 1.11 1.02 1.11 1.02 1.02],[1.18 1.15 1.12 1.17 1.14 1.13]
87,9,[9.84283419e-03 4.92792495e-05 4.48647022e-03 4.09988133e-04],[1.08 1.08 1.08 1.08 1.14 1.08],[1.23 1.08 1.16 1.23 1.25 1.17]
82,0,[9.13226250e-09 2.19367358e-02 3.10335725e-04 1.03029187e-06],[1.04 1.16 1.32 1.04 1.04 1.16],[1.49 1.49 1.59 1.16 1.34 1.44]
82,1,[5.10365912e-07 1.12118790e-02 2.03492417e-05 1.43719197e-03],[1.07 1.23 1.11 1.07 1.07 1.11],[1.37 1.42 1.37 1.25 1.12 1.28]
82,2,[1.09109675e-02 8.75317558e-05 2.97065857e-06 1.62227386e-03],[1.07 1.07 1.07 1.19 1.11 1.11],[1.22 1.31 1.11 1.38 1.22 1.35]
82,3,[3.85605516e-05 1.12784090e-05 4.41934020e-05 2.23531437e-03],[1.21 1.21 1.13 1.21 1.13 1.13],[1.4  1.35 1.26 1.36 1.29 1.29]
82,4,[1.72001015e-03 3.47406768e-02 6.48081963e-05 2.66455644e-07],[1.02 1.11 1.11 1.02 1.02 1.19],[1.11 1.22 1.37 1.21 1.37 1.46]
82,5,[4.56520953e-05 1.00659008e-05 6.46911163e-03 2.50265200e-03],[1.21 1.09 1.09 1.09 1.09 1.09],[1.35 1.23 1.23 1.26 1.26 1.13]
82,6,[5.12373016e-02 5.16306832e-06 8.66101441e-06 6.95374335e-05],[1.   1.   1.   1.26 1.21 1.21],[1.29 1.28 1.21 1.39 1.35 1.39]
82,7,[4.48313339e-07 3.20101139e-06 5.41856926e-04 9.89674889e-05],[1.28 1.18 1.2  1.18 1.2  1.18],[1.54 1.39 1.44 1.36 1.38 1.29]
82,8,[1.59836845e-06 1.08571390e-03 2.00484128e-05 2.08233222e-06],[1.16 1.25 1.29 1.16 1.16 1.25],[1.38 1.43 1.49 1.28 1.34 1.47]
82,9,[5.43465052e-04 1.20924425e-04 6.59016759e-07 6.48542332e-03],[1.15 1.15 1.09 1.18 1.09 1.09],[1.26 1.39 1.16 1.43 1.21 1.38]
71,0,[2.16656550e-04 2.89241037e-06 9.10678575e-04 3.96808034e-03],[1.16 1.13 1.11 1.13 1.11 1.11],[1.38 1.23 1.19 1.33 1.32 1.17]
71,1,[5.46348937e-06 6.69941887e-04 9.57406073e-05 3.62515148e-06],[1.18 1.2  1.27 1.18 1.18 1.2 ],[1.38 1.37 1.45 1.25 1.34 1.44]
71,2,[2.42768095e-05 4.68197214e-04 3.54881398e-07 1.82739676e-05],[1.19 1.23 1.23 1.19 1.19 1.23],[1.32 1.46 1.36 1.42 1.3  1.56]
71,3,[0.00135042 0.00043708 0.00093448 0.02527663],[1.11 1.11 1.04 1.11 1.04 1.04],[1.18 1.15 1.11 1.17 1.16 1.13]
71,4,[3.79692577e-05 5.06119805e-05 1.34942593e-03 1.80359869e-05],[1.21 1.15 1.21 1.15 1.21 1.15],[1.36 1.26 1.36 1.26 1.35 1.33]
71,5,[1.83161121e-05 6.29086979e-02 8.99195411e-07 1.47883792e-03],[1.   1.23 1.11 1.   1.   1.11],[1.25 1.42 1.25 1.35 1.11 1.37]
71,6,[6.30161411e-06 3.67106847e-02 7.08135861e-09 6.11505871e-04],[1.02 1.27 1.14 1.02 1.02 1.14],[1.29 1.56 1.31 1.48 1.14 1.54]
71,7,[1.12536154e-06 1.77409198e-02 4.16891857e-04 1.88190078e-04],[1.05 1.16 1.16 1.05 1.05 1.16],[1.36 1.37 1.38 1.16 1.18 1.26]
71,8,[8.77597925e-06 1.21665347e-05 1.40693895e-06 1.50630024e-02],[1.26 1.26 1.06 1.26 1.06 1.06],[1.41 1.45 1.28 1.43 1.27 1.35]
71,9,[5.82482356e-04 2.13908021e-05 4.58520374e-03 2.76448959e-06],[1.15 1.1  1.15 1.1  1.23 1.1 ],[1.32 1.16 1.36 1.26 1.4  1.35]
73,0,[5.41786739e-05 7.24774094e-08 3.05462254e-05 4.44094152e-04],[1.22 1.22 1.19 1.22 1.19 1.19],[1.54 1.36 1.27 1.51 1.45 1.35]
73,1,[1.05626843e-08 4.09531821e-06 4.28530222e-04 8.26398979e-06],[1.28 1.19 1.28 1.19 1.28 1.19],[1.7  1.5  1.58 1.36 1.42 1.39]
73,2,[2.37398371e-05 1.93828674e-03 3.93282157e-04 2.63524566e-03],[1.12 1.14 1.12 1.12 1.12 1.12],[1.29 1.3  1.27 1.19 1.14 1.2 ]
73,3,[1.81835211e-04 2.37532191e-04 8.99576177e-06 1.30817045e-03],[1.16 1.16 1.15 1.16 1.15 1.15],[1.31 1.34 1.23 1.34 1.22 1.35]
73,4,[1.07739195e-08 5.01564887e-02 4.26002011e-04 4.72585613e-03],[1.   1.14 1.07 1.   1.   1.07],[1.45 1.46 1.45 1.16 1.07 1.16]
73,5,[1.58550239e-06 7.47693200e-06 5.90741478e-09 1.65510713e-01],[1.28 1.31 1.   1.28 1.   1.  ],[1.48 1.58 1.33 1.56 1.28 1.49]
73,6,[4.15190240e-06 6.06122916e-03 1.16051877e-03 1.72701832e-05],[1.09 1.12 1.24 1.09 1.09 1.12],[1.31 1.31 1.37 1.13 1.27 1.29]
73,7,[5.31018708e-06 3.26998274e-03 2.41072048e-03 3.29295799e-05],[1.12 1.12 1.22 1.12 1.12 1.12],[1.3  1.3  1.37 1.13 1.26 1.27]
73,8,[1.86348230e-03 1.22759906e-02 1.85576398e-02 8.83593888e-05],[1.04 1.04 1.09 1.04 1.04 1.04],[1.09 1.09 1.19 1.04 1.19 1.19]
73,9,[6.94568962e-06 1.09373407e-04 7.24235281e-04 1.23377092e-04],[1.18 1.17 1.18 1.17 1.18 1.17],[1.38 1.33 1.36 1.26 1.3  1.27]
77,0,[4.82212039e-03 1.86457738e-10 2.26254937e-05 1.77922177e-04],[1.1  1.1  1.1  1.23 1.19 1.19],[1.63 1.25 1.2  1.68 1.63 1.32]
77,1,[3.12942349e-02 1.94091101e-04 5.42506747e-03 5.58483366e-05],[1.03 1.03 1.03 1.07 1.16 1.07],[1.17 1.07 1.22 1.17 1.26 1.23]
77,2,[8.74267793e-04 2.13823139e-06 1.95170636e-05 1.81941255e-02],[1.13 1.13 1.05 1.23 1.05 1.05],[1.36 1.26 1.13 1.41 1.33 1.26]
77,3,[6.44006627e-07 2.42764248e-05 6.26543634e-05 5.51077545e-03],[1.23 1.22 1.1  1.22 1.1  1.1 ],[1.49 1.42 1.36 1.33 1.27 1.24]
77,4,[1.06518615e-03 2.26170297e-05 1.11264912e-04 1.94108319e-03],[1.14 1.14 1.14 1.18 1.14 1.14],[1.28 1.24 1.16 1.33 1.27 1.26]
77,5,[0.00013337 0.13033205 0.001317   0.00057979],[1.   1.11 1.13 1.   1.   1.11],[1.19 1.21 1.21 1.11 1.15 1.19]
77,6,[2.23285457e-04 1.52150807e-05 1.17484494e-04 2.22694461e-05],[1.22 1.22 1.22 1.22 1.23 1.22],[1.36 1.27 1.31 1.33 1.38 1.4 ]
77,7,[1.07688817e-03 1.43694212e-04 3.89491857e-06 3.57234261e-06],[1.16 1.16 1.16 1.19 1.19 1.27],[1.25 1.33 1.34 1.37 1.39 1.49]
77,8,[1.06291649e-02 5.46997859e-05 5.13115771e-07 5.79675843e-05],[1.07 1.07 1.07 1.2  1.2  1.2 ],[1.23 1.36 1.22 1.42 1.29 1.48]
77,9,[1.01513894e-02 1.57727662e-03 3.38214062e-05 2.10801010e-05],[1.07 1.07 1.07 1.11 1.11 1.22],[1.13 1.23 1.25 1.23 1.25 1.39]
86,0,[3.30347520e-06 2.25993321e-07 2.45710858e-05 1.11326723e-07],[1.31 1.28 1.31 1.28 1.36 1.28],[1.63 1.41 1.59 1.48 1.61 1.6 ]
86,1,[1.64316253e-07 1.11246010e-01 1.93294720e-04 4.35258281e-07],[1.   1.18 1.35 1.   1.   1.18],[1.39 1.43 1.55 1.18 1.37 1.46]
86,2,[4.61774490e-04 3.23544380e-05 8.26814376e-04 6.45223208e-04],[1.17 1.17 1.17 1.17 1.17 1.17],[1.31 1.21 1.21 1.29 1.28 1.23]
86,3,[4.50104536e-03 1.71181361e-05 2.82780355e-06 8.23602342e-09],[1.11 1.11 1.11 1.26 1.26 1.29],[1.29 1.32 1.49 1.42 1.57 1.66]
86,4,[7.24430591e-05 3.96877626e-05 1.97331187e-08 1.18456093e-03],[1.21 1.21 1.16 1.21 1.16 1.16],[1.35 1.53 1.25 1.54 1.26 1.52]
86,5,[1.49727320e-06 8.77695186e-07 8.04376815e-03 2.00417321e-02],[1.31 1.05 1.05 1.05 1.05 1.05],[1.51 1.31 1.31 1.33 1.33 1.06]
86,6,[1.99792378e-02 4.92818776e-03 3.59517793e-06 1.05353052e-04],[1.05 1.05 1.05 1.07 1.07 1.18],[1.07 1.28 1.19 1.28 1.19 1.39]
86,7,[1.05876010e-03 2.35316152e-04 7.55481724e-08 1.57097807e-06],[1.16 1.16 1.16 1.18 1.18 1.31],[1.23 1.45 1.36 1.45 1.39 1.66]
86,8,[1.00521322e-05 2.16903803e-03 2.97831943e-04 3.30758573e-06],[1.13 1.17 1.25 1.13 1.13 1.17],[1.31 1.34 1.42 1.2  1.33 1.41]
86,9,[1.68927920e-06 1.04344886e-03 2.97057881e-03 6.61567439e-03],[1.1  1.09 1.09 1.09 1.09 1.09],[1.33 1.32 1.32 1.14 1.14 1.12]
76,0,[1.02045052e-02 1.32115680e-03 6.11100824e-05 4.85791228e-04],[1.07 1.07 1.07 1.12 1.12 1.13],[1.14 1.23 1.15 1.23 1.17 1.27]
76,1,[3.04493094e-06 1.95114572e-04 2.14440113e-05 5.73174679e-04],[1.18 1.23 1.18 1.18 1.18 1.18],[1.42 1.44 1.35 1.31 1.24 1.35]
76,2,[1.21658157e-01 1.10639331e-04 9.30295677e-05 1.45894290e-02],[1.   1.   1.   1.17 1.03 1.03],[1.18 1.19 1.03 1.24 1.18 1.19]
76,3,[4.88109636e-05 1.75569347e-04 1.60917314e-03 2.07155885e-06],[1.19 1.14 1.2  1.14 1.19 1.14],[1.33 1.25 1.4  1.23 1.4  1.38]
76,4,[2.28287960e-04 2.78030607e-03 2.97638927e-03 9.57869671e-05],[1.12 1.12 1.15 1.12 1.12 1.12],[1.21 1.2  1.27 1.13 1.23 1.23]
76,5,[1.62814669e-03 4.89003717e-06 6.16184311e-06 1.35208102e-04],[1.14 1.14 1.14 1.26 1.19 1.19],[1.35 1.3  1.23 1.45 1.36 1.4 ]
76,6,[2.98322886e-03 1.39094535e-05 1.46636125e-06 2.20843940e-05],[1.12 1.12 1.12 1.24 1.24 1.24],[1.31 1.35 1.26 1.42 1.38 1.49]
76,7,[4.87475381e-06 2.21802512e-07 9.53512897e-05 4.87372835e-06],[1.27 1.24 1.27 1.24 1.27 1.24],[1.62 1.37 1.45 1.48 1.52 1.43]
76,8,[9.90024832e-03 2.12570122e-05 2.76805689e-10 1.50829778e-04],[1.07 1.07 1.07 1.23 1.19 1.19],[1.28 1.59 1.2  1.64 1.31 1.69]
76,9,[7.69039255e-06 5.95998681e-05 1.09900539e-04 3.24658890e-05],[1.24 1.24 1.24 1.24 1.24 1.24],[1.45 1.37 1.4  1.3  1.33 1.36]
78,0,[1.63898422e-05 4.27821913e-05 9.97869476e-05 6.44057832e-03],[1.21 1.2  1.09 1.2  1.09 1.09],[1.36 1.33 1.27 1.31 1.24 1.24]
78,1,[4.07210404e-03 1.51058649e-05 7.16565651e-04 2.51963969e-04],[1.11 1.11 1.11 1.14 1.15 1.14],[1.29 1.16 1.19 1.29 1.3  1.23]
78,2,[5.81589665e-08 1.71024311e-04 1.75254509e-05 2.17845629e-04],[1.21 1.24 1.21 1.21 1.21 1.21],[1.55 1.52 1.49 1.32 1.27 1.38]
78,3,[3.59486724e-04 2.06534190e-09 2.38150120e-06 6.68983576e-03],[1.16 1.16 1.09 1.29 1.09 1.09],[1.59 1.37 1.17 1.66 1.52 1.35]
78,4,[1.67944597e-06 6.30237816e-06 5.76675969e-04 7.92545358e-06],[1.27 1.18 1.27 1.18 1.27 1.18],[1.53 1.37 1.45 1.34 1.42 1.38]
78,5,[0.01244217 0.00402271 0.00296382 0.04494989],[1.03 1.03 1.01 1.06 1.01 1.01],[1.06 1.07 1.03 1.07 1.06 1.07]
78,6,[5.30268724e-05 8.14389136e-05 9.61593992e-05 1.34079348e-02],[1.19 1.19 1.06 1.19 1.06 1.06],[1.33 1.3  1.22 1.27 1.21 1.22]
78,7,[1.01246806e-04 2.58135610e-04 7.12222653e-06 1.31329140e-03],[1.17 1.18 1.15 1.17 1.15 1.15],[1.31 1.36 1.24 1.34 1.21 1.34]
78,8,[3.29747975e-04 2.23290088e-03 5.06363934e-03 1.68066914e-05],[1.1  1.1  1.14 1.1  1.1  1.1 ],[1.18 1.18 1.31 1.12 1.28 1.28]
78,9,[3.13982493e-04 1.33479132e-08 5.57265663e-02 8.51782348e-07],[1.16 1.   1.16 1.   1.32 1.  ],[1.5  1.16 1.37 1.47 1.59 1.35]
64,0,[4.42625119e-07 5.70450614e-02 1.62484872e-05 2.11923177e-02],[1.   1.24 1.01 1.   1.   1.01],[1.35 1.42 1.35 1.24 1.01 1.24]
64,1,[0.00545458 0.00052972 0.00262214 0.00075671],[1.1  1.1  1.1  1.1  1.12 1.1 ],[1.17 1.12 1.15 1.17 1.2  1.17]
64,2,[3.01429361e-04 2.08856937e-05 3.58967297e-05 8.55792064e-04],[1.17 1.17 1.17 1.21 1.17 1.17],[1.33 1.3  1.21 1.37 1.29 1.33]
64,3,[2.53538449e-05 3.88924448e-11 1.71134440e-06 4.42364269e-05],[1.27 1.27 1.27 1.31 1.27 1.27],[1.79 1.44 1.34 1.77 1.68 1.5 ]
64,4,[6.11569885e-06 2.28325644e-02 1.07758789e-03 8.05506550e-10],[1.04 1.12 1.26 1.04 1.04 1.12],[1.29 1.29 1.59 1.12 1.55 1.65]
64,5,[1.30799754e-03 1.14944648e-05 6.78607827e-04 1.94261296e-05],[1.15 1.15 1.15 1.15 1.23 1.15],[1.33 1.18 1.29 1.32 1.37 1.33]
64,6,[9.08868923e-07 9.83277159e-04 8.18870105e-09 4.24965533e-04],[1.16 1.32 1.16 1.16 1.16 1.16],[1.4  1.66 1.37 1.52 1.2  1.55]
64,7,[4.78232434e-04 1.18331850e-04 1.58622109e-05 4.89572929e-08],[1.19 1.19 1.19 1.2  1.2  1.24],[1.3  1.3  1.48 1.33 1.5  1.58]
64,8,[6.84106037e-06 8.01506773e-06 2.24065782e-02 6.23358183e-05],[1.25 1.04 1.22 1.04 1.22 1.04],[1.47 1.29 1.34 1.28 1.33 1.23]
64,9,[6.20356349e-05 1.32508090e-06 6.92606777e-06 5.69862058e-05],[1.26 1.26 1.26 1.26 1.26 1.26],[1.49 1.36 1.33 1.47 1.42 1.44]
79,0,[2.57639704e-06 8.02117846e-05 6.53897536e-09 3.14112688e-01],[1.21 1.29 1.   1.21 1.   1.  ],[1.42 1.57 1.31 1.51 1.21 1.49]
79,1,[1.25048104e-04 2.58230383e-06 2.03208395e-06 4.10116510e-02],[1.19 1.19 1.01 1.29 1.01 1.01],[1.39 1.36 1.19 1.43 1.31 1.32]
79,2,[4.63123382e-04 4.82269006e-04 1.77548505e-06 1.00481870e-03],[1.16 1.16 1.16 1.16 1.16 1.16],[1.24 1.37 1.2  1.38 1.2  1.39]
79,3,[4.43175115e-04 9.49773368e-05 2.71673785e-01 3.10086205e-06],[1.15 1.   1.15 1.   1.18 1.  ],[1.26 1.15 1.32 1.2  1.34 1.31]
79,4,[5.98934318e-03 3.44641423e-06 6.39717108e-06 4.23763352e-04],[1.09 1.09 1.09 1.27 1.16 1.16],[1.32 1.3  1.16 1.42 1.33 1.36]
79,5,[5.59405959e-07 5.14191424e-06 7.19591803e-03 1.57756708e-08],[1.29 1.09 1.34 1.09 1.29 1.09],[1.52 1.37 1.65 1.3  1.58 1.53]
79,6,[6.97026352e-05 5.53528845e-04 3.93066921e-07 6.39337421e-05],[1.18 1.2  1.2  1.18 1.18 1.2 ],[1.29 1.46 1.32 1.4  1.27 1.5 ]
79,7,[5.37046678e-05 5.47883414e-05 5.80640657e-06 8.86404919e-04],[1.2  1.2  1.17 1.2  1.17 1.17],[1.35 1.37 1.27 1.38 1.25 1.36]
79,8,[5.49188333e-07 3.31209239e-02 2.55725413e-04 1.92220969e-03],[1.02 1.15 1.1  1.02 1.02 1.1 ],[1.36 1.38 1.36 1.17 1.1  1.2 ]
79,9,[8.16095469e-06 3.14450978e-04 2.05211484e-06 3.40809699e-04],[1.2  1.26 1.2  1.2  1.2  1.2 ],[1.37 1.45 1.34 1.37 1.24 1.44]
65,0,[1.07245353e-07 1.42324104e-03 2.35005400e-05 2.24875051e-04],[1.15 1.23 1.18 1.15 1.15 1.18],[1.47 1.5  1.45 1.28 1.22 1.35]
65,1,[2.44783795e-07 1.19012467e-03 6.43474973e-06 6.78941585e-06],[1.15 1.27 1.27 1.15 1.15 1.27],[1.44 1.49 1.52 1.33 1.32 1.47]
65,2,[1.10562359e-04 4.10299712e-03 7.24697386e-05 1.57201745e-04],[1.11 1.18 1.18 1.11 1.11 1.18],[1.22 1.29 1.27 1.23 1.2  1.31]
65,3,[1.24205658e-06 7.33265527e-03 3.63416500e-05 3.02537665e-04],[1.09 1.21 1.17 1.09 1.09 1.17],[1.36 1.39 1.38 1.24 1.17 1.32]
65,4,[5.03095887e-04 4.25111742e-04 4.53888107e-03 9.37503142e-06],[1.14 1.1  1.14 1.1  1.14 1.1 ],[1.23 1.16 1.3  1.18 1.32 1.3 ]
65,5,[2.45158090e-05 1.48778266e-03 7.37299959e-04 2.37862393e-03],[1.13 1.13 1.13 1.13 1.13 1.13],[1.29 1.29 1.27 1.18 1.15 1.19]
65,6,[1.58440586e-05 4.00400382e-05 4.88606523e-06 3.88983178e-05],[1.27 1.27 1.27 1.27 1.27 1.27],[1.42 1.43 1.38 1.4  1.33 1.49]
65,7,[2.83918633e-04 7.38289806e-04 2.38765557e-04 6.32702649e-06],[1.17 1.17 1.17 1.17 1.17 1.17],[1.25 1.25 1.34 1.22 1.33 1.41]
65,8,[1.99507999e-03 1.85049328e-05 2.28052538e-04 4.31552376e-07],[1.14 1.14 1.14 1.18 1.24 1.18],[1.3  1.2  1.38 1.33 1.45 1.46]
65,9,[9.41739502e-08 2.72090701e-05 2.50097107e-03 2.19596667e-07],[1.24 1.13 1.36 1.13 1.24 1.13],[1.51 1.42 1.64 1.26 1.5  1.45]
84,0,[3.19594289e-04 8.33297707e-05 3.21858315e-05 2.82338894e-03],[1.17 1.17 1.12 1.19 1.12 1.12],[1.27 1.29 1.18 1.33 1.23 1.28]
84,1,[1.98930573e-02 1.05517937e-08 3.79983646e-04 2.18543024e-08],[1.05 1.05 1.05 1.16 1.43 1.16],[1.48 1.16 1.45 1.49 1.69 1.52]
84,2,[8.42576857e-07 6.64757413e-03 2.31004423e-03 2.00302176e-04],[1.09 1.1  1.16 1.09 1.09 1.1 ],[1.35 1.35 1.4  1.11 1.19 1.21]
84,3,[1.34091005e-04 3.25708062e-06 5.24801727e-06 1.22913998e-01],[1.19 1.19 1.   1.27 1.   1.  ],[1.38 1.33 1.19 1.41 1.31 1.29]
84,4,[5.42793827e-05 2.77479044e-05 7.65320984e-09 6.29775628e-04],[1.22 1.22 1.18 1.22 1.18 1.18],[1.4  1.56 1.28 1.58 1.29 1.59]
84,5,[2.07744510e-03 2.34102086e-05 5.07688764e-02 1.96654311e-05],[1.1  1.   1.1  1.   1.22 1.  ],[1.26 1.1  1.25 1.25 1.34 1.25]
84,6,[5.66362845e-05 5.13410820e-05 4.39244626e-04 6.27462987e-05],[1.19 1.19 1.19 1.19 1.19 1.19],[1.37 1.28 1.33 1.29 1.33 1.33]
84,7,[1.00562301e-03 2.85257499e-07 3.76667424e-08 2.45410618e-03],[1.13 1.13 1.13 1.36 1.13 1.13],[1.43 1.46 1.16 1.62 1.39 1.47]
84,8,[7.49953677e-03 8.09706787e-07 2.26547566e-07 6.09195068e-05],[1.08 1.08 1.08 1.33 1.22 1.22],[1.37 1.4  1.23 1.52 1.4  1.47]
84,9,[6.44916494e-05 4.75452281e-02 4.62797731e-07 1.22511817e-04],[1.01 1.19 1.19 1.01 1.01 1.19],[1.21 1.39 1.27 1.36 1.2  1.46]
68,0,[2.36126476e-06 8.83103506e-06 5.69673474e-05 1.08481777e-03],[1.25 1.22 1.16 1.22 1.16 1.16],[1.49 1.4  1.34 1.35 1.32 1.28]
68,1,[2.47849434e-03 2.80365655e-05 1.24118560e-09 2.41345031e-04],[1.13 1.13 1.13 1.22 1.17 1.17],[1.29 1.54 1.2  1.6  1.3  1.6 ]
68,2,[6.01384247e-05 4.22654832e-07 7.28530469e-04 2.61231212e-03],[1.2  1.14 1.13 1.14 1.13 1.13],[1.5  1.27 1.24 1.4  1.4  1.18]
68,3,[2.29370350e-01 3.66633394e-06 1.53970093e-03 1.84209194e-06],[1.   1.   1.   1.11 1.28 1.11],[1.3  1.11 1.32 1.3  1.45 1.36]
68,4,[7.93691630e-08 2.23167434e-02 2.92065155e-05 4.31881047e-06],[1.04 1.24 1.27 1.04 1.04 1.24],[1.43 1.47 1.5  1.24 1.29 1.43]
68,5,[3.60271759e-03 9.72111280e-13 1.60215976e-05 7.78502655e-06],[1.11 1.11 1.11 1.26 1.26 1.26],[1.79 1.28 1.3  1.79 1.83 1.44]
68,6,[3.98377353e-08 8.24681502e-06 1.09538904e-04 2.69955814e-05],[1.26 1.24 1.24 1.24 1.24 1.24],[1.64 1.52 1.52 1.37 1.38 1.38]
68,7,[7.50565649e-05 1.22415542e-06 6.13385065e-08 5.54802474e-02],[1.21 1.21 1.   1.31 1.   1.  ],[1.43 1.48 1.21 1.57 1.33 1.42]
68,8,[7.10126923e-07 1.08047688e-04 2.28274352e-06 5.64821352e-03],[1.2 1.3 1.1 1.2 1.1 1.1],[1.44 1.5  1.37 1.4  1.21 1.36]
68,9,[1.27562600e-08 6.52682228e-08 4.32981811e-06 1.32667395e-03],[1.39 1.3  1.15 1.3  1.15 1.15],[1.77 1.59 1.49 1.56 1.43 1.36]
75,0,[8.72528090e-07 1.17231820e-08 3.48625876e-06 5.96465779e-05],[1.32 1.31 1.25 1.31 1.25 1.25],[1.7  1.49 1.42 1.6  1.53 1.46]
75,1,[6.50057401e-05 3.29193786e-04 7.07714627e-05 6.04052923e-05],[1.2 1.2 1.2 1.2 1.2 1.2],[1.31 1.31 1.32 1.29 1.28 1.39]
75,2,[1.22990390e-06 5.78213141e-02 1.87048987e-03 1.42890603e-02],[1.   1.09 1.03 1.   1.   1.03],[1.32 1.32 1.32 1.09 1.03 1.09]
75,3,[1.62051891e-06 1.45470081e-05 5.07928725e-04 3.59837489e-06],[1.26 1.19 1.28 1.19 1.26 1.19],[1.5  1.37 1.48 1.31 1.43 1.42]
75,4,[2.14140842e-02 7.84532808e-06 3.13239252e-06 8.50957955e-04],[1.04 1.04 1.04 1.26 1.13 1.13],[1.29 1.31 1.13 1.42 1.29 1.36]
75,5,[5.11482091e-06 1.88887488e-04 8.39564459e-04 3.03788114e-05],[1.18 1.17 1.22 1.17 1.18 1.17],[1.41 1.32 1.39 1.24 1.32 1.32]
75,6,[1.93203955e-05 3.98652222e-11 3.60313492e-05 5.96077401e-08],[1.28 1.28 1.28 1.28 1.4  1.28],[1.81 1.37 1.53 1.73 1.86 1.61]
75,7,[8.54679931e-04 6.07328923e-05 9.83804972e-04 5.28764575e-05],[1.16 1.16 1.16 1.16 1.19 1.16],[1.28 1.19 1.26 1.25 1.3  1.29]
75,8,[1.34009260e-02 1.02090328e-06 4.22965988e-06 2.98334023e-05],[1.06 1.06 1.06 1.28 1.24 1.24],[1.35 1.3  1.24 1.43 1.43 1.43]
75,9,[2.53049097e-06 3.78964661e-02 5.50954994e-02 1.94871937e-07],[1.   1.   1.29 1.   1.   1.  ],[1.29 1.29 1.49 1.   1.37 1.37]
85,0,[1.06001010e-06 3.98082705e-02 3.24090411e-04 1.06771588e-03],[1.02 1.14 1.12 1.02 1.02 1.12],[1.34 1.36 1.34 1.16 1.12 1.2 ]
85,1,[9.74675272e-05 1.11790984e-05 2.14815077e-09 1.34589326e-02],[1.2  1.2  1.06 1.25 1.06 1.06],[1.35 1.57 1.2  1.62 1.27 1.55]
85,2,[1.36675822e-03 9.34981497e-06 1.07815693e-04 2.23942334e-08],[1.15 1.15 1.15 1.2  1.25 1.2 ],[1.33 1.24 1.47 1.36 1.54 1.54]
85,3,[9.56881052e-03 2.61471806e-03 3.69027015e-03 2.29465773e-08],[1.08 1.08 1.08 1.08 1.08 1.08],[1.11 1.09 1.44 1.11 1.44 1.45]
85,4,[4.66891280e-05 7.15256628e-03 1.50648004e-04 4.57766239e-04],[1.09 1.17 1.15 1.09 1.09 1.15],[1.25 1.29 1.26 1.2  1.16 1.26]
85,5,[8.76137997e-05 8.66952300e-06 2.61332444e-03 8.53584508e-08],[1.21 1.13 1.21 1.13 1.26 1.13],[1.37 1.23 1.47 1.3  1.53 1.49]
85,6,[7.03323120e-04 1.88100028e-04 8.91402521e-08 2.30742898e-02],[1.14 1.14 1.04 1.16 1.04 1.04],[1.23 1.42 1.14 1.45 1.18 1.42]
85,7,[6.09261760e-05 6.52285489e-05 1.16560301e-02 9.21277688e-06],[1.2  1.07 1.2  1.07 1.2  1.07],[1.31 1.22 1.35 1.23 1.34 1.3 ]
85,8,[3.47020408e-05 8.29133698e-04 3.59618593e-04 9.72007253e-04],[1.16 1.16 1.16 1.16 1.16 1.16],[1.31 1.31 1.27 1.21 1.18 1.25]
85,9,[3.06982781e-04 5.05108251e-05 5.66298926e-06 3.05526886e-03],[1.17 1.17 1.12 1.2  1.12 1.12],[1.3  1.35 1.18 1.41 1.23 1.35]
83,0,[0.00022427 0.00795373 0.00396647 0.00135493],[1.08 1.08 1.1  1.08 1.08 1.08],[1.18 1.18 1.19 1.09 1.13 1.13]
83,1,[5.46561271e-04 3.41909409e-05 1.16754659e-08 2.64254613e-05],[1.18 1.18 1.18 1.22 1.22 1.22],[1.3  1.5  1.29 1.55 1.35 1.64]
83,2,[2.76248948e-05 5.28878772e-06 5.45477855e-06 3.55107036e-07],[1.28 1.28 1.28 1.28 1.28 1.28],[1.48 1.4  1.47 1.45 1.51 1.56]
83,3,[1.32406077e-08 4.98588309e-04 7.29683370e-06 5.80896900e-05],[1.18 1.26 1.22 1.18 1.18 1.22],[1.57 1.59 1.54 1.33 1.28 1.39]
83,4,[6.67570210e-05 3.91773683e-05 9.75434817e-06 3.04581295e-02],[1.21 1.21 1.03 1.21 1.03 1.03],[1.34 1.35 1.22 1.33 1.23 1.28]
83,5,[7.87876077e-02 2.60218249e-05 1.03393423e-02 2.30336500e-06],[1.   1.   1.   1.04 1.22 1.04],[1.22 1.04 1.31 1.22 1.38 1.31]
83,6,[4.41580492e-02 5.09743078e-07 5.65842674e-03 3.26194999e-04],[1.01 1.01 1.01 1.06 1.14 1.06],[1.35 1.06 1.16 1.35 1.37 1.17]
83,7,[5.70745069e-06 1.17403218e-08 3.49375076e-06 3.77421295e-03],[1.29 1.29 1.11 1.29 1.11 1.11],[1.67 1.46 1.3  1.58 1.49 1.36]
83,8,[9.35528638e-05 1.38111594e-02 3.68357891e-05 4.71429086e-04],[1.06 1.18 1.15 1.06 1.06 1.15],[1.22 1.3  1.24 1.23 1.16 1.28]
83,9,[6.18055421e-06 1.49417836e-02 4.74971156e-07 8.46826957e-05],[1.06 1.27 1.21 1.06 1.06 1.21],[1.3  1.48 1.34 1.36 1.21 1.49]
89,0,[3.51227280e-06 2.79729241e-04 4.26081470e-07 5.45374877e-03],[1.17 1.28 1.1  1.17 1.1  1.1 ],[1.37 1.5  1.32 1.41 1.18 1.4 ]
89,1,[1.41411254e-08 1.22004590e-02 2.41598521e-05 3.20417642e-04],[1.07 1.22 1.16 1.07 1.07 1.16],[1.48 1.53 1.49 1.24 1.17 1.31]
89,2,[4.69583694e-03 7.91081218e-05 8.93029943e-06 5.98653370e-05],[1.1 1.1 1.1 1.2 1.2 1.2],[1.24 1.29 1.24 1.34 1.3  1.39]
89,3,[6.14694080e-08 7.68935747e-06 4.76741475e-04 1.83064016e-03],[1.26 1.15 1.14 1.15 1.14 1.14],[1.57 1.44 1.45 1.34 1.31 1.22]
89,4,[1.34391482e-04 2.15509823e-02 1.54085433e-09 2.78785890e-04],[1.04 1.17 1.17 1.04 1.04 1.17],[1.2  1.54 1.24 1.53 1.17 1.65]
89,5,[0.00090762 0.00017049 0.01670923 0.01059661],[1.11 1.05 1.05 1.05 1.05 1.05],[1.2  1.11 1.11 1.17 1.17 1.05]
89,6,[3.21732761e-05 1.28664824e-04 2.77753302e-06 8.41938768e-05],[1.23 1.23 1.23 1.23 1.23 1.23],[1.35 1.4  1.33 1.37 1.3  1.47]
89,7,[1.92893996e-06 3.23583870e-04 2.36899852e-05 1.07309748e-03],[1.16 1.22 1.16 1.16 1.16 1.16],[1.4  1.42 1.36 1.31 1.21 1.32]
89,8,[9.06257544e-06 7.83012525e-03 5.57605018e-04 1.94622395e-02],[1.05 1.13 1.05 1.05 1.05 1.05],[1.26 1.28 1.26 1.13 1.05 1.13]
89,9,[6.09071588e-04 4.88348946e-04 4.34022515e-01 4.28661551e-11],[1.13 1.   1.13 1.   1.13 1.  ],[1.22 1.14 1.63 1.15 1.63 1.63]
98,0,[2.61274955e-05 6.66583816e-04 1.34905355e-05 1.58916796e-02],[1.14 1.22 1.06 1.14 1.06 1.06],[1.3  1.35 1.25 1.28 1.14 1.28]
98,1,[1.54312578e-04 1.18621674e-05 1.21492781e-03 5.80856152e-08],[1.19 1.15 1.19 1.15 1.25 1.15],[1.37 1.23 1.48 1.3  1.54 1.49]
98,2,[2.38217920e-06 8.41872292e-03 1.97124416e-02 9.69786202e-05],[1.05 1.05 1.18 1.05 1.05 1.05],[1.31 1.31 1.35 1.05 1.19 1.19]
98,3,[3.98040906e-05 1.24940879e-05 8.84370447e-05 8.69252042e-05],[1.24 1.24 1.24 1.24 1.24 1.24],[1.4  1.34 1.31 1.34 1.36 1.38]
98,4,[1.78365928e-03 5.25057707e-05 5.37511273e-06 1.72835832e-08],[1.14 1.14 1.14 1.22 1.22 1.27],[1.27 1.32 1.47 1.37 1.53 1.67]
98,5,[0.0015573  0.00016048 0.10596131 0.00049739],[1.11 1.   1.11 1.   1.13 1.  ],[1.21 1.11 1.16 1.19 1.22 1.15]
98,6,[8.84925248e-07 1.52943777e-04 1.73296843e-06 3.45437482e-04],[1.2  1.31 1.2  1.2  1.2  1.2 ],[1.5  1.49 1.39 1.41 1.26 1.43]
98,7,[9.09611694e-06 2.54486243e-05 1.22204971e-03 2.54105022e-02],[1.22 1.12 1.04 1.12 1.04 1.04],[1.41 1.28 1.28 1.26 1.24 1.12]
98,8,[1.90152851e-06 7.90989088e-08 1.78609787e-04 1.10813134e-04],[1.3  1.22 1.22 1.22 1.22 1.22],[1.65 1.39 1.4  1.47 1.46 1.32]
98,9,[3.33405210e-02 5.31522332e-04 8.48377009e-08 6.22073669e-04],[1.02 1.02 1.02 1.13 1.13 1.13],[1.15 1.41 1.14 1.42 1.17 1.45]
74,0,[1.03949029e-08 1.25966188e-05 6.96131197e-06 1.94775557e-03],[1.27 1.27 1.14 1.27 1.14 1.14],[1.62 1.59 1.5  1.42 1.29 1.34]
74,1,[1.28838316e-04 5.95437641e-07 1.67881338e-05 4.79546481e-04],[1.19 1.19 1.19 1.24 1.19 1.19],[1.47 1.34 1.23 1.47 1.4  1.36]
74,2,[0.00092209 0.00019237 0.00117164 0.0002214 ],[1.15 1.15 1.15 1.15 1.15 1.15],[1.26 1.17 1.23 1.23 1.25 1.26]
74,3,[1.47525809e-02 1.23783206e-11 1.13194968e-06 3.91880195e-05],[1.06 1.06 1.06 1.31 1.23 1.23],[1.7  1.34 1.23 1.79 1.7  1.49]
74,4,[4.04664592e-04 4.10745485e-04 3.47853492e-03 9.30345780e-05],[1.14 1.11 1.14 1.11 1.14 1.11],[1.24 1.18 1.27 1.18 1.27 1.25]
74,5,[5.44711839e-04 3.67826254e-05 1.14159370e-02 1.32701394e-08],[1.15 1.07 1.15 1.07 1.21 1.07],[1.28 1.15 1.5  1.24 1.53 1.49]
74,6,[1.02338074e-04 3.93725526e-06 1.84250457e-02 1.67160462e-03],[1.18 1.05 1.11 1.05 1.11 1.05],[1.37 1.2  1.21 1.3  1.3  1.12]
74,7,[3.25071135e-06 1.01988400e-08 5.85397588e-04 7.21569247e-08],[1.31 1.18 1.31 1.18 1.39 1.18],[1.65 1.36 1.56 1.51 1.74 1.51]
74,8,[1.98106607e-03 9.95322087e-04 7.29311272e-03 7.35531329e-08],[1.1  1.09 1.1  1.09 1.11 1.09],[1.16 1.12 1.43 1.14 1.43 1.43]
74,9,[5.23271315e-09 3.56584474e-04 4.64384676e-06 1.39720056e-03],[1.16 1.28 1.15 1.16 1.15 1.15],[1.58 1.61 1.52 1.36 1.2  1.36]
97,0,[4.53601975e-05 2.03454901e-05 1.54556277e-03 2.50389491e-06],[1.23 1.14 1.23 1.14 1.23 1.14],[1.37 1.26 1.42 1.27 1.44 1.39]
97,1,[6.15354725e-06 3.91505189e-05 1.41425665e-06 2.55968283e-03],[1.23 1.27 1.13 1.23 1.13 1.13],[1.42 1.47 1.3  1.42 1.25 1.39]
97,2,[3.83740085e-05 2.91431257e-04 4.28636359e-03 3.95128736e-03],[1.15 1.11 1.11 1.11 1.11 1.11],[1.3  1.23 1.23 1.18 1.18 1.12]
97,3,[7.66726620e-05 9.34842915e-03 4.34450356e-04 5.47810619e-09],[1.08 1.15 1.19 1.08 1.08 1.15],[1.22 1.25 1.52 1.16 1.49 1.56]
97,4,[4.56340174e-03 6.91446739e-04 3.21828346e-06 4.29036984e-03],[1.1  1.1  1.1  1.12 1.1  1.1 ],[1.16 1.32 1.1  1.32 1.16 1.33]
97,5,[8.25972646e-06 1.77618912e-04 1.73792409e-04 1.32010781e-03],[1.17 1.17 1.15 1.17 1.15 1.15],[1.36 1.36 1.31 1.26 1.22 1.25]
97,6,[9.80385534e-03 5.13180937e-06 3.26361219e-07 1.23815123e-02],[1.05 1.05 1.05 1.27 1.05 1.05],[1.28 1.37 1.05 1.45 1.28 1.37]
97,7,[1.64383383e-04 2.70755904e-05 2.46594301e-10 9.69500652e-04],[1.19 1.19 1.16 1.22 1.16 1.16],[1.34 1.63 1.23 1.66 1.28 1.65]
97,8,[2.91627650e-03 3.15772091e-05 8.95154664e-05 9.32700542e-05],[1.12 1.12 1.12 1.19 1.19 1.19],[1.28 1.23 1.23 1.32 1.32 1.34]
97,9,[0.01512698 0.00125725 0.00254786 0.00275568],[1.06 1.06 1.06 1.07 1.07 1.07],[1.12 1.09 1.09 1.13 1.12 1.12]
90,0,[4.26548872e-05 7.43131649e-05 2.74263728e-02 1.11299487e-04],[1.19 1.03 1.19 1.03 1.19 1.03],[1.33 1.23 1.29 1.21 1.27 1.2 ]
90,1,[1.77307779e-05 2.54787648e-03 5.96032041e-06 6.06522336e-04],[1.13 1.24 1.15 1.13 1.13 1.15],[1.31 1.39 1.31 1.31 1.17 1.35]
90,2,[2.38881895e-05 5.69491197e-07 7.03006011e-03 2.43991294e-09],[1.25 1.09 1.25 1.09 1.33 1.09],[1.47 1.26 1.61 1.36 1.68 1.56]
90,3,[5.93731927e-05 3.88013839e-06 8.30834634e-05 3.65849521e-06],[1.25 1.25 1.25 1.25 1.27 1.25],[1.45 1.33 1.37 1.39 1.46 1.45]
90,4,[1.09479266e-05 1.05460053e-03 8.54876811e-05 3.72310474e-05],[1.16 1.21 1.21 1.16 1.16 1.21],[1.35 1.36 1.36 1.25 1.27 1.38]
90,5,[1.72912604e-04 4.68704717e-05 4.45196108e-03 1.24915043e-04],[1.18 1.11 1.18 1.11 1.18 1.11],[1.32 1.2  1.28 1.24 1.31 1.25]
90,6,[7.82924252e-06 1.04077669e-01 3.43497582e-06 2.42806305e-02],[1.   1.26 1.01 1.   1.   1.01],[1.26 1.39 1.26 1.29 1.01 1.29]
90,7,[1.09901560e-06 8.78195807e-07 7.42938521e-03 3.10959426e-03],[1.31 1.09 1.09 1.09 1.09 1.09],[1.54 1.33 1.33 1.33 1.33 1.11]
90,8,[7.15009837e-05 7.37359798e-05 5.40911209e-06 3.11716457e-06],[1.25 1.25 1.25 1.25 1.25 1.27],[1.37 1.38 1.4  1.38 1.38 1.55]
90,9,[3.46500855e-07 1.57428724e-03 1.85117317e-05 7.26718101e-02],[1.11 1.23 1.   1.11 1.   1.  ],[1.4  1.44 1.38 1.25 1.11 1.25]
92,0,[1.32541709e-05 1.54265094e-04 1.60387652e-03 5.08504822e-03],[1.17 1.11 1.1  1.11 1.1  1.1 ],[1.34 1.28 1.28 1.2  1.2  1.15]
92,1,[1.90645721e-10 4.28773145e-05 1.41098978e-04 4.25562862e-05],[1.23 1.23 1.23 1.23 1.23 1.23],[1.71 1.64 1.66 1.32 1.32 1.36]
92,2,[8.96162142e-05 1.71905399e-03 2.34546328e-06 6.53071528e-08],[1.14 1.21 1.21 1.14 1.14 1.3 ],[1.26 1.39 1.49 1.33 1.44 1.61]
92,3,[2.37937485e-04 1.42653184e-05 4.25515723e-04 1.04373367e-06],[1.19 1.19 1.19 1.19 1.24 1.19],[1.37 1.24 1.41 1.32 1.45 1.47]
92,4,[2.67705028e-05 1.62369673e-03 1.20558571e-04 6.05049707e-03],[1.11 1.17 1.09 1.11 1.09 1.09],[1.27 1.32 1.26 1.21 1.13 1.21]
92,5,[1.69381086e-03 2.57036335e-05 1.46856969e-06 4.59708243e-05],[1.14 1.14 1.14 1.23 1.23 1.23],[1.3  1.35 1.25 1.44 1.36 1.43]
92,6,[5.03357356e-11 2.31790539e-03 1.49099825e-03 2.42377194e-03],[1.13 1.13 1.13 1.13 1.13 1.13],[1.63 1.62 1.62 1.15 1.14 1.16]
92,7,[6.91803444e-05 1.38951139e-03 1.11256661e-07 3.99381769e-03],[1.11 1.19 1.11 1.11 1.11 1.11],[1.26 1.47 1.23 1.43 1.13 1.43]
92,8,[1.03555143e-05 9.60255697e-09 3.27177470e-04 3.84288690e-02],[1.25 1.16 1.02 1.16 1.02 1.02],[1.63 1.3  1.27 1.48 1.48 1.17]
92,9,[1.12940870e-02 7.82332687e-07 2.47380287e-02 1.93109397e-05],[1.04 1.04 1.04 1.04 1.23 1.04],[1.35 1.04 1.24 1.35 1.39 1.24]
80,0,[2.32422915e-05 3.73477853e-04 1.49710340e-04 1.07498675e-05],[1.19 1.19 1.23 1.19 1.19 1.19],[1.35 1.34 1.38 1.26 1.32 1.4 ]
80,1,[3.03592901e-04 1.69460279e-05 2.16299517e-06 1.68809585e-05],[1.2  1.2  1.2  1.24 1.24 1.24],[1.37 1.39 1.32 1.41 1.38 1.54]
80,2,[1.53369692e-02 1.20327418e-05 4.77782716e-04 1.16727715e-05],[1.06 1.06 1.06 1.15 1.23 1.15],[1.28 1.15 1.27 1.31 1.38 1.33]
80,3,[1.88914733e-06 4.91131572e-03 2.93574526e-04 5.98513921e-05],[1.1  1.17 1.2  1.1  1.1  1.17],[1.36 1.36 1.42 1.18 1.23 1.3 ]
80,4,[1.86645822e-04 8.63275740e-09 8.70318214e-06 2.31399403e-06],[1.22 1.22 1.22 1.28 1.3  1.28],[1.62 1.36 1.38 1.58 1.62 1.53]
80,5,[1.75803218e-03 1.50846478e-02 2.25317408e-04 5.74526560e-07],[1.06 1.11 1.11 1.06 1.06 1.16],[1.11 1.19 1.36 1.18 1.36 1.42]
80,6,[1.01888395e-08 8.18935530e-03 1.63814905e-07 6.03798725e-03],[1.08 1.38 1.08 1.08 1.08 1.08],[1.48 1.65 1.48 1.41 1.08 1.42]
80,7,[5.12871850e-06 1.27546746e-06 1.97696215e-09 2.63685615e-02],[1.29 1.29 1.03 1.31 1.03 1.03],[1.5  1.63 1.29 1.63 1.33 1.54]
80,8,[2.25126010e-07 6.96341240e-06 2.72901785e-07 2.63320992e-04],[1.28 1.35 1.21 1.28 1.21 1.21],[1.56 1.56 1.42 1.5  1.34 1.49]
80,9,[1.15414931e-02 4.54876289e-07 1.85339368e-06 6.63416756e-05],[1.07 1.07 1.07 1.31 1.22 1.22],[1.39 1.33 1.22 1.5  1.42 1.42]
88,0,[1.27624957e-05 5.40419861e-04 8.93034005e-07 4.18154437e-05],[1.18 1.25 1.23 1.18 1.18 1.23],[1.35 1.49 1.36 1.38 1.29 1.52]
88,1,[5.23535469e-05 1.62822259e-01 6.41713793e-10 2.59740974e-05],[1.   1.22 1.22 1.   1.   1.23],[1.22 1.59 1.32 1.56 1.25 1.74]
88,2,[9.81129200e-06 4.54458167e-04 1.60952227e-02 3.59349966e-07],[1.15 1.06 1.25 1.06 1.15 1.06],[1.32 1.28 1.47 1.15 1.4  1.4 ]
88,3,[1.90026559e-05 8.24588464e-04 1.64420553e-04 1.81082246e-04],[1.17 1.17 1.17 1.17 1.17 1.17],[1.33 1.34 1.32 1.22 1.23 1.29]
88,4,[2.03412654e-03 1.42074316e-04 2.94190558e-05 8.03061679e-05],[1.14 1.14 1.14 1.19 1.19 1.19],[1.24 1.25 1.24 1.31 1.3  1.39]
88,5,[1.37985936e-05 1.38360064e-06 2.19658007e-02 1.83194226e-07],[1.26 1.04 1.26 1.04 1.31 1.04],[1.45 1.26 1.47 1.33 1.55 1.42]
88,6,[7.03235483e-05 4.14139394e-08 3.12894591e-06 9.43768996e-05],[1.24 1.24 1.24 1.28 1.24 1.24],[1.54 1.39 1.32 1.58 1.48 1.46]
88,7,[2.12948319e-07 6.87019988e-04 7.30948595e-02 6.18787817e-05],[1.14 1.   1.2  1.   1.14 1.  ],[1.41 1.39 1.41 1.14 1.25 1.22]
88,8,[4.50400168e-03 7.62317404e-06 1.11568270e-04 9.39015324e-07],[1.1  1.1  1.1  1.2  1.26 1.2 ],[1.32 1.22 1.36 1.35 1.46 1.45]
88,9,[5.43632940e-04 1.44563912e-05 1.80824168e-03 1.70448363e-03],[1.14 1.14 1.14 1.14 1.14 1.14],[1.33 1.18 1.19 1.28 1.29 1.18]
81,0,[7.61231911e-04 1.59332818e-07 2.55662790e-02 1.35730228e-04],[1.13 1.03 1.13 1.03 1.17 1.03],[1.42 1.13 1.21 1.4  1.42 1.19]
81,1,[0.00044262 0.00123412 0.00010699 0.00082866],[1.15 1.15 1.15 1.15 1.15 1.15],[1.22 1.26 1.2  1.24 1.17 1.26]
81,2,[1.17699884e-03 4.24306056e-06 5.24833627e-06 2.18262867e-04],[1.16 1.16 1.16 1.26 1.17 1.17],[1.36 1.33 1.21 1.43 1.35 1.39]
81,3,[6.92145706e-06 8.14817599e-05 9.10736896e-06 1.28925247e-05],[1.25 1.25 1.25 1.25 1.25 1.25],[1.4  1.4  1.44 1.37 1.35 1.48]
81,4,[2.48100186e-05 4.04298570e-03 8.64347931e-07 1.51748806e-05],[1.11 1.24 1.24 1.11 1.11 1.24],[1.28 1.42 1.38 1.37 1.27 1.49]
81,5,[0.08173985 0.00568801 0.00276912 0.00022582],[1.   1.   1.   1.06 1.06 1.07],[1.06 1.08 1.16 1.08 1.16 1.17]
81,6,[5.88957117e-06 1.23223072e-08 1.00878603e-03 7.51527552e-05],[1.27 1.16 1.21 1.16 1.21 1.16],[1.63 1.32 1.37 1.48 1.52 1.29]
81,7,[1.11671917e-05 1.53486451e-04 8.80294784e-07 3.72673920e-06],[1.22 1.27 1.27 1.22 1.22 1.28],[1.39 1.47 1.44 1.41 1.36 1.56]
81,8,[1.12890582e-05 3.35720067e-03 3.31871282e-05 6.64295314e-04],[1.12 1.21 1.14 1.12 1.12 1.14],[1.31 1.4  1.3  1.25 1.17 1.32]
81,9,[8.47299335e-03 2.35031299e-06 4.31139350e-07 6.50932550e-03],[1.08 1.08 1.08 1.3  1.08 1.08],[1.31 1.37 1.08 1.48 1.31 1.37]
91,0,[3.86707350e-06 1.26749726e-04 2.23495155e-07 9.69104616e-03],[1.2  1.28 1.08 1.2  1.08 1.08],[1.39 1.49 1.3  1.43 1.2  1.41]
91,1,[1.61035410e-02 2.15990104e-06 3.34352152e-05 8.74326575e-07],[1.05 1.05 1.05 1.24 1.3  1.24],[1.34 1.24 1.35 1.39 1.46 1.48]
91,2,[1.52653520e-02 4.35391906e-05 1.13855375e-04 2.34972801e-02],[1.03 1.03 1.03 1.18 1.03 1.03],[1.21 1.18 1.03 1.27 1.21 1.18]
91,3,[6.57534802e-08 7.88181003e-05 7.06213178e-07 5.79899125e-04],[1.21 1.33 1.18 1.21 1.18 1.18],[1.51 1.6  1.45 1.43 1.26 1.46]
91,4,[4.81379739e-05 6.72952607e-04 7.10003664e-05 1.15408139e-03],[1.16 1.19 1.16 1.16 1.16 1.16],[1.3  1.32 1.26 1.27 1.19 1.28]
91,5,[9.54162281e-07 1.59693652e-04 2.88457432e-04 3.01869363e-04],[1.2 1.2 1.2 1.2 1.2 1.2],[1.46 1.39 1.4  1.28 1.26 1.27]
91,6,[1.16413786e-07 9.58061906e-02 9.51258974e-07 4.68326037e-06],[1.   1.33 1.29 1.   1.   1.29],[1.4  1.56 1.49 1.35 1.29 1.53]
91,7,[1.04086194e-04 3.78408276e-05 2.40132711e-06 6.26217239e-02],[1.2  1.2  1.   1.21 1.   1.  ],[1.34 1.36 1.2  1.37 1.23 1.31]
91,8,[3.51628108e-01 2.90362253e-04 1.96754156e-02 1.34583521e-04],[1.   1.   1.   1.01 1.15 1.01],[1.15 1.01 1.18 1.15 1.21 1.18]
91,9,[3.27822169e-08 8.67784539e-02 5.77279334e-06 5.56232704e-05],[1.   1.27 1.22 1.   1.   1.22],[1.44 1.54 1.49 1.29 1.22 1.4 ]
95,0,[0.00398235 0.0030006  0.00012283 0.02376706],[1.07 1.07 1.04 1.07 1.04 1.04],[1.1  1.18 1.08 1.18 1.09 1.18]
95,1,[2.29334140e-03 2.10919052e-06 5.91915929e-05 8.88842228e-05],[1.13 1.13 1.13 1.2  1.2  1.2 ],[1.37 1.25 1.23 1.4  1.39 1.33]
95,2,[1.48849387e-04 9.58460316e-05 1.85904496e-06 3.42893137e-04],[1.2 1.2 1.2 1.2 1.2 1.2],[1.33 1.39 1.28 1.41 1.26 1.41]
95,3,[1.70112910e-03 3.34653315e-03 1.58061574e-03 9.48301211e-05],[1.12 1.12 1.12 1.12 1.12 1.12],[1.15 1.15 1.23 1.15 1.22 1.24]
95,4,[4.37064876e-04 5.38996701e-04 4.19356510e-08 1.22250428e-07],[1.18 1.18 1.18 1.18 1.18 1.38],[1.25 1.47 1.43 1.47 1.43 1.75]
95,5,[2.63778783e-06 6.20166748e-06 8.03052216e-07 4.87474713e-04],[1.29 1.29 1.19 1.29 1.19 1.19],[1.49 1.49 1.35 1.5  1.33 1.46]
95,6,[0.00147153 0.00660012 0.00045123 0.00015801],[1.09 1.11 1.11 1.09 1.09 1.13],[1.14 1.17 1.21 1.16 1.19 1.26]
95,7,[0.00348213 0.00013872 0.00389823 0.00027186],[1.11 1.11 1.11 1.11 1.15 1.11],[1.2  1.11 1.18 1.2  1.24 1.18]
95,8,[2.15862434e-06 3.86828310e-05 7.01773472e-05 4.70124665e-04],[1.21 1.21 1.19 1.21 1.19 1.19],[1.45 1.39 1.36 1.34 1.28 1.32]
95,9,[4.13400777e-05 1.11769000e-05 4.66239897e-05 4.28593904e-04],[1.21 1.21 1.19 1.21 1.19 1.19],[1.42 1.35 1.3  1.38 1.31 1.34]
93,0,[1.95747029e-04 6.95507630e-05 5.46931787e-03 2.12313817e-07],[1.18 1.1  1.18 1.1  1.19 1.1 ],[1.3  1.19 1.42 1.23 1.45 1.42]
93,1,[2.64307261e-04 7.24963932e-05 1.79030138e-04 7.06968137e-05],[1.21 1.21 1.21 1.21 1.21 1.21],[1.32 1.26 1.28 1.3  1.33 1.35]
93,2,[4.49898714e-06 1.78197379e-03 1.93949431e-05 5.93953267e-05],[1.14 1.23 1.22 1.14 1.14 1.22],[1.36 1.41 1.36 1.29 1.24 1.38]
93,3,[1.53593401e-04 9.88267937e-04 3.26170163e-05 1.11277879e-02],[1.13 1.17 1.07 1.13 1.07 1.07],[1.23 1.29 1.19 1.25 1.13 1.25]
93,4,[2.22057922e-06 9.57028369e-05 4.13866158e-03 6.26140080e-03],[1.18 1.09 1.09 1.09 1.09 1.09],[1.41 1.31 1.31 1.2  1.2  1.11]
93,5,[3.36889425e-07 2.09386888e-04 2.18172365e-04 3.25108350e-06],[1.21 1.21 1.29 1.21 1.21 1.21],[1.48 1.42 1.52 1.27 1.37 1.43]
93,6,[2.74136645e-05 1.16160275e-03 7.44281912e-07 9.96414045e-04],[1.16 1.22 1.16 1.16 1.16 1.16],[1.28 1.42 1.28 1.38 1.17 1.42]
93,7,[8.59203966e-04 1.80695738e-05 1.23012185e-05 7.75656397e-04],[1.17 1.17 1.17 1.23 1.17 1.17],[1.33 1.31 1.19 1.38 1.31 1.36]
93,8,[2.38600501e-06 4.82354263e-06 1.18568220e-02 9.31250252e-07],[1.29 1.07 1.29 1.07 1.29 1.07],[1.49 1.32 1.48 1.3  1.46 1.36]
93,9,[3.93610383e-05 4.29932968e-04 1.54921967e-02 1.43124650e-03],[1.14 1.06 1.11 1.06 1.11 1.06],[1.29 1.23 1.23 1.15 1.17 1.12]
99,0,[5.70430610e-05 3.01398548e-03 5.99953138e-04 7.64634271e-07],[1.12 1.14 1.2  1.12 1.12 1.14],[1.26 1.26 1.41 1.17 1.36 1.41]
99,1,[7.54773105e-05 3.25178464e-08 3.47773327e-05 8.63429704e-02],[1.21 1.21 1.   1.21 1.   1.  ],[1.53 1.3  1.21 1.49 1.44 1.24]
99,2,[3.46486753e-07 2.19171615e-05 8.23028509e-06 1.59213950e-05],[1.29 1.29 1.29 1.29 1.29 1.29],[1.51 1.5  1.47 1.38 1.38 1.47]
99,3,[5.53348732e-05 9.78893529e-05 3.43354949e-03 5.20240508e-06],[1.2  1.12 1.2  1.12 1.2  1.12],[1.33 1.23 1.39 1.22 1.36 1.34]
99,4,[3.22641778e-03 1.42582970e-02 1.14625391e-04 2.24447496e-05],[1.06 1.08 1.08 1.06 1.06 1.18],[1.1  1.19 1.24 1.19 1.24 1.32]
99,5,[9.99640748e-06 2.16407404e-03 2.64305500e-08 1.94860593e-03],[1.13 1.25 1.13 1.13 1.13 1.13],[1.29 1.51 1.29 1.47 1.14 1.5 ]
99,6,[9.57489534e-05 1.74900100e-07 1.10793929e-06 9.94441756e-04],[1.2  1.2  1.16 1.32 1.16 1.16],[1.5  1.41 1.24 1.55 1.42 1.42]
99,7,[4.57190612e-07 2.19649728e-03 1.55000848e-05 2.03516273e-05],[1.13 1.24 1.24 1.13 1.13 1.24],[1.41 1.47 1.46 1.29 1.27 1.41]
99,8,[5.92658069e-05 2.00113306e-03 1.49778110e-03 1.27859728e-04],[1.14 1.14 1.18 1.14 1.14 1.14],[1.26 1.25 1.31 1.16 1.23 1.26]
99,9,[1.19169247e-05 1.10119416e-04 4.40886320e-02 8.59294857e-11],[1.2  1.01 1.25 1.01 1.2  1.01],[1.35 1.27 1.64 1.2  1.63 1.62]
96,0,[3.27346284e-06 4.71167613e-06 2.85490570e-06 4.03842423e-05],[1.28 1.28 1.27 1.28 1.27 1.27],[1.5  1.47 1.4  1.45 1.38 1.47]
96,1,[1.01659381e-03 3.05471129e-05 1.69735557e-05 4.84068658e-04],[1.16 1.16 1.16 1.22 1.16 1.16],[1.3  1.31 1.19 1.36 1.29 1.35]
96,2,[6.66258107e-04 5.51826169e-06 1.11434357e-03 4.12621468e-05],[1.16 1.16 1.16 1.16 1.21 1.16],[1.34 1.19 1.27 1.32 1.38 1.31]
96,3,[4.31258526e-03 8.84263802e-07 2.81029366e-05 4.03271991e-04],[1.11 1.11 1.11 1.22 1.16 1.16],[1.38 1.25 1.18 1.44 1.39 1.32]
96,4,[1.83309299e-04 8.70498810e-07 5.48808132e-09 3.53754998e-05],[1.22 1.22 1.22 1.33 1.24 1.24],[1.45 1.54 1.31 1.65 1.45 1.63]
96,5,[2.08274216e-03 3.46007264e-06 3.39613174e-04 1.93999878e-03],[1.13 1.13 1.13 1.14 1.13 1.13],[1.34 1.19 1.14 1.34 1.33 1.2 ]
96,6,[1.55947629e-02 3.52827590e-05 9.10862761e-05 9.91413907e-06],[1.06 1.06 1.06 1.21 1.21 1.21],[1.24 1.21 1.27 1.32 1.36 1.4 ]
96,7,[4.44363708e-04 7.23733056e-06 4.03445775e-05 6.78357740e-04],[1.17 1.17 1.17 1.21 1.17 1.17],[1.34 1.3  1.21 1.39 1.32 1.32]
96,8,[1.00510267e-10 6.81981931e-06 3.65070816e-07 1.86366214e-08],[1.33 1.37 1.43 1.33 1.33 1.37],[1.78 1.77 1.84 1.5  1.58 1.77]
96,9,[0.00025408 0.00012692 0.00135207 0.0074396 ],[1.15 1.11 1.09 1.11 1.09 1.09],[1.27 1.2  1.18 1.21 1.2  1.14]
94,0,[7.56379459e-03 2.96050467e-07 4.49237087e-07 2.21643273e-07],[1.08 1.08 1.08 1.35 1.35 1.35],[1.41 1.37 1.39 1.55 1.57 1.65]
94,1,[3.03627448e-03 7.65881569e-06 2.81855741e-05 2.22522739e-05],[1.12 1.12 1.12 1.23 1.23 1.23],[1.33 1.26 1.27 1.39 1.4  1.42]
94,2,[3.77151305e-05 9.18098303e-06 4.02257499e-06 1.70283752e-07],[1.27 1.27 1.27 1.27 1.27 1.28],[1.43 1.38 1.48 1.43 1.5  1.64]
94,3,[1.47490585e-04 1.44975909e-03 5.46088230e-06 2.91931712e-05],[1.15 1.19 1.19 1.15 1.15 1.22],[1.24 1.36 1.31 1.31 1.27 1.45]
94,4,[0.00556087 0.00356138 0.00172187 0.00035627],[1.1 1.1 1.1 1.1 1.1 1.1],[1.11 1.12 1.17 1.12 1.17 1.18]
94,5,[2.16263306e-04 1.20450181e-05 3.43769951e-05 3.55993986e-05],[1.21 1.21 1.21 1.22 1.22 1.22],[1.36 1.31 1.3  1.35 1.36 1.39]
94,6,[5.22612708e-07 7.24343609e-05 9.15085463e-04 3.38734453e-05],[1.21 1.17 1.22 1.17 1.21 1.17],[1.46 1.4  1.46 1.24 1.33 1.33]
94,7,[1.16922266e-04 3.88322382e-04 3.18149998e-05 4.20086700e-05],[1.19 1.19 1.19 1.19 1.19 1.2 ],[1.3  1.3  1.33 1.29 1.29 1.38]
94,8,[4.45229426e-07 2.29283947e-09 5.90058121e-07 2.83184533e-04],[1.34 1.34 1.2  1.34 1.2  1.2 ],[1.8  1.53 1.44 1.69 1.57 1.48]
94,9,[1.39897607e-04 1.32959666e-04 3.13205677e-06 3.64277263e-03],[1.17 1.17 1.11 1.17 1.11 1.11],[1.29 1.38 1.21 1.38 1.22 1.36]
