4,0,[3.52563723e-04 6.18339548e-05 5.57016700e-04 2.03882188e-05],[1.18 1.18 1.18 1.18 1.2  1.18],[1.29 1.24 1.3  1.26 1.35 1.31]
4,1,[4.14201887e-02 1.97375844e-05 1.67939350e-02 4.38058094e-05],[1.01 1.01 1.01 1.02 1.21 1.02],[1.23 1.02 1.21 1.23 1.31 1.21]
4,2,[0.00129687 0.04230812 0.01680976 0.00021171],[1.01 1.02 1.1  1.01 1.01 1.02],[1.1  1.1  1.17 1.02 1.16 1.16]
4,3,[4.45476092e-03 9.93023938e-05 2.59278728e-04 1.73168124e-06],[1.11 1.11 1.11 1.17 1.18 1.17],[1.22 1.19 1.33 1.25 1.38 1.34]
4,4,[1.66978142e-05 8.15974988e-03 2.62268884e-03 5.27147605e-06],[1.08 1.09 1.24 1.08 1.08 1.09],[1.25 1.25 1.36 1.1  1.29 1.29]
4,5,[1.95501252e-03 3.57206051e-03 2.06274288e-05 2.87582033e-03],[1.11 1.11 1.11 1.11 1.11 1.11],[1.13 1.24 1.13 1.24 1.12 1.24]
4,6,[8.86641993e-07 8.55833289e-06 7.93646501e-06 6.31289979e-03],[1.26 1.26 1.09 1.26 1.09 1.09],[1.44 1.44 1.35 1.4  1.29 1.29]
4,7,[7.42168112e-06 3.58504582e-03 1.85969666e-07 7.16645135e-06],[1.11 1.26 1.26 1.11 1.11 1.26],[1.29 1.48 1.39 1.4  1.3  1.51]
4,8,[7.10723370e-06 3.04453966e-04 9.91716293e-03 5.09764517e-05],[1.17 1.07 1.2  1.07 1.17 1.07],[1.3  1.29 1.35 1.17 1.25 1.22]
4,9,[9.36650023e-05 1.68596921e-04 1.01922871e-03 3.05009201e-04],[1.16 1.16 1.16 1.16 1.16 1.16],[1.28 1.24 1.27 1.23 1.25 1.22]
16,0,[4.62245571e-02 9.44371692e-10 2.35318223e-06 6.38019692e-05],[1.01 1.01 1.01 1.29 1.21 1.21],[1.55 1.32 1.21 1.65 1.56 1.37]
16,1,[0.0023786  0.00064609 0.00083736 0.00194661],[1.13 1.13 1.13 1.13 1.13 1.13],[1.16 1.16 1.14 1.18 1.16 1.16]
16,2,[7.80136929e-06 5.37218990e-05 3.16611560e-02 1.42294191e-06],[1.22 1.03 1.26 1.03 1.22 1.03],[1.34 1.28 1.42 1.22 1.39 1.33]
16,3,[3.50158555e-07 4.60014956e-07 1.34541515e-04 1.87607340e-02],[1.33 1.19 1.05 1.19 1.05 1.05],[1.53 1.41 1.37 1.4  1.36 1.19]
16,4,[1.40585564e-02 4.99924746e-06 3.71118231e-05 1.95170087e-03],[1.06 1.06 1.06 1.22 1.1  1.1 ],[1.28 1.23 1.11 1.35 1.28 1.23]
16,5,[4.33433943e-05 4.70991426e-04 2.09812486e-05 3.69585270e-04],[1.19 1.21 1.19 1.19 1.19 1.19],[1.28 1.37 1.3  1.32 1.24 1.29]
16,6,[8.11176190e-03 2.25679020e-05 3.00197265e-05 2.19963619e-02],[1.05 1.05 1.04 1.21 1.04 1.04],[1.23 1.22 1.05 1.31 1.23 1.22]
16,7,[9.27714004e-07 1.34700706e-08 3.00356949e-04 5.31141501e-07],[1.34 1.2  1.34 1.2  1.34 1.2 ],[1.63 1.42 1.51 1.51 1.62 1.4 ]
16,8,[0.00579296 0.00028486 0.01461272 0.00100804],[1.06 1.06 1.06 1.06 1.11 1.06],[1.16 1.07 1.11 1.16 1.17 1.11]
16,9,[3.00031668e-04 1.23244815e-04 7.25158216e-03 6.20559977e-08],[1.17 1.09 1.17 1.09 1.18 1.09],[1.23 1.17 1.45 1.2  1.46 1.43]
15,0,[1.50040428e-03 1.15168563e-05 5.91969575e-06 1.12346841e-04],[1.15 1.15 1.15 1.25 1.2  1.2 ],[1.31 1.31 1.24 1.43 1.35 1.36]
15,1,[2.51127073e-06 6.60501290e-05 3.70074059e-02 1.93626915e-04],[1.19 1.02 1.18 1.02 1.18 1.02],[1.37 1.31 1.34 1.22 1.25 1.18]
15,2,[0.00017313 0.00171005 0.00431947 0.05285381],[1.09 1.07 1.   1.07 1.   1.  ],[1.18 1.18 1.18 1.11 1.11 1.07]
15,3,[0.00086483 0.00085346 0.00012113 0.00032164],[1.17 1.17 1.17 1.17 1.17 1.17],[1.2  1.24 1.22 1.24 1.22 1.27]
15,4,[6.42567844e-03 1.21397307e-06 3.98477711e-02 4.73509801e-06],[1.06 1.02 1.06 1.02 1.28 1.02],[1.32 1.06 1.28 1.32 1.42 1.28]
15,5,[5.01545574e-05 1.36312041e-01 6.58764632e-07 6.30575488e-03],[1.   1.21 1.06 1.   1.   1.06],[1.21 1.39 1.21 1.34 1.06 1.34]
15,6,[3.62381398e-03 6.60030129e-06 3.44680102e-03 1.72853954e-07],[1.11 1.11 1.11 1.11 1.27 1.11],[1.28 1.12 1.39 1.28 1.44 1.39]
15,7,[1.10878149e-05 5.77145585e-04 5.01379798e-02 5.77273626e-05],[1.15 1.   1.2  1.   1.15 1.  ],[1.3  1.27 1.34 1.15 1.24 1.22]
15,8,[8.35724590e-04 6.61327464e-05 5.05179438e-06 1.64851961e-04],[1.17 1.17 1.17 1.2  1.19 1.19],[1.27 1.34 1.22 1.38 1.28 1.35]
15,9,[1.08069514e-03 1.89208689e-02 2.77672801e-06 1.60520337e-02],[1.03 1.1  1.03 1.03 1.03 1.03],[1.1  1.29 1.1  1.29 1.03 1.29]
6,0,[3.33148710e-03 3.24544874e-04 2.96404180e-02 1.15784036e-05],[1.08 1.03 1.08 1.03 1.14 1.03],[1.16 1.08 1.26 1.16 1.28 1.26]
6,1,[1.40372526e-03 1.33631537e-03 1.18957774e-02 5.14815946e-07],[1.1  1.07 1.1  1.07 1.1  1.07],[1.14 1.12 1.35 1.12 1.35 1.35]
6,2,[6.40785360e-06 3.16885800e-03 2.96368507e-04 2.34416256e-04],[1.12 1.16 1.16 1.12 1.12 1.16],[1.3  1.33 1.31 1.19 1.2  1.23]
6,3,[2.18121082e-04 9.30057762e-04 5.84714903e-04 8.97675411e-07],[1.16 1.16 1.16 1.16 1.16 1.16],[1.23 1.23 1.4  1.2  1.38 1.39]
6,4,[0.00048884 0.00032932 0.03471176 0.00759471],[1.13 1.02 1.05 1.02 1.05 1.02],[1.18 1.14 1.14 1.15 1.15 1.05]
6,5,[3.16345454e-08 8.86485743e-04 1.01242218e-03 1.90408092e-03],[1.14 1.14 1.14 1.14 1.14 1.14],[1.44 1.44 1.44 1.18 1.17 1.17]
6,6,[2.24034464e-02 3.05631700e-03 1.66152849e-03 1.79020859e-07],[1.04 1.04 1.04 1.09 1.09 1.09],[1.09 1.11 1.37 1.12 1.37 1.37]
6,7,[1.90273374e-05 1.44398399e-02 2.50145546e-04 6.71452566e-07],[1.06 1.17 1.23 1.06 1.06 1.17],[1.26 1.29 1.41 1.18 1.35 1.4 ]
6,8,[2.29586172e-09 6.50544909e-05 5.15776710e-07 1.40245293e-03],[1.22 1.34 1.15 1.22 1.15 1.15],[1.59 1.64 1.53 1.43 1.24 1.39]
6,9,[8.49127783e-04 2.60288205e-05 2.01926874e-03 3.66267469e-05],[1.13 1.13 1.13 1.13 1.21 1.13],[1.27 1.18 1.27 1.26 1.34 1.27]
3,0,[1.17367903e-06 2.82001377e-02 4.24347170e-05 2.15863159e-07],[1.03 1.23 1.32 1.03 1.03 1.23],[1.34 1.39 1.51 1.23 1.39 1.45]
3,1,[0.00171135 0.25032908 0.00057932 0.00039162],[1.   1.11 1.11 1.   1.   1.13],[1.11 1.15 1.17 1.15 1.16 1.19]
3,2,[3.63790918e-05 8.42057335e-04 6.10501277e-05 7.41752767e-04],[1.17 1.2  1.17 1.17 1.17 1.17],[1.27 1.34 1.28 1.27 1.19 1.27]
3,3,[1.64276563e-04 6.48409537e-05 2.93448623e-06 1.96023216e-04],[1.22 1.22 1.22 1.22 1.22 1.22],[1.3  1.4  1.27 1.44 1.3  1.38]
3,4,[3.47927775e-09 5.19239680e-02 1.09480378e-05 3.23386993e-04],[1.   1.25 1.16 1.   1.   1.16],[1.51 1.54 1.52 1.27 1.16 1.3 ]
3,5,[1.52648703e-03 1.20144684e-05 1.38573822e-04 4.78671095e-03],[1.11 1.11 1.1  1.17 1.1  1.1 ],[1.27 1.2  1.13 1.32 1.27 1.2 ]
3,6,[5.70021170e-05 2.45794329e-03 9.47812872e-04 5.37877916e-06],[1.13 1.13 1.2  1.13 1.13 1.13],[1.24 1.24 1.35 1.17 1.3  1.32]
3,7,[1.24319949e-06 6.75058247e-02 4.84228288e-04 1.63278719e-03],[1.   1.13 1.11 1.   1.   1.11],[1.32 1.33 1.32 1.15 1.11 1.17]
3,8,[1.50465966e-03 1.10632464e-04 1.49715635e-05 8.46311540e-05],[1.15 1.15 1.15 1.18 1.18 1.18],[1.25 1.29 1.25 1.34 1.29 1.35]
3,9,[3.85875867e-06 2.82013215e-04 3.94133113e-04 3.85773092e-03],[1.15 1.15 1.11 1.15 1.11 1.11],[1.34 1.33 1.31 1.22 1.19 1.18]
14,0,[2.09476288e-07 2.95906687e-04 7.09032364e-06 3.19349931e-04],[1.2  1.26 1.2  1.2  1.2  1.2 ],[1.45 1.52 1.43 1.34 1.26 1.34]
14,1,[4.08267051e-05 1.31545972e-02 1.51779234e-09 5.42942170e-06],[1.06 1.23 1.23 1.06 1.06 1.27],[1.23 1.57 1.36 1.54 1.29 1.64]
14,2,[9.30071999e-06 8.51469200e-03 5.42974107e-02 8.42363433e-02],[1.03 1.   1.   1.   1.   1.  ],[1.24 1.24 1.24 1.03 1.03 1.  ]
14,3,[5.56728274e-04 9.23301280e-08 1.41372626e-02 1.53005037e-04],[1.14 1.06 1.14 1.06 1.17 1.06],[1.41 1.15 1.22 1.41 1.42 1.19]
14,4,[6.29050629e-03 3.11841907e-06 1.47819243e-04 1.89059388e-04],[1.09 1.09 1.09 1.17 1.17 1.17],[1.32 1.2  1.19 1.34 1.33 1.24]
14,5,[1.93331562e-03 1.87034102e-08 4.76467921e-07 2.29941549e-06],[1.14 1.14 1.14 1.34 1.32 1.32],[1.46 1.38 1.35 1.62 1.57 1.5 ]
14,6,[1.76494398e-05 1.24664587e-04 4.51839630e-04 3.34478889e-02],[1.18 1.15 1.02 1.15 1.02 1.02],[1.32 1.28 1.26 1.23 1.19 1.15]
14,7,[1.50899229e-03 2.04738557e-03 2.68545886e-04 1.55889759e-06],[1.13 1.13 1.13 1.13 1.13 1.15],[1.15 1.19 1.33 1.19 1.33 1.35]
14,8,[2.85375813e-03 3.43640592e-03 3.68351645e-05 8.48709158e-05],[1.12 1.12 1.12 1.12 1.12 1.19],[1.12 1.24 1.2  1.24 1.2  1.3 ]
14,9,[5.12108962e-04 2.37988104e-05 2.00153352e-03 4.03427846e-05],[1.15 1.14 1.15 1.14 1.21 1.14],[1.26 1.17 1.27 1.26 1.32 1.26]
34,0,[2.16934728e-06 8.01734235e-10 3.06065930e-06 1.54461370e-03],[1.3  1.3  1.15 1.3  1.15 1.15],[1.67 1.47 1.34 1.64 1.56 1.36]
34,1,[6.48275424e-03 1.48160031e-02 5.76699121e-04 2.68755533e-08],[1.06 1.06 1.06 1.06 1.06 1.13],[1.06 1.13 1.42 1.13 1.42 1.44]
34,2,[4.44821072e-03 3.19287112e-05 1.51503867e-01 1.85345696e-05],[1.07 1.   1.07 1.   1.22 1.  ],[1.23 1.07 1.24 1.23 1.31 1.24]
34,3,[6.49852397e-03 8.29510076e-04 1.29992493e-05 3.94055505e-06],[1.09 1.09 1.09 1.13 1.13 1.24],[1.15 1.27 1.31 1.29 1.31 1.4 ]
34,4,[5.13629372e-03 1.08906084e-03 4.83383516e-03 2.81535315e-08],[1.1  1.1  1.1  1.1  1.11 1.1 ],[1.13 1.1  1.43 1.13 1.43 1.43]
34,5,[4.94234022e-02 2.79542402e-02 3.59667269e-06 2.68313178e-08],[1.   1.   1.   1.   1.   1.28],[1.   1.28 1.43 1.28 1.43 1.54]
34,6,[1.02913147e-06 5.95825794e-05 7.16523591e-03 5.28540497e-06],[1.22 1.09 1.27 1.09 1.22 1.09],[1.37 1.34 1.46 1.23 1.35 1.31]
34,7,[1.14177463e-02 2.25205854e-10 1.75029439e-05 3.11116648e-07],[1.07 1.07 1.07 1.26 1.36 1.26],[1.59 1.26 1.39 1.65 1.71 1.44]
34,8,[2.92697314e-04 1.00125123e-03 1.64229560e-06 2.29469917e-06],[1.16 1.17 1.17 1.16 1.16 1.29],[1.22 1.37 1.37 1.36 1.35 1.49]
34,9,[1.81527556e-06 3.85092625e-05 2.27115750e-07 1.31280584e-03],[1.23 1.3  1.15 1.23 1.15 1.15],[1.4  1.53 1.36 1.44 1.27 1.41]
25,0,[9.04262944e-02 5.98920339e-06 7.40464103e-06 6.41338436e-04],[1.   1.   1.   1.25 1.14 1.14],[1.28 1.29 1.14 1.4  1.3  1.29]
25,1,[7.80442423e-07 4.48100247e-03 4.69830773e-04 1.13910734e-04],[1.1  1.15 1.18 1.1  1.1  1.15],[1.36 1.38 1.39 1.17 1.21 1.25]
25,2,[2.51566102e-07 2.99626045e-03 7.98540725e-06 8.15562527e-04],[1.12 1.26 1.13 1.12 1.12 1.13],[1.39 1.45 1.39 1.3  1.16 1.3 ]
25,3,[2.35818054e-04 2.22994471e-04 5.26055899e-06 8.71236898e-05],[1.21 1.21 1.21 1.21 1.21 1.21],[1.25 1.35 1.28 1.34 1.29 1.38]
25,4,[2.89653711e-03 3.93512342e-05 1.23713205e-04 3.18813320e-04],[1.12 1.12 1.12 1.17 1.16 1.16],[1.24 1.22 1.19 1.28 1.26 1.26]
25,5,[2.54284438e-09 3.15718830e-04 5.46212312e-03 1.44885050e-05],[1.16 1.1  1.24 1.1  1.16 1.1 ],[1.53 1.51 1.56 1.18 1.29 1.27]
25,6,[1.37686477e-01 1.14675235e-05 9.68644272e-06 7.88103488e-04],[1.   1.   1.   1.24 1.13 1.13],[1.26 1.27 1.13 1.37 1.28 1.29]
25,7,[8.19258701e-06 2.24940592e-05 1.39887280e-04 6.16242318e-03],[1.23 1.19 1.09 1.19 1.09 1.09],[1.36 1.33 1.28 1.31 1.25 1.2 ]
25,8,[2.44727004e-04 6.05441956e-04 4.84914308e-05 1.48827493e-03],[1.15 1.15 1.15 1.15 1.15 1.15],[1.24 1.28 1.21 1.27 1.19 1.26]
25,9,[2.33443308e-02 4.47978175e-07 4.65744870e-03 2.27645947e-05],[1.04 1.04 1.04 1.07 1.23 1.07],[1.35 1.07 1.23 1.35 1.41 1.23]
22,0,[6.51678711e-12 4.74099736e-02 3.24387014e-02 7.09368746e-06],[1.   1.   1.26 1.   1.   1.  ],[1.66 1.66 1.71 1.   1.26 1.26]
22,1,[4.72180822e-07 3.58459640e-03 4.76366177e-05 5.29626446e-07],[1.11 1.22 1.33 1.11 1.11 1.22],[1.38 1.42 1.51 1.25 1.38 1.4 ]
22,2,[1.04493334e-03 1.86909876e-04 2.21989003e-04 8.11693370e-05],[1.16 1.16 1.16 1.16 1.16 1.16],[1.21 1.22 1.26 1.25 1.28 1.29]
22,3,[6.03232112e-06 1.67665186e-03 1.93245999e-03 5.92696864e-05],[1.14 1.14 1.2  1.14 1.14 1.14],[1.31 1.31 1.33 1.16 1.24 1.24]
22,4,[5.08816315e-06 1.47225545e-07 5.79317473e-04 1.43713681e-06],[1.3  1.18 1.3  1.18 1.31 1.18],[1.53 1.34 1.44 1.43 1.53 1.37]
22,5,[2.40903621e-06 1.60153623e-04 7.51997986e-06 6.34606751e-06],[1.22 1.26 1.26 1.22 1.22 1.26],[1.37 1.45 1.44 1.34 1.36 1.45]
22,6,[3.49642750e-05 9.22419435e-07 1.94955765e-06 1.54939234e-01],[1.23 1.23 1.   1.3  1.   1.  ],[1.4  1.4  1.23 1.48 1.35 1.32]
22,7,[3.41665653e-02 1.45422295e-03 1.54435610e-04 1.46282903e-05],[1.02 1.02 1.02 1.11 1.11 1.17],[1.11 1.19 1.26 1.2  1.27 1.31]
22,8,[0.00040755 0.02343347 0.00475136 0.00130005],[1.04 1.07 1.1  1.04 1.04 1.07],[1.15 1.15 1.15 1.07 1.11 1.11]
22,9,[0.00078412 0.02163277 0.00145287 0.00154651],[1.04 1.1  1.1  1.04 1.04 1.1 ],[1.13 1.15 1.15 1.11 1.11 1.13]
21,0,[2.05032032e-05 1.17508219e-05 5.70523915e-03 8.74366034e-03],[1.23 1.08 1.08 1.08 1.08 1.08],[1.32 1.23 1.23 1.25 1.25 1.08]
21,1,[0.00052807 0.00078717 0.00035761 0.00473819],[1.13 1.13 1.1  1.13 1.1  1.1 ],[1.19 1.21 1.16 1.2  1.15 1.19]
21,2,[6.26855448e-05 3.45335703e-02 1.15067827e-04 3.34844405e-07],[1.02 1.2  1.2  1.02 1.02 1.2 ],[1.22 1.26 1.42 1.2  1.38 1.42]
21,3,[3.99832114e-04 4.26561585e-04 9.11764499e-05 3.52396086e-02],[1.14 1.14 1.02 1.14 1.02 1.02],[1.2  1.22 1.16 1.24 1.16 1.2 ]
21,4,[1.88308521e-07 4.40939051e-04 4.77955597e-08 4.21313740e-04],[1.19 1.37 1.19 1.19 1.19 1.19],[1.44 1.6  1.44 1.45 1.23 1.45]
21,5,[1.83931457e-04 2.90361353e-03 2.12125164e-03 3.05715181e-06],[1.12 1.12 1.16 1.12 1.12 1.12],[1.19 1.19 1.34 1.13 1.31 1.31]
21,6,[1.89461276e-06 2.43826943e-05 3.14005306e-04 2.49097644e-04],[1.23 1.2  1.2  1.2  1.2  1.2 ],[1.42 1.38 1.38 1.31 1.31 1.26]
21,7,[3.79340775e-01 2.88648443e-03 9.07218800e-07 5.14550908e-03],[1.   1.   1.   1.07 1.07 1.07],[1.09 1.31 1.07 1.31 1.09 1.31]
21,8,[1.64589849e-05 1.43114774e-03 3.62560850e-08 1.81683679e-08],[1.15 1.26 1.26 1.15 1.15 1.41],[1.3  1.52 1.53 1.46 1.48 1.68]
21,9,[3.09497184e-04 2.20867624e-04 7.81146989e-06 3.03005892e-06],[1.2  1.2  1.2  1.2  1.2  1.26],[1.26 1.35 1.36 1.35 1.36 1.45]
12,0,[1.01603936e-03 6.94343454e-04 1.24641569e-07 3.65881941e-05],[1.16 1.16 1.16 1.16 1.16 1.21],[1.2  1.42 1.27 1.42 1.28 1.47]
12,1,[3.67169663e-05 1.28708757e-04 9.01403214e-04 3.99588945e-05],[1.19 1.16 1.2  1.16 1.19 1.16],[1.31 1.27 1.34 1.23 1.31 1.28]
12,2,[1.38323515e-03 3.33160712e-05 1.99575018e-01 9.10957816e-05],[1.11 1.   1.11 1.   1.18 1.  ],[1.23 1.11 1.22 1.23 1.28 1.2 ]
12,3,[5.11328569e-05 3.92222712e-04 1.01605049e-05 4.00692321e-06],[1.19 1.22 1.22 1.19 1.19 1.25],[1.28 1.38 1.4  1.33 1.36 1.43]
12,4,[6.35713704e-12 8.19458338e-03 6.37226534e-06 1.72519523e-06],[1.08 1.29 1.3  1.08 1.08 1.29],[1.68 1.76 1.77 1.3  1.33 1.45]
12,5,[9.38477074e-10 8.68406519e-05 1.50315399e-06 2.16602215e-05],[1.24 1.31 1.25 1.24 1.24 1.25],[1.63 1.69 1.65 1.4  1.35 1.46]
12,6,[5.71973406e-04 1.64452866e-01 1.12751441e-04 2.86690856e-03],[1.   1.13 1.09 1.   1.   1.09],[1.14 1.21 1.15 1.19 1.09 1.19]
12,7,[4.80732082e-07 3.01358938e-12 1.05873367e-06 3.08260246e-04],[1.34 1.34 1.2  1.34 1.2  1.2 ],[1.81 1.56 1.41 1.82 1.74 1.39]
12,8,[1.85063296e-05 4.36145124e-05 1.77442283e-10 1.06782713e-03],[1.23 1.24 1.16 1.23 1.16 1.16],[1.34 1.66 1.3  1.62 1.27 1.62]
12,9,[1.24882466e-03 8.14609472e-05 2.61128734e-04 8.71480268e-03],[1.12 1.12 1.08 1.15 1.08 1.08],[1.21 1.2  1.12 1.25 1.21 1.18]
36,0,[1.50500218e-05 1.38722621e-04 1.19287971e-04 6.20607341e-05],[1.23 1.23 1.23 1.23 1.23 1.23],[1.35 1.34 1.37 1.28 1.3  1.31]
36,1,[5.03034430e-02 1.40935169e-02 3.30839669e-06 3.06034473e-02],[1.   1.   1.   1.01 1.   1.  ],[1.01 1.27 1.   1.27 1.01 1.27]
36,2,[1.27804466e-03 1.66192181e-05 1.99318520e-01 2.46889798e-02],[1.1  1.   1.01 1.   1.01 1.  ],[1.24 1.1  1.1  1.23 1.23 1.01]
36,3,[2.14480167e-06 6.32222685e-03 1.88739975e-02 4.18978552e-08],[1.06 1.05 1.3  1.05 1.06 1.05],[1.31 1.31 1.53 1.06 1.41 1.41]
36,4,[1.08533184e-04 8.37533860e-05 4.71139667e-08 6.60981018e-05],[1.24 1.24 1.24 1.24 1.24 1.24],[1.33 1.48 1.32 1.5  1.3  1.51]
36,5,[0.00354829 0.00066113 0.02316374 0.0032505 ],[1.07 1.04 1.07 1.04 1.07 1.04],[1.13 1.08 1.09 1.13 1.13 1.08]
36,6,[4.32130683e-06 2.33197190e-05 1.31537630e-04 6.76481566e-05],[1.23 1.23 1.23 1.23 1.23 1.23],[1.43 1.36 1.39 1.33 1.35 1.29]
36,7,[3.22304899e-06 5.14519508e-05 9.35252893e-03 5.40292796e-04],[1.2  1.08 1.15 1.08 1.15 1.08],[1.38 1.31 1.34 1.23 1.25 1.15]
36,8,[7.39484641e-06 1.77428091e-03 1.15734895e-06 3.31332200e-04],[1.14 1.26 1.16 1.14 1.14 1.16],[1.3  1.43 1.33 1.35 1.19 1.37]
36,9,[3.90529030e-04 4.09901241e-06 2.80209961e-02 5.47049730e-04],[1.14 1.03 1.14 1.03 1.14 1.03],[1.32 1.16 1.2  1.3  1.31 1.15]
33,0,[5.85083277e-05 3.37197198e-06 4.14365529e-07 1.48207681e-05],[1.26 1.26 1.26 1.28 1.26 1.26],[1.4  1.45 1.37 1.52 1.41 1.5 ]
33,1,[1.38109395e-07 5.21625793e-06 9.14828505e-04 5.75177404e-07],[1.29 1.16 1.34 1.16 1.29 1.16],[1.51 1.42 1.55 1.34 1.46 1.38]
33,2,[2.21706060e-06 9.72476875e-04 3.17116021e-03 2.31301556e-05],[1.13 1.12 1.22 1.12 1.13 1.12],[1.33 1.33 1.39 1.16 1.27 1.26]
33,3,[2.60616797e-04 7.81327003e-10 5.44622056e-03 1.36483688e-06],[1.17 1.1  1.17 1.1  1.31 1.1 ],[1.55 1.19 1.36 1.55 1.65 1.34]
33,4,[2.97415328e-05 1.06621387e-03 1.41702956e-06 5.34672638e-04],[1.16 1.22 1.16 1.16 1.16 1.16],[1.28 1.42 1.31 1.36 1.21 1.37]
33,5,[2.74131214e-06 5.24678735e-03 7.58482733e-02 2.77166747e-04],[1.07 1.   1.15 1.   1.07 1.  ],[1.29 1.29 1.31 1.07 1.15 1.15]
33,6,[8.20907775e-03 7.35913199e-06 3.24956018e-04 4.42392030e-04],[1.08 1.08 1.08 1.14 1.14 1.14],[1.29 1.17 1.16 1.32 1.32 1.2 ]
33,7,[2.25935589e-03 1.72918485e-05 4.09025324e-06 3.48494464e-06],[1.13 1.13 1.13 1.25 1.25 1.27],[1.29 1.31 1.32 1.38 1.4  1.42]
33,8,[2.26430176e-05 5.86820634e-02 3.62508438e-04 3.11919845e-05],[1.   1.16 1.21 1.   1.   1.16],[1.25 1.28 1.33 1.16 1.24 1.27]
33,9,[0.0006645  0.01009361 0.01708452 0.00417001],[1.05 1.05 1.06 1.05 1.05 1.05],[1.12 1.12 1.12 1.05 1.06 1.06]
5,0,[2.88314883e-06 9.87990239e-03 6.53908895e-02 1.34304215e-06],[1.04 1.   1.29 1.   1.04 1.  ],[1.29 1.29 1.42 1.04 1.31 1.31]
5,1,[0.01806516 0.00077429 0.00025173 0.00025198],[1.05 1.05 1.05 1.13 1.13 1.14],[1.13 1.17 1.17 1.2  1.2  1.22]
5,2,[3.64540870e-04 1.36979864e-06 3.60875818e-09 1.22539435e-07],[1.19 1.19 1.19 1.33 1.33 1.38],[1.39 1.55 1.43 1.66 1.56 1.68]
5,3,[3.93776872e-01 1.02232066e-03 1.19457544e-06 1.57236632e-03],[1.   1.   1.   1.11 1.11 1.11],[1.13 1.33 1.11 1.33 1.14 1.33]
5,4,[2.90329262e-04 1.94743551e-03 5.78325570e-05 1.88419382e-04],[1.14 1.16 1.16 1.14 1.14 1.16],[1.2  1.27 1.24 1.25 1.22 1.29]
5,5,[1.48684635e-05 2.65082109e-04 1.22810280e-03 1.33371022e-02],[1.15 1.12 1.06 1.12 1.06 1.06],[1.29 1.27 1.26 1.19 1.17 1.12]
5,6,[3.98485222e-06 1.96561627e-04 9.73495575e-06 2.51578163e-06],[1.21 1.28 1.28 1.21 1.21 1.28],[1.35 1.43 1.48 1.36 1.36 1.47]
5,7,[1.22598360e-05 1.68614870e-04 1.22605029e-04 3.45865898e-05],[1.22 1.22 1.22 1.22 1.22 1.22],[1.32 1.33 1.37 1.27 1.31 1.32]
5,8,[6.15923586e-02 2.30257151e-04 5.85719244e-03 6.01129555e-05],[1.   1.   1.   1.06 1.16 1.06],[1.16 1.06 1.2  1.16 1.24 1.2 ]
5,9,[1.00778813e-04 5.71195821e-06 5.90654192e-11 7.70470761e-04],[1.2  1.2  1.17 1.27 1.17 1.17],[1.39 1.68 1.26 1.72 1.33 1.67]
1,0,[0.00017176 0.00046199 0.00076781 0.00036671],[1.17 1.17 1.17 1.17 1.17 1.17],[1.26 1.24 1.25 1.21 1.23 1.21]
1,1,[4.89984970e-05 2.90257967e-03 3.32653705e-06 5.76612329e-03],[1.1 1.2 1.1 1.1 1.1 1.1],[1.22 1.35 1.22 1.3  1.11 1.3 ]
1,2,[4.90431851e-09 3.71845682e-04 1.38088607e-07 8.16835900e-05],[1.2  1.38 1.21 1.2  1.2  1.21],[1.55 1.7  1.55 1.47 1.27 1.51]
1,3,[7.90316671e-05 3.57207943e-03 8.39351669e-03 2.43090331e-02],[1.06 1.05 1.04 1.05 1.04 1.04],[1.19 1.19 1.19 1.07 1.07 1.05]
1,4,[6.08220433e-04 1.93334134e-03 2.66088049e-02 3.43237547e-06],[1.1  1.03 1.12 1.03 1.1  1.03],[1.15 1.14 1.3  1.1  1.3  1.3 ]
1,5,[3.42180803e-06 3.66854103e-09 5.28464571e-04 4.10439047e-07],[1.3  1.18 1.3  1.18 1.34 1.18],[1.6  1.35 1.51 1.54 1.7  1.42]
1,6,[1.06361802e-06 6.25368015e-03 2.50315407e-04 6.97603618e-03],[1.08 1.15 1.08 1.08 1.08 1.08],[1.32 1.36 1.32 1.17 1.08 1.17]
1,7,[5.50847865e-07 1.40693371e-05 5.51269363e-04 1.04405835e-03],[1.24 1.16 1.16 1.16 1.16 1.16],[1.45 1.4  1.39 1.31 1.29 1.2 ]
1,8,[1.14781695e-06 5.10576035e-05 4.21996294e-02 4.12239547e-05],[1.21 1.01 1.21 1.01 1.21 1.01],[1.41 1.34 1.41 1.22 1.3  1.23]
1,9,[9.91995558e-04 5.14032148e-05 7.48215934e-04 8.07672230e-04],[1.16 1.16 1.16 1.16 1.16 1.16],[1.26 1.2  1.19 1.27 1.27 1.19]
18,0,[8.05516748e-05 5.25379679e-04 4.07277989e-03 1.49854983e-06],[1.15 1.11 1.19 1.11 1.15 1.11],[1.24 1.23 1.38 1.16 1.35 1.34]
18,1,[7.80571484e-06 5.05020854e-04 2.36196453e-05 1.31327918e-06],[1.19 1.25 1.26 1.19 1.19 1.25],[1.33 1.39 1.44 1.29 1.38 1.47]
18,2,[0.00567611 0.0026298  0.00587409 0.00037689],[1.09 1.09 1.09 1.09 1.1  1.09],[1.1  1.09 1.15 1.1  1.15 1.15]
18,3,[1.73801601e-03 1.49378249e-05 6.41913919e-03 2.48470556e-04],[1.11 1.09 1.11 1.09 1.15 1.09],[1.26 1.12 1.18 1.26 1.29 1.18]
18,4,[0.03880808 0.00385568 0.00151411 0.00238607],[1.02 1.02 1.02 1.08 1.08 1.08],[1.08 1.11 1.1  1.11 1.1  1.11]
18,5,[1.74576497e-04 7.88314610e-07 7.49770020e-06 2.23546117e-03],[1.18 1.18 1.13 1.26 1.13 1.13],[1.39 1.33 1.21 1.44 1.36 1.3 ]
18,6,[2.39029879e-06 3.09495633e-04 5.16779162e-06 2.60037395e-04],[1.2  1.27 1.2  1.2  1.2  1.2 ],[1.37 1.43 1.38 1.34 1.26 1.36]
18,7,[1.15098303e-03 1.16226392e-03 1.30696431e-04 2.07272196e-06],[1.15 1.15 1.15 1.15 1.15 1.17],[1.17 1.23 1.34 1.23 1.34 1.38]
18,8,[7.75524627e-03 1.29455808e-07 5.22962955e-06 9.50973856e-02],[1.05 1.05 1.   1.27 1.   1.  ],[1.38 1.28 1.05 1.47 1.38 1.28]
18,9,[0.00076222 0.00027213 0.00027544 0.00017223],[1.17 1.17 1.17 1.17 1.17 1.17],[1.22 1.22 1.24 1.25 1.26 1.27]
11,0,[3.95340600e-03 3.05025137e-06 8.34995638e-05 9.48470451e-08],[1.11 1.11 1.11 1.2  1.29 1.2 ],[1.32 1.22 1.42 1.36 1.51 1.46]
11,1,[2.69222778e-05 4.17894913e-05 1.60590224e-03 7.86458180e-05],[1.21 1.14 1.21 1.14 1.21 1.14],[1.34 1.27 1.31 1.26 1.32 1.24]
11,2,[2.02160140e-06 2.76271951e-03 1.87637200e-05 3.51771399e-02],[1.09 1.24 1.02 1.09 1.02 1.02],[1.31 1.38 1.31 1.25 1.09 1.25]
11,3,[1.26207209e-03 6.14473335e-07 6.57583984e-05 3.77759725e-04],[1.15 1.15 1.15 1.19 1.16 1.16],[1.38 1.24 1.21 1.41 1.4  1.26]
11,4,[5.33778093e-07 9.03745966e-07 2.01145459e-05 5.76687454e-05],[1.32 1.26 1.26 1.26 1.26 1.26],[1.56 1.48 1.46 1.46 1.42 1.38]
11,5,[7.44370996e-05 2.07592114e-03 3.25295044e-05 1.15213302e-05],[1.13 1.21 1.21 1.13 1.13 1.22],[1.23 1.3  1.36 1.25 1.3  1.36]
11,6,[2.54371622e-03 2.30122119e-07 8.08055693e-03 2.98249451e-02],[1.08 1.05 1.03 1.05 1.03 1.03],[1.36 1.08 1.08 1.36 1.36 1.05]
11,7,[6.81716868e-05 4.53725953e-06 5.36117410e-04 7.28840432e-04],[1.19 1.17 1.17 1.17 1.17 1.17],[1.4  1.28 1.27 1.34 1.34 1.22]
11,8,[4.16804207e-08 1.13178896e-02 7.16526718e-05 5.25828623e-03],[1.07 1.19 1.07 1.07 1.07 1.07],[1.41 1.45 1.41 1.21 1.07 1.21]
11,9,[1.63230024e-06 9.00106656e-10 3.27892639e-07 1.87076221e-09],[1.37 1.37 1.37 1.38 1.49 1.38],[1.66 1.55 1.68 1.74 1.8  1.72]
23,0,[1.66118283e-02 4.18669162e-06 8.86533789e-05 1.63245224e-05],[1.05 1.05 1.05 1.21 1.24 1.21],[1.3  1.21 1.26 1.35 1.38 1.33]
23,1,[4.66887814e-07 1.05979311e-03 4.56880746e-04 2.37277454e-05],[1.16 1.16 1.23 1.16 1.16 1.16],[1.39 1.39 1.46 1.2  1.29 1.29]
23,2,[3.03535663e-09 1.89522571e-03 9.40174003e-06 4.53671817e-06],[1.14 1.28 1.28 1.14 1.14 1.28],[1.52 1.6  1.62 1.3  1.32 1.42]
23,3,[1.67356588e-07 8.75946187e-03 1.88088892e-04 1.23291548e-03],[1.08 1.16 1.12 1.08 1.08 1.12],[1.39 1.42 1.39 1.19 1.13 1.2 ]
23,4,[1.79455786e-06 9.16730947e-04 1.59894002e-03 1.29697706e-04],[1.14 1.14 1.17 1.14 1.14 1.14],[1.35 1.35 1.38 1.16 1.23 1.23]
23,5,[2.45247454e-06 9.79545898e-04 1.93191297e-06 1.26501097e-03],[1.15 1.29 1.15 1.15 1.15 1.15],[1.33 1.43 1.33 1.34 1.18 1.34]
23,6,[2.46310340e-02 3.13880674e-06 4.62210704e-06 7.31053149e-05],[1.04 1.04 1.04 1.27 1.21 1.21],[1.31 1.3  1.21 1.43 1.35 1.36]
23,7,[1.23154764e-03 5.20348838e-06 3.14097970e-08 1.07195566e-01],[1.12 1.12 1.   1.27 1.   1.  ],[1.3  1.43 1.12 1.51 1.29 1.43]
23,8,[4.74013644e-05 7.62979473e-05 1.37672236e-04 3.98623692e-05],[1.23 1.23 1.23 1.23 1.23 1.23],[1.31 1.3  1.35 1.31 1.33 1.32]
23,9,[7.96491095e-10 2.39292568e-03 2.02552795e-06 9.24236405e-08],[1.13 1.32 1.39 1.13 1.13 1.32],[1.56 1.62 1.69 1.34 1.42 1.55]
17,0,[2.58958058e-06 3.36924702e-07 1.93355179e-03 1.98803552e-05],[1.29 1.14 1.25 1.14 1.25 1.14],[1.5  1.33 1.42 1.41 1.46 1.29]
17,1,[1.88063276e-09 4.89804097e-06 2.03270151e-03 8.18549517e-08],[1.29 1.14 1.39 1.14 1.29 1.14],[1.61 1.53 1.67 1.32 1.53 1.45]
17,2,[4.03225397e-03 8.22488791e-05 1.48085994e-04 1.19452963e-05],[1.11 1.11 1.11 1.19 1.19 1.19],[1.24 1.2  1.29 1.28 1.33 1.33]
17,3,[6.99373449e-05 1.35867763e-04 1.59559697e-08 2.67324362e-04],[1.21 1.21 1.21 1.21 1.21 1.21],[1.31 1.52 1.28 1.49 1.27 1.51]
17,4,[7.25172318e-04 9.46734890e-08 7.26838298e-06 5.13661386e-06],[1.17 1.17 1.17 1.27 1.27 1.27],[1.44 1.33 1.32 1.49 1.52 1.42]
17,5,[1.99865361e-07 4.14155585e-04 8.71589258e-04 7.50301274e-03],[1.14 1.13 1.08 1.13 1.08 1.08],[1.4  1.39 1.39 1.19 1.17 1.14]
17,6,[8.51463381e-06 3.42325343e-04 8.85836228e-03 3.21779569e-03],[1.14 1.08 1.08 1.08 1.08 1.08],[1.29 1.27 1.27 1.16 1.16 1.1 ]
17,7,[2.77470425e-03 6.27871977e-10 4.04533526e-02 6.48171226e-04],[1.09 1.01 1.09 1.01 1.12 1.01],[1.52 1.09 1.14 1.52 1.53 1.14]
17,8,[5.53872761e-05 1.43450181e-03 5.10479311e-06 1.24589483e-08],[1.15 1.22 1.22 1.15 1.15 1.27],[1.25 1.37 1.53 1.32 1.5  1.6 ]
17,9,[2.44673461e-02 5.71715020e-04 1.27636563e-04 6.27763427e-06],[1.04 1.04 1.04 1.14 1.14 1.17],[1.14 1.19 1.29 1.22 1.3  1.35]
24,0,[0.00044845 0.00070419 0.2521241  0.00414871],[1.12 1.   1.08 1.   1.08 1.  ],[1.16 1.14 1.14 1.13 1.13 1.08]
24,1,[6.80236672e-05 3.16345209e-03 1.45015040e-04 6.53800020e-04],[1.12 1.17 1.14 1.12 1.12 1.14],[1.23 1.26 1.25 1.21 1.18 1.23]
24,2,[6.38415813e-06 1.49944849e-06 7.09629232e-06 2.04906901e-04],[1.26 1.26 1.22 1.26 1.22 1.22],[1.5  1.44 1.35 1.44 1.4  1.35]
24,3,[5.03629294e-04 6.98266582e-04 1.02753983e-03 8.89509386e-06],[1.16 1.16 1.16 1.16 1.16 1.16],[1.22 1.21 1.3  1.19 1.3  1.3 ]
24,4,[5.49913897e-05 6.21273252e-05 4.54448222e-06 1.54013823e-04],[1.22 1.22 1.22 1.22 1.22 1.22],[1.34 1.39 1.3  1.41 1.31 1.36]
24,5,[3.24228031e-05 6.52534385e-05 2.18035982e-05 3.34008114e-04],[1.21 1.21 1.2  1.21 1.2  1.2 ],[1.35 1.36 1.31 1.35 1.28 1.3 ]
24,6,[6.67937230e-03 4.23910869e-03 4.15408360e-05 5.24475695e-05],[1.09 1.09 1.09 1.09 1.09 1.19],[1.09 1.22 1.21 1.22 1.21 1.28]
24,7,[1.46454543e-02 2.69351755e-03 4.02692717e-08 2.19887561e-02],[1.03 1.03 1.03 1.07 1.03 1.03],[1.07 1.4  1.03 1.4  1.07 1.4 ]
24,8,[2.72512106e-07 3.32671192e-05 1.57363530e-06 8.53456708e-04],[1.23 1.31 1.16 1.23 1.16 1.16],[1.47 1.51 1.41 1.42 1.28 1.38]
24,9,[6.84452632e-05 4.21356233e-02 4.18170520e-04 3.11288029e-05],[1.01 1.15 1.2  1.01 1.01 1.15],[1.22 1.24 1.29 1.15 1.24 1.27]
28,0,[4.34287854e-04 3.42588128e-03 6.71456088e-05 4.28021022e-05],[1.11 1.15 1.15 1.11 1.11 1.19],[1.18 1.25 1.26 1.23 1.24 1.32]
28,1,[2.42539979e-08 6.26237033e-07 2.51866649e-02 2.49484284e-05],[1.34 1.04 1.25 1.04 1.25 1.04],[1.57 1.45 1.51 1.36 1.42 1.25]
28,2,[1.63782223e-08 2.22983473e-04 3.76303702e-04 4.08290738e-06],[1.19 1.19 1.28 1.19 1.19 1.19],[1.51 1.5  1.58 1.25 1.35 1.35]
28,3,[0.00015056 0.00257216 0.00063917 0.07457451],[1.09 1.12 1.   1.09 1.   1.  ],[1.19 1.21 1.19 1.15 1.09 1.14]
28,4,[3.48469469e-03 1.45204628e-05 6.11528429e-05 2.25437476e-05],[1.12 1.12 1.12 1.22 1.23 1.22],[1.28 1.24 1.27 1.35 1.35 1.32]
28,5,[9.01182318e-06 5.92416582e-06 2.57993781e-04 9.37273814e-06],[1.25 1.21 1.25 1.21 1.25 1.21],[1.42 1.34 1.43 1.36 1.45 1.34]
28,6,[1.06469923e-05 3.65427487e-06 2.51109826e-02 1.31375403e-07],[1.27 1.04 1.27 1.04 1.28 1.04],[1.42 1.27 1.48 1.31 1.53 1.4 ]
28,7,[2.83608083e-05 1.58799956e-05 2.51158365e-06 2.82031892e-03],[1.24 1.24 1.12 1.24 1.12 1.12],[1.33 1.39 1.26 1.44 1.28 1.34]
28,8,[3.39660195e-04 4.95164931e-09 1.18825902e-03 2.32945685e-09],[1.16 1.16 1.16 1.16 1.47 1.16],[1.52 1.21 1.55 1.51 1.71 1.55]
28,9,[4.59829736e-06 1.85901150e-03 3.20984951e-07 1.73520678e-06],[1.14 1.3  1.3  1.14 1.14 1.3 ],[1.33 1.49 1.46 1.4  1.35 1.52]
41,0,[3.62689158e-04 3.96830829e-02 2.78150419e-06 8.69253274e-07],[1.02 1.16 1.16 1.02 1.02 1.29],[1.16 1.32 1.37 1.31 1.35 1.48]
41,1,[3.09786205e-04 4.03495541e-03 5.29145415e-02 3.85213081e-08],[1.08 1.   1.15 1.   1.08 1.  ],[1.15 1.15 1.43 1.08 1.42 1.42]
41,2,[6.92080839e-04 1.05226441e-06 4.39622933e-05 2.29807949e-06],[1.17 1.17 1.17 1.23 1.3  1.23],[1.38 1.28 1.35 1.43 1.49 1.41]
41,3,[5.34064159e-06 1.85329056e-06 1.01449354e-04 1.14730359e-02],[1.27 1.2  1.07 1.2  1.07 1.07],[1.42 1.33 1.3  1.35 1.33 1.21]
41,4,[4.67597373e-02 3.69309951e-06 2.35264099e-05 9.56281221e-03],[1.01 1.01 1.01 1.23 1.04 1.04],[1.28 1.23 1.04 1.36 1.28 1.23]
41,5,[6.78252177e-03 2.31632841e-06 3.99172442e-03 6.42775000e-05],[1.09 1.09 1.09 1.09 1.19 1.09],[1.31 1.1  1.21 1.31 1.35 1.21]
41,6,[5.66882089e-05 5.45828249e-09 8.88083318e-09 1.62810070e-03],[1.22 1.22 1.15 1.45 1.15 1.15],[1.55 1.57 1.27 1.77 1.51 1.5 ]
41,7,[4.77910056e-03 2.21521945e-04 9.91132449e-04 2.19140786e-07],[1.1  1.1  1.1  1.13 1.15 1.13],[1.19 1.14 1.4  1.19 1.4  1.4 ]
41,8,[3.60808633e-05 2.26150465e-05 2.43768155e-03 6.83370691e-06],[1.23 1.13 1.23 1.13 1.23 1.13],[1.34 1.27 1.36 1.26 1.38 1.32]
41,9,[7.32431538e-09 5.02287860e-08 5.24584715e-03 2.73890469e-02],[1.4  1.07 1.03 1.07 1.03 1.03],[1.65 1.46 1.46 1.41 1.41 1.07]
8,0,[1.40421854e-05 9.88948875e-02 6.42800764e-06 1.15853531e-05],[1.   1.25 1.25 1.   1.   1.25],[1.26 1.39 1.36 1.29 1.27 1.39]
8,1,[3.03463980e-05 6.74189657e-03 1.02745397e-05 5.12392934e-02],[1.06 1.22 1.   1.06 1.   1.  ],[1.22 1.32 1.22 1.26 1.06 1.26]
8,2,[1.92089719e-06 6.83540029e-05 1.30633013e-03 6.07766084e-08],[1.21 1.15 1.3  1.15 1.21 1.15],[1.38 1.35 1.56 1.24 1.48 1.44]
8,3,[7.59423755e-07 3.20971031e-03 4.30469311e-08 2.65898492e-04],[1.12 1.33 1.17 1.12 1.12 1.17],[1.36 1.57 1.39 1.45 1.19 1.47]
8,4,[2.17954765e-10 1.03813241e-04 1.49086529e-07 1.22842915e-04],[1.23 1.38 1.23 1.23 1.23 1.23],[1.65 1.72 1.63 1.45 1.29 1.44]
8,5,[4.94629751e-06 1.96612840e-06 4.93691190e-04 1.08239380e-08],[1.29 1.19 1.29 1.19 1.3  1.19],[1.5  1.33 1.61 1.39 1.62 1.52]
8,6,[6.74980652e-07 1.03524984e-04 2.53005893e-03 4.15288434e-06],[1.2  1.13 1.28 1.13 1.2  1.13],[1.39 1.37 1.46 1.22 1.37 1.33]
8,7,[2.34476074e-04 2.73945113e-05 1.27790936e-03 9.68189882e-04],[1.16 1.15 1.15 1.15 1.15 1.15],[1.29 1.22 1.21 1.28 1.28 1.18]
8,8,[3.19818322e-05 7.06942101e-04 1.63639436e-05 3.09611346e-07],[1.17 1.24 1.24 1.17 1.17 1.24],[1.3  1.36 1.46 1.3  1.43 1.48]
8,9,[8.31273154e-07 1.46218705e-03 1.03921263e-05 7.43495703e-04],[1.15 1.25 1.15 1.15 1.15 1.15],[1.39 1.46 1.39 1.3  1.18 1.3 ]
38,0,[0.00806432 0.16460756 0.02533822 0.00132621],[1.   1.   1.03 1.   1.   1.  ],[1.03 1.03 1.09 1.   1.09 1.09]
38,1,[3.21154993e-03 3.00111881e-07 2.72015926e-03 7.81125773e-06],[1.12 1.12 1.12 1.12 1.26 1.12],[1.36 1.12 1.28 1.36 1.46 1.28]
38,2,[6.46690181e-05 1.95403110e-06 1.88112860e-04 4.80142634e-04],[1.2  1.19 1.19 1.19 1.19 1.19],[1.4  1.29 1.26 1.39 1.37 1.25]
38,3,[1.22899357e-05 3.37099194e-05 4.96400582e-07 5.51717611e-02],[1.23 1.25 1.   1.23 1.   1.  ],[1.33 1.44 1.27 1.42 1.23 1.37]
38,4,[5.79137107e-05 1.10329320e-05 8.62771633e-04 2.64063363e-04],[1.2  1.16 1.17 1.16 1.17 1.16],[1.36 1.27 1.3  1.31 1.34 1.23]
38,5,[3.96751636e-02 5.48855938e-09 1.22759506e-03 1.74580122e-03],[1.02 1.02 1.02 1.1  1.1  1.1 ],[1.46 1.12 1.11 1.46 1.46 1.13]
38,6,[0.00040719 0.0046233  0.00036237 0.00057363],[1.1  1.13 1.13 1.1  1.1  1.13],[1.17 1.21 1.19 1.18 1.16 1.21]
38,7,[1.59816839e-05 8.29478147e-06 4.56575002e-06 6.61085013e-07],[1.3 1.3 1.3 1.3 1.3 1.3],[1.39 1.43 1.47 1.44 1.47 1.5 ]
38,8,[6.09656727e-05 3.15265136e-02 2.89227400e-04 1.76502837e-05],[1.03 1.17 1.2  1.03 1.03 1.17],[1.22 1.26 1.31 1.17 1.26 1.3 ]
38,9,[0.00310594 0.00069943 0.01134671 0.00032472],[1.09 1.07 1.09 1.07 1.12 1.07],[1.14 1.09 1.17 1.14 1.19 1.17]
10,0,[5.02597569e-06 2.71577013e-04 1.51462429e-04 1.09116349e-05],[1.21 1.21 1.25 1.21 1.21 1.21],[1.35 1.36 1.43 1.26 1.33 1.36]
10,1,[2.25164088e-07 2.85654691e-04 2.00726812e-04 1.74329636e-05],[1.21 1.21 1.24 1.21 1.21 1.21],[1.43 1.44 1.51 1.26 1.31 1.34]
10,2,[7.76334085e-06 6.48243050e-05 5.55326544e-03 7.34980172e-05],[1.19 1.1  1.19 1.1  1.19 1.1 ],[1.34 1.3  1.35 1.23 1.28 1.23]
10,3,[4.42295101e-03 1.39794842e-11 4.16131526e-03 3.02192493e-08],[1.1  1.1  1.1  1.1  1.42 1.1 ],[1.64 1.1  1.42 1.64 1.8  1.42]
10,4,[0.00097814 0.00011851 0.00070753 0.0127199 ],[1.12 1.12 1.06 1.12 1.06 1.06],[1.21 1.16 1.13 1.22 1.2  1.14]
10,5,[2.01777512e-06 2.98945284e-02 1.28904875e-01 7.11742244e-03],[1.   1.   1.04 1.   1.   1.  ],[1.29 1.29 1.29 1.   1.04 1.04]
10,6,[7.38668718e-05 1.59331353e-05 3.02927454e-05 9.50760863e-04],[1.21 1.21 1.16 1.22 1.16 1.16],[1.34 1.33 1.26 1.38 1.29 1.29]
10,7,[5.50593010e-05 4.46479153e-05 1.70709794e-04 1.82955021e-03],[1.19 1.18 1.14 1.18 1.14 1.14],[1.32 1.27 1.25 1.3  1.25 1.21]
10,8,[4.29411453e-04 1.17018406e-08 5.22043477e-06 1.56248251e-05],[1.19 1.19 1.19 1.27 1.26 1.26],[1.51 1.34 1.31 1.57 1.56 1.42]
10,9,[7.94872843e-08 1.96710854e-04 3.56821482e-06 3.79633524e-07],[1.22 1.3  1.35 1.22 1.22 1.3 ],[1.45 1.54 1.59 1.36 1.43 1.52]
2,0,[0.0007064  0.0002419  0.00014154 0.00010169],[1.17 1.17 1.17 1.17 1.17 1.17],[1.23 1.24 1.25 1.26 1.26 1.3 ]
2,1,[9.27107607e-02 4.98079701e-03 5.65994834e-02 2.06855110e-06],[1.   1.   1.   1.   1.05 1.  ],[1.05 1.   1.29 1.05 1.29 1.29]
2,2,[6.11862225e-08 1.46451939e-09 6.61584809e-08 6.76623614e-04],[1.4  1.4  1.18 1.4  1.18 1.18],[1.72 1.63 1.45 1.73 1.56 1.45]
2,3,[3.18942610e-04 1.41036004e-03 5.40074166e-03 1.39747428e-05],[1.11 1.1  1.15 1.1  1.11 1.1 ],[1.18 1.18 1.3  1.13 1.29 1.27]
2,4,[9.15616793e-06 6.30722461e-05 4.31345519e-06 3.43777345e-05],[1.26 1.26 1.26 1.26 1.26 1.26],[1.36 1.42 1.41 1.39 1.33 1.43]
2,5,[7.94632821e-06 3.23415876e-06 3.45747975e-07 3.42040929e-03],[1.28 1.28 1.11 1.28 1.11 1.11],[1.41 1.47 1.3  1.48 1.32 1.38]
2,6,[2.25517720e-05 4.40856003e-06 3.70474113e-04 5.83887078e-02],[1.23 1.16 1.   1.16 1.   1.  ],[1.38 1.27 1.25 1.34 1.3  1.16]
2,7,[7.79329461e-02 1.26782538e-05 3.24218518e-03 6.91367374e-06],[1.   1.   1.   1.08 1.24 1.08],[1.25 1.08 1.28 1.25 1.36 1.28]
2,8,[1.23764857e-05 7.64977402e-03 4.01085576e-03 2.12271683e-04],[1.08 1.08 1.16 1.08 1.08 1.08],[1.26 1.26 1.29 1.09 1.18 1.18]
2,9,[5.45248993e-04 1.77616708e-05 1.71117880e-06 1.43889645e-05],[1.18 1.18 1.18 1.24 1.24 1.24],[1.3  1.37 1.31 1.43 1.38 1.43]
26,0,[7.05068308e-05 3.01767816e-03 1.33544257e-02 3.52914408e-07],[1.09 1.06 1.19 1.06 1.09 1.06],[1.21 1.21 1.4  1.09 1.36 1.36]
26,1,[1.16273728e-07 2.99558406e-06 3.28962715e-07 3.48097962e-05],[1.31 1.35 1.28 1.31 1.28 1.28],[1.57 1.59 1.49 1.51 1.4  1.49]
26,2,[1.67714841e-02 8.88146784e-05 3.80020670e-06 1.63954079e-03],[1.05 1.05 1.05 1.18 1.11 1.11],[1.2  1.3  1.11 1.34 1.22 1.31]
26,3,[1.03278169e-04 6.36315022e-04 8.31969363e-03 5.58880371e-07],[1.14 1.08 1.18 1.08 1.14 1.08],[1.23 1.21 1.4  1.15 1.38 1.37]
26,4,[2.35768650e-05 1.30462383e-03 2.05757704e-04 1.66755973e-06],[1.15 1.18 1.23 1.15 1.15 1.18],[1.29 1.3  1.41 1.23 1.35 1.4 ]
26,5,[4.18178242e-05 8.27565034e-05 1.46233121e-03 5.12858772e-03],[1.19 1.11 1.1  1.11 1.1  1.1 ],[1.29 1.24 1.24 1.21 1.21 1.14]
26,6,[2.53184667e-04 1.55373609e-02 1.19051759e-04 2.31117749e-05],[1.06 1.17 1.17 1.06 1.06 1.18],[1.18 1.25 1.28 1.2  1.25 1.3 ]
26,7,[9.19952940e-07 8.30289917e-05 9.03743371e-03 1.16518172e-03],[1.19 1.08 1.12 1.08 1.12 1.08],[1.37 1.35 1.35 1.21 1.21 1.13]
26,8,[2.17201549e-06 3.61985884e-04 5.11086455e-06 6.93159207e-04],[1.17 1.27 1.17 1.17 1.17 1.17],[1.37 1.45 1.36 1.33 1.22 1.35]
26,9,[5.23598258e-05 4.78881567e-06 1.09712994e-04 5.93632905e-02],[1.2 1.2 1.  1.2 1.  1. ],[1.35 1.27 1.22 1.34 1.29 1.2 ]
27,0,[5.69016155e-04 1.59328650e-03 1.01113568e-04 1.42939971e-05],[1.14 1.15 1.15 1.14 1.14 1.18],[1.19 1.25 1.31 1.23 1.28 1.32]
27,1,[8.40095291e-06 3.75895104e-04 2.05121546e-05 2.86511800e-03],[1.16 1.23 1.12 1.16 1.12 1.12],[1.33 1.38 1.3  1.29 1.19 1.27]
27,2,[4.55195372e-06 1.54709455e-05 2.10807376e-06 1.14959531e-06],[1.3 1.3 1.3 1.3 1.3 1.3],[1.43 1.47 1.5  1.42 1.44 1.5 ]
27,3,[2.50806439e-05 2.19607571e-04 1.68532095e-04 3.22027559e-03],[1.16 1.16 1.12 1.16 1.12 1.12],[1.29 1.31 1.26 1.23 1.2  1.2 ]
27,4,[8.44543047e-08 1.13851310e-03 3.07001133e-07 1.78111799e-05],[1.16 1.35 1.26 1.16 1.16 1.26],[1.44 1.6  1.52 1.4  1.29 1.5 ]
27,5,[6.99247311e-03 4.12831178e-02 8.29616632e-03 6.03787453e-05],[1.01 1.04 1.04 1.01 1.01 1.04],[1.05 1.05 1.19 1.05 1.19 1.19]
27,6,[9.63361517e-05 4.80044893e-11 5.85795876e-03 1.08298731e-04],[1.18 1.1  1.18 1.1  1.18 1.1 ],[1.62 1.21 1.27 1.62 1.62 1.21]
27,7,[3.88057257e-06 1.19720359e-03 1.95899983e-04 2.38590102e-07],[1.16 1.18 1.28 1.16 1.16 1.18],[1.34 1.35 1.54 1.22 1.4  1.44]
27,8,[6.66508258e-03 6.62255849e-04 1.27019296e-03 6.84007046e-05],[1.09 1.09 1.09 1.12 1.12 1.12],[1.15 1.13 1.23 1.16 1.23 1.23]
27,9,[1.88960274e-04 8.54151881e-07 6.23837963e-04 2.01337781e-03],[1.16 1.14 1.14 1.14 1.14 1.14],[1.39 1.22 1.22 1.37 1.36 1.18]
0,0,[7.62713633e-04 1.43758819e-05 8.09213077e-05 2.72253618e-05],[1.17 1.17 1.17 1.21 1.22 1.21],[1.31 1.25 1.27 1.34 1.39 1.32]
0,1,[2.57753528e-03 3.90316943e-06 5.62557088e-08 9.76158884e-05],[1.13 1.13 1.13 1.28 1.2  1.2 ],[1.32 1.44 1.23 1.51 1.35 1.47]
0,2,[3.75809559e-02 1.67431221e-05 2.81312150e-03 1.03490566e-03],[1.02 1.02 1.02 1.09 1.11 1.09],[1.25 1.09 1.12 1.25 1.25 1.13]
0,3,[2.57744356e-05 2.55341166e-03 2.18218992e-05 2.36571271e-06],[1.13 1.23 1.23 1.13 1.13 1.23],[1.27 1.34 1.41 1.26 1.33 1.4 ]
0,4,[1.72461158e-05 3.53289253e-04 5.00639816e-03 5.38160070e-05],[1.16 1.1  1.2  1.1  1.16 1.1 ],[1.28 1.27 1.32 1.18 1.26 1.23]
0,5,[1.15237335e-07 1.27411623e-04 1.33911328e-05 3.67524658e-05],[1.23 1.24 1.23 1.23 1.23 1.23],[1.48 1.52 1.46 1.34 1.33 1.36]
0,6,[3.44751029e-04 7.77953457e-08 2.35219711e-07 2.21773144e-08],[1.2  1.2  1.2  1.38 1.39 1.38],[1.47 1.42 1.51 1.59 1.67 1.65]
0,7,[9.97131282e-04 3.23165699e-05 1.39999996e-04 1.16589314e-03],[1.15 1.15 1.15 1.17 1.15 1.15],[1.28 1.24 1.19 1.3  1.28 1.22]
0,8,[1.48985887e-04 3.09732402e-04 1.58944333e-04 7.23356936e-06],[1.2 1.2 1.2 1.2 1.2 1.2],[1.25 1.28 1.35 1.26 1.34 1.35]
0,9,[2.50112836e-06 7.36874613e-04 6.21351326e-03 6.67631313e-07],[1.13 1.09 1.3  1.09 1.13 1.09],[1.31 1.31 1.46 1.15 1.37 1.37]
7,0,[3.58211923e-06 1.91715440e-05 4.97947188e-05 1.68134432e-03],[1.23 1.22 1.14 1.22 1.14 1.14],[1.38 1.36 1.33 1.33 1.28 1.24]
7,1,[2.01287285e-02 1.90889702e-06 1.23313032e-05 2.84907349e-08],[1.05 1.05 1.05 1.27 1.3  1.27],[1.32 1.27 1.45 1.41 1.55 1.52]
7,2,[5.95509906e-08 1.39008870e-02 1.63510036e-02 9.47872051e-07],[1.03 1.03 1.32 1.03 1.03 1.03],[1.41 1.41 1.53 1.03 1.32 1.32]
7,3,[4.55392661e-05 3.06159142e-09 2.38979699e-05 6.22980800e-09],[1.26 1.26 1.26 1.26 1.46 1.26],[1.61 1.38 1.57 1.56 1.76 1.61]
7,4,[1.30452384e-05 2.53549228e-05 8.86360638e-08 2.57453797e-06],[1.28 1.28 1.28 1.28 1.28 1.29],[1.39 1.54 1.43 1.5  1.43 1.57]
7,5,[2.37472517e-08 1.82386185e-03 1.30293055e-03 7.21918111e-07],[1.14 1.14 1.33 1.14 1.14 1.14],[1.45 1.45 1.6  1.16 1.38 1.38]
7,6,[4.45713987e-06 1.55627989e-03 2.49290798e-04 1.25800799e-05],[1.14 1.17 1.25 1.14 1.14 1.17],[1.32 1.35 1.41 1.21 1.29 1.31]
7,7,[2.10240597e-04 2.87980315e-03 2.31124030e-05 6.38679212e-03],[1.09 1.16 1.09 1.09 1.09 1.09],[1.18 1.28 1.18 1.25 1.1  1.25]
7,8,[2.20031114e-06 1.23986247e-05 2.76586831e-06 2.66208324e-06],[1.31 1.31 1.31 1.31 1.31 1.31],[1.44 1.49 1.48 1.44 1.45 1.51]
7,9,[9.89020970e-06 1.36381657e-05 6.80168627e-05 6.16885377e-04],[1.24 1.21 1.18 1.21 1.18 1.18],[1.4  1.36 1.32 1.36 1.31 1.28]
32,0,[7.99942908e-04 5.63051513e-03 8.37127838e-07 7.76186563e-05],[1.1  1.13 1.13 1.1  1.1  1.19],[1.14 1.35 1.23 1.35 1.22 1.4 ]
32,1,[4.57411589e-04 1.14777871e-04 8.49445158e-06 9.35262224e-04],[1.16 1.16 1.16 1.18 1.16 1.16],[1.24 1.32 1.2  1.34 1.22 1.32]
32,2,[6.73055295e-07 4.50460845e-06 7.00669768e-02 3.03121992e-06],[1.28 1.   1.28 1.   1.28 1.  ],[1.47 1.35 1.47 1.29 1.39 1.31]
32,3,[6.04378213e-06 2.39186396e-04 6.61098684e-03 3.30658330e-02],[1.15 1.06 1.02 1.06 1.02 1.02],[1.3  1.27 1.27 1.16 1.16 1.06]
32,4,[1.22988212e-06 4.01750536e-03 1.23523862e-02 2.06714484e-04],[1.08 1.06 1.16 1.06 1.08 1.06],[1.32 1.32 1.33 1.09 1.17 1.17]
32,5,[0.1459976  0.00214886 0.00040646 0.01483618],[1.   1.   1.   1.08 1.03 1.03],[1.08 1.14 1.03 1.14 1.08 1.14]
32,6,[1.39042599e-02 6.55846107e-03 2.87040158e-07 2.35581402e-04],[1.06 1.06 1.06 1.06 1.06 1.16],[1.06 1.36 1.16 1.36 1.16 1.38]
32,7,[5.63087736e-06 5.59591076e-08 1.99697755e-04 2.82801595e-07],[1.29 1.22 1.29 1.22 1.36 1.22],[1.54 1.35 1.53 1.48 1.62 1.42]
32,8,[0.00159112 0.00033814 0.03377635 0.00720146],[1.09 1.02 1.05 1.02 1.05 1.02],[1.15 1.09 1.09 1.15 1.15 1.05]
32,9,[8.07255877e-05 5.69519321e-10 4.53459396e-04 2.67305521e-04],[1.19 1.19 1.19 1.19 1.19 1.19],[1.6  1.27 1.28 1.59 1.61 1.25]
39,0,[1.76977827e-02 2.90287719e-05 2.27301214e-04 1.07712335e-02],[1.04 1.04 1.04 1.16 1.04 1.04],[1.22 1.16 1.04 1.27 1.22 1.16]
39,1,[2.58925678e-06 1.06987402e-06 4.32361956e-02 1.34395845e-04],[1.29 1.01 1.19 1.01 1.19 1.01],[1.45 1.31 1.34 1.34 1.38 1.19]
39,2,[0.00023565 0.00014318 0.00028531 0.00073846],[1.17 1.17 1.17 1.17 1.17 1.17],[1.26 1.25 1.22 1.27 1.24 1.24]
39,3,[6.57463174e-04 2.41719632e-05 2.09636587e-06 2.42914711e-08],[1.18 1.18 1.18 1.25 1.25 1.3 ],[1.28 1.38 1.49 1.43 1.52 1.62]
39,4,[3.91262738e-03 1.00518141e-03 4.34371124e-06 5.01835089e-04],[1.11 1.11 1.11 1.12 1.12 1.13],[1.16 1.31 1.17 1.31 1.19 1.32]
39,5,[3.87626142e-05 4.23995023e-05 1.03356019e-05 7.82228992e-05],[1.25 1.25 1.25 1.25 1.25 1.25],[1.33 1.38 1.32 1.36 1.33 1.37]
39,6,[1.49133697e-05 5.65549897e-03 8.16032894e-03 1.04505204e-03],[1.08 1.08 1.11 1.08 1.08 1.08],[1.25 1.25 1.25 1.08 1.12 1.12]
39,7,[0.00246311 0.00015212 0.02476026 0.00658956],[1.08 1.04 1.06 1.04 1.06 1.04],[1.18 1.09 1.09 1.17 1.17 1.06]
39,8,[1.59469270e-05 1.19660841e-05 4.81472454e-05 1.86328204e-04],[1.24 1.23 1.22 1.23 1.22 1.22],[1.38 1.36 1.34 1.36 1.33 1.31]
39,9,[2.79656859e-02 8.92432524e-06 1.17353529e-03 7.02478920e-07],[1.03 1.03 1.03 1.12 1.26 1.12],[1.28 1.12 1.35 1.28 1.43 1.35]
35,0,[4.76538200e-03 4.52820985e-02 3.48942507e-05 4.02065876e-03],[1.01 1.06 1.06 1.01 1.01 1.06],[1.07 1.21 1.08 1.21 1.08 1.21]
35,1,[3.26504751e-03 9.29659581e-05 2.48677788e-04 6.70646692e-03],[1.09 1.09 1.09 1.15 1.09 1.09],[1.2  1.17 1.1  1.23 1.2  1.17]
35,2,[5.10348442e-07 1.86320918e-07 8.22916822e-06 5.15446696e-06],[1.34 1.32 1.32 1.32 1.32 1.32],[1.58 1.49 1.49 1.51 1.55 1.44]
35,3,[1.12215978e-05 1.41312791e-06 3.66966857e-03 8.07303108e-07],[1.27 1.11 1.27 1.11 1.31 1.11],[1.43 1.28 1.46 1.34 1.52 1.37]
35,4,[1.76970407e-02 1.15682432e-04 2.69506039e-06 4.10394052e-09],[1.05 1.05 1.05 1.2  1.2  1.29],[1.2  1.31 1.5  1.35 1.53 1.59]
35,5,[3.50766642e-04 1.19452599e-08 1.31830382e-05 4.65414449e-03],[1.16 1.16 1.1  1.24 1.1  1.1 ],[1.5  1.3  1.17 1.54 1.49 1.28]
35,6,[1.88498715e-05 2.91887837e-04 1.89333024e-07 4.90379834e-05],[1.2  1.24 1.23 1.2  1.2  1.23],[1.32 1.5  1.34 1.44 1.28 1.53]
35,7,[1.60799411e-02 5.18138748e-06 1.67878127e-04 2.46987558e-07],[1.05 1.05 1.05 1.19 1.27 1.19],[1.3  1.19 1.38 1.33 1.46 1.42]
35,8,[5.98032932e-06 2.47772486e-04 8.26132608e-06 1.75304439e-04],[1.21 1.26 1.21 1.21 1.21 1.21],[1.36 1.44 1.37 1.34 1.26 1.34]
35,9,[7.01807494e-04 6.17742621e-04 4.03326696e-06 4.77286119e-06],[1.17 1.17 1.17 1.17 1.17 1.27],[1.21 1.36 1.34 1.35 1.33 1.45]
13,0,[3.88774850e-03 1.30975149e-07 1.05550242e-04 1.76831065e-04],[1.11 1.11 1.11 1.18 1.18 1.18],[1.42 1.22 1.21 1.44 1.45 1.28]
13,1,[1.20949293e-04 1.59990874e-04 1.49961875e-05 3.91717416e-05],[1.23 1.23 1.23 1.23 1.23 1.23],[1.28 1.34 1.31 1.32 1.31 1.37]
13,2,[2.82000490e-05 1.98792907e-03 5.77830660e-05 9.26835596e-03],[1.1  1.2  1.08 1.1  1.08 1.08],[1.24 1.3  1.24 1.22 1.11 1.22]
13,3,[9.02190316e-05 1.74011273e-05 3.21697250e-02 1.00843020e-06],[1.2  1.02 1.2  1.02 1.24 1.02],[1.29 1.2  1.4  1.26 1.42 1.34]
13,4,[4.30092237e-04 2.01787638e-08 2.27123645e-03 2.74489154e-08],[1.15 1.13 1.15 1.13 1.42 1.13],[1.49 1.18 1.47 1.48 1.63 1.47]
13,5,[3.63580391e-05 6.70711083e-06 8.25137161e-07 1.08258675e-08],[1.27 1.27 1.27 1.28 1.28 1.33],[1.38 1.41 1.55 1.49 1.6  1.62]
13,6,[2.33232849e-06 2.64187722e-06 1.63014241e-06 2.07531153e-05],[1.29 1.29 1.29 1.29 1.29 1.29],[1.49 1.49 1.43 1.48 1.43 1.44]
13,7,[4.60425479e-05 2.44564580e-03 7.40749739e-04 1.20609633e-02],[1.09 1.12 1.07 1.09 1.07 1.07],[1.22 1.24 1.22 1.14 1.1  1.14]
13,8,[1.00902086e-04 6.77428669e-09 4.54945714e-07 2.93897182e-03],[1.2  1.2  1.12 1.35 1.12 1.12],[1.51 1.42 1.21 1.64 1.5  1.39]
13,9,[5.08936072e-06 1.50734759e-04 6.40811395e-06 7.50826312e-09],[1.23 1.27 1.27 1.23 1.23 1.27],[1.36 1.43 1.62 1.35 1.56 1.65]
31,0,[5.09979874e-02 8.00260369e-03 7.63999331e-06 2.60541702e-04],[1.   1.   1.   1.05 1.05 1.15],[1.05 1.26 1.15 1.26 1.15 1.3 ]
31,1,[1.49094539e-03 6.18509164e-06 8.47099463e-04 7.31282590e-08],[1.15 1.15 1.15 1.15 1.26 1.15],[1.3  1.18 1.44 1.3  1.48 1.46]
31,2,[9.48697776e-05 6.32446743e-03 1.83889628e-05 7.09568248e-04],[1.09 1.18 1.14 1.09 1.09 1.14],[1.21 1.32 1.22 1.27 1.15 1.29]
31,3,[0.00044357 0.00098852 0.00209675 0.00535288],[1.11 1.1  1.1  1.1  1.1  1.1 ],[1.18 1.18 1.17 1.14 1.14 1.12]
31,4,[3.21621383e-04 1.75046667e-06 8.32415182e-04 7.22199989e-06],[1.17 1.17 1.17 1.17 1.26 1.17],[1.38 1.22 1.33 1.36 1.45 1.33]
31,5,[1.05810855e-06 7.68876675e-05 2.87982485e-02 7.28151705e-07],[1.21 1.03 1.32 1.03 1.21 1.03],[1.38 1.34 1.46 1.21 1.39 1.35]
31,6,[3.02956755e-06 3.87120141e-04 2.08252274e-04 1.41297798e-03],[1.16 1.16 1.15 1.16 1.15 1.15],[1.34 1.37 1.33 1.24 1.21 1.22]
31,7,[1.13699490e-03 1.75049150e-06 2.21266748e-03 1.92676344e-05],[1.13 1.13 1.13 1.13 1.23 1.13],[1.32 1.16 1.28 1.32 1.38 1.28]
31,8,[1.64993844e-07 2.52255893e-05 1.03463671e-06 3.00767361e-03],[1.25 1.32 1.12 1.25 1.12 1.12],[1.46 1.51 1.41 1.4  1.26 1.36]
31,9,[5.77543504e-05 7.99141843e-05 9.56090210e-05 3.69299104e-07],[1.24 1.24 1.24 1.24 1.24 1.24],[1.31 1.31 1.46 1.29 1.45 1.44]
20,0,[1.46954936e-05 3.18579140e-07 9.01110756e-06 1.42192082e-04],[1.26 1.26 1.22 1.26 1.22 1.22],[1.47 1.39 1.33 1.5  1.44 1.37]
20,1,[6.50549698e-07 2.32595408e-05 3.83744592e-09 2.49749812e-04],[1.25 1.33 1.21 1.25 1.21 1.21],[1.47 1.66 1.41 1.58 1.3  1.58]
20,2,[3.38560828e-06 1.38604675e-03 1.16053415e-05 6.83094551e-04],[1.15 1.24 1.15 1.15 1.15 1.15],[1.34 1.39 1.34 1.29 1.19 1.3 ]
20,3,[6.49470944e-05 1.71819223e-03 1.89963252e-07 1.59206248e-06],[1.14 1.22 1.22 1.14 1.14 1.31],[1.25 1.45 1.41 1.4  1.36 1.55]
20,4,[2.43162722e-05 2.35242006e-03 9.29067376e-05 3.40495888e-05],[1.13 1.21 1.21 1.13 1.13 1.21],[1.27 1.31 1.35 1.24 1.26 1.32]
20,5,[2.43967300e-06 2.60468965e-03 3.81238350e-02 2.38136837e-05],[1.09 1.02 1.22 1.02 1.09 1.02],[1.3  1.3  1.38 1.09 1.24 1.24]
20,6,[1.04272055e-07 2.90693925e-04 2.26508235e-05 5.27031861e-04],[1.18 1.23 1.18 1.18 1.18 1.18],[1.44 1.49 1.44 1.31 1.23 1.3 ]
20,7,[6.16704371e-03 2.11247036e-03 2.57544608e-03 1.73578109e-05],[1.09 1.09 1.09 1.09 1.09 1.09],[1.11 1.11 1.24 1.12 1.24 1.24]
20,8,[3.57403438e-04 1.22920226e-04 2.69742840e-05 5.88922194e-04],[1.18 1.18 1.18 1.18 1.18 1.18],[1.26 1.3  1.21 1.31 1.25 1.29]
20,9,[1.40256097e-05 1.60889894e-04 6.27106667e-04 9.54636038e-04],[1.17 1.16 1.16 1.16 1.16 1.16],[1.32 1.31 1.29 1.24 1.22 1.2 ]
30,0,[2.29449523e-04 8.21993134e-06 9.63951351e-04 9.56098806e-05],[1.18 1.16 1.18 1.16 1.18 1.16],[1.35 1.23 1.27 1.31 1.35 1.25]
30,1,[9.04781318e-04 5.45851020e-07 3.11622292e-08 5.99397803e-02],[1.13 1.13 1.   1.34 1.   1.  ],[1.37 1.43 1.13 1.56 1.36 1.43]
30,2,[8.50756132e-02 2.81926126e-06 9.73363200e-04 4.01163550e-03],[1.   1.   1.   1.11 1.08 1.08],[1.29 1.13 1.08 1.29 1.29 1.13]
30,3,[0.00023836 0.01820365 0.00023638 0.00326393],[1.05 1.14 1.08 1.05 1.05 1.08],[1.17 1.22 1.17 1.16 1.09 1.16]
30,4,[3.08994991e-04 3.53583094e-05 1.42733455e-02 7.16299440e-03],[1.15 1.06 1.06 1.06 1.06 1.05],[1.25 1.15 1.15 1.22 1.22 1.05]
30,5,[5.85297327e-05 2.31865560e-04 1.23624797e-04 2.55464610e-07],[1.21 1.21 1.21 1.21 1.21 1.21],[1.29 1.31 1.47 1.28 1.43 1.47]
30,6,[1.33675693e-09 8.56951945e-08 2.21587817e-03 2.73560305e-05],[1.39 1.13 1.24 1.13 1.24 1.13],[1.7  1.54 1.6  1.45 1.51 1.28]
30,7,[2.65036771e-02 3.13928029e-04 1.07132291e-06 4.41842561e-02],[1.   1.   1.   1.15 1.   1.  ],[1.15 1.32 1.   1.34 1.15 1.32]
30,8,[1.24543422e-05 2.72656310e-03 4.09572865e-07 1.05844595e-05],[1.12 1.25 1.25 1.12 1.12 1.25],[1.28 1.45 1.38 1.38 1.29 1.47]
30,9,[6.52124057e-05 1.61773792e-03 1.93620865e-06 2.99803780e-05],[1.14 1.21 1.21 1.14 1.14 1.22],[1.26 1.39 1.33 1.34 1.27 1.4 ]
43,0,[7.17362538e-07 4.32331810e-05 1.46595605e-03 1.64702101e-02],[1.21 1.11 1.05 1.11 1.05 1.05],[1.39 1.35 1.35 1.22 1.22 1.11]
43,1,[5.98392949e-07 4.94539101e-04 1.12412048e-04 9.89412413e-06],[1.19 1.2  1.25 1.19 1.19 1.2 ],[1.4  1.44 1.46 1.24 1.35 1.37]
43,2,[3.17474949e-03 6.03430628e-06 1.14510817e-04 3.36046861e-03],[1.12 1.12 1.12 1.18 1.12 1.12],[1.29 1.21 1.12 1.32 1.29 1.21]
43,3,[9.02828301e-04 2.27911810e-07 1.94633431e-02 9.73671810e-03],[1.11 1.04 1.04 1.04 1.04 1.04],[1.36 1.12 1.12 1.36 1.36 1.04]
43,4,[7.75153244e-06 3.98895968e-04 6.95906864e-03 1.64258350e-04],[1.16 1.09 1.17 1.09 1.16 1.09],[1.31 1.3  1.32 1.17 1.22 1.19]
43,5,[8.91324334e-05 9.35910184e-05 2.26289085e-03 1.46448568e-02],[1.17 1.1  1.06 1.1  1.06 1.06],[1.26 1.2  1.2  1.2  1.2  1.1 ]
43,6,[1.90698231e-02 5.18585259e-03 1.15592300e-04 6.25837524e-06],[1.05 1.05 1.05 1.07 1.07 1.18],[1.07 1.18 1.27 1.18 1.27 1.31]
43,7,[2.25668429e-06 1.00726243e-06 1.52279664e-08 1.85206505e-03],[1.32 1.32 1.14 1.32 1.14 1.14],[1.48 1.53 1.33 1.59 1.38 1.47]
43,8,[6.24330298e-06 1.22646392e-06 3.96420135e-05 2.65356795e-05],[1.27 1.27 1.27 1.27 1.27 1.27],[1.46 1.39 1.4  1.41 1.45 1.35]
43,9,[1.03335406e-05 1.28226139e-08 4.59624638e-04 1.97844317e-06],[1.27 1.19 1.27 1.19 1.3  1.19],[1.6  1.32 1.44 1.51 1.6  1.37]
46,0,[1.11424014e-02 6.97116158e-06 1.34120776e-02 2.17415308e-09],[1.05 1.05 1.05 1.05 1.26 1.05],[1.26 1.05 1.49 1.26 1.56 1.49]
46,1,[9.78450939e-04 9.05170628e-06 1.13448435e-07 1.85652803e-04],[1.16 1.16 1.16 1.25 1.18 1.18],[1.3  1.45 1.22 1.51 1.32 1.45]
46,2,[7.21671748e-07 5.37658416e-03 1.46292010e-04 2.66692580e-04],[1.1  1.17 1.17 1.1  1.1  1.17],[1.36 1.38 1.36 1.2  1.18 1.23]
46,3,[8.68874551e-07 6.28419983e-10 1.23619556e-06 3.05506451e-03],[1.32 1.32 1.12 1.32 1.12 1.12],[1.68 1.49 1.35 1.71 1.58 1.36]
46,4,[2.11151864e-07 4.23988861e-03 9.91794322e-08 5.81885896e-04],[1.11 1.37 1.14 1.11 1.11 1.14],[1.4  1.53 1.4  1.41 1.16 1.41]
46,5,[8.84305736e-03 8.04885469e-05 2.46033022e-04 8.37058141e-05],[1.08 1.08 1.08 1.17 1.18 1.17],[1.22 1.18 1.22 1.26 1.28 1.25]
46,6,[7.37153965e-05 4.07256076e-03 6.71922298e-08 8.67401041e-02],[1.08 1.19 1.   1.08 1.   1.  ],[1.2  1.44 1.2  1.41 1.08 1.41]
46,7,[2.56177830e-05 9.03340685e-05 3.63249586e-04 3.65488534e-07],[1.2  1.2  1.22 1.2  1.2  1.2 ],[1.34 1.32 1.46 1.26 1.44 1.44]
46,8,[6.10639719e-04 7.39246639e-03 5.44282184e-07 1.16006758e-02],[1.06 1.12 1.06 1.06 1.06 1.06],[1.13 1.35 1.13 1.34 1.06 1.34]
46,9,[3.68187028e-04 4.46798267e-08 5.83892457e-05 7.16833214e-02],[1.16 1.16 1.   1.2  1.   1.  ],[1.44 1.26 1.16 1.47 1.43 1.22]
40,0,[1.05634517e-06 4.37639963e-05 4.58796636e-08 3.40930530e-06],[1.27 1.32 1.31 1.27 1.27 1.31],[1.42 1.6  1.49 1.51 1.41 1.58]
40,1,[1.21901053e-06 4.04853833e-08 7.49784071e-07 4.16271311e-04],[1.32 1.32 1.19 1.32 1.19 1.19],[1.55 1.53 1.38 1.59 1.49 1.38]
40,2,[3.23040514e-04 2.63257955e-08 1.51101068e-07 1.45056955e-04],[1.2  1.2  1.2  1.37 1.2  1.2 ],[1.48 1.43 1.26 1.63 1.51 1.44]
40,3,[5.44116066e-06 2.85734558e-03 4.35576368e-03 5.94074756e-02],[1.07 1.07 1.   1.07 1.   1.  ],[1.28 1.28 1.28 1.09 1.09 1.07]
40,4,[7.86880009e-06 1.27864061e-06 2.92089880e-04 1.65329392e-03],[1.26 1.17 1.14 1.17 1.14 1.14],[1.43 1.32 1.31 1.37 1.36 1.2 ]
40,5,[1.12182638e-03 1.21095946e-04 1.12253437e-05 1.00846365e-05],[1.16 1.16 1.16 1.19 1.19 1.24],[1.23 1.32 1.3  1.34 1.33 1.42]
40,6,[1.76404806e-02 7.25870289e-01 3.39884628e-04 1.08402866e-04],[1.   1.02 1.02 1.   1.   1.14],[1.02 1.14 1.18 1.14 1.18 1.23]
40,7,[5.53597977e-05 4.24367559e-04 9.79055445e-05 3.31050677e-05],[1.19 1.2  1.2  1.19 1.19 1.2 ],[1.27 1.31 1.33 1.26 1.28 1.32]
40,8,[2.90947321e-03 7.41698877e-05 1.12774941e-04 1.06179709e-05],[1.12 1.12 1.12 1.19 1.19 1.19],[1.23 1.22 1.31 1.28 1.35 1.35]
40,9,[3.81187698e-06 8.06558186e-05 7.66262119e-03 3.43016469e-06],[1.21 1.08 1.27 1.08 1.21 1.08],[1.35 1.31 1.43 1.22 1.34 1.31]
19,0,[3.55959815e-05 2.72679673e-04 6.00634027e-03 4.10971220e-05],[1.17 1.09 1.2  1.09 1.17 1.09],[1.28 1.24 1.32 1.17 1.28 1.24]
19,1,[1.04195209e-01 1.30770745e-04 4.04824113e-05 2.78293903e-03],[1.   1.   1.   1.18 1.09 1.09],[1.19 1.22 1.09 1.27 1.19 1.22]
19,2,[1.21983375e-04 3.16444804e-05 1.85185446e-04 1.01466328e-07],[1.22 1.22 1.22 1.22 1.22 1.22],[1.32 1.29 1.48 1.31 1.53 1.48]
19,3,[4.26244649e-06 2.74015550e-03 3.13692120e-06 7.58293911e-03],[1.09 1.27 1.08 1.09 1.08 1.08],[1.3  1.43 1.3  1.3  1.1  1.3 ]
19,4,[5.49580958e-04 1.40278747e-03 3.68484578e-05 2.14354437e-03],[1.13 1.13 1.13 1.13 1.13 1.13],[1.18 1.26 1.18 1.25 1.15 1.25]
19,5,[9.96153954e-05 1.73379026e-05 1.12296542e-04 1.18473745e-05],[1.24 1.24 1.24 1.24 1.24 1.24],[1.35 1.3  1.36 1.32 1.4  1.36]
19,6,[6.17284002e-14 1.40739352e-07 6.61456648e-07 1.80038061e-04],[1.37 1.36 1.22 1.36 1.22 1.22],[2.   1.95 1.88 1.59 1.46 1.41]
19,7,[7.02182989e-05 9.64742508e-10 3.66267240e-04 1.42586963e-06],[1.21 1.2  1.21 1.2  1.31 1.2 ],[1.57 1.28 1.41 1.57 1.64 1.39]
19,8,[5.14348450e-03 1.93251585e-02 6.81020949e-08 2.64347584e-04],[1.05 1.07 1.07 1.05 1.05 1.15],[1.07 1.41 1.16 1.41 1.16 1.43]
19,9,[2.94044818e-06 7.97710626e-05 2.41149516e-07 6.44451146e-03],[1.21 1.29 1.09 1.21 1.09 1.09],[1.35 1.5  1.32 1.43 1.22 1.4 ]
9,0,[9.89807343e-05 3.21357861e-02 2.40865278e-05 1.41461160e-05],[1.02 1.2  1.2  1.02 1.02 1.22],[1.2  1.31 1.32 1.25 1.26 1.36]
9,1,[2.26802133e-10 4.11039259e-05 1.25412739e-05 5.57764353e-06],[1.27 1.27 1.27 1.27 1.27 1.27],[1.64 1.65 1.7  1.38 1.4  1.42]
9,2,[7.35466308e-05 5.72706010e-04 9.32772324e-05 7.43772728e-06],[1.18 1.19 1.19 1.18 1.18 1.19],[1.27 1.29 1.35 1.26 1.32 1.37]
9,3,[0.00319194 0.00154136 0.00151375 0.00054709],[1.12 1.12 1.12 1.12 1.12 1.12],[1.14 1.14 1.17 1.14 1.17 1.17]
9,4,[2.92780880e-04 3.36590283e-04 1.56682225e-04 7.83712428e-10],[1.2 1.2 1.2 1.2 1.2 1.2],[1.25 1.26 1.6  1.26 1.58 1.58]
9,5,[1.08893686e-03 8.73743998e-04 7.61727861e-07 2.88627682e-06],[1.16 1.16 1.16 1.16 1.16 1.29],[1.19 1.37 1.34 1.37 1.34 1.48]
9,6,[7.57100471e-03 7.00680101e-05 3.60615668e-05 5.36995107e-03],[1.08 1.08 1.08 1.19 1.08 1.08],[1.2  1.23 1.08 1.28 1.2  1.23]
9,7,[1.86085396e-03 1.66262368e-05 3.03517947e-04 4.99689845e-10],[1.14 1.14 1.14 1.17 1.24 1.17],[1.28 1.21 1.57 1.3  1.62 1.57]
9,8,[9.86111470e-05 1.60231046e-05 1.14806288e-01 4.89230995e-02],[1.18 1.   1.   1.   1.   1.  ],[1.29 1.18 1.18 1.24 1.24 1.  ]
9,9,[3.09905507e-03 4.59694622e-04 4.12061830e-02 3.24032680e-05],[1.09 1.01 1.09 1.01 1.13 1.01],[1.15 1.09 1.24 1.15 1.26 1.24]
42,0,[9.95146406e-02 9.60957084e-05 2.07007686e-06 1.72564469e-08],[1.  1.  1.  1.2 1.2 1.3],[1.2  1.32 1.46 1.37 1.48 1.59]
42,1,[1.25200319e-05 8.61972456e-06 2.49836150e-04 1.19753397e-02],[1.24 1.17 1.07 1.17 1.07 1.07],[1.37 1.29 1.27 1.31 1.28 1.17]
42,2,[5.44214708e-04 5.74278581e-05 1.30013579e-06 9.73732545e-07],[1.18 1.18 1.18 1.22 1.22 1.31],[1.27 1.41 1.39 1.4  1.41 1.53]
42,3,[3.68769459e-11 1.37488031e-05 6.74362809e-04 1.03933140e-03],[1.24 1.16 1.16 1.16 1.16 1.16],[1.7  1.64 1.64 1.31 1.31 1.19]
42,4,[8.99234825e-07 2.44982584e-07 8.57077582e-05 1.13863108e-05],[1.32 1.24 1.27 1.24 1.27 1.24],[1.55 1.43 1.47 1.44 1.51 1.36]
42,5,[1.44262909e-04 6.27366977e-03 1.92960706e-02 1.39483535e-05],[1.06 1.05 1.17 1.05 1.06 1.05],[1.18 1.18 1.28 1.06 1.25 1.25]
42,6,[3.06004154e-05 1.45607850e-02 3.59918696e-05 2.51866092e-04],[1.06 1.2  1.17 1.06 1.06 1.17],[1.24 1.31 1.27 1.23 1.17 1.27]
42,7,[3.31675986e-04 1.55825207e-03 2.22888847e-03 1.39278929e-06],[1.13 1.13 1.14 1.13 1.13 1.13],[1.2  1.2  1.35 1.15 1.34 1.34]
42,8,[8.11879701e-08 1.47894200e-07 6.08940516e-07 1.04087746e-06],[1.38 1.38 1.38 1.38 1.38 1.38],[1.62 1.58 1.61 1.56 1.55 1.53]
42,9,[4.56712974e-04 4.04623441e-06 2.13316503e-05 1.02488108e-04],[1.19 1.19 1.19 1.23 1.2  1.2 ],[1.36 1.29 1.26 1.41 1.38 1.34]
37,0,[7.91196507e-06 3.18594048e-03 1.13404765e-05 8.18098611e-09],[1.12 1.26 1.26 1.12 1.12 1.26],[1.29 1.37 1.57 1.29 1.5  1.57]
37,1,[4.61066213e-04 4.24023782e-07 1.03753882e-03 3.44004090e-04],[1.16 1.16 1.16 1.16 1.16 1.16],[1.4  1.21 1.23 1.4  1.4  1.21]
37,2,[1.81901976e-05 1.80461705e-01 6.44344541e-04 1.84582410e-03],[1.   1.12 1.1  1.   1.   1.1 ],[1.26 1.27 1.26 1.14 1.1  1.15]
37,3,[9.89945697e-06 2.37646553e-04 2.65053594e-05 1.12359666e-04],[1.21 1.22 1.21 1.21 1.21 1.21],[1.36 1.41 1.34 1.31 1.27 1.34]
37,4,[1.20647981e-04 1.97498495e-05 2.78663029e-07 2.96757184e-04],[1.2  1.2  1.2  1.23 1.2  1.2 ],[1.35 1.44 1.27 1.49 1.31 1.44]
37,5,[3.59786694e-04 1.12635114e-07 4.48362842e-02 9.57225732e-06],[1.16 1.01 1.16 1.01 1.26 1.01],[1.41 1.16 1.3  1.41 1.48 1.28]
37,6,[7.54715958e-03 5.37243139e-10 1.58044853e-05 1.59008554e-04],[1.08 1.08 1.08 1.24 1.19 1.19],[1.56 1.27 1.2  1.61 1.59 1.33]
37,7,[2.73463272e-07 6.18424970e-03 4.52977055e-05 1.26154429e-06],[1.09 1.23 1.31 1.09 1.09 1.23],[1.39 1.43 1.53 1.24 1.34 1.41]
37,8,[9.90271910e-04 2.72338573e-07 1.56543895e-03 2.71432195e-04],[1.14 1.14 1.14 1.14 1.15 1.14],[1.39 1.17 1.22 1.39 1.39 1.2 ]
37,9,[2.83666234e-05 3.36931708e-04 4.07718448e-04 1.15689202e-04],[1.19 1.19 1.19 1.19 1.19 1.19],[1.29 1.3  1.32 1.23 1.26 1.26]
49,0,[8.96183759e-03 5.54338726e-04 2.02018767e-03 1.10515805e-07],[1.08 1.08 1.08 1.1  1.13 1.1 ],[1.15 1.11 1.4  1.15 1.4  1.4 ]
49,1,[2.50286619e-04 3.29741737e-05 8.81827251e-04 7.04959716e-03],[1.15 1.13 1.09 1.13 1.09 1.09],[1.28 1.19 1.18 1.25 1.24 1.14]
49,2,[7.54927763e-05 1.67245360e-04 9.56036522e-07 7.00014493e-05],[1.22 1.22 1.22 1.22 1.22 1.22],[1.29 1.43 1.32 1.4  1.29 1.44]
49,3,[4.15436206e-04 9.00225610e-05 1.34444131e-05 4.09165085e-02],[1.16 1.16 1.01 1.18 1.01 1.01],[1.23 1.29 1.16 1.32 1.2  1.27]
49,4,[3.36570100e-05 7.56745118e-04 1.50773788e-07 1.38875466e-02],[1.14 1.22 1.06 1.14 1.06 1.06],[1.26 1.46 1.24 1.39 1.14 1.39]
49,5,[1.10728127e-05 2.05238029e-03 4.10116385e-13 1.34812196e-06],[1.13 1.27 1.27 1.13 1.13 1.31],[1.3  1.81 1.43 1.78 1.34 1.86]
49,6,[4.72828785e-02 5.32739307e-05 5.42026838e-03 2.97277200e-06],[1.01 1.01 1.01 1.07 1.2  1.07],[1.21 1.07 1.29 1.21 1.35 1.29]
49,7,[3.91693781e-04 2.58450572e-05 2.44602352e-03 4.59961833e-03],[1.14 1.11 1.11 1.11 1.11 1.11],[1.27 1.16 1.16 1.25 1.25 1.12]
49,8,[1.11119178e-04 6.04918018e-05 6.06849422e-08 2.36445031e-05],[1.23 1.23 1.23 1.23 1.23 1.23],[1.29 1.49 1.32 1.51 1.35 1.52]
49,9,[0.00040328 0.03084729 0.00141551 0.04505276],[1.   1.09 1.   1.   1.   1.  ],[1.14 1.15 1.14 1.09 1.   1.09]
29,0,[0.00320897 0.00289462 0.0023658  0.00275463],[1.12 1.12 1.12 1.12 1.12 1.12],[1.12 1.12 1.12 1.12 1.12 1.12]
29,1,[4.78445205e-05 3.31901691e-05 5.54282713e-06 7.46226736e-05],[1.25 1.25 1.25 1.25 1.25 1.25],[1.32 1.38 1.32 1.42 1.33 1.39]
29,2,[5.10955092e-04 3.57207242e-09 8.06053523e-03 2.57598107e-04],[1.15 1.08 1.15 1.08 1.15 1.08],[1.51 1.15 1.21 1.5  1.5  1.18]
29,3,[7.92891586e-05 2.48519633e-05 2.37193307e-07 5.47859209e-05],[1.25 1.25 1.25 1.25 1.25 1.25],[1.34 1.46 1.3  1.48 1.35 1.44]
29,4,[6.59983749e-04 2.60907592e-07 9.43809822e-07 1.00043385e-01],[1.14 1.14 1.   1.32 1.   1.  ],[1.4  1.34 1.14 1.48 1.39 1.34]
29,5,[2.10587209e-04 7.84326688e-05 4.74469658e-07 2.78559652e-05],[1.22 1.22 1.22 1.22 1.22 1.22],[1.28 1.42 1.31 1.43 1.33 1.46]
29,6,[6.34598096e-04 2.91016780e-03 1.03136847e-07 1.54528955e-02],[1.09 1.12 1.06 1.09 1.06 1.06],[1.14 1.39 1.14 1.39 1.09 1.39]
29,7,[1.30946943e-04 1.07970084e-07 1.65995774e-04 1.43456214e-06],[1.22 1.22 1.22 1.22 1.31 1.22],[1.46 1.27 1.41 1.45 1.57 1.4 ]
29,8,[2.74978666e-02 2.15789444e-08 9.32223318e-03 3.28992027e-04],[1.03 1.03 1.03 1.04 1.14 1.04],[1.43 1.04 1.15 1.43 1.44 1.15]
29,9,[0.00184622 0.01293772 0.0067292  0.04831775],[1.03 1.04 1.01 1.03 1.01 1.01],[1.08 1.08 1.08 1.04 1.03 1.04]
47,0,[2.75364608e-04 8.70232657e-05 2.62679397e-07 1.31372951e-03],[1.17 1.17 1.15 1.19 1.15 1.15],[1.26 1.43 1.2  1.45 1.24 1.42]
47,1,[1.44239206e-04 5.50206000e-06 8.54048632e-07 4.86229810e-05],[1.23 1.23 1.23 1.27 1.23 1.23],[1.36 1.41 1.31 1.49 1.38 1.42]
47,2,[0.00083084 0.01933206 0.0002088  0.07655326],[1.02 1.11 1.   1.02 1.   1.  ],[1.11 1.18 1.11 1.16 1.02 1.16]
47,3,[1.54245024e-04 3.22948558e-05 2.91847199e-05 3.14851468e-03],[1.19 1.19 1.12 1.21 1.12 1.12],[1.3  1.3  1.21 1.31 1.27 1.26]
47,4,[2.11342781e-04 2.81546790e-06 2.65515803e-08 8.99070812e-05],[1.21 1.21 1.21 1.29 1.21 1.21],[1.37 1.48 1.28 1.59 1.39 1.52]
47,5,[2.28460023e-03 1.42373938e-02 3.46733217e-05 5.60375067e-06],[1.06 1.1  1.1  1.06 1.06 1.21],[1.1  1.23 1.28 1.23 1.28 1.34]
47,6,[6.78760093e-09 1.27403708e-04 1.37223012e-05 1.11533936e-03],[1.19 1.24 1.16 1.19 1.16 1.16],[1.54 1.55 1.53 1.33 1.24 1.3 ]
47,7,[1.03796621e-07 2.91586249e-02 1.31740142e-04 2.26992058e-02],[1.01 1.17 1.01 1.01 1.01 1.01],[1.39 1.42 1.39 1.17 1.01 1.17]
47,8,[1.96136739e-04 2.65525754e-07 4.35906344e-05 1.31750625e-03],[1.18 1.18 1.15 1.21 1.15 1.15],[1.45 1.3  1.23 1.45 1.41 1.27]
47,9,[1.00469274e-03 3.51215706e-04 1.53164513e-04 6.56956366e-07],[1.16 1.16 1.16 1.16 1.16 1.17],[1.2  1.24 1.38 1.25 1.38 1.41]
44,0,[7.95474429e-04 1.23726375e-04 2.19291523e-05 1.87386912e-05],[1.17 1.17 1.17 1.2  1.2  1.22],[1.25 1.3  1.3  1.34 1.32 1.38]
44,1,[8.60406264e-03 6.92959715e-04 3.31917904e-08 2.93897228e-03],[1.08 1.08 1.08 1.12 1.09 1.09],[1.14 1.42 1.1  1.42 1.14 1.42]
44,2,[1.23503928e-05 1.39727259e-08 1.29071612e-05 2.34253217e-09],[1.31 1.31 1.31 1.31 1.44 1.31],[1.59 1.42 1.64 1.56 1.76 1.63]
44,3,[5.23292678e-03 5.82508682e-04 1.66754384e-04 5.92590488e-07],[1.1  1.1  1.1  1.14 1.14 1.17],[1.16 1.19 1.37 1.22 1.38 1.38]
44,4,[6.78234029e-06 5.73789173e-06 2.52447618e-10 3.18061683e-04],[1.27 1.27 1.2  1.27 1.2  1.2 ],[1.43 1.69 1.35 1.7  1.37 1.62]
44,5,[3.94368497e-04 2.19586605e-07 8.30012482e-04 8.62084377e-04],[1.17 1.17 1.17 1.17 1.17 1.17],[1.4  1.2  1.2  1.4  1.4  1.19]
44,6,[1.01323553e-04 2.68871347e-02 8.64655573e-02 3.50713269e-05],[1.   1.   1.18 1.   1.   1.  ],[1.18 1.18 1.27 1.   1.21 1.21]
44,7,[2.73415488e-02 3.25771418e-03 8.93816407e-06 8.09927947e-09],[1.03 1.03 1.03 1.08 1.08 1.26],[1.08 1.27 1.46 1.27 1.46 1.53]
44,8,[5.27371198e-02 7.00380038e-05 5.11446038e-07 1.35539508e-04],[1.   1.   1.   1.19 1.19 1.19],[1.21 1.36 1.19 1.41 1.28 1.4 ]
44,9,[8.57735919e-04 1.08907763e-02 1.17794515e-02 1.96161178e-07],[1.05 1.05 1.11 1.05 1.05 1.05],[1.12 1.12 1.36 1.05 1.36 1.36]
45,0,[1.58227262e-05 2.34595503e-05 1.76509730e-05 1.15438572e-04],[1.23 1.23 1.23 1.23 1.23 1.23],[1.38 1.39 1.34 1.38 1.32 1.34]
45,1,[4.26802241e-05 5.80466412e-07 3.28732261e-04 4.05675924e-04],[1.21 1.19 1.19 1.19 1.19 1.19],[1.44 1.3  1.29 1.41 1.4  1.24]
45,2,[5.73896972e-03 4.34651292e-03 1.00530445e-05 3.80403054e-06],[1.09 1.1  1.1  1.1  1.1  1.25],[1.09 1.26 1.29 1.26 1.29 1.38]
45,3,[1.08814671e-04 1.24772173e-04 1.86043607e-04 9.78635678e-05],[1.22 1.22 1.22 1.22 1.22 1.22],[1.28 1.28 1.3  1.27 1.29 1.31]
45,4,[7.66068754e-05 3.07101117e-04 1.56485017e-04 1.21307777e-05],[1.2 1.2 1.2 1.2 1.2 1.2],[1.3  1.29 1.36 1.25 1.33 1.35]
45,5,[0.00091089 0.01322662 0.00277797 0.00443434],[1.06 1.07 1.07 1.06 1.06 1.07],[1.12 1.12 1.12 1.09 1.08 1.09]
45,6,[5.89380564e-05 6.23638408e-05 4.22066101e-04 3.77491912e-03],[1.19 1.16 1.11 1.16 1.11 1.11],[1.3  1.25 1.23 1.25 1.23 1.18]
45,7,[6.62757367e-07 3.34538562e-04 1.22183234e-04 1.09260250e-04],[1.2 1.2 1.2 1.2 1.2 1.2],[1.41 1.39 1.41 1.26 1.27 1.3 ]
45,8,[3.50834219e-06 4.04833027e-05 1.86843970e-05 1.63270972e-03],[1.23 1.24 1.14 1.23 1.14 1.14],[1.41 1.4  1.33 1.34 1.27 1.28]
45,9,[2.92563541e-05 1.68310680e-04 4.27166994e-04 2.75658419e-07],[1.19 1.19 1.22 1.19 1.19 1.19],[1.32 1.3  1.47 1.25 1.44 1.42]
50,0,[5.21406246e-05 3.48287320e-04 1.14098868e-02 1.56016787e-05],[1.16 1.07 1.2  1.07 1.16 1.07],[1.25 1.23 1.33 1.17 1.29 1.26]
50,1,[9.45302899e-05 2.01931999e-05 3.51936659e-04 1.03844479e-07],[1.21 1.2  1.21 1.2  1.23 1.2 ],[1.35 1.27 1.49 1.31 1.52 1.47]
50,2,[6.20740601e-04 8.35171212e-05 1.51560381e-03 4.06067665e-04],[1.15 1.15 1.15 1.15 1.15 1.15],[1.24 1.19 1.22 1.23 1.25 1.19]
50,3,[1.25536680e-06 2.88983847e-03 4.71654727e-04 1.45266054e-03],[1.12 1.13 1.12 1.12 1.12 1.12],[1.33 1.33 1.33 1.18 1.15 1.19]
50,4,[1.51250029e-05 7.31631060e-04 4.86782971e-06 2.26190974e-05],[1.17 1.24 1.24 1.17 1.17 1.24],[1.31 1.42 1.37 1.34 1.28 1.39]
50,5,[1.26282708e-05 1.11180366e-05 2.24324689e-04 1.21786048e-02],[1.24 1.18 1.07 1.18 1.07 1.07],[1.36 1.3  1.27 1.3  1.27 1.18]
50,6,[3.42420845e-05 1.10309748e-06 1.81833860e-05 2.50686770e-05],[1.28 1.28 1.28 1.28 1.28 1.28],[1.41 1.37 1.36 1.43 1.45 1.38]
50,7,[6.30647324e-06 6.34091731e-01 2.14660949e-07 9.35406187e-05],[1.   1.26 1.2  1.   1.   1.2 ],[1.29 1.5  1.34 1.39 1.2  1.44]
50,8,[3.79182988e-06 2.82640183e-04 3.06125641e-05 8.66179002e-08],[1.21 1.24 1.28 1.21 1.21 1.24],[1.34 1.39 1.53 1.32 1.45 1.5 ]
50,9,[4.01132461e-11 1.71518586e-01 6.69939835e-05 6.75981314e-03],[1.   1.19 1.06 1.   1.   1.06],[1.61 1.62 1.61 1.2  1.06 1.2 ]
58,0,[1.27000441e-06 6.30039447e-06 8.47205363e-04 3.29989305e-05],[1.27 1.17 1.24 1.17 1.24 1.17],[1.48 1.38 1.41 1.33 1.38 1.28]
58,1,[8.25454307e-06 1.14282314e-03 4.24367640e-03 4.32152114e-09],[1.12 1.11 1.26 1.11 1.12 1.11],[1.3  1.29 1.56 1.14 1.49 1.49]
58,2,[1.20442371e-03 1.54587825e-05 1.28056414e-05 1.58171651e-06],[1.15 1.15 1.15 1.24 1.24 1.24],[1.31 1.3  1.34 1.39 1.42 1.42]
58,3,[7.19688952e-04 4.01554591e-05 2.56374370e-06 8.62830687e-04],[1.16 1.16 1.16 1.21 1.16 1.16],[1.28 1.34 1.19 1.37 1.27 1.34]
58,4,[1.52664898e-04 1.42276621e-03 1.45045325e-01 7.30634408e-06],[1.11 1.   1.17 1.   1.11 1.  ],[1.19 1.19 1.32 1.11 1.28 1.28]
58,5,[3.47532426e-05 2.07174524e-03 2.66159843e-02 2.76979965e-04],[1.1  1.03 1.15 1.03 1.1  1.03],[1.23 1.23 1.26 1.1  1.17 1.17]
58,6,[3.80170052e-03 3.99809732e-05 1.99154334e-07 6.26905768e-07],[1.11 1.11 1.11 1.23 1.23 1.34],[1.24 1.4  1.37 1.43 1.45 1.54]
58,7,[8.98252064e-03 5.18504514e-04 1.70021803e-06 1.28678867e-05],[1.08 1.08 1.08 1.15 1.15 1.25],[1.15 1.33 1.27 1.34 1.28 1.42]
58,8,[8.25479087e-06 7.58195553e-06 3.19470295e-09 8.55804408e-03],[1.26 1.26 1.08 1.26 1.08 1.08],[1.37 1.6  1.28 1.56 1.28 1.51]
58,9,[8.97524335e-06 1.01257282e-04 2.14576315e-02 1.69966347e-05],[1.2  1.04 1.24 1.04 1.2  1.04],[1.33 1.28 1.35 1.2  1.31 1.26]
57,0,[7.22431891e-06 2.25367061e-02 1.68782672e-03 3.02798354e-03],[1.04 1.09 1.09 1.04 1.04 1.09],[1.26 1.26 1.26 1.11 1.09 1.11]
57,1,[1.80285802e-06 1.84577002e-03 1.08980087e-01 7.64328994e-03],[1.09 1.   1.05 1.   1.05 1.  ],[1.31 1.31 1.31 1.09 1.09 1.05]
57,2,[3.22457897e-04 1.26570903e-05 7.04884649e-06 4.28927037e-04],[1.19 1.19 1.19 1.25 1.19 1.19],[1.33 1.33 1.23 1.41 1.32 1.34]
57,3,[3.98268749e-05 3.47797979e-07 8.08763578e-03 1.00608508e-04],[1.21 1.08 1.2  1.08 1.2  1.08],[1.46 1.24 1.3  1.38 1.41 1.21]
57,4,[1.19563803e-08 1.02782460e-03 6.78346829e-05 1.77828198e-03],[1.14 1.19 1.14 1.14 1.14 1.14],[1.47 1.49 1.47 1.23 1.17 1.23]
57,5,[7.18723963e-03 1.35384572e-04 3.07394077e-06 1.55126334e-04],[1.09 1.09 1.09 1.17 1.17 1.17],[1.2  1.32 1.2  1.35 1.25 1.36]
57,6,[6.68366749e-04 3.61335660e-03 1.14585729e-03 4.78983687e-06],[1.11 1.12 1.12 1.11 1.11 1.12],[1.16 1.16 1.3  1.14 1.3  1.3 ]
57,7,[3.49044441e-04 3.50534544e-07 1.36074314e-07 1.48391617e-03],[1.16 1.16 1.14 1.35 1.14 1.14],[1.4  1.44 1.2  1.58 1.38 1.43]
57,8,[1.80386417e-03 1.00768102e-04 4.36488714e-03 3.92430803e-05],[1.11 1.11 1.11 1.11 1.18 1.11],[1.22 1.13 1.24 1.22 1.28 1.24]
57,9,[1.27992466e-03 3.42779739e-03 3.24329554e-03 2.84528471e-05],[1.12 1.12 1.12 1.12 1.12 1.12],[1.14 1.14 1.24 1.12 1.24 1.24]
66,0,[0.00030247 0.00119206 0.00663686 0.03175371],[1.1  1.06 1.03 1.06 1.03 1.03],[1.16 1.15 1.15 1.11 1.11 1.06]
66,1,[1.97570076e-05 3.30920404e-01 3.94658935e-05 1.30757092e-02],[1.   1.21 1.03 1.   1.   1.03],[1.23 1.31 1.23 1.21 1.03 1.21]
66,2,[3.96312859e-04 1.41022104e-04 1.21326257e-05 7.35483977e-07],[1.19 1.19 1.19 1.19 1.19 1.25],[1.25 1.31 1.39 1.33 1.41 1.46]
66,3,[4.25151682e-07 2.76284050e-04 3.90183849e-05 1.01586239e-03],[1.17 1.21 1.16 1.17 1.16 1.16],[1.42 1.44 1.4  1.3  1.22 1.28]
66,4,[3.25511864e-02 8.52254388e-05 1.12397154e-02 1.00531800e-06],[1.02 1.02 1.02 1.04 1.19 1.04],[1.19 1.04 1.32 1.19 1.37 1.32]
66,5,[1.52487334e-03 3.32787734e-04 9.16878603e-06 5.54136803e-05],[1.14 1.14 1.14 1.16 1.16 1.2 ],[1.2  1.29 1.26 1.31 1.27 1.34]
66,6,[1.33801187e-06 5.00006454e-02 4.06441141e-08 6.14002189e-08],[1.   1.33 1.33 1.   1.   1.4 ],[1.33 1.56 1.53 1.44 1.42 1.65]
66,7,[5.02713289e-06 1.75073070e-05 1.32314350e-07 3.70855318e-03],[1.26 1.27 1.11 1.26 1.11 1.11],[1.37 1.5  1.3  1.46 1.26 1.41]
66,8,[6.78661293e-03 1.13633737e-03 3.11953868e-05 2.72153076e-06],[1.09 1.09 1.09 1.12 1.12 1.22],[1.14 1.24 1.31 1.24 1.31 1.37]
66,9,[3.04141511e-03 8.72951857e-05 1.66348923e-05 4.43418786e-05],[1.12 1.12 1.12 1.2  1.2  1.21],[1.22 1.27 1.24 1.32 1.29 1.32]
61,0,[1.16849871e-05 2.45473753e-05 1.58816556e-04 2.31148081e-03],[1.23 1.19 1.13 1.19 1.13 1.13],[1.36 1.33 1.28 1.29 1.26 1.21]
61,1,[1.59866220e-04 1.94496495e-05 1.83842400e-05 1.34150379e-07],[1.22 1.22 1.22 1.24 1.24 1.24],[1.31 1.32 1.44 1.37 1.48 1.49]
61,2,[0.00209147 0.0056133  0.00081481 0.00022509],[1.1  1.1  1.1  1.1  1.1  1.11],[1.12 1.15 1.19 1.15 1.19 1.2 ]
61,3,[3.54543666e-02 8.06942116e-07 3.62349231e-03 9.05086589e-03],[1.02 1.02 1.02 1.06 1.05 1.05],[1.31 1.07 1.05 1.31 1.31 1.07]
61,4,[2.77183609e-10 1.31568360e-05 5.75191897e-06 5.30881481e-03],[1.26 1.27 1.1  1.26 1.1  1.1 ],[1.64 1.64 1.58 1.36 1.27 1.29]
61,5,[2.73733858e-06 2.49989314e-07 1.99990751e-01 7.26552662e-04],[1.29 1.   1.14 1.   1.14 1.  ],[1.51 1.31 1.33 1.38 1.38 1.14]
61,6,[8.06753278e-06 1.94411264e-02 3.41830066e-05 1.80000930e-06],[1.05 1.24 1.26 1.05 1.05 1.24],[1.28 1.36 1.41 1.24 1.33 1.38]
61,7,[3.98889810e-11 1.17607170e-05 5.75337979e-03 5.65830969e-06],[1.27 1.1  1.27 1.1  1.27 1.1 ],[1.69 1.64 1.71 1.28 1.39 1.3 ]
61,8,[7.20215737e-03 1.72275775e-01 1.54115825e-06 1.74585512e-02],[1.   1.04 1.02 1.   1.   1.02],[1.04 1.3  1.04 1.3  1.02 1.3 ]
61,9,[4.42632016e-04 2.07529163e-03 7.60869292e-04 2.61802706e-05],[1.13 1.13 1.13 1.13 1.13 1.13],[1.18 1.19 1.28 1.17 1.28 1.28]
59,0,[3.30672183e-05 1.46473004e-04 1.34043878e-03 9.16649788e-04],[1.17 1.15 1.15 1.15 1.15 1.15],[1.33 1.27 1.27 1.23 1.23 1.18]
59,1,[5.26714079e-05 1.91780492e-06 9.40007083e-08 2.54521142e-04],[1.22 1.22 1.21 1.3  1.21 1.21],[1.4  1.48 1.3  1.57 1.38 1.49]
59,2,[1.95480845e-08 9.57517534e-05 1.15304003e-03 6.29613162e-04],[1.18 1.16 1.16 1.16 1.16 1.16],[1.51 1.48 1.48 1.24 1.25 1.2 ]
59,3,[2.05770601e-09 3.15584492e-03 3.46600679e-03 6.21190172e-03],[1.09 1.09 1.09 1.09 1.09 1.09],[1.48 1.48 1.48 1.11 1.1  1.1 ]
59,4,[0.00607113 0.00315597 0.0011893  0.00012654],[1.09 1.09 1.09 1.09 1.09 1.1 ],[1.1  1.13 1.19 1.13 1.19 1.2 ]
59,5,[0.01420206 0.03421314 0.00043761 0.00235594],[1.02 1.03 1.03 1.02 1.02 1.08],[1.03 1.13 1.08 1.13 1.08 1.14]
59,6,[3.43187530e-05 2.48988208e-03 1.05941062e-04 1.41028544e-05],[1.13 1.2  1.22 1.13 1.13 1.2 ],[1.26 1.31 1.36 1.22 1.28 1.32]
59,7,[0.00672504 0.0016191  0.00013794 0.00377587],[1.09 1.09 1.09 1.09 1.09 1.09],[1.12 1.18 1.09 1.19 1.12 1.18]
59,8,[1.04385900e-01 8.42960153e-08 3.89399752e-04 1.16200457e-02],[1.   1.   1.   1.14 1.04 1.04],[1.39 1.14 1.04 1.41 1.39 1.14]
59,9,[2.06877776e-06 8.78674337e-04 7.90185498e-04 8.80368674e-06],[1.16 1.16 1.26 1.16 1.16 1.16],[1.35 1.35 1.42 1.18 1.31 1.31]
70,0,[1.12803813e-07 2.49228331e-06 2.31425522e-02 2.21068910e-04],[1.29 1.04 1.18 1.04 1.18 1.04],[1.53 1.4  1.43 1.32 1.34 1.18]
70,1,[3.33686356e-05 1.95875865e-06 7.32630277e-04 1.65583312e-02],[1.22 1.14 1.05 1.14 1.05 1.05],[1.39 1.25 1.24 1.33 1.32 1.14]
70,2,[5.03447892e-03 2.36068131e-07 5.14678812e-02 3.50992725e-06],[1.07 1.   1.07 1.   1.28 1.  ],[1.37 1.07 1.29 1.37 1.47 1.29]
70,3,[1.68366597e-04 1.85269098e-05 6.90090440e-06 4.61747324e-04],[1.19 1.19 1.19 1.23 1.19 1.19],[1.33 1.34 1.24 1.42 1.3  1.36]
70,4,[8.03684162e-05 1.43005856e-03 5.51064625e-08 2.36707622e-02],[1.11 1.19 1.04 1.11 1.04 1.04],[1.22 1.44 1.21 1.42 1.11 1.42]
70,5,[2.90950915e-02 1.64813730e-04 2.26348174e-02 8.34575065e-08],[1.01 1.01 1.01 1.01 1.17 1.01],[1.17 1.01 1.39 1.17 1.4  1.39]
70,6,[5.00690649e-08 2.24733191e-07 1.79549140e-06 5.23071359e-04],[1.36 1.33 1.18 1.33 1.18 1.18],[1.62 1.58 1.49 1.51 1.43 1.38]
70,7,[2.94736794e-05 2.95256772e-02 7.08067677e-05 3.36647836e-03],[1.03 1.19 1.08 1.03 1.03 1.08],[1.23 1.29 1.23 1.21 1.08 1.21]
70,8,[1.04139666e-07 1.14819954e-02 1.48426281e-04 7.14880542e-06],[1.07 1.19 1.26 1.07 1.07 1.19],[1.41 1.42 1.52 1.19 1.29 1.33]
70,9,[2.00245191e-04 2.79633094e-04 1.87609107e-06 8.46404980e-07],[1.21 1.21 1.21 1.21 1.21 1.3 ],[1.26 1.39 1.42 1.38 1.4  1.5 ]
51,0,[1.93911641e-04 1.87254212e-10 5.59541198e-05 6.20881349e-06],[1.22 1.22 1.22 1.22 1.27 1.22],[1.66 1.29 1.36 1.65 1.69 1.39]
51,1,[7.38261462e-06 3.50352470e-07 2.35065784e-04 3.03173631e-05],[1.26 1.21 1.24 1.21 1.24 1.21],[1.48 1.35 1.4  1.42 1.48 1.31]
51,2,[6.23889829e-11 3.71435743e-07 7.59511058e-06 3.40455666e-03],[1.35 1.29 1.12 1.29 1.12 1.12],[1.75 1.67 1.63 1.45 1.38 1.3 ]
51,3,[1.75797667e-04 1.08473526e-03 1.07396409e-03 1.14124493e-07],[1.16 1.16 1.17 1.16 1.16 1.16],[1.23 1.23 1.43 1.18 1.42 1.43]
51,4,[1.39975806e-05 1.70455992e-05 7.21104516e-07 3.28026214e-06],[1.3 1.3 1.3 1.3 1.3 1.3],[1.41 1.49 1.43 1.47 1.42 1.5 ]
51,5,[2.40930626e-05 1.46592401e-04 7.40270029e-04 2.25354178e-05],[1.19 1.17 1.21 1.17 1.19 1.17],[1.32 1.29 1.35 1.24 1.32 1.28]
51,6,[1.84238844e-02 9.99230254e-06 2.61022049e-03 2.14846329e-02],[1.02 1.02 1.02 1.07 1.02 1.02],[1.25 1.07 1.02 1.25 1.25 1.07]
51,7,[3.81827844e-06 6.80122740e-04 4.43654583e-04 9.53525547e-09],[1.17 1.17 1.28 1.17 1.17 1.17],[1.34 1.35 1.6  1.21 1.51 1.52]
51,8,[1.62555525e-10 3.08271623e-06 4.53353974e-04 3.00743684e-05],[1.29 1.19 1.24 1.19 1.24 1.19],[1.69 1.63 1.68 1.36 1.41 1.3 ]
51,9,[0.50656268 0.00068294 0.00057096 0.00402683],[1.   1.   1.   1.11 1.08 1.08],[1.14 1.14 1.08 1.17 1.14 1.14]
54,0,[7.96805595e-04 9.40407237e-05 1.89599755e-04 5.87651758e-07],[1.17 1.17 1.17 1.18 1.18 1.18],[1.24 1.24 1.4  1.29 1.43 1.42]
54,1,[5.20946784e-03 1.95235314e-06 3.41462610e-04 1.44463918e-02],[1.07 1.07 1.06 1.14 1.06 1.06],[1.31 1.15 1.07 1.33 1.31 1.15]
54,2,[1.01608434e-06 1.40081471e-05 1.03693049e-02 9.06107153e-05],[1.24 1.07 1.21 1.07 1.21 1.07],[1.44 1.34 1.38 1.26 1.3  1.21]
54,3,[4.95727631e-05 2.81726708e-04 2.16475592e-06 1.97209062e-02],[1.17 1.2  1.05 1.17 1.05 1.05],[1.26 1.39 1.22 1.35 1.17 1.32]
54,4,[5.41846568e-11 7.41336705e-06 3.76783777e-05 1.50201608e-04],[1.26 1.23 1.23 1.23 1.23 1.23],[1.73 1.67 1.67 1.39 1.35 1.32]
54,5,[2.66393004e-07 5.18878187e-07 3.56502385e-04 1.10336495e-03],[1.34 1.16 1.16 1.16 1.16 1.16],[1.55 1.42 1.41 1.41 1.4  1.21]
54,6,[4.58463461e-05 1.15411664e-07 1.35529231e-04 1.42012368e-06],[1.23 1.23 1.23 1.23 1.31 1.23],[1.49 1.31 1.42 1.46 1.58 1.41]
54,7,[3.30209633e-06 1.15803043e-07 5.56227286e-10 2.55973914e-07],[1.35 1.35 1.35 1.38 1.38 1.38],[1.51 1.68 1.51 1.73 1.61 1.8 ]
54,8,[1.38374557e-07 4.15376518e-02 2.51510835e-06 1.76778313e-07],[1.01 1.32 1.36 1.01 1.01 1.32],[1.4  1.51 1.57 1.32 1.4  1.56]
54,9,[3.07700920e-08 1.58629093e-04 4.78739371e-02 5.26168159e-07],[1.19 1.01 1.34 1.01 1.19 1.01],[1.47 1.44 1.57 1.19 1.4  1.36]
63,0,[3.24169906e-08 2.16522855e-03 2.20560750e-04 3.26056108e-03],[1.12 1.16 1.12 1.12 1.12 1.12],[1.43 1.44 1.43 1.19 1.13 1.19]
63,1,[1.97716521e-01 2.54705598e-05 1.34631283e-07 6.35955102e-05],[1.   1.   1.   1.23 1.22 1.22],[1.25 1.4  1.22 1.49 1.31 1.45]
63,2,[0.00455333 0.00187465 0.00078373 0.00024461],[1.1  1.1  1.1  1.11 1.11 1.11],[1.13 1.15 1.18 1.15 1.18 1.2 ]
63,3,[7.37293004e-09 1.42441085e-05 3.96018967e-06 4.11274348e-05],[1.27 1.28 1.27 1.27 1.27 1.27],[1.59 1.59 1.56 1.41 1.39 1.41]
63,4,[9.52915989e-07 1.10752684e-05 4.53592454e-04 2.03076188e-02],[1.25 1.15 1.05 1.15 1.05 1.05],[1.45 1.36 1.34 1.3  1.27 1.15]
63,5,[0.00058421 0.00234396 0.00244178 0.00018728],[1.13 1.13 1.13 1.13 1.13 1.13],[1.17 1.17 1.21 1.14 1.19 1.19]
63,6,[0.01488413 0.0003999  0.00957502 0.00043605],[1.05 1.05 1.05 1.05 1.12 1.05],[1.14 1.05 1.14 1.14 1.17 1.14]
63,7,[6.75632815e-06 5.04624959e-03 1.68764911e-03 1.47670991e-07],[1.1  1.11 1.26 1.1  1.1  1.11],[1.29 1.29 1.48 1.13 1.4  1.4 ]
63,8,[3.56890364e-04 2.11914574e-03 5.84920950e-04 1.34896090e-08],[1.13 1.14 1.14 1.13 1.13 1.14],[1.19 1.2  1.48 1.18 1.48 1.48]
63,9,[5.89068812e-02 5.63485142e-05 4.21851844e-03 5.10414757e-03],[1.   1.   1.   1.06 1.06 1.06],[1.19 1.07 1.07 1.19 1.19 1.08]
60,0,[3.23150993e-03 3.72514191e-08 1.53908955e-04 3.13407354e-05],[1.12 1.12 1.12 1.19 1.22 1.19],[1.45 1.22 1.25 1.48 1.49 1.29]
60,1,[7.18932812e-05 1.34441718e-06 1.20459607e-06 8.48929343e-07],[1.25 1.25 1.25 1.31 1.31 1.31],[1.42 1.43 1.43 1.49 1.52 1.53]
60,2,[5.11788140e-04 9.91721992e-04 5.11831421e-04 3.78212295e-06],[1.16 1.16 1.16 1.16 1.16 1.16],[1.19 1.22 1.35 1.2  1.34 1.34]
60,3,[1.15889523e-07 9.75726438e-02 1.02489989e-04 6.80200243e-03],[1.   1.18 1.06 1.   1.   1.06],[1.39 1.42 1.39 1.19 1.06 1.19]
60,4,[9.72151051e-06 1.09620143e-03 1.84543882e-01 4.22603187e-06],[1.12 1.   1.25 1.   1.12 1.  ],[1.28 1.27 1.41 1.12 1.3  1.3 ]
60,5,[4.58733225e-03 2.09281887e-06 1.97529182e-07 3.81441380e-03],[1.11 1.11 1.11 1.3  1.11 1.11],[1.31 1.37 1.11 1.52 1.31 1.37]
60,6,[0.00050485 0.02503392 0.01928946 0.00954586],[1.02 1.02 1.03 1.02 1.02 1.02],[1.12 1.12 1.12 1.02 1.03 1.03]
60,7,[3.04315485e-05 7.88870366e-04 1.11792074e-07 2.09061279e-07],[1.17 1.24 1.24 1.17 1.17 1.36],[1.3  1.48 1.48 1.43 1.43 1.61]
60,8,[8.56959682e-07 2.35360112e-03 4.62146980e-07 1.66674063e-05],[1.13 1.32 1.26 1.13 1.13 1.26],[1.36 1.52 1.42 1.39 1.28 1.47]
60,9,[8.10320147e-05 4.33151535e-08 2.07497246e-03 5.34695007e-02],[1.19 1.1  1.   1.1  1.   1.  ],[1.45 1.2  1.2  1.42 1.42 1.1 ]
53,0,[6.01701874e-06 1.75077679e-05 6.14986120e-04 4.31710742e-03],[1.24 1.14 1.11 1.14 1.11 1.11],[1.38 1.31 1.31 1.29 1.27 1.17]
53,1,[6.56136483e-04 2.83832182e-07 2.75357742e-04 5.58567833e-03],[1.14 1.14 1.1  1.15 1.1  1.1 ],[1.38 1.2  1.15 1.4  1.38 1.19]
53,2,[1.31563792e-02 3.01443834e-05 7.95307217e-06 1.45910630e-06],[1.06 1.06 1.06 1.24 1.24 1.26],[1.24 1.28 1.33 1.37 1.38 1.45]
53,3,[1.92353955e-03 1.53790793e-03 1.66589307e-03 3.17734808e-06],[1.14 1.14 1.14 1.14 1.14 1.14],[1.17 1.15 1.32 1.16 1.32 1.32]
53,4,[0.00279627 0.00022182 0.00102568 0.00067994],[1.12 1.12 1.12 1.12 1.12 1.12],[1.2  1.15 1.16 1.21 1.21 1.18]
53,5,[7.66361263e-05 9.81739989e-07 2.98755354e-03 3.06660998e-04],[1.19 1.12 1.16 1.12 1.16 1.12],[1.4  1.24 1.26 1.36 1.36 1.19]
53,6,[3.60822034e-05 6.57823600e-03 1.33122638e-05 5.75771078e-04],[1.09 1.21 1.14 1.09 1.09 1.14],[1.24 1.36 1.26 1.27 1.16 1.29]
53,7,[7.34886312e-08 1.44985682e-07 6.86720961e-04 2.29561882e-06],[1.37 1.17 1.32 1.17 1.32 1.17],[1.62 1.45 1.56 1.44 1.57 1.38]
53,8,[1.41734956e-05 2.91830347e-03 4.00975472e-04 1.85271807e-08],[1.12 1.16 1.24 1.12 1.12 1.16],[1.28 1.31 1.52 1.18 1.47 1.47]
53,9,[7.52295934e-05 1.38097977e-09 6.79513406e-06 4.60174392e-02],[1.21 1.21 1.01 1.27 1.01 1.01],[1.57 1.35 1.21 1.61 1.53 1.29]
48,0,[6.79573280e-05 1.20421220e-03 2.57578921e-03 1.88586300e-06],[1.13 1.13 1.19 1.13 1.13 1.13],[1.23 1.23 1.37 1.16 1.33 1.33]
48,1,[1.28457046e-07 1.60372280e-04 4.31222072e-06 7.34744147e-05],[1.22 1.28 1.22 1.22 1.22 1.22],[1.47 1.53 1.48 1.35 1.27 1.38]
48,2,[1.81840357e-06 8.82902802e-08 1.60024067e-04 3.30291272e-08],[1.33 1.22 1.33 1.22 1.39 1.22],[1.57 1.4  1.6  1.47 1.63 1.5 ]
48,3,[2.06453385e-04 8.99466948e-05 5.33496829e-05 2.62678846e-06],[1.21 1.21 1.21 1.21 1.21 1.21],[1.27 1.31 1.37 1.31 1.4  1.43]
48,4,[1.85819036e-02 2.69315836e-09 2.27656204e-03 1.70457044e-03],[1.05 1.05 1.05 1.09 1.09 1.09],[1.49 1.1  1.11 1.49 1.49 1.12]
48,5,[1.09610988e-03 1.60129716e-04 1.47668375e-02 2.09303117e-06],[1.12 1.06 1.12 1.06 1.17 1.06],[1.2  1.12 1.33 1.19 1.35 1.32]
48,6,[2.60017824e-03 1.53159749e-08 3.52883032e-08 7.45564857e-03],[1.09 1.09 1.09 1.41 1.09 1.09],[1.46 1.43 1.11 1.65 1.46 1.43]
48,7,[1.08117965e-03 2.19927693e-06 2.03368531e-04 8.33960177e-03],[1.12 1.12 1.08 1.16 1.08 1.08],[1.31 1.21 1.13 1.34 1.31 1.19]
48,8,[1.41066286e-04 1.28207582e-04 6.60204447e-09 8.59295836e-07],[1.23 1.23 1.23 1.23 1.23 1.33],[1.28 1.53 1.42 1.56 1.39 1.65]
48,9,[8.90137476e-05 1.18719449e-04 5.61619913e-03 2.69978474e-05],[1.19 1.1  1.19 1.1  1.19 1.1 ],[1.28 1.22 1.29 1.21 1.33 1.25]
78,0,[4.71419166e-02 2.20651471e-04 6.61039284e-06 7.37644272e-03],[1.01 1.01 1.01 1.16 1.05 1.05],[1.16 1.27 1.05 1.3  1.16 1.27]
78,1,[1.09540467e-07 2.01701945e-03 3.05942008e-04 1.16599046e-04],[1.14 1.16 1.18 1.14 1.14 1.16],[1.43 1.43 1.44 1.19 1.22 1.24]
78,2,[1.55402193e-03 3.06209524e-03 1.15705424e-06 5.24753684e-05],[1.12 1.12 1.12 1.12 1.12 1.2 ],[1.14 1.35 1.24 1.35 1.24 1.38]
78,3,[1.38399869e-05 4.97862816e-03 8.08717822e-04 2.86744409e-04],[1.1  1.13 1.15 1.1  1.1  1.13],[1.27 1.28 1.3  1.15 1.18 1.2 ]
78,4,[3.88426294e-07 4.58356865e-06 1.19113745e-06 2.20523894e-06],[1.34 1.34 1.34 1.34 1.34 1.34],[1.5  1.5  1.53 1.47 1.44 1.52]
78,5,[3.76148707e-05 3.13277040e-04 8.06157171e-03 5.92687285e-02],[1.14 1.05 1.   1.05 1.   1.  ],[1.25 1.21 1.21 1.15 1.15 1.05]
78,6,[0.00037149 0.11266802 0.00037939 0.00097984],[1.   1.13 1.13 1.   1.   1.13],[1.16 1.2  1.18 1.16 1.13 1.19]
78,7,[5.97574339e-05 2.96439751e-04 1.87481659e-06 2.16802238e-03],[1.17 1.2  1.13 1.17 1.13 1.13],[1.26 1.39 1.25 1.36 1.21 1.35]
78,8,[4.49779060e-05 2.37918151e-04 2.88583699e-05 3.26499608e-03],[1.17 1.2  1.12 1.17 1.12 1.12],[1.27 1.34 1.24 1.29 1.2  1.26]
78,9,[9.52260840e-07 3.17325036e-04 1.30718715e-02 8.51546868e-06],[1.17 1.06 1.26 1.06 1.17 1.06],[1.36 1.35 1.43 1.17 1.31 1.28]
87,0,[5.69537375e-04 1.29079784e-02 1.61584948e-04 3.36968985e-06],[1.06 1.14 1.14 1.06 1.06 1.17],[1.15 1.22 1.32 1.19 1.31 1.35]
87,1,[1.57504616e-01 2.51340931e-05 2.14694862e-04 1.50887217e-02],[1.   1.   1.   1.16 1.03 1.03],[1.22 1.16 1.03 1.26 1.22 1.16]
87,2,[1.28634015e-06 2.71709132e-03 1.12136772e-05 4.21433885e-04],[1.12 1.25 1.16 1.12 1.12 1.16],[1.35 1.43 1.36 1.3  1.18 1.31]
87,3,[5.71626480e-03 2.09506149e-06 4.50112874e-04 3.03555881e-05],[1.1  1.1  1.1  1.15 1.22 1.15],[1.33 1.17 1.25 1.35 1.38 1.27]
87,4,[1.86895339e-04 7.78972565e-04 1.77640778e-03 4.22703854e-07],[1.14 1.14 1.16 1.14 1.14 1.14],[1.22 1.21 1.4  1.17 1.39 1.39]
87,5,[3.68920026e-05 1.84803327e-03 1.02166230e-05 8.27353994e-07],[1.14 1.24 1.24 1.14 1.14 1.25],[1.26 1.35 1.43 1.3  1.38 1.48]
87,6,[2.26727147e-05 5.90485731e-05 2.51833236e-07 1.78081395e-03],[1.22 1.23 1.14 1.22 1.14 1.14],[1.32 1.47 1.27 1.44 1.25 1.4 ]
87,7,[1.13566734e-09 1.88884006e-03 1.86927950e-03 5.27379027e-06],[1.14 1.14 1.27 1.14 1.14 1.14],[1.53 1.53 1.6  1.14 1.3  1.3 ]
87,8,[0.00013971 0.00284086 0.07726887 0.04578682],[1.07 1.   1.   1.   1.   1.  ],[1.17 1.17 1.17 1.07 1.07 1.  ]
87,9,[5.17511565e-05 1.08317703e-03 3.55128136e-03 5.30063673e-05],[1.12 1.12 1.19 1.12 1.12 1.12],[1.25 1.24 1.31 1.15 1.24 1.23]
71,0,[0.02150652 0.00043723 0.00669537 0.00037446],[1.04 1.04 1.04 1.06 1.13 1.06],[1.14 1.06 1.15 1.14 1.18 1.15]
71,1,[8.79654729e-05 9.41832408e-06 5.34274367e-08 1.19149069e-04],[1.23 1.23 1.23 1.25 1.23 1.23],[1.36 1.53 1.3  1.55 1.36 1.5 ]
71,2,[4.51375326e-04 1.97361096e-03 5.75606655e-05 7.26325863e-06],[1.14 1.16 1.16 1.14 1.14 1.2 ],[1.18 1.26 1.32 1.24 1.3  1.36]
71,3,[2.56886155e-05 1.38931602e-03 1.35312568e-03 1.80193558e-02],[1.1  1.1  1.05 1.1  1.05 1.05],[1.25 1.24 1.24 1.14 1.12 1.12]
71,4,[6.36616404e-05 4.57465960e-04 6.92223809e-05 1.48327398e-04],[1.19 1.19 1.19 1.19 1.19 1.19],[1.27 1.31 1.3  1.27 1.24 1.3 ]
71,5,[4.76725327e-05 1.95314642e-03 6.74524185e-05 8.79470998e-04],[1.14 1.19 1.14 1.14 1.14 1.14],[1.26 1.31 1.26 1.24 1.17 1.25]
71,6,[4.41543093e-02 8.79595479e-05 4.24538695e-06 2.40219623e-05],[1.01 1.01 1.01 1.21 1.21 1.23],[1.21 1.3  1.25 1.35 1.3  1.41]
71,7,[7.18942773e-04 3.74593696e-04 1.31185422e-05 8.77093616e-06],[1.17 1.17 1.17 1.17 1.17 1.24],[1.22 1.3  1.33 1.31 1.34 1.41]
71,8,[1.70332287e-02 2.02412143e-04 2.35887532e-06 6.42293801e-04],[1.05 1.05 1.05 1.16 1.14 1.14],[1.18 1.32 1.14 1.34 1.21 1.33]
71,9,[2.18669650e-06 8.28225554e-07 3.68938789e-05 9.38532027e-04],[1.29 1.23 1.16 1.23 1.16 1.16],[1.47 1.41 1.35 1.45 1.38 1.28]
86,0,[6.61986594e-03 2.30701696e-03 5.20639737e-06 5.28013189e-11],[1.09 1.09 1.09 1.1  1.1  1.27],[1.11 1.29 1.6  1.29 1.6  1.67]
86,1,[8.25877274e-01 1.21282831e-02 6.95300974e-04 9.65739252e-06],[1.   1.   1.   1.03 1.03 1.12],[1.03 1.12 1.25 1.12 1.25 1.28]
86,2,[2.55048393e-05 6.66845119e-08 1.81085094e-06 3.42375935e-04],[1.25 1.25 1.2  1.3  1.2  1.2 ],[1.51 1.44 1.3  1.54 1.47 1.38]
86,3,[3.68166346e-06 4.30050991e-05 2.93512170e-09 9.08454831e-05],[1.24 1.28 1.24 1.24 1.24 1.24],[1.39 1.62 1.38 1.61 1.32 1.61]
86,4,[7.50932205e-10 2.39875178e-03 7.59929329e-05 1.10059268e-06],[1.13 1.21 1.32 1.13 1.13 1.21],[1.56 1.59 1.66 1.23 1.35 1.4 ]
86,5,[1.50242804e-07 3.20870506e-05 9.74063647e-05 1.12354920e-02],[1.22 1.2  1.07 1.2  1.07 1.07],[1.47 1.43 1.4  1.32 1.24 1.21]
86,6,[7.78586655e-05 5.16929882e-03 5.61147250e-03 5.05517976e-05],[1.09 1.09 1.19 1.09 1.09 1.09],[1.2  1.2  1.26 1.09 1.21 1.21]
86,7,[6.25604903e-04 3.96267177e-04 2.14625176e-04 1.79230199e-06],[1.18 1.18 1.18 1.18 1.18 1.18],[1.22 1.23 1.36 1.25 1.36 1.39]
86,8,[5.40393476e-04 1.10581352e-04 1.38458011e-02 2.87811432e-07],[1.15 1.06 1.15 1.06 1.18 1.06],[1.23 1.15 1.39 1.2  1.41 1.39]
86,9,[4.58702628e-02 4.79167748e-08 9.00456461e-03 1.06904020e-02],[1.01 1.01 1.01 1.03 1.03 1.03],[1.39 1.03 1.03 1.39 1.39 1.03]
56,0,[4.97160624e-05 1.72681012e-05 1.24963914e-04 8.50410094e-05],[1.23 1.23 1.23 1.23 1.23 1.23],[1.35 1.3  1.31 1.35 1.34 1.29]
56,1,[7.33632044e-05 5.66148128e-07 3.89182626e-04 2.10644324e-08],[1.21 1.19 1.21 1.19 1.34 1.19],[1.43 1.26 1.51 1.4  1.63 1.47]
56,2,[5.68566975e-03 5.20636911e-09 3.80402702e-04 2.11287160e-06],[1.1  1.1  1.1  1.16 1.3  1.16],[1.5  1.17 1.32 1.5  1.57 1.34]
56,3,[2.18313642e-06 4.76744941e-06 2.12729472e-02 8.09505352e-10],[1.3  1.04 1.3  1.04 1.3  1.04],[1.43 1.32 1.63 1.3  1.61 1.53]
56,4,[4.27381665e-04 1.81442572e-02 4.58685256e-05 4.59002931e-05],[1.05 1.16 1.16 1.05 1.05 1.19],[1.16 1.25 1.25 1.23 1.23 1.32]
56,5,[9.65777860e-05 1.46416712e-08 1.10791644e-06 1.15290209e-02],[1.2  1.2  1.07 1.32 1.07 1.07],[1.49 1.39 1.2  1.59 1.46 1.34]
56,6,[8.30828639e-02 8.82849841e-07 1.83788425e-04 5.96438807e-05],[1.   1.   1.   1.18 1.2  1.18],[1.35 1.18 1.22 1.38 1.39 1.27]
56,7,[6.60100629e-05 2.21949190e-05 1.11077090e-05 2.21398338e-03],[1.22 1.22 1.13 1.23 1.13 1.13],[1.32 1.36 1.24 1.37 1.28 1.29]
56,8,[3.12688355e-05 2.80302644e-04 2.12698672e-04 7.81023827e-06],[1.2  1.2  1.22 1.2  1.2  1.2 ],[1.31 1.31 1.4  1.26 1.34 1.36]
56,9,[1.58591801e-06 3.05551216e-06 4.05928062e-04 1.28420106e-01],[1.29 1.15 1.   1.15 1.   1.  ],[1.45 1.35 1.33 1.32 1.31 1.15]
52,0,[9.74665862e-05 7.04732229e-06 2.50775560e-06 1.11403867e-02],[1.2  1.2  1.07 1.26 1.07 1.07],[1.34 1.36 1.21 1.41 1.28 1.32]
52,1,[3.86707278e-03 1.95280172e-06 7.79747445e-07 1.30895397e-05],[1.11 1.11 1.11 1.3  1.26 1.26],[1.33 1.36 1.29 1.5  1.43 1.44]
52,2,[5.85475485e-05 3.89859539e-06 8.47166997e-04 9.59437918e-04],[1.2  1.16 1.16 1.16 1.16 1.16],[1.38 1.27 1.26 1.33 1.33 1.18]
52,3,[1.81692635e-03 1.67430780e-09 3.84485928e-04 3.98433545e-05],[1.14 1.14 1.14 1.16 1.21 1.16],[1.52 1.19 1.26 1.52 1.56 1.29]
52,4,[1.15125053e-03 8.62947718e-05 2.22197210e-05 4.18448709e-05],[1.16 1.16 1.16 1.21 1.21 1.21],[1.24 1.29 1.27 1.33 1.3  1.36]
52,5,[1.34096170e-02 2.28631440e-06 3.09310767e-07 3.41072091e-07],[1.06 1.06 1.06 1.32 1.32 1.34],[1.32 1.38 1.38 1.5  1.47 1.53]
52,6,[6.07755669e-06 5.51286204e-03 2.86810292e-02 2.21257323e-06],[1.06 1.03 1.27 1.03 1.06 1.03],[1.27 1.27 1.4  1.06 1.3  1.3 ]
52,7,[2.33062103e-02 1.95347744e-07 2.59589765e-04 1.86766845e-03],[1.04 1.04 1.04 1.15 1.1  1.1 ],[1.38 1.17 1.1  1.39 1.38 1.18]
52,8,[6.24258765e-04 1.27423249e-06 1.76523931e-04 1.03689898e-06],[1.18 1.18 1.18 1.18 1.3  1.18],[1.36 1.24 1.36 1.38 1.48 1.39]
52,9,[1.21923534e-03 2.53827649e-03 6.80603228e-07 8.03345278e-05],[1.13 1.13 1.13 1.13 1.13 1.19],[1.15 1.36 1.23 1.36 1.23 1.38]
83,0,[7.46892547e-06 3.21499106e-05 1.88487055e-03 5.04592545e-02],[1.22 1.1  1.   1.1  1.   1.  ],[1.35 1.27 1.27 1.24 1.24 1.1 ]
83,1,[1.44567370e-06 1.49066377e-02 4.80621513e-07 1.13683305e-05],[1.06 1.31 1.27 1.06 1.06 1.27],[1.33 1.47 1.42 1.36 1.27 1.44]
83,2,[7.39077974e-06 6.32036875e-06 2.07024873e-05 1.33437610e-08],[1.29 1.29 1.29 1.29 1.29 1.29],[1.43 1.4  1.6  1.4  1.6  1.58]
83,3,[1.90644932e-01 1.31871585e-04 1.02744174e-02 3.35189021e-08],[1.   1.   1.   1.04 1.17 1.04],[1.17 1.04 1.41 1.17 1.45 1.41]
83,4,[0.00373776 0.00026128 0.00047483 0.00115094],[1.11 1.11 1.11 1.13 1.12 1.12],[1.2  1.17 1.14 1.21 1.2  1.18]
83,5,[1.41157733e-03 2.19284049e-01 1.30088000e-04 1.78668388e-03],[1.  1.1 1.1 1.  1.  1.1],[1.11 1.2  1.13 1.19 1.11 1.2 ]
83,6,[2.07606465e-09 1.34592056e-03 1.05755515e-02 4.76060285e-05],[1.11 1.07 1.2  1.07 1.11 1.07],[1.5  1.5  1.53 1.12 1.23 1.23]
83,7,[5.78065300e-06 1.90115193e-02 2.07585055e-04 4.63373713e-07],[1.05 1.18 1.27 1.05 1.05 1.18],[1.29 1.33 1.46 1.18 1.36 1.39]
83,8,[1.82229313e-05 2.92526805e-02 2.82978297e-04 5.59826462e-03],[1.03 1.15 1.06 1.03 1.03 1.06],[1.24 1.26 1.24 1.16 1.06 1.16]
83,9,[1.98353303e-04 1.88449330e-04 1.72128942e-07 4.45911883e-04],[1.19 1.19 1.19 1.19 1.19 1.19],[1.27 1.44 1.26 1.46 1.24 1.45]
69,0,[9.80778396e-07 1.81383185e-03 7.18680840e-05 2.15947433e-06],[1.14 1.21 1.3  1.14 1.14 1.21],[1.36 1.41 1.52 1.25 1.36 1.39]
69,1,[1.46132763e-05 6.56990493e-08 5.85109738e-12 1.38725954e-07],[1.3 1.3 1.3 1.4 1.4 1.4],[1.49 1.77 1.48 1.83 1.61 1.92]
69,2,[5.85241629e-04 1.38801745e-02 3.04767193e-05 4.11757922e-05],[1.06 1.14 1.14 1.06 1.06 1.2 ],[1.15 1.27 1.25 1.24 1.23 1.32]
69,3,[1.15951569e-04 7.40105870e-07 5.51379859e-05 1.16073955e-05],[1.23 1.23 1.23 1.23 1.25 1.23],[1.42 1.31 1.34 1.45 1.48 1.4 ]
69,4,[2.68337737e-03 1.50501851e-08 3.50416454e-06 8.35611856e-03],[1.09 1.09 1.08 1.28 1.08 1.08],[1.46 1.3  1.11 1.54 1.46 1.3 ]
69,5,[2.14098121e-03 1.00066686e-04 7.96203726e-06 1.58135290e-06],[1.13 1.13 1.13 1.2  1.2  1.26],[1.23 1.31 1.35 1.35 1.37 1.44]
69,6,[1.86038783e-05 2.01087986e-08 1.11275827e-05 7.45863237e-02],[1.25 1.25 1.   1.25 1.   1.  ],[1.53 1.36 1.25 1.53 1.45 1.27]
69,7,[2.65451872e-06 6.20751837e-06 2.21683254e-04 1.72865700e-04],[1.26 1.21 1.21 1.21 1.21 1.21],[1.44 1.38 1.38 1.35 1.34 1.27]
69,8,[0.00015353 0.00674996 0.00054891 0.00115464],[1.09 1.13 1.12 1.09 1.09 1.12],[1.2  1.22 1.2  1.16 1.14 1.17]
69,9,[1.70220028e-07 6.29178202e-03 2.96366597e-03 4.79703564e-03],[1.09 1.09 1.09 1.09 1.09 1.09],[1.37 1.37 1.37 1.1  1.09 1.1 ]
82,0,[5.89194936e-02 8.28039144e-08 1.01616390e-06 8.12614391e-05],[1.   1.   1.   1.32 1.21 1.21],[1.41 1.34 1.21 1.57 1.44 1.39]
82,1,[1.28562231e-02 2.96571470e-04 6.49366565e-02 4.65025134e-05],[1.03 1.   1.03 1.   1.15 1.  ],[1.15 1.03 1.21 1.15 1.25 1.21]
82,2,[3.59733667e-08 6.68716372e-04 4.57689016e-06 5.97261546e-04],[1.17 1.27 1.17 1.17 1.17 1.17],[1.47 1.53 1.47 1.34 1.2  1.35]
82,3,[9.07822478e-05 3.10631122e-04 6.79409162e-06 1.24398879e-04],[1.2 1.2 1.2 1.2 1.2 1.2],[1.28 1.35 1.28 1.34 1.26 1.38]
82,4,[6.04144848e-04 5.80455729e-03 7.09872706e-05 2.39371518e-05],[1.1  1.14 1.14 1.1  1.1  1.19],[1.16 1.24 1.27 1.22 1.25 1.32]
82,5,[7.44910580e-04 3.12841321e-05 2.00085581e-05 2.12676227e-02],[1.14 1.14 1.04 1.21 1.04 1.04],[1.25 1.25 1.14 1.31 1.24 1.25]
82,6,[1.92724002e-05 1.33352771e-02 1.51681895e-04 4.24108148e-05],[1.06 1.19 1.21 1.06 1.06 1.19],[1.26 1.31 1.32 1.19 1.23 1.29]
82,7,[2.30932383e-06 1.18468125e-03 6.15539567e-04 1.38834504e-04],[1.15 1.15 1.17 1.15 1.15 1.15],[1.33 1.34 1.37 1.19 1.23 1.24]
82,8,[5.05416371e-06 4.65761776e-05 2.16461140e-05 4.90163707e-07],[1.26 1.26 1.27 1.26 1.26 1.26],[1.39 1.42 1.49 1.36 1.45 1.48]
82,9,[4.88669899e-02 2.44013692e-05 5.40733147e-09 1.03394421e-03],[1.01 1.01 1.01 1.23 1.13 1.13],[1.25 1.49 1.13 1.52 1.25 1.5 ]
89,0,[3.40895548e-03 2.47226705e-05 2.42460859e-04 1.29432767e-05],[1.12 1.12 1.12 1.17 1.23 1.17],[1.27 1.2  1.29 1.29 1.36 1.31]
89,1,[6.12112284e-01 2.73159940e-04 5.97915401e-06 2.68300560e-04],[1.   1.   1.   1.15 1.15 1.15],[1.17 1.29 1.17 1.32 1.24 1.32]
89,2,[6.08766504e-07 2.30358298e-05 4.73842825e-04 7.99582366e-06],[1.25 1.19 1.26 1.19 1.25 1.19],[1.44 1.4  1.46 1.3  1.4  1.34]
89,3,[6.71610580e-03 2.16283555e-04 9.53609023e-06 9.36707075e-05],[1.09 1.09 1.09 1.18 1.18 1.19],[1.18 1.28 1.22 1.31 1.24 1.34]
89,4,[6.02115500e-02 7.33672880e-04 1.41728247e-05 6.42633139e-07],[1.   1.   1.   1.14 1.14 1.24],[1.14 1.26 1.36 1.27 1.36 1.46]
89,5,[8.13153119e-06 9.79759339e-06 1.59292972e-01 3.87116611e-03],[1.24 1.   1.08 1.   1.08 1.  ],[1.36 1.27 1.27 1.26 1.26 1.08]
89,6,[2.65725082e-05 3.55543854e-05 3.74831506e-05 3.78693136e-07],[1.27 1.27 1.27 1.27 1.27 1.27],[1.36 1.34 1.46 1.36 1.47 1.46]
89,7,[4.00944751e-04 3.35982324e-08 7.33691906e-07 2.12123486e-04],[1.19 1.19 1.19 1.33 1.19 1.19],[1.49 1.38 1.25 1.59 1.5  1.41]
89,8,[0.07150625 0.00026729 0.15888712 0.00399764],[1.   1.   1.   1.   1.06 1.  ],[1.15 1.   1.06 1.15 1.15 1.06]
89,9,[2.37737479e-07 2.92250890e-10 4.82180065e-04 1.73733076e-05],[1.36 1.18 1.26 1.18 1.26 1.18],[1.71 1.42 1.5  1.61 1.67 1.32]
95,0,[2.00797897e-03 8.01767917e-05 2.76637730e-02 4.25741874e-02],[1.08 1.   1.   1.   1.   1.  ],[1.2  1.08 1.08 1.19 1.19 1.  ]
95,1,[1.01536298e-03 4.73671546e-03 5.21527277e-03 3.01587450e-06],[1.1  1.1  1.11 1.1  1.1  1.1 ],[1.13 1.13 1.29 1.1  1.29 1.29]
95,2,[1.47980802e-04 4.05150835e-04 8.63285727e-08 1.00355557e-03],[1.16 1.17 1.16 1.16 1.16 1.16],[1.24 1.46 1.23 1.44 1.21 1.46]
95,3,[6.74708084e-06 3.25460115e-04 5.29584652e-04 8.89108748e-03],[1.15 1.15 1.08 1.15 1.08 1.08],[1.3  1.3  1.29 1.2  1.17 1.16]
95,4,[5.96623383e-05 7.95794658e-04 1.09228360e-09 2.72779320e-07],[1.17 1.22 1.22 1.17 1.17 1.36],[1.27 1.59 1.44 1.55 1.41 1.69]
95,5,[2.21139034e-03 2.32634662e-02 3.22067842e-05 2.72662604e-08],[1.04 1.1  1.1  1.04 1.04 1.22],[1.1  1.23 1.43 1.23 1.43 1.48]
95,6,[2.36487161e-04 1.63490148e-06 4.70801254e-03 3.02664608e-05],[1.17 1.1  1.17 1.1  1.22 1.1 ],[1.35 1.19 1.28 1.34 1.39 1.25]
95,7,[8.00200988e-06 1.29712373e-05 4.17815806e-02 1.19129457e-03],[1.24 1.01 1.12 1.01 1.12 1.01],[1.35 1.28 1.28 1.26 1.26 1.12]
95,8,[8.95683095e-06 3.00787420e-03 4.20234386e-03 1.29616472e-05],[1.11 1.11 1.24 1.11 1.11 1.11],[1.28 1.28 1.37 1.12 1.26 1.26]
95,9,[6.69784129e-07 1.21310839e-02 2.53856605e-04 9.14310843e-06],[1.07 1.17 1.25 1.07 1.07 1.17],[1.35 1.35 1.43 1.17 1.28 1.32]
76,0,[7.47649786e-05 2.42430084e-05 5.69209063e-03 7.11844135e-04],[1.19 1.1  1.14 1.1  1.14 1.1 ],[1.32 1.22 1.23 1.25 1.27 1.15]
76,1,[1.28620672e-05 7.51853859e-07 1.94584278e-05 7.45595139e-08],[1.29 1.29 1.29 1.29 1.33 1.29],[1.49 1.37 1.53 1.45 1.6  1.55]
76,2,[1.14983020e-04 3.03171483e-05 6.01982399e-02 1.06408795e-03],[1.18 1.   1.12 1.   1.12 1.  ],[1.28 1.2  1.2  1.24 1.25 1.12]
76,3,[1.86830253e-01 8.59990888e-04 4.57886426e-07 1.03110286e-04],[1.   1.   1.   1.13 1.13 1.18],[1.13 1.36 1.2  1.36 1.22 1.41]
76,4,[2.28754617e-01 1.80374734e-04 9.50363329e-03 8.16105669e-05],[1.   1.   1.   1.04 1.16 1.04],[1.17 1.04 1.19 1.17 1.24 1.19]
76,5,[3.75989092e-04 1.15305535e-07 2.65134297e-04 3.16741579e-04],[1.2 1.2 1.2 1.2 1.2 1.2],[1.43 1.24 1.25 1.43 1.45 1.25]
76,6,[3.44408329e-05 6.47863357e-03 2.01484778e-03 2.27809552e-07],[1.09 1.1  1.21 1.09 1.09 1.1 ],[1.24 1.24 1.45 1.12 1.37 1.37]
76,7,[3.62872958e-04 4.19838773e-06 7.32571510e-06 4.46883528e-07],[1.19 1.19 1.19 1.28 1.28 1.28],[1.34 1.33 1.42 1.41 1.52 1.51]
76,8,[1.39453940e-04 1.94083366e-02 2.03646560e-05 5.14323428e-07],[1.05 1.19 1.19 1.05 1.05 1.23],[1.19 1.3  1.4  1.25 1.36 1.46]
76,9,[6.50991782e-04 8.20105326e-05 1.79908839e-03 6.85092778e-06],[1.14 1.14 1.14 1.14 1.19 1.14],[1.25 1.17 1.3  1.24 1.34 1.3 ]
73,0,[9.59125612e-04 5.71342133e-07 4.94578354e-08 2.74981984e-07],[1.16 1.16 1.16 1.36 1.36 1.36],[1.4  1.46 1.4  1.55 1.58 1.61]
73,1,[2.60585343e-04 4.25834548e-06 1.08071463e-09 7.40559894e-06],[1.21 1.21 1.21 1.28 1.28 1.28],[1.35 1.58 1.36 1.61 1.43 1.65]
73,2,[6.40970681e-05 2.10820866e-02 1.00848261e-02 1.47337649e-04],[1.04 1.04 1.17 1.04 1.04 1.04],[1.2  1.2  1.25 1.04 1.17 1.17]
73,3,[4.60563819e-06 1.70822791e-04 1.27307906e-03 2.55831420e-04],[1.17 1.15 1.17 1.15 1.17 1.15],[1.35 1.33 1.35 1.23 1.26 1.22]
73,4,[1.60873044e-02 7.35041390e-06 1.14026768e-03 6.12432655e-04],[1.05 1.05 1.05 1.12 1.12 1.12],[1.28 1.12 1.14 1.29 1.3  1.16]
73,5,[2.14947638e-01 5.31906491e-02 4.96475986e-05 8.36378455e-05],[1.   1.   1.   1.   1.   1.19],[1.   1.2  1.19 1.2  1.19 1.27]
73,6,[1.66733902e-05 1.47682605e-06 6.88259097e-06 1.17938898e-04],[1.26 1.26 1.23 1.26 1.23 1.23],[1.48 1.4  1.36 1.47 1.41 1.36]
73,7,[1.21902291e-03 3.26500276e-04 7.19347438e-06 3.27113377e-02],[1.12 1.12 1.02 1.14 1.02 1.02],[1.18 1.28 1.12 1.32 1.16 1.28]
73,8,[1.79304519e-03 1.29431262e-06 3.53213355e-05 3.53573646e-02],[1.1  1.1  1.02 1.21 1.02 1.02],[1.33 1.24 1.1  1.39 1.33 1.24]
73,9,[9.42553361e-04 6.23167828e-04 4.64040322e-05 2.13808049e-03],[1.13 1.13 1.13 1.13 1.13 1.13],[1.19 1.27 1.17 1.26 1.17 1.26]
55,0,[1.36429275e-02 8.21849747e-05 4.42220798e-07 1.13112009e-06],[1.06 1.06 1.06 1.21 1.21 1.32],[1.21 1.37 1.34 1.42 1.39 1.51]
55,1,[1.97457455e-04 1.11965816e-04 3.74992575e-05 1.51266591e-03],[1.18 1.18 1.14 1.18 1.14 1.14],[1.27 1.31 1.22 1.31 1.23 1.28]
55,2,[3.31646176e-07 6.71132583e-04 5.67880261e-04 1.30110485e-04],[1.17 1.17 1.18 1.17 1.17 1.17],[1.4  1.4  1.43 1.2  1.24 1.25]
55,3,[5.81440905e-06 2.32731082e-03 6.32350860e-06 6.50807947e-06],[1.13 1.25 1.25 1.13 1.13 1.25],[1.31 1.4  1.4  1.31 1.29 1.41]
55,4,[3.58616032e-06 9.81461033e-04 6.62392667e-06 4.68616089e-03],[1.13 1.27 1.1  1.13 1.1  1.1 ],[1.31 1.4  1.31 1.31 1.14 1.31]
55,5,[1.96632388e-03 4.13841864e-05 1.44187147e-04 9.68690948e-06],[1.14 1.14 1.14 1.19 1.21 1.19],[1.26 1.22 1.3  1.29 1.37 1.34]
55,6,[2.78004575e-09 1.19772700e-05 2.77957203e-03 5.02625815e-04],[1.25 1.12 1.15 1.12 1.15 1.12],[1.58 1.52 1.53 1.29 1.29 1.18]
55,7,[4.82438925e-04 1.13306760e-04 8.06566402e-04 3.84962099e-05],[1.17 1.17 1.17 1.17 1.18 1.17],[1.24 1.21 1.28 1.23 1.31 1.28]
55,8,[1.93076562e-05 4.68508329e-05 1.21854191e-05 1.41531327e-05],[1.26 1.26 1.26 1.26 1.26 1.26],[1.36 1.38 1.38 1.37 1.37 1.41]
55,9,[1.46649662e-04 7.91607106e-04 9.23987019e-04 8.53957168e-05],[1.16 1.16 1.17 1.16 1.16 1.16],[1.23 1.23 1.29 1.19 1.26 1.26]
75,0,[3.76640566e-06 1.14539577e-04 3.38498964e-06 3.76055731e-07],[1.23 1.29 1.29 1.23 1.23 1.29],[1.38 1.47 1.51 1.38 1.43 1.51]
75,1,[1.56272887e-07 7.98456301e-06 4.45950410e-09 1.29471695e-03],[1.28 1.38 1.15 1.28 1.15 1.15],[1.52 1.67 1.43 1.58 1.32 1.54]
75,2,[1.67964090e-03 5.95274741e-09 5.86702280e-03 4.42661056e-03],[1.09 1.09 1.09 1.09 1.09 1.09],[1.47 1.11 1.11 1.47 1.47 1.09]
75,3,[4.93021152e-06 4.08046714e-05 8.85144500e-04 1.12303140e-07],[1.23 1.16 1.27 1.16 1.23 1.16],[1.39 1.33 1.52 1.28 1.49 1.44]
75,4,[6.15160602e-08 1.99554032e-03 3.26793657e-07 1.75027319e-04],[1.14 1.35 1.18 1.14 1.14 1.18],[1.44 1.57 1.45 1.39 1.21 1.42]
75,5,[1.74106469e-04 6.12500570e-08 2.81899742e-06 3.92806734e-03],[1.18 1.18 1.11 1.29 1.11 1.11],[1.45 1.35 1.21 1.52 1.44 1.33]
75,6,[1.80770051e-06 4.17370982e-03 4.37814399e-07 3.89434169e-08],[1.11 1.32 1.32 1.11 1.11 1.34],[1.34 1.49 1.56 1.37 1.45 1.62]
75,7,[6.96261013e-05 5.10549497e-06 9.15736154e-04 2.93818952e-04],[1.19 1.16 1.17 1.16 1.17 1.16],[1.36 1.26 1.26 1.32 1.33 1.21]
75,8,[2.53791777e-03 1.64333833e-02 1.24783625e-04 4.55054225e-07],[1.05 1.09 1.09 1.05 1.05 1.17],[1.1  1.19 1.35 1.19 1.35 1.38]
75,9,[1.04397631e-02 5.59521728e-05 5.44980003e-06 5.57450264e-03],[1.07 1.07 1.07 1.2  1.07 1.07],[1.2  1.28 1.08 1.33 1.2  1.28]
62,0,[5.41047293e-03 1.43502083e-06 4.63695942e-05 2.99816501e-05],[1.1  1.1  1.1  1.22 1.22 1.22],[1.34 1.24 1.25 1.39 1.39 1.32]
62,1,[1.65666863e-05 3.71542664e-02 3.25911327e-05 1.22696238e-06],[1.02 1.24 1.24 1.02 1.02 1.24],[1.26 1.33 1.43 1.24 1.34 1.4 ]
62,2,[2.11949773e-06 3.81070765e-03 6.72276135e-04 6.54459195e-04],[1.11 1.12 1.12 1.11 1.11 1.12],[1.33 1.33 1.33 1.16 1.16 1.19]
62,3,[3.36974870e-02 2.36349757e-03 1.32491038e-03 2.42215752e-06],[1.02 1.02 1.02 1.1  1.1  1.1 ],[1.1  1.12 1.3  1.13 1.3  1.31]
62,4,[8.01539405e-04 1.86708424e-06 2.49130977e-05 6.15019257e-06],[1.17 1.17 1.17 1.25 1.27 1.25],[1.36 1.29 1.33 1.42 1.45 1.39]
62,5,[2.61251860e-03 1.60388529e-06 5.21208021e-04 3.96702835e-04],[1.13 1.13 1.13 1.14 1.14 1.14],[1.34 1.18 1.2  1.34 1.36 1.22]
62,6,[3.22485948e-06 5.90541354e-06 4.32680092e-09 2.09618155e-05],[1.29 1.29 1.29 1.29 1.29 1.29],[1.46 1.64 1.44 1.62 1.41 1.58]
62,7,[3.21045532e-04 2.16504947e-07 1.75463931e-07 4.78850443e-05],[1.2  1.2  1.2  1.36 1.23 1.23],[1.45 1.44 1.29 1.68 1.47 1.47]
62,8,[1.17383854e-04 4.36494199e-07 1.13339053e-04 1.65276052e-03],[1.18 1.18 1.14 1.18 1.14 1.14],[1.43 1.29 1.23 1.42 1.4  1.23]
62,9,[5.61627268e-07 5.79598907e-04 1.70452083e-06 8.38662679e-07],[1.18 1.32 1.32 1.18 1.18 1.32],[1.4  1.5  1.53 1.36 1.39 1.52]
84,0,[7.01291739e-05 2.32065339e-02 2.78679448e-03 5.19286295e-04],[1.04 1.09 1.13 1.04 1.04 1.09],[1.2  1.2  1.23 1.09 1.15 1.15]
84,1,[7.43400726e-07 1.52083250e-08 2.63770843e-08 5.62175210e-05],[1.35 1.35 1.26 1.43 1.26 1.26],[1.62 1.63 1.43 1.7  1.53 1.54]
84,2,[1.25142720e-02 3.59249681e-08 6.05243606e-06 8.02358422e-03],[1.06 1.06 1.06 1.27 1.06 1.06],[1.42 1.27 1.06 1.52 1.42 1.27]
84,3,[9.42380765e-05 1.16646831e-04 3.42348338e-04 3.12712062e-04],[1.2 1.2 1.2 1.2 1.2 1.2],[1.31 1.26 1.26 1.27 1.27 1.24]
84,4,[1.46677552e-05 5.07506649e-02 1.84347429e-05 2.75000341e-06],[1.   1.24 1.24 1.   1.   1.24],[1.26 1.36 1.41 1.26 1.31 1.41]
84,5,[1.79677821e-05 1.13045525e-05 1.58860517e-04 1.58656378e-02],[1.23 1.19 1.06 1.19 1.06 1.06],[1.37 1.3  1.25 1.3  1.27 1.19]
84,6,[8.93140574e-05 5.99523183e-06 2.93903228e-02 6.41816611e-05],[1.2  1.03 1.2  1.03 1.2  1.03],[1.35 1.21 1.28 1.29 1.33 1.22]
84,7,[2.16493083e-04 1.52473178e-04 1.13653639e-07 1.75242272e-08],[1.21 1.21 1.21 1.21 1.21 1.38],[1.27 1.47 1.5  1.47 1.5  1.66]
84,8,[4.89729551e-07 3.42324457e-02 9.21320860e-04 1.91516599e-05],[1.02 1.13 1.23 1.02 1.02 1.13],[1.36 1.36 1.4  1.13 1.25 1.27]
84,9,[1.78881622e-03 3.70189880e-03 9.08742186e-08 6.36861933e-07],[1.11 1.11 1.11 1.11 1.11 1.33],[1.13 1.41 1.35 1.41 1.35 1.51]
80,0,[3.95672579e-06 1.77546857e-07 2.98379762e-04 4.96734521e-04],[1.28 1.18 1.18 1.18 1.18 1.18],[1.51 1.34 1.34 1.42 1.42 1.24]
80,1,[6.48702172e-04 8.29380873e-03 3.53681866e-05 4.60042249e-09],[1.08 1.14 1.14 1.08 1.08 1.21],[1.15 1.26 1.49 1.24 1.49 1.53]
80,2,[1.05661482e-06 1.31083770e-06 3.69285221e-06 8.36264711e-03],[1.3  1.3  1.08 1.3  1.08 1.08],[1.48 1.48 1.35 1.43 1.33 1.32]
80,3,[8.88352908e-03 6.92942780e-05 6.15460422e-06 2.92768241e-04],[1.08 1.08 1.08 1.19 1.17 1.17],[1.22 1.3  1.18 1.37 1.25 1.32]
80,4,[7.33530756e-07 8.90903426e-03 6.48320337e-07 2.62683023e-07],[1.08 1.34 1.34 1.08 1.08 1.34],[1.36 1.5  1.51 1.36 1.38 1.56]
80,5,[3.30137703e-06 2.06650140e-06 1.63989117e-05 1.57086541e-04],[1.28 1.26 1.22 1.26 1.22 1.22],[1.47 1.41 1.38 1.45 1.39 1.37]
80,6,[8.69792899e-04 1.83884095e-04 2.03367453e-03 3.10483236e-06],[1.13 1.13 1.13 1.13 1.16 1.13],[1.2  1.16 1.34 1.2  1.35 1.34]
80,7,[1.68774957e-07 2.79550976e-04 1.32242935e-04 2.21817820e-06],[1.21 1.21 1.29 1.21 1.21 1.21],[1.46 1.46 1.54 1.26 1.38 1.41]
80,8,[6.49324102e-03 4.79784202e-04 3.50061091e-10 1.03214639e-04],[1.09 1.09 1.09 1.15 1.15 1.18],[1.16 1.57 1.21 1.57 1.24 1.57]
80,9,[7.02885273e-05 2.53888205e-03 5.01965328e-04 4.92097378e-05],[1.13 1.15 1.19 1.13 1.13 1.15],[1.23 1.26 1.29 1.18 1.25 1.26]
64,0,[1.08895090e-03 4.89058439e-04 4.33876004e-06 9.52781626e-02],[1.12 1.12 1.   1.13 1.   1.  ],[1.17 1.3  1.12 1.31 1.15 1.3 ]
64,1,[1.29119579e-03 8.53011154e-03 1.54137130e-05 2.33106200e-03],[1.08 1.1  1.1  1.08 1.08 1.1 ],[1.12 1.26 1.12 1.26 1.11 1.26]
64,2,[1.30864080e-06 4.20458818e-05 1.06698146e-05 4.28187251e-03],[1.23 1.25 1.11 1.23 1.11 1.11],[1.4  1.46 1.34 1.35 1.25 1.29]
64,3,[4.77778272e-05 8.92209471e-05 3.77818874e-08 2.34582468e-05],[1.24 1.24 1.24 1.24 1.24 1.24],[1.32 1.54 1.35 1.5  1.33 1.53]
64,4,[1.39222865e-03 1.09244572e-04 9.07600331e-06 5.39436681e-07],[1.15 1.15 1.15 1.2  1.2  1.25],[1.24 1.31 1.41 1.33 1.44 1.49]
64,5,[9.72845842e-06 2.20341500e-05 2.51227250e-08 2.38456702e-04],[1.25 1.25 1.21 1.25 1.21 1.21],[1.37 1.56 1.33 1.54 1.3  1.51]
64,6,[2.73768622e-04 8.67870642e-05 4.57067374e-05 4.01731400e-05],[1.21 1.21 1.21 1.21 1.21 1.21],[1.28 1.3  1.3  1.31 1.32 1.35]
64,7,[4.98446634e-05 4.47542454e-04 8.86911615e-07 4.80409903e-05],[1.19 1.21 1.21 1.19 1.19 1.21],[1.28 1.44 1.33 1.41 1.29 1.44]
64,8,[1.09838528e-04 3.54417516e-04 1.23393515e-03 8.41856227e-05],[1.16 1.15 1.17 1.15 1.16 1.15],[1.27 1.24 1.27 1.21 1.26 1.24]
64,9,[1.56553566e-07 6.42293530e-05 1.52134932e-06 9.18669000e-05],[1.24 1.31 1.24 1.24 1.24 1.24],[1.47 1.53 1.48 1.42 1.33 1.4 ]
67,0,[6.62114861e-07 1.59184203e-04 2.36120475e-06 9.12493023e-04],[1.19 1.3  1.16 1.19 1.16 1.16],[1.41 1.49 1.39 1.37 1.23 1.36]
67,1,[2.42399598e-02 2.61181402e-04 4.46901983e-04 1.49245361e-05],[1.04 1.04 1.04 1.15 1.15 1.15],[1.17 1.15 1.26 1.21 1.28 1.3 ]
67,2,[0.00027707 0.00010091 0.00016574 0.00048031],[1.19 1.19 1.19 1.19 1.19 1.19],[1.27 1.26 1.23 1.28 1.26 1.26]
67,3,[1.39529952e-05 8.69872085e-08 5.19294766e-04 4.09938463e-03],[1.24 1.15 1.11 1.15 1.11 1.11],[1.47 1.28 1.28 1.43 1.42 1.18]
67,4,[3.41867028e-08 2.75430302e-05 7.94284276e-06 1.99232010e-04],[1.24 1.26 1.22 1.24 1.22 1.22],[1.53 1.55 1.51 1.38 1.32 1.34]
67,5,[1.32173031e-05 1.35516158e-06 4.30959179e-06 6.16591533e-09],[1.3  1.3  1.3  1.3  1.31 1.3 ],[1.46 1.39 1.59 1.46 1.6  1.62]
67,6,[1.90267415e-08 7.66065616e-04 1.14519634e-02 7.74724159e-04],[1.12 1.07 1.12 1.07 1.12 1.07],[1.43 1.43 1.43 1.14 1.17 1.14]
67,7,[8.57152049e-06 2.42790955e-01 8.23255119e-04 3.64466827e-06],[1.   1.13 1.26 1.   1.   1.13],[1.28 1.29 1.4  1.13 1.3  1.31]
67,8,[9.11999728e-04 2.29167540e-06 2.99089055e-06 1.64099801e-06],[1.16 1.16 1.16 1.29 1.29 1.29],[1.36 1.36 1.37 1.46 1.48 1.47]
67,9,[8.60918320e-04 2.44502038e-07 2.30183559e-02 4.64863675e-03],[1.11 1.04 1.07 1.04 1.07 1.04],[1.37 1.13 1.13 1.37 1.37 1.07]
98,0,[0.00208522 0.01292025 0.00080991 0.00012086],[1.06 1.1  1.1  1.06 1.06 1.11],[1.1  1.14 1.2  1.14 1.2  1.21]
98,1,[2.69288831e-08 9.03632986e-08 7.32692633e-03 2.13988402e-06],[1.39 1.09 1.32 1.09 1.32 1.09],[1.63 1.46 1.55 1.42 1.53 1.33]
98,2,[2.80787962e-03 1.41284096e-10 1.07450228e-04 9.60802493e-03],[1.09 1.09 1.08 1.18 1.08 1.08],[1.58 1.19 1.1  1.6  1.58 1.19]
98,3,[2.03964431e-04 1.59506058e-06 1.11937837e-05 3.43695133e-04],[1.2  1.2  1.2  1.25 1.2  1.2 ],[1.41 1.33 1.25 1.45 1.4  1.34]
98,4,[2.65743518e-05 5.89478550e-04 1.83500296e-03 3.61214880e-09],[1.14 1.14 1.22 1.14 1.14 1.14],[1.29 1.27 1.57 1.18 1.52 1.52]
98,5,[1.42357515e-03 1.04890269e-07 1.38436675e-03 2.04477509e-02],[1.1  1.1  1.04 1.1  1.04 1.04],[1.4  1.14 1.11 1.4  1.4  1.11]
98,6,[4.82556085e-02 1.16293737e-04 7.58984147e-03 2.09836829e-07],[1.01 1.01 1.01 1.05 1.18 1.05],[1.18 1.05 1.37 1.18 1.4  1.37]
98,7,[6.83106988e-05 2.13390596e-08 1.00582277e-07 2.62919905e-03],[1.22 1.22 1.13 1.39 1.13 1.13],[1.5  1.45 1.24 1.62 1.48 1.44]
98,8,[2.19678933e-08 8.20357741e-05 2.75956320e-04 6.98420186e-05],[1.21 1.21 1.21 1.21 1.21 1.21],[1.52 1.52 1.51 1.27 1.32 1.28]
98,9,[4.97749158e-06 6.03127878e-03 6.61139963e-03 1.70211185e-06],[1.08 1.08 1.28 1.08 1.08 1.08],[1.28 1.28 1.41 1.08 1.31 1.31]
72,0,[7.57520540e-04 2.34369024e-05 1.06296396e-04 5.06688026e-02],[1.14 1.14 1.   1.18 1.   1.  ],[1.27 1.22 1.14 1.29 1.25 1.2 ]
72,1,[2.00117954e-06 1.01153491e-05 9.25001067e-05 2.36860550e-05],[1.25 1.24 1.24 1.24 1.24 1.24],[1.46 1.4  1.43 1.37 1.38 1.33]
72,2,[1.19841415e-05 7.44322585e-06 1.32340098e-04 3.28554359e-02],[1.25 1.19 1.02 1.19 1.02 1.02],[1.39 1.32 1.27 1.33 1.28 1.19]
72,3,[3.50109333e-06 6.05961052e-04 2.67199887e-02 8.55313105e-06],[1.14 1.03 1.26 1.03 1.14 1.03],[1.32 1.31 1.4  1.14 1.3  1.28]
72,4,[3.71073197e-02 5.38395152e-07 8.14177927e-07 2.14177911e-04],[1.02 1.02 1.02 1.33 1.18 1.18],[1.36 1.35 1.18 1.49 1.38 1.4 ]
72,5,[4.08773560e-05 5.86158063e-04 9.87915997e-06 1.87378828e-05],[1.18 1.23 1.23 1.18 1.18 1.24],[1.28 1.38 1.36 1.31 1.3  1.42]
72,6,[1.31015712e-05 6.93429058e-05 1.10518521e-05 2.33193541e-05],[1.25 1.25 1.25 1.25 1.25 1.25],[1.35 1.41 1.38 1.36 1.33 1.4 ]
72,7,[8.96031128e-02 2.28192988e-06 7.07696107e-04 9.35656263e-03],[1.   1.   1.   1.12 1.04 1.04],[1.3  1.12 1.04 1.31 1.3  1.12]
72,8,[1.75639620e-06 1.04332677e-04 1.53740535e-04 7.77645134e-05],[1.23 1.23 1.23 1.23 1.23 1.23],[1.39 1.4  1.41 1.29 1.31 1.3 ]
72,9,[4.47165778e-04 1.03250385e-02 3.49896359e-07 1.38665043e-06],[1.07 1.15 1.15 1.07 1.07 1.31],[1.15 1.38 1.34 1.37 1.34 1.49]
79,0,[3.65247561e-06 1.13007432e-02 2.20738781e-02 6.42390995e-04],[1.04 1.04 1.12 1.04 1.04 1.04],[1.28 1.28 1.3  1.04 1.13 1.13]
79,1,[3.41452261e-04 1.27719333e-05 1.66852409e-06 1.32925887e-04],[1.2  1.2  1.2  1.24 1.2  1.2 ],[1.32 1.38 1.25 1.44 1.35 1.39]
79,2,[0.00158596 0.0002057  0.00189828 0.00037207],[1.14 1.14 1.14 1.14 1.14 1.14],[1.2  1.15 1.2  1.2  1.23 1.2 ]
79,3,[1.61102903e-04 5.94322251e-08 1.83745859e-02 1.53641716e-03],[1.17 1.05 1.11 1.05 1.11 1.05],[1.43 1.19 1.19 1.41 1.41 1.11]
79,4,[5.27478869e-08 3.99221734e-04 4.54855609e-06 2.33090130e-04],[1.19 1.28 1.19 1.19 1.19 1.19],[1.49 1.57 1.5  1.34 1.24 1.36]
79,5,[1.93607126e-03 4.97604979e-09 6.03618218e-05 6.19797713e-06],[1.14 1.14 1.14 1.22 1.27 1.22],[1.51 1.24 1.3  1.54 1.57 1.36]
79,6,[3.93323292e-04 5.54536376e-04 3.34852627e-05 2.46473559e-05],[1.18 1.18 1.18 1.18 1.18 1.21],[1.23 1.29 1.3  1.29 1.3  1.38]
79,7,[1.06141705e-03 3.17688668e-04 1.31317678e-05 3.69092725e-05],[1.16 1.16 1.16 1.16 1.16 1.21],[1.2  1.3  1.27 1.32 1.28 1.34]
79,8,[6.44219606e-04 2.61797424e-01 1.95695112e-04 1.09671969e-04],[1.   1.14 1.14 1.   1.   1.16],[1.14 1.21 1.23 1.18 1.2  1.26]
79,9,[2.85933548e-04 4.01575079e-05 3.28945262e-04 2.26985172e-05],[1.2  1.2  1.2  1.2  1.21 1.2 ],[1.3  1.24 1.31 1.29 1.36 1.32]
92,0,[7.89461696e-07 2.48603766e-04 5.66224006e-03 9.44898346e-04],[1.15 1.1  1.13 1.1  1.13 1.1 ],[1.36 1.34 1.34 1.18 1.21 1.14]
92,1,[2.14053646e-05 1.90546775e-03 9.21325257e-07 3.48412910e-06],[1.14 1.25 1.25 1.14 1.14 1.28],[1.27 1.41 1.4  1.36 1.33 1.48]
92,2,[1.15543006e-03 3.55742137e-06 5.83650038e-07 4.42805905e-08],[1.15 1.15 1.15 1.31 1.31 1.34],[1.35 1.37 1.45 1.49 1.52 1.6 ]
92,3,[1.31766556e-04 5.05083439e-06 8.60899188e-05 1.66540898e-05],[1.23 1.23 1.23 1.23 1.24 1.23],[1.36 1.3  1.33 1.38 1.44 1.35]
92,4,[5.68158468e-06 9.42962621e-03 1.85819080e-05 1.05591399e-02],[1.06 1.23 1.06 1.06 1.06 1.06],[1.27 1.35 1.27 1.24 1.06 1.24]
92,5,[7.35236912e-04 1.94646526e-04 1.04165458e-05 2.90111004e-05],[1.17 1.17 1.17 1.18 1.18 1.22],[1.22 1.32 1.3  1.33 1.33 1.4 ]
92,6,[5.97183045e-02 2.69028051e-06 9.24838774e-03 4.44147367e-04],[1.   1.   1.   1.05 1.13 1.05],[1.29 1.05 1.14 1.29 1.31 1.14]
92,7,[3.96993730e-04 2.15948026e-05 1.69613222e-02 4.46121414e-07],[1.16 1.05 1.16 1.05 1.23 1.05],[1.26 1.16 1.37 1.25 1.43 1.36]
92,8,[7.75411971e-05 6.22630032e-02 1.72461202e-03 1.45645476e-04],[1.   1.11 1.17 1.   1.   1.11],[1.21 1.21 1.25 1.11 1.19 1.19]
92,9,[5.77488204e-05 3.73413085e-05 1.11677112e-04 5.90741344e-03],[1.2 1.2 1.1 1.2 1.1 1.1],[1.3  1.29 1.22 1.3  1.25 1.21]
97,0,[4.72009409e-09 3.65651727e-08 4.79593339e-04 1.05589909e-06],[1.42 1.19 1.34 1.19 1.34 1.19],[1.76 1.53 1.62 1.51 1.59 1.39]
97,1,[1.37042275e-05 3.86932022e-05 1.39525493e-04 2.83158107e-05],[1.23 1.23 1.23 1.23 1.23 1.23],[1.37 1.35 1.37 1.3  1.36 1.32]
97,2,[7.16863339e-04 3.11809392e-05 1.18201178e-06 5.85100635e-02],[1.14 1.14 1.   1.21 1.   1.  ],[1.25 1.34 1.14 1.4  1.23 1.33]
97,3,[8.39908156e-04 3.23720120e-06 1.11374979e-07 4.77431156e-04],[1.17 1.17 1.17 1.29 1.17 1.17],[1.34 1.44 1.21 1.5  1.34 1.44]
97,4,[1.50432991e-04 5.12004785e-02 1.79426704e-06 8.80526859e-04],[1.   1.17 1.13 1.   1.   1.13],[1.19 1.37 1.2  1.33 1.13 1.33]
97,5,[0.00185099 0.01132197 0.00033997 0.00698703],[1.07 1.09 1.07 1.07 1.07 1.07],[1.09 1.15 1.09 1.15 1.07 1.15]
97,6,[3.06925933e-06 1.76633432e-02 1.51229512e-05 5.51233279e-04],[1.05 1.24 1.15 1.05 1.05 1.15],[1.31 1.39 1.33 1.26 1.15 1.28]
97,7,[1.57436357e-04 1.98934366e-01 4.52271668e-04 5.40740724e-07],[1.   1.15 1.17 1.   1.   1.15],[1.19 1.21 1.39 1.15 1.36 1.39]
97,8,[1.03512582e-05 4.67790289e-05 4.80948118e-04 1.52912223e-04],[1.21 1.19 1.19 1.19 1.19 1.19],[1.37 1.32 1.34 1.28 1.29 1.26]
97,9,[7.97742537e-03 7.77683322e-05 1.97986175e-03 1.11183458e-01],[1.05 1.05 1.   1.08 1.   1.  ],[1.19 1.09 1.05 1.19 1.19 1.09]
85,0,[2.32743893e-04 4.64583111e-03 8.59915195e-07 2.56834746e-03],[1.11 1.16 1.11 1.11 1.11 1.11],[1.18 1.35 1.18 1.34 1.12 1.34]
85,1,[3.39384586e-04 7.19279662e-03 1.45266587e-04 8.38607707e-07],[1.09 1.16 1.16 1.09 1.09 1.17],[1.17 1.22 1.38 1.19 1.35 1.39]
85,2,[1.20065182e-06 9.37135569e-09 1.45336768e-02 5.95158840e-07],[1.33 1.06 1.33 1.06 1.33 1.06],[1.6  1.34 1.48 1.48 1.61 1.36]
85,3,[2.40561707e-06 1.34857734e-08 1.42894468e-03 6.24759430e-07],[1.31 1.15 1.31 1.15 1.33 1.15],[1.6  1.34 1.47 1.49 1.62 1.38]
85,4,[7.36848331e-03 6.21277773e-05 9.69673221e-05 1.01444109e-03],[1.09 1.09 1.09 1.18 1.13 1.13],[1.23 1.21 1.14 1.27 1.24 1.23]
85,5,[7.34002604e-05 8.17419091e-05 2.33456599e-05 1.84810710e-06],[1.24 1.24 1.24 1.24 1.24 1.24],[1.32 1.33 1.42 1.34 1.39 1.43]
85,6,[4.31966335e-06 7.90122638e-05 2.13005191e-06 4.88036509e-03],[1.21 1.28 1.1  1.21 1.1  1.1 ],[1.35 1.46 1.31 1.38 1.23 1.34]
85,7,[2.43048497e-03 2.64790495e-05 2.68125248e-05 6.26934699e-05],[1.13 1.13 1.13 1.21 1.21 1.21],[1.26 1.26 1.24 1.32 1.32 1.33]
85,8,[8.24613508e-03 2.06323553e-07 2.19952491e-03 6.59695630e-05],[1.08 1.08 1.08 1.1  1.2  1.1 ],[1.37 1.11 1.22 1.37 1.41 1.23]
85,9,[2.77612092e-05 3.83532685e-07 9.42612088e-04 5.15371381e-06],[1.24 1.16 1.24 1.16 1.27 1.16],[1.43 1.27 1.38 1.39 1.45 1.32]
77,0,[1.91860634e-05 1.38393690e-05 1.49364006e-08 1.05445233e-03],[1.24 1.24 1.16 1.24 1.16 1.16],[1.37 1.53 1.3  1.54 1.3  1.48]
77,1,[7.87444118e-05 4.87452120e-07 2.50868911e-05 7.78097410e-04],[1.21 1.21 1.17 1.22 1.17 1.17],[1.42 1.33 1.25 1.46 1.4  1.29]
77,2,[8.82258162e-08 6.53520393e-03 7.77692907e-03 1.20434368e-05],[1.08 1.08 1.25 1.07 1.08 1.08],[1.39 1.39 1.49 1.07 1.26 1.26]
77,3,[4.51775466e-04 4.14994839e-05 3.16628977e-07 3.61352543e-04],[1.19 1.19 1.19 1.21 1.19 1.19],[1.3  1.42 1.23 1.46 1.29 1.43]
77,4,[4.91310973e-04 1.82033096e-03 6.57332048e-03 4.05882732e-06],[1.1  1.09 1.13 1.09 1.1  1.09],[1.16 1.16 1.32 1.12 1.31 1.31]
77,5,[9.13385853e-05 4.83201810e-04 7.01418120e-04 1.64040464e-02],[1.13 1.13 1.05 1.13 1.05 1.05],[1.25 1.23 1.2  1.18 1.15 1.14]
77,6,[3.40102862e-05 1.07028265e-05 1.00986948e-07 9.63629047e-05],[1.24 1.24 1.24 1.25 1.24 1.24],[1.38 1.5  1.32 1.52 1.37 1.47]
77,7,[1.07947472e-02 1.95883128e-04 1.44319724e-04 3.37955774e-07],[1.07 1.07 1.07 1.17 1.17 1.17],[1.18 1.2  1.38 1.25 1.4  1.42]
77,8,[2.64357762e-06 1.73033997e-07 5.36774759e-05 1.67367142e-04],[1.29 1.22 1.22 1.22 1.22 1.22],[1.52 1.4  1.38 1.47 1.47 1.3 ]
77,9,[5.73563318e-03 4.52539641e-03 3.24577980e-05 1.32594505e-04],[1.1  1.1  1.1  1.1  1.1  1.17],[1.1  1.23 1.19 1.23 1.19 1.28]
88,0,[1.08183005e-02 2.19929349e-03 6.65554043e-04 7.20679487e-06],[1.07 1.07 1.07 1.1  1.1  1.12],[1.11 1.14 1.28 1.14 1.28 1.29]
88,1,[1.54706235e-04 1.72133432e-02 9.35715134e-04 1.69156018e-08],[1.05 1.13 1.17 1.05 1.05 1.13],[1.19 1.2  1.5  1.13 1.46 1.48]
88,2,[1.15227712e-03 4.35353870e-04 2.47240508e-06 3.42394669e-03],[1.12 1.12 1.12 1.14 1.12 1.12],[1.19 1.33 1.15 1.34 1.18 1.33]
88,3,[2.51166547e-04 4.82711849e-07 6.74576624e-04 1.51916566e-03],[1.15 1.15 1.15 1.15 1.15 1.15],[1.41 1.22 1.2  1.38 1.38 1.18]
88,4,[9.07394302e-06 2.59362731e-03 1.91686323e-03 1.15768243e-03],[1.13 1.13 1.13 1.13 1.13 1.13],[1.28 1.28 1.28 1.15 1.15 1.16]
88,5,[1.96251085e-06 3.53031906e-06 1.16808186e-04 3.81086611e-05],[1.28 1.24 1.24 1.24 1.24 1.24],[1.46 1.38 1.46 1.38 1.41 1.33]
88,6,[1.26239792e-07 3.47957929e-04 8.67787849e-07 1.46538770e-08],[1.2  1.34 1.38 1.2  1.2  1.34],[1.43 1.58 1.61 1.39 1.5  1.62]
88,7,[2.15009002e-03 2.49390127e-07 1.52434058e-04 1.01507687e-03],[1.13 1.13 1.13 1.17 1.13 1.13],[1.41 1.21 1.17 1.42 1.41 1.22]
88,8,[4.75165907e-06 9.64647280e-06 7.95409977e-04 2.30064972e-07],[1.27 1.17 1.27 1.17 1.27 1.17],[1.43 1.33 1.49 1.32 1.52 1.43]
88,9,[2.21645769e-05 5.29240241e-05 1.48737130e-03 3.59595559e-03],[1.2  1.11 1.11 1.11 1.11 1.11],[1.31 1.26 1.26 1.24 1.23 1.14]
93,0,[3.82340549e-05 9.58460533e-09 5.29366176e-05 6.45410054e-04],[1.21 1.21 1.18 1.21 1.18 1.18],[1.54 1.33 1.29 1.53 1.49 1.27]
93,1,[3.68029005e-08 9.92825775e-07 1.08228531e-07 2.30538497e-03],[1.35 1.38 1.13 1.35 1.13 1.13],[1.59 1.62 1.47 1.56 1.36 1.43]
93,2,[5.44848969e-05 2.29140882e-08 3.47310285e-06 1.16185542e-04],[1.24 1.24 1.24 1.28 1.24 1.24],[1.53 1.39 1.33 1.55 1.55 1.37]
93,3,[0.01217784 0.31187975 0.01483445 0.00036266],[1.   1.02 1.02 1.   1.   1.02],[1.02 1.02 1.13 1.02 1.13 1.13]
93,4,[6.40205877e-04 7.08553401e-06 1.12070229e-04 1.20624044e-03],[1.15 1.15 1.15 1.18 1.15 1.15],[1.32 1.24 1.19 1.35 1.31 1.24]
93,5,[1.90402714e-04 2.35735775e-05 1.20719426e-03 2.04508806e-06],[1.18 1.15 1.18 1.15 1.23 1.15],[1.31 1.22 1.39 1.27 1.41 1.36]
93,6,[6.22043489e-06 3.65283282e-05 6.65487026e-03 6.34105078e-07],[1.23 1.09 1.27 1.09 1.23 1.09],[1.36 1.3  1.45 1.24 1.42 1.36]
93,7,[3.15220764e-04 9.35577362e-03 2.35541356e-06 2.53491557e-04],[1.08 1.15 1.15 1.08 1.08 1.15],[1.17 1.34 1.22 1.32 1.18 1.35]
93,8,[2.84179311e-05 1.49481046e-07 4.17325912e-04 1.93318958e-05],[1.23 1.19 1.23 1.19 1.23 1.19],[1.49 1.31 1.36 1.45 1.5  1.3 ]
93,9,[1.69528507e-04 1.53690437e-05 4.31392844e-03 1.56901536e-02],[1.17 1.07 1.06 1.07 1.06 1.06],[1.28 1.18 1.18 1.25 1.25 1.08]
65,0,[1.25161015e-02 3.32997931e-06 9.41255156e-04 1.70607136e-05],[1.07 1.07 1.07 1.13 1.24 1.13],[1.31 1.13 1.26 1.31 1.4  1.27]
65,1,[1.71333828e-04 2.30138228e-04 1.61048928e-05 6.71741205e-06],[1.21 1.21 1.21 1.21 1.21 1.24],[1.26 1.32 1.37 1.33 1.35 1.42]
65,2,[3.66998657e-04 7.09811648e-05 4.26013533e-05 4.06556458e-04],[1.19 1.19 1.19 1.19 1.19 1.19],[1.27 1.29 1.23 1.32 1.26 1.29]
65,3,[1.78526468e-04 4.04237100e-04 1.35293046e-04 6.59430989e-05],[1.19 1.19 1.19 1.19 1.19 1.19],[1.24 1.27 1.3  1.27 1.28 1.3 ]
65,4,[1.06203493e-06 4.68441679e-05 1.68658913e-07 1.92780018e-03],[1.23 1.32 1.14 1.23 1.14 1.14],[1.41 1.54 1.38 1.43 1.24 1.41]
65,5,[0.00484696 0.00012397 0.00066501 0.00019182],[1.1  1.1  1.1  1.14 1.16 1.14],[1.21 1.16 1.2  1.23 1.26 1.22]
65,6,[3.57946614e-04 2.95695420e-04 8.88701011e-06 4.70105980e-06],[1.2  1.2  1.2  1.2  1.2  1.26],[1.23 1.32 1.34 1.33 1.36 1.43]
65,7,[1.35560008e-05 1.15604820e-05 3.02071129e-04 2.70885241e-04],[1.23 1.2  1.2  1.2  1.2  1.2 ],[1.4  1.33 1.33 1.33 1.33 1.25]
65,8,[1.04377227e-05 8.63557592e-07 6.32088041e-04 7.46920000e-06],[1.26 1.18 1.26 1.18 1.26 1.18],[1.44 1.32 1.42 1.39 1.45 1.32]
65,9,[5.76588535e-04 7.81708122e-05 6.14375379e-06 6.31784879e-05],[1.18 1.18 1.18 1.2  1.2  1.2 ],[1.26 1.33 1.27 1.38 1.31 1.38]
68,0,[2.91572593e-04 3.09119596e-05 4.47043067e-05 1.24654957e-05],[1.2  1.2  1.2  1.22 1.22 1.22],[1.31 1.29 1.33 1.36 1.41 1.36]
68,1,[6.20500032e-06 1.31491158e-01 2.43660492e-09 1.04385824e-05],[1.   1.26 1.26 1.   1.   1.26],[1.28 1.58 1.39 1.51 1.27 1.61]
68,2,[2.44945204e-04 7.05281221e-05 9.35344561e-05 7.05750285e-04],[1.17 1.17 1.17 1.18 1.17 1.17],[1.29 1.29 1.23 1.31 1.26 1.27]
68,3,[4.27858295e-08 1.06194540e-08 1.59240864e-02 3.62167033e-04],[1.41 1.05 1.16 1.05 1.16 1.05],[1.68 1.43 1.45 1.48 1.5  1.16]
68,4,[1.86240676e-03 4.15212006e-04 8.35838442e-05 6.52190633e-05],[1.14 1.14 1.14 1.16 1.16 1.18],[1.19 1.23 1.25 1.25 1.27 1.31]
68,5,[9.64388651e-08 3.74906959e-06 8.34357371e-06 2.09442504e-06],[1.32 1.32 1.32 1.32 1.32 1.32],[1.57 1.56 1.55 1.44 1.47 1.47]
68,6,[8.78558496e-03 1.87667339e-06 9.99690347e-03 8.56726246e-10],[1.06 1.06 1.06 1.06 1.3  1.06],[1.3  1.06 1.52 1.3  1.59 1.52]
68,7,[6.41519979e-06 2.21967835e-03 1.39328499e-05 7.81551098e-04],[1.13 1.24 1.13 1.13 1.13 1.13],[1.31 1.37 1.31 1.27 1.17 1.29]
68,8,[1.19362888e-03 2.76325572e-04 6.65972007e-06 7.53949315e-05],[1.16 1.16 1.16 1.17 1.17 1.19],[1.21 1.31 1.25 1.33 1.26 1.38]
68,9,[7.49771068e-03 1.31237844e-04 2.88602866e-05 4.55873149e-07],[1.08 1.08 1.08 1.19 1.19 1.22],[1.2  1.24 1.37 1.28 1.4  1.42]
81,0,[8.15283451e-07 4.55658084e-05 1.01082109e-05 5.23252413e-03],[1.23 1.25 1.1  1.23 1.1  1.1 ],[1.41 1.42 1.35 1.34 1.23 1.28]
81,1,[4.84447448e-02 3.34979506e-05 3.88207979e-05 8.36568374e-03],[1.01 1.01 1.01 1.2  1.05 1.05],[1.22 1.21 1.05 1.29 1.22 1.21]
81,2,[9.92297687e-04 5.53600459e-03 4.53283898e-07 7.97949860e-04],[1.1  1.12 1.12 1.1  1.1  1.12],[1.14 1.35 1.16 1.35 1.15 1.35]
81,3,[1.23422509e-05 3.25504990e-06 2.09991085e-05 2.84657762e-06],[1.29 1.29 1.29 1.29 1.29 1.29],[1.41 1.4  1.45 1.44 1.47 1.43]
81,4,[5.20318124e-04 9.78362086e-07 5.24552409e-04 5.34151730e-05],[1.18 1.18 1.18 1.18 1.2  1.18],[1.37 1.23 1.28 1.37 1.4  1.28]
81,5,[2.02588810e-06 2.99762118e-03 5.15581142e-04 5.64857682e-03],[1.1  1.13 1.1  1.1  1.1  1.1 ],[1.32 1.33 1.32 1.15 1.1  1.15]
81,6,[2.91796191e-03 2.01249608e-05 3.47650570e-06 2.74344606e-05],[1.12 1.12 1.12 1.23 1.23 1.23],[1.28 1.31 1.25 1.41 1.36 1.37]
81,7,[1.52604946e-05 6.54596170e-07 8.44284642e-11 9.22119738e-05],[1.26 1.26 1.24 1.33 1.24 1.24],[1.46 1.68 1.34 1.75 1.45 1.68]
81,8,[1.73641486e-04 1.80681093e-05 5.50777324e-03 2.09439725e-06],[1.19 1.1  1.19 1.1  1.23 1.1 ],[1.32 1.2  1.36 1.26 1.39 1.34]
81,9,[1.00016027e-05 2.19058468e-04 3.81818928e-07 1.92569590e-02],[1.18 1.25 1.05 1.18 1.05 1.05],[1.32 1.47 1.27 1.38 1.18 1.37]
74,0,[9.55463070e-04 7.56271616e-06 4.29172079e-04 4.80117036e-05],[1.16 1.16 1.16 1.16 1.2  1.16],[1.31 1.2  1.26 1.32 1.38 1.28]
74,1,[2.19357703e-06 1.80606395e-03 5.13564358e-05 2.01540871e-06],[1.14 1.22 1.29 1.14 1.14 1.22],[1.35 1.4  1.49 1.24 1.34 1.37]
74,2,[5.85731363e-07 8.18023857e-04 1.18611936e-02 4.52472019e-04],[1.13 1.07 1.13 1.07 1.13 1.07],[1.35 1.35 1.35 1.14 1.18 1.16]
74,3,[8.85889259e-06 2.01871456e-03 1.52805979e-05 9.83166663e-05],[1.14 1.24 1.2  1.14 1.14 1.2 ],[1.29 1.38 1.33 1.28 1.23 1.32]
74,4,[9.84300033e-07 1.00538032e-04 1.42296365e-06 2.81290672e-03],[1.2  1.31 1.12 1.2  1.12 1.12],[1.4  1.52 1.37 1.39 1.22 1.36]
74,5,[2.11530065e-02 8.40125496e-07 7.15816691e-02 4.58802973e-09],[1.01 1.   1.01 1.   1.32 1.  ],[1.32 1.01 1.48 1.32 1.61 1.48]
74,6,[5.41060316e-05 3.40894788e-06 3.59426722e-04 1.27086769e-03],[1.2  1.16 1.15 1.16 1.15 1.15],[1.38 1.26 1.26 1.36 1.34 1.21]
74,7,[2.18840226e-04 6.65527378e-08 1.17636532e-05 2.91518407e-06],[1.22 1.22 1.22 1.27 1.29 1.27],[1.49 1.34 1.38 1.58 1.52 1.46]
74,8,[9.48912704e-05 1.95911850e-05 2.69132874e-04 3.69751714e-05],[1.2  1.2  1.2  1.2  1.21 1.2 ],[1.34 1.28 1.31 1.32 1.35 1.33]
74,9,[2.17016370e-04 8.91100892e-03 2.03750149e-05 1.07202588e-04],[1.08 1.18 1.18 1.08 1.08 1.18],[1.18 1.28 1.25 1.25 1.2  1.3 ]
91,0,[3.24208549e-09 1.55566902e-03 4.00407424e-03 2.65805361e-06],[1.11 1.11 1.29 1.11 1.11 1.11],[1.51 1.51 1.61 1.14 1.33 1.33]
91,1,[2.67320624e-06 8.17408560e-06 2.12927758e-05 2.43642621e-06],[1.29 1.29 1.29 1.29 1.29 1.29],[1.44 1.41 1.48 1.4  1.46 1.42]
91,2,[2.01936020e-06 4.80096996e-04 4.74894463e-04 1.38667482e-03],[1.15 1.15 1.15 1.15 1.15 1.15],[1.36 1.35 1.35 1.22 1.19 1.2 ]
91,3,[1.57559652e-03 1.02083106e-04 9.83194299e-07 2.54149625e-05],[1.14 1.14 1.14 1.2  1.2  1.22],[1.25 1.38 1.28 1.41 1.31 1.43]
91,4,[1.27899482e-04 3.39762121e-04 1.93256764e-04 6.67389913e-05],[1.2 1.2 1.2 1.2 1.2 1.2],[1.26 1.28 1.3  1.26 1.29 1.3 ]
91,5,[2.00666051e-01 1.74814891e-07 3.02508837e-06 2.70654579e-03],[1.   1.   1.   1.29 1.09 1.09],[1.38 1.31 1.09 1.49 1.38 1.31]
91,6,[2.44713922e-03 6.51276531e-05 2.66958087e-06 1.04120939e-06],[1.13 1.13 1.13 1.22 1.22 1.29],[1.24 1.33 1.36 1.36 1.39 1.47]
91,7,[5.52067978e-05 1.78967830e-04 7.87973468e-05 2.93972280e-03],[1.18 1.19 1.12 1.18 1.12 1.12],[1.28 1.3  1.24 1.27 1.2  1.23]
91,8,[6.10640249e-04 8.64074209e-04 8.94752308e-05 2.28037461e-03],[1.13 1.13 1.13 1.13 1.13 1.13],[1.19 1.24 1.18 1.23 1.17 1.23]
91,9,[1.22077826e-03 1.13958174e-03 1.68586356e-02 1.03084461e-06],[1.1  1.05 1.1  1.05 1.1  1.05],[1.14 1.12 1.33 1.12 1.33 1.33]
90,0,[3.82911216e-04 1.39151764e-06 7.33940686e-06 1.44057741e-03],[1.16 1.16 1.15 1.26 1.15 1.15],[1.36 1.31 1.19 1.45 1.36 1.31]
90,1,[2.26850062e-04 2.14324074e-06 3.28157229e-06 2.28813286e-03],[1.17 1.17 1.13 1.28 1.13 1.13],[1.35 1.35 1.21 1.47 1.35 1.34]
90,2,[2.85892640e-07 2.56666863e-06 4.40677050e-10 2.21775095e-05],[1.31 1.35 1.29 1.31 1.29 1.29],[1.51 1.78 1.48 1.7  1.41 1.67]
90,3,[1.56617811e-04 1.62655763e-03 1.09327665e-06 1.94013674e-04],[1.14 1.17 1.17 1.14 1.14 1.17],[1.23 1.37 1.26 1.35 1.21 1.38]
90,4,[3.29958509e-04 1.90417121e-07 1.02480294e-03 1.61596368e-04],[1.16 1.16 1.16 1.16 1.17 1.16],[1.43 1.21 1.26 1.42 1.43 1.24]
90,5,[1.75804029e-04 3.52785396e-08 2.61884933e-05 6.79829700e-03],[1.19 1.19 1.09 1.22 1.09 1.09],[1.46 1.31 1.19 1.5  1.45 1.26]
90,6,[4.92088535e-05 5.18898359e-02 2.59055205e-03 1.54901146e-03],[1.   1.09 1.09 1.   1.   1.09],[1.22 1.22 1.22 1.09 1.11 1.12]
90,7,[3.53148661e-03 9.59077979e-04 8.43277953e-06 4.16727581e-03],[1.11 1.11 1.11 1.11 1.11 1.11],[1.14 1.27 1.11 1.27 1.14 1.27]
90,8,[2.46832233e-04 3.68004829e-05 1.60293787e-04 3.44179515e-07],[1.21 1.21 1.21 1.21 1.22 1.21],[1.3  1.27 1.43 1.31 1.47 1.42]
90,9,[1.64774720e-02 5.30136631e-03 2.70752197e-06 8.62269257e-02],[1.02 1.02 1.   1.05 1.   1.  ],[1.05 1.29 1.02 1.29 1.05 1.29]
99,0,[2.98474916e-03 3.69278898e-04 4.06058315e-05 8.37115999e-04],[1.12 1.12 1.12 1.14 1.13 1.13],[1.18 1.25 1.16 1.27 1.19 1.26]
99,1,[5.84997521e-06 1.86364508e-02 1.05518620e-05 5.55077892e-03],[1.05 1.25 1.06 1.05 1.05 1.06],[1.27 1.37 1.27 1.25 1.07 1.25]
99,2,[3.01125331e-08 1.01644229e-05 8.28673373e-07 5.13012383e-06],[1.31 1.32 1.31 1.31 1.31 1.31],[1.58 1.6  1.56 1.47 1.45 1.48]
99,3,[3.17187907e-05 7.90461245e-05 5.67712342e-03 1.95424154e-07],[1.21 1.1  1.22 1.1  1.21 1.1 ],[1.29 1.25 1.43 1.22 1.43 1.39]
99,4,[0.00209059 0.00069843 0.00081396 0.00059927],[1.14 1.14 1.14 1.14 1.14 1.14],[1.17 1.17 1.18 1.19 1.2  1.2 ]
99,5,[3.21941548e-05 8.22457265e-06 4.88960795e-05 8.80072049e-05],[1.24 1.24 1.24 1.24 1.24 1.24],[1.37 1.33 1.34 1.38 1.36 1.3 ]
99,6,[2.45480015e-07 1.53921504e-08 6.98296929e-08 1.64639168e-05],[1.38 1.38 1.3  1.4  1.3  1.3 ],[1.66 1.65 1.51 1.69 1.56 1.51]
99,7,[3.98507302e-02 2.68821785e-02 2.04131522e-04 4.90102399e-05],[1.   1.   1.   1.   1.   1.16],[1.   1.16 1.2  1.16 1.2  1.25]
99,8,[5.10252944e-04 2.77484340e-04 8.99170129e-07 2.19456677e-02],[1.15 1.15 1.04 1.15 1.04 1.04],[1.2  1.36 1.15 1.37 1.17 1.35]
99,9,[2.52842791e-06 4.03820432e-07 9.15974932e-06 9.83066450e-07],[1.32 1.32 1.32 1.32 1.33 1.32],[1.52 1.45 1.52 1.49 1.54 1.47]
94,0,[1.23559635e-07 6.01693476e-05 1.91291489e-08 1.62645440e-04],[1.22 1.38 1.22 1.22 1.22 1.22],[1.49 1.64 1.46 1.54 1.31 1.51]
94,1,[7.67984651e-05 5.49918334e-05 1.70480409e-07 6.84650745e-05],[1.25 1.25 1.25 1.25 1.25 1.25],[1.32 1.47 1.32 1.47 1.33 1.49]
94,2,[2.58561528e-07 5.35438846e-06 1.51844276e-07 8.70737704e-09],[1.33 1.37 1.37 1.33 1.33 1.37],[1.5  1.6  1.69 1.53 1.59 1.66]
94,3,[4.22799768e-03 3.66649516e-04 1.96831028e-07 7.47967582e-05],[1.11 1.11 1.11 1.16 1.16 1.19],[1.18 1.39 1.23 1.41 1.25 1.44]
94,4,[1.79472792e-04 2.48076968e-08 1.19712631e-03 1.98398419e-02],[1.16 1.12 1.05 1.12 1.05 1.05],[1.47 1.2  1.18 1.45 1.45 1.12]
94,5,[0.00183688 0.0043938  0.00057536 0.00037166],[1.11 1.11 1.11 1.11 1.11 1.12],[1.13 1.16 1.17 1.16 1.17 1.18]
94,6,[2.20201554e-03 5.91906523e-06 3.07224468e-09 2.03975875e-03],[1.13 1.13 1.13 1.27 1.13 1.13],[1.3  1.5  1.13 1.59 1.3  1.5 ]
94,7,[7.78649126e-05 2.08121247e-04 4.04476423e-02 2.59871604e-05],[1.18 1.01 1.19 1.01 1.18 1.01],[1.25 1.21 1.3  1.18 1.28 1.24]
94,8,[2.67700235e-04 1.06934828e-05 1.76905230e-05 2.25537421e-05],[1.21 1.21 1.21 1.24 1.24 1.24],[1.33 1.31 1.32 1.42 1.38 1.39]
94,9,[3.81357753e-05 4.17189241e-04 1.18863614e-05 6.19612255e-04],[1.18 1.21 1.18 1.18 1.18 1.18],[1.3  1.39 1.29 1.33 1.23 1.32]
96,0,[2.20559360e-03 4.46136174e-04 1.11388570e-06 1.41976056e-06],[1.13 1.13 1.13 1.15 1.15 1.3 ],[1.19 1.36 1.35 1.36 1.35 1.47]
96,1,[0.0064648  0.00664497 0.00013034 0.00140205],[1.08 1.08 1.08 1.08 1.08 1.1 ],[1.08 1.18 1.11 1.18 1.11 1.18]
96,2,[8.68332445e-07 2.75223722e-06 8.03096617e-06 1.52721711e-03],[1.29 1.28 1.14 1.28 1.14 1.14],[1.46 1.42 1.36 1.42 1.33 1.3 ]
96,3,[1.16216014e-04 2.03139854e-06 1.63343175e-04 4.60312634e-05],[1.22 1.22 1.22 1.22 1.22 1.22],[1.4  1.3  1.33 1.39 1.44 1.32]
96,4,[1.18201768e-05 6.32764283e-04 7.35929095e-09 7.40504745e-07],[1.18 1.27 1.27 1.18 1.18 1.33],[1.31 1.6  1.45 1.52 1.39 1.62]
96,5,[0.00026496 0.00022532 0.00055065 0.00190488],[1.14 1.14 1.14 1.14 1.14 1.14],[1.24 1.22 1.21 1.22 1.21 1.17]
96,6,[4.72254933e-06 2.73223041e-04 5.15880158e-07 8.04826053e-05],[1.21 1.27 1.21 1.21 1.21 1.21],[1.34 1.49 1.4  1.42 1.28 1.47]
96,7,[0.00024945 0.00029342 0.00029556 0.000158  ],[1.2 1.2 1.2 1.2 1.2 1.2],[1.26 1.24 1.26 1.23 1.26 1.26]
96,8,[4.29047194e-04 1.21318707e-04 9.90924742e-09 6.77657930e-12],[1.19 1.19 1.19 1.2  1.2  1.45],[1.26 1.51 1.71 1.54 1.71 1.92]
96,9,[0.00129963 0.00018157 0.0156014  0.00015663],[1.11 1.06 1.11 1.06 1.15 1.06],[1.2  1.12 1.2  1.18 1.24 1.18]
