22,0,[1.24782865e-02 2.18949840e-04 1.43294479e-01 2.84867867e-08],[1.03 1.   1.03 1.   1.16 1.  ],[1.16 1.03 1.42 1.16 1.42 1.42]
22,1,[1.47948125e-02 1.68350889e-10 1.36942568e-03 4.08954655e-06],[1.06 1.06 1.06 1.12 1.28 1.12],[1.57 1.12 1.3  1.57 1.64 1.33]
22,2,[3.12347038e-02 1.97740865e-03 6.78558379e-04 2.95735517e-06],[1.03 1.03 1.03 1.1  1.1  1.12],[1.1  1.14 1.31 1.15 1.31 1.34]
22,3,[1.20082014e-04 1.62375548e-05 2.06043030e-05 6.94406995e-03],[1.2  1.2  1.09 1.23 1.09 1.09],[1.32 1.31 1.2  1.35 1.27 1.27]
22,4,[1.06191977e-06 9.48221616e-05 6.75102697e-05 2.51458869e-05],[1.24 1.24 1.24 1.24 1.24 1.24],[1.41 1.41 1.46 1.3  1.33 1.39]
22,5,[2.64458163e-07 1.43753773e-08 2.22503874e-03 7.70706560e-05],[1.36 1.13 1.21 1.13 1.21 1.13],[1.61 1.41 1.46 1.49 1.54 1.27]
22,6,[6.80726996e-06 3.25438589e-01 4.22380931e-04 4.81460734e-05],[1.   1.15 1.2  1.   1.   1.15],[1.29 1.32 1.34 1.15 1.23 1.28]
22,7,[2.91302794e-03 3.22528011e-05 5.16094656e-06 9.42724096e-04],[1.12 1.12 1.12 1.22 1.13 1.13],[1.26 1.31 1.16 1.37 1.26 1.37]
22,8,[0.00711725 0.00010118 0.00314239 0.0006517 ],[1.09 1.09 1.09 1.09 1.12 1.09],[1.2  1.1  1.15 1.2  1.22 1.17]
22,9,[2.92871020e-01 7.26287908e-05 3.73453511e-05 1.91898544e-03],[1.   1.   1.   1.19 1.1  1.1 ],[1.21 1.23 1.1  1.3  1.21 1.27]
57,0,[2.13024977e-03 3.00005559e-03 3.03148165e-02 6.40434463e-05],[1.08 1.03 1.08 1.03 1.08 1.03],[1.11 1.1  1.2  1.09 1.2  1.2 ]
57,1,[2.60037379e-02 1.36730750e-02 1.15967032e-01 9.41117432e-06],[1.   1.   1.   1.   1.01 1.  ],[1.01 1.   1.24 1.01 1.24 1.24]
57,2,[2.86431214e-05 2.88367414e-06 6.83465081e-05 1.00579606e-02],[1.23 1.21 1.07 1.21 1.07 1.07],[1.39 1.31 1.25 1.38 1.31 1.23]
57,3,[1.39387173e-06 3.80786718e-03 9.64408364e-05 6.45804430e-06],[1.11 1.2  1.26 1.11 1.11 1.2 ],[1.34 1.37 1.48 1.21 1.29 1.38]
57,4,[8.53733187e-05 2.01135411e-02 5.55055124e-02 1.88165103e-05],[1.01 1.   1.19 1.   1.01 1.  ],[1.19 1.19 1.29 1.01 1.23 1.23]
57,5,[2.65473195e-04 2.84348121e-03 3.68703317e-05 1.99546922e-04],[1.12 1.16 1.16 1.12 1.12 1.16],[1.2  1.27 1.24 1.25 1.21 1.33]
57,6,[6.69967196e-04 1.18169292e-02 2.03090813e-08 1.08807249e-03],[1.07 1.12 1.12 1.07 1.07 1.12],[1.14 1.46 1.16 1.46 1.13 1.5 ]
57,7,[9.00828229e-07 3.06557885e-04 2.48701169e-04 1.73127313e-07],[1.2  1.2  1.32 1.2  1.2  1.2 ],[1.4  1.37 1.55 1.24 1.44 1.5 ]
57,8,[3.02023611e-06 1.83525195e-10 1.04062879e-02 1.14871453e-03],[1.29 1.07 1.12 1.07 1.12 1.07],[1.67 1.31 1.31 1.57 1.57 1.14]
57,9,[1.16416365e-02 7.20909959e-05 2.82643743e-03 1.87074941e-04],[1.07 1.07 1.07 1.09 1.16 1.09],[1.21 1.09 1.18 1.21 1.26 1.2 ]
20,0,[1.60510796e-05 1.67118943e-04 9.13143292e-04 4.26479246e-06],[1.19 1.16 1.24 1.16 1.19 1.16],[1.33 1.3  1.41 1.24 1.37 1.37]
20,1,[2.08843390e-06 3.16949315e-06 2.38198245e-03 1.80164563e-07],[1.3  1.13 1.3  1.13 1.3  1.13],[1.44 1.33 1.51 1.33 1.54 1.46]
20,2,[6.64764374e-05 2.84240477e-02 1.13317865e-03 2.62361061e-06],[1.03 1.12 1.2  1.03 1.03 1.12],[1.22 1.23 1.38 1.12 1.32 1.35]
20,3,[7.93149793e-04 8.44946815e-01 1.40762926e-08 9.08362940e-10],[1.   1.13 1.13 1.   1.   1.44],[1.13 1.46 1.55 1.46 1.55 1.88]
20,4,[1.45073713e-05 6.09935215e-03 1.51284072e-03 2.89024868e-07],[1.09 1.11 1.24 1.09 1.09 1.11],[1.27 1.28 1.47 1.13 1.38 1.42]
20,5,[6.44847272e-06 5.10339593e-03 1.06831327e-04 1.44362878e-03],[1.1  1.18 1.11 1.1  1.1  1.11],[1.28 1.34 1.28 1.21 1.13 1.24]
20,6,[2.94635189e-02 2.91003374e-03 2.53589200e-06 5.46595299e-04],[1.03 1.03 1.03 1.09 1.09 1.13],[1.09 1.31 1.15 1.31 1.15 1.34]
20,7,[4.45608691e-03 5.65549774e-04 1.38175804e-06 3.62006851e-03],[1.11 1.11 1.11 1.13 1.11 1.11],[1.15 1.34 1.11 1.34 1.15 1.34]
20,8,[5.84638646e-04 1.51066776e-04 8.11843709e-06 2.29942863e-03],[1.14 1.14 1.13 1.17 1.13 1.13],[1.23 1.32 1.18 1.35 1.21 1.34]
20,9,[1.19090274e-02 9.18944489e-06 4.05979953e-03 1.93605708e-03],[1.07 1.07 1.07 1.08 1.08 1.08],[1.26 1.08 1.11 1.26 1.27 1.11]
63,0,[4.73107882e-04 7.57667938e-02 5.07929513e-05 5.07445231e-05],[1.   1.15 1.15 1.   1.   1.19],[1.15 1.25 1.24 1.22 1.23 1.34]
63,1,[3.45043993e-11 3.21946375e-05 5.87427856e-06 2.23934536e-04],[1.23 1.27 1.21 1.23 1.21 1.21],[1.73 1.77 1.69 1.39 1.31 1.42]
63,2,[5.06360372e-06 4.56879084e-02 1.19300701e-05 2.80885592e-03],[1.01 1.25 1.09 1.01 1.01 1.09],[1.28 1.38 1.28 1.27 1.09 1.29]
63,3,[3.49126206e-03 4.35193414e-06 3.49757862e-02 8.76148392e-07],[1.08 1.02 1.08 1.02 1.28 1.02],[1.28 1.08 1.34 1.28 1.41 1.34]
63,4,[1.45323943e-04 2.24763914e-03 5.52053911e-03 2.07471662e-05],[1.1  1.1  1.17 1.1  1.1  1.1 ],[1.2  1.2  1.32 1.12 1.28 1.28]
63,5,[4.17177764e-02 1.38682871e-03 4.56839624e-08 5.44399128e-03],[1.01 1.01 1.01 1.1  1.06 1.06],[1.1  1.41 1.06 1.41 1.1  1.43]
63,6,[1.09817647e-04 1.19877023e-03 7.80946031e-05 2.25873775e-02],[1.12 1.17 1.04 1.12 1.04 1.04],[1.21 1.25 1.2  1.21 1.12 1.21]
63,7,[5.37571038e-02 1.09912818e-06 1.37528397e-05 2.12462607e-04],[1.   1.   1.   1.24 1.18 1.18],[1.34 1.26 1.18 1.41 1.36 1.34]
63,8,[1.32967508e-04 5.60703449e-07 5.34673803e-06 2.78906463e-04],[1.2  1.2  1.2  1.27 1.2  1.2 ],[1.42 1.39 1.26 1.51 1.42 1.42]
63,9,[3.64541295e-06 7.57592023e-07 2.53276546e-02 1.12661619e-02],[1.28 1.04 1.04 1.04 1.04 1.04],[1.42 1.28 1.28 1.33 1.33 1.04]
1,0,[6.72779139e-06 9.42033035e-04 1.46073753e-03 1.32327625e-03],[1.15 1.15 1.15 1.15 1.15 1.15],[1.3  1.3  1.31 1.17 1.17 1.19]
1,1,[0.00029115 0.00027376 0.01204472 0.00165003],[1.14 1.07 1.11 1.07 1.11 1.07],[1.22 1.17 1.19 1.17 1.18 1.13]
1,2,[1.67448190e-07 3.08795638e-05 3.73130041e-05 6.35089759e-07],[1.27 1.27 1.33 1.27 1.27 1.27],[1.52 1.48 1.58 1.37 1.46 1.51]
1,3,[0.00043679 0.00019773 0.03971538 0.00281315],[1.13 1.02 1.09 1.02 1.09 1.02],[1.21 1.15 1.15 1.18 1.18 1.09]
1,4,[0.11286375 0.00076929 0.00032891 0.00124521],[1.   1.   1.   1.12 1.12 1.12],[1.13 1.16 1.12 1.19 1.15 1.21]
1,5,[8.49174064e-11 4.47047160e-06 6.29631143e-04 6.23911672e-07],[1.3  1.18 1.33 1.18 1.3  1.18],[1.7  1.66 1.78 1.35 1.49 1.43]
1,6,[1.07571377e-02 1.09104695e-02 3.77491098e-02 7.32761387e-06],[1.02 1.02 1.02 1.02 1.02 1.02],[1.03 1.03 1.25 1.03 1.25 1.25]
1,7,[6.43322409e-05 3.79505210e-04 1.48808410e-02 4.60008582e-05],[1.16 1.06 1.19 1.06 1.16 1.06],[1.26 1.22 1.29 1.16 1.27 1.24]
1,8,[1.30340183e-04 1.73014257e-03 1.82609481e-03 3.98862533e-06],[1.14 1.14 1.17 1.14 1.14 1.14],[1.22 1.22 1.35 1.16 1.32 1.34]
1,9,[5.52464805e-03 3.01451548e-03 7.54157746e-06 1.62450400e-02],[1.06 1.06 1.05 1.07 1.05 1.05],[1.08 1.26 1.07 1.26 1.08 1.26]
15,0,[4.38854956e-02 2.89256407e-04 1.13278413e-05 1.02140531e-05],[1.01 1.01 1.01 1.17 1.17 1.24],[1.17 1.27 1.27 1.29 1.3  1.43]
15,1,[8.12221614e-04 1.13258689e-02 1.18423831e-03 1.06623635e-05],[1.07 1.11 1.11 1.07 1.07 1.11],[1.14 1.16 1.28 1.13 1.27 1.32]
15,2,[0.00141502 0.00017532 0.00689813 0.08859984],[1.1  1.06 1.   1.06 1.   1.  ],[1.18 1.1  1.1  1.17 1.17 1.06]
15,3,[1.10639051e-03 7.60244867e-04 7.70381205e-05 1.55002081e-04],[1.16 1.16 1.16 1.16 1.16 1.17],[1.19 1.24 1.24 1.26 1.24 1.33]
15,4,[1.14764801e-03 4.02492340e-04 1.75772260e-02 1.57497130e-05],[1.12 1.05 1.12 1.05 1.14 1.05],[1.18 1.12 1.27 1.16 1.29 1.27]
15,5,[1.32618111e-03 5.87073499e-02 4.63323971e-05 1.99695559e-03],[1.  1.1 1.1 1.  1.  1.1],[1.12 1.23 1.14 1.23 1.1  1.25]
15,6,[2.17753766e-07 1.03582225e-07 2.32838237e-06 1.54842822e-02],[1.36 1.32 1.06 1.32 1.06 1.06],[1.55 1.51 1.39 1.52 1.41 1.33]
15,7,[1.91319338e-04 4.85536387e-04 4.25247801e-05 6.72713987e-03],[1.15 1.16 1.09 1.15 1.09 1.09],[1.22 1.29 1.19 1.26 1.16 1.26]
15,8,[1.43337083e-03 2.88067631e-05 9.51007098e-05 5.64301506e-03],[1.11 1.11 1.1  1.18 1.1  1.1 ],[1.25 1.22 1.13 1.29 1.25 1.22]
15,9,[3.07675061e-04 1.28768494e-03 1.56910270e-03 1.36107666e-06],[1.15 1.15 1.15 1.15 1.15 1.15],[1.2  1.2  1.36 1.17 1.36 1.38]
18,0,[2.86788099e-04 2.61520643e-07 6.88499566e-05 2.70983993e-03],[1.17 1.17 1.12 1.2  1.12 1.12],[1.4  1.28 1.19 1.44 1.4  1.26]
18,1,[1.61092045e-04 5.26738630e-04 1.56232129e-05 1.68924084e-08],[1.18 1.19 1.19 1.18 1.18 1.24],[1.24 1.35 1.51 1.32 1.51 1.62]
18,2,[1.72422538e-03 6.33229334e-06 1.38558218e-03 6.45771057e-04],[1.14 1.14 1.14 1.14 1.14 1.14],[1.29 1.16 1.19 1.29 1.3  1.21]
18,3,[2.25230650e-08 1.33481414e-01 4.08863047e-04 5.46947768e-06],[1.   1.16 1.27 1.   1.   1.16],[1.44 1.47 1.52 1.16 1.29 1.35]
18,4,[3.52387742e-04 2.95599683e-02 7.45194413e-03 8.25545823e-05],[1.03 1.05 1.14 1.03 1.03 1.05],[1.15 1.15 1.24 1.05 1.21 1.21]
18,5,[3.54620777e-09 3.10179369e-03 8.59841082e-06 1.87405407e-02],[1.09 1.25 1.05 1.09 1.05 1.05],[1.49 1.54 1.49 1.28 1.09 1.28]
18,6,[9.75340210e-03 3.66994708e-05 1.62329132e-04 2.23292790e-06],[1.08 1.08 1.08 1.18 1.21 1.18],[1.24 1.19 1.32 1.29 1.38 1.41]
18,7,[5.61218334e-06 3.17914623e-04 7.70080139e-06 6.03867554e-04],[1.18 1.26 1.18 1.18 1.18 1.18],[1.34 1.44 1.34 1.35 1.23 1.38]
18,8,[0.00129705 0.00057266 0.00087082 0.00468867],[1.11 1.11 1.1  1.11 1.1  1.1 ],[1.17 1.17 1.14 1.19 1.16 1.17]
18,9,[4.21350085e-05 9.87418357e-04 2.01013961e-09 1.09951084e-02],[1.13 1.21 1.07 1.13 1.07 1.07],[1.25 1.56 1.23 1.52 1.13 1.52]
21,0,[6.58227630e-04 1.81905310e-04 1.49950629e-02 9.71073414e-05],[1.14 1.06 1.14 1.06 1.16 1.06],[1.21 1.14 1.22 1.18 1.25 1.22]
21,1,[0.01946332 0.07502097 0.00248549 0.00015165],[1.   1.02 1.02 1.   1.   1.08],[1.02 1.08 1.17 1.08 1.17 1.19]
21,2,[6.25278973e-02 7.15497122e-03 4.99023694e-07 1.64792169e-04],[1.   1.   1.   1.05 1.05 1.17],[1.05 1.35 1.17 1.35 1.17 1.43]
21,3,[7.51152959e-06 4.98937175e-03 1.18331648e-02 1.59877114e-04],[1.07 1.07 1.17 1.07 1.07 1.07],[1.27 1.27 1.31 1.08 1.19 1.19]
21,4,[1.02059771e-04 1.69972808e-04 4.86936891e-05 8.89522393e-05],[1.22 1.22 1.22 1.22 1.22 1.22],[1.26 1.32 1.31 1.31 1.28 1.39]
21,5,[1.71534620e-04 1.21776411e-09 2.20241805e-04 3.37176147e-03],[1.17 1.17 1.12 1.17 1.12 1.12],[1.55 1.27 1.19 1.56 1.54 1.22]
21,6,[1.09106738e-06 1.24617114e-03 2.20315615e-05 1.13793730e-04],[1.15 1.23 1.2  1.15 1.15 1.2 ],[1.37 1.45 1.39 1.28 1.24 1.37]
21,7,[5.15082448e-03 1.15545630e-04 1.57419428e-05 1.56754788e-02],[1.07 1.07 1.06 1.18 1.06 1.06],[1.18 1.25 1.07 1.28 1.18 1.25]
21,8,[1.16180640e-03 7.44231436e-08 3.39480722e-04 3.60584895e-11],[1.16 1.16 1.16 1.16 1.4  1.16],[1.44 1.21 1.67 1.44 1.81 1.76]
21,9,[3.48413893e-06 1.01582839e-06 1.47473660e-05 2.21246041e-05],[1.29 1.29 1.29 1.29 1.29 1.29],[1.5  1.43 1.41 1.45 1.45 1.43]
16,0,[1.62896850e-05 1.09530280e-04 9.95014515e-09 1.84281422e-02],[1.2  1.24 1.05 1.2  1.05 1.05],[1.32 1.53 1.26 1.51 1.2  1.5 ]
16,1,[9.88598696e-05 3.17851747e-05 1.14683143e-02 4.65435286e-04],[1.18 1.07 1.15 1.07 1.15 1.07],[1.3  1.21 1.24 1.24 1.27 1.18]
16,2,[2.70303961e-05 2.36005106e-05 1.84839480e-04 1.72177870e-06],[1.23 1.22 1.23 1.22 1.23 1.22],[1.38 1.32 1.44 1.31 1.43 1.44]
16,3,[1.04254818e-05 1.36617528e-02 5.08261512e-04 2.57503468e-03],[1.06 1.13 1.09 1.06 1.06 1.09],[1.26 1.28 1.26 1.15 1.1  1.18]
16,4,[1.89525089e-03 1.03786963e-06 1.86674755e-05 5.61394741e-04],[1.14 1.14 1.14 1.23 1.14 1.14],[1.36 1.28 1.18 1.42 1.36 1.32]
16,5,[1.46550680e-08 6.34371731e-05 1.55000315e-04 2.70076742e-03],[1.2  1.19 1.12 1.19 1.12 1.12],[1.53 1.54 1.49 1.27 1.23 1.24]
16,6,[1.63292594e-04 1.01488850e-03 2.36081930e-02 9.59794157e-06],[1.13 1.04 1.17 1.04 1.13 1.04],[1.2  1.19 1.32 1.13 1.28 1.28]
16,7,[4.73891464e-08 1.99532422e-08 1.02989253e-04 1.52779319e-06],[1.41 1.24 1.33 1.24 1.33 1.24],[1.66 1.51 1.6  1.51 1.6  1.47]
16,8,[5.74303605e-03 1.52100316e-04 3.96754745e-05 8.62115398e-02],[1.06 1.06 1.   1.17 1.   1.  ],[1.17 1.21 1.06 1.26 1.17 1.21]
16,9,[4.77266815e-05 4.81337307e-07 1.39199030e-05 6.73574381e-04],[1.23 1.23 1.17 1.24 1.17 1.17],[1.44 1.36 1.27 1.48 1.41 1.34]
31,0,[1.07157526e-02 2.04229782e-06 8.01597910e-06 1.50588010e-02],[1.04 1.04 1.04 1.26 1.04 1.04],[1.3  1.27 1.04 1.41 1.3  1.27]
31,1,[1.28050281e-04 5.52926495e-02 1.16826047e-05 1.27113679e-07],[1.   1.19 1.19 1.   1.   1.25],[1.19 1.32 1.4  1.27 1.4  1.57]
31,2,[1.22748830e-06 1.21793105e-02 5.21833052e-06 2.24150152e-04],[1.07 1.27 1.18 1.07 1.07 1.18],[1.34 1.45 1.37 1.3  1.18 1.37]
31,3,[2.06297430e-02 2.92104809e-05 2.19922024e-03 2.18252134e-03],[1.04 1.04 1.04 1.08 1.08 1.08],[1.23 1.1  1.1  1.23 1.24 1.13]
31,4,[2.07598561e-09 1.66385355e-03 1.23995598e-04 1.95235030e-05],[1.14 1.2  1.23 1.14 1.14 1.2 ],[1.53 1.56 1.61 1.23 1.29 1.35]
31,5,[7.79194011e-04 1.37815708e-05 6.42404687e-07 8.80585460e-05],[1.17 1.17 1.17 1.24 1.21 1.21],[1.3  1.38 1.25 1.43 1.33 1.46]
31,6,[6.57245540e-04 3.82629954e-06 1.21986504e-02 6.54960567e-05],[1.14 1.07 1.14 1.07 1.19 1.07],[1.31 1.14 1.25 1.31 1.37 1.23]
31,7,[4.53645481e-07 1.67796411e-03 6.20556146e-04 5.85368361e-06],[1.14 1.14 1.27 1.14 1.14 1.14],[1.38 1.39 1.44 1.19 1.32 1.36]
31,8,[1.16531815e-03 3.33875222e-06 2.80094273e-05 8.03328045e-03],[1.12 1.12 1.08 1.22 1.08 1.08],[1.3  1.26 1.13 1.38 1.3  1.26]
31,9,[5.55273097e-04 1.89715916e-04 3.23755707e-06 6.62296911e-05],[1.18 1.18 1.18 1.18 1.18 1.2 ],[1.23 1.36 1.27 1.37 1.29 1.42]
2,0,[3.56233784e-06 9.31631850e-06 7.82694945e-02 1.49732557e-06],[1.28 1.   1.28 1.   1.28 1.  ],[1.39 1.31 1.44 1.28 1.42 1.33]
2,1,[1.12557524e-03 5.29651811e-09 1.34112396e-03 8.49305254e-03],[1.1  1.1  1.08 1.1  1.08 1.08],[1.48 1.16 1.13 1.48 1.48 1.14]
2,2,[1.38155006e-04 7.89699050e-03 1.80150215e-03 2.34047628e-07],[1.08 1.11 1.17 1.08 1.08 1.11],[1.19 1.19 1.41 1.11 1.39 1.43]
2,3,[9.64983961e-02 5.88354163e-08 2.27062195e-04 1.48551133e-04],[1.   1.   1.   1.17 1.17 1.17],[1.42 1.17 1.19 1.46 1.45 1.27]
2,4,[2.23041562e-05 1.07608494e-04 2.12294160e-03 1.05609978e-06],[1.2  1.13 1.23 1.13 1.2  1.13],[1.32 1.28 1.44 1.24 1.41 1.43]
2,5,[8.79561240e-04 2.18283294e-03 1.18389456e-04 2.29781024e-05],[1.13 1.13 1.13 1.13 1.13 1.18],[1.16 1.24 1.27 1.22 1.27 1.36]
2,6,[1.91185587e-05 8.54129391e-06 7.71694254e-03 2.98486176e-02],[1.23 1.05 1.03 1.05 1.03 1.03],[1.36 1.24 1.24 1.26 1.26 1.05]
2,7,[9.99684186e-03 6.58912006e-06 8.18142734e-06 5.91173720e-04],[1.07 1.07 1.07 1.25 1.15 1.15],[1.29 1.28 1.15 1.39 1.31 1.32]
2,8,[2.08330047e-05 3.59080207e-04 4.99683386e-04 1.39214955e-04],[1.19 1.19 1.19 1.19 1.19 1.19],[1.3  1.3  1.34 1.23 1.27 1.27]
2,9,[8.33708735e-07 1.92078593e-07 2.82405274e-05 1.19514276e-04],[1.32 1.24 1.23 1.24 1.23 1.23],[1.54 1.45 1.42 1.46 1.45 1.39]
3,0,[7.85417839e-04 6.79228768e-05 2.11489261e-07 2.11664428e-06],[1.17 1.17 1.17 1.21 1.21 1.3 ],[1.26 1.43 1.34 1.46 1.38 1.58]
3,1,[6.99192425e-03 8.40044441e-04 3.66824799e-03 1.12966258e-06],[1.09 1.09 1.09 1.09 1.11 1.09],[1.14 1.1  1.34 1.14 1.34 1.35]
3,2,[1.95774050e-05 4.23425207e-03 3.31492009e-06 5.59028183e-03],[1.1  1.23 1.1  1.1  1.1  1.1 ],[1.25 1.39 1.25 1.32 1.1  1.32]
3,3,[1.95735439e-04 3.42560760e-07 3.14486646e-04 2.13287997e-05],[1.2  1.2  1.2  1.2  1.23 1.2 ],[1.46 1.26 1.32 1.41 1.51 1.34]
3,4,[7.06773191e-02 6.98890535e-07 2.23886163e-02 6.08754447e-09],[1.   1.   1.   1.01 1.33 1.01],[1.33 1.01 1.47 1.33 1.56 1.47]
3,5,[3.68033850e-05 8.48324690e-08 6.97358316e-04 3.26732319e-03],[1.21 1.14 1.12 1.14 1.12 1.12],[1.47 1.27 1.26 1.41 1.41 1.18]
3,6,[2.95280301e-05 8.95045990e-04 8.39183791e-05 2.51630146e-05],[1.17 1.21 1.21 1.17 1.17 1.21],[1.29 1.32 1.34 1.26 1.28 1.39]
3,7,[9.76792609e-03 2.97067320e-03 1.75788120e-04 1.15269403e-06],[1.07 1.07 1.07 1.09 1.09 1.17],[1.1  1.19 1.33 1.19 1.33 1.4 ]
3,8,[2.37388047e-04 2.66731228e-05 5.61147189e-07 2.79666889e-03],[1.17 1.17 1.12 1.22 1.12 1.12],[1.3  1.41 1.2  1.46 1.26 1.42]
3,9,[0.00038306 0.00059255 0.01524101 0.00049884],[1.13 1.06 1.13 1.06 1.13 1.06],[1.2  1.16 1.2  1.15 1.18 1.16]
43,0,[3.79806024e-06 9.39972946e-05 3.24847533e-04 2.83947450e-03],[1.18 1.17 1.12 1.17 1.12 1.12],[1.34 1.34 1.31 1.26 1.22 1.21]
43,1,[2.40615920e-02 2.20291662e-04 5.32812276e-03 3.55544255e-06],[1.04 1.04 1.04 1.07 1.16 1.07],[1.16 1.07 1.3  1.16 1.35 1.31]
43,2,[1.39174774e-02 2.92352291e-04 1.02369132e-01 3.65738014e-07],[1.03 1.   1.03 1.   1.15 1.  ],[1.15 1.03 1.36 1.15 1.37 1.36]
43,3,[2.98940250e-09 7.37146390e-02 2.64747538e-04 2.48918132e-02],[1.   1.15 1.01 1.   1.   1.01],[1.49 1.5  1.49 1.15 1.01 1.15]
43,4,[8.03335873e-04 1.44255176e-06 1.04409327e-03 1.66636940e-04],[1.16 1.16 1.16 1.16 1.17 1.16],[1.35 1.18 1.24 1.35 1.4  1.26]
43,5,[1.31271191e-05 3.78639484e-02 9.26584063e-03 1.10587644e-05],[1.02 1.04 1.24 1.02 1.02 1.04],[1.25 1.25 1.34 1.04 1.27 1.27]
43,6,[4.83225785e-04 1.10160585e-06 9.71671170e-07 1.52008200e-03],[1.15 1.15 1.14 1.31 1.14 1.14],[1.37 1.37 1.19 1.51 1.35 1.42]
43,7,[5.34345610e-04 1.48617236e-06 1.55934979e-02 2.34063811e-05],[1.15 1.06 1.15 1.06 1.23 1.06],[1.34 1.15 1.28 1.33 1.38 1.27]
43,8,[2.76440662e-04 2.54628106e-03 1.08262296e-06 4.20611779e-06],[1.13 1.17 1.17 1.13 1.13 1.28],[1.19 1.38 1.33 1.36 1.32 1.57]
43,9,[2.25771468e-09 1.24585130e-06 4.31533430e-05 1.19096733e-03],[1.32 1.23 1.15 1.23 1.15 1.15],[1.67 1.57 1.55 1.42 1.37 1.31]
19,0,[6.00267998e-02 3.40194510e-05 3.37496124e-02 2.88690970e-05],[1.   1.   1.   1.   1.21 1.  ],[1.21 1.   1.22 1.21 1.3  1.22]
19,1,[8.10290337e-04 2.04146399e-06 1.61564915e-04 1.77109453e-02],[1.13 1.13 1.05 1.17 1.05 1.05],[1.33 1.2  1.13 1.35 1.32 1.19]
19,2,[2.51585895e-05 3.51712917e-03 7.01866170e-06 6.39654931e-07],[1.11 1.24 1.24 1.11 1.11 1.26],[1.26 1.4  1.44 1.29 1.38 1.55]
19,3,[3.53001497e-06 2.26201653e-04 6.61146300e-03 1.86023564e-04],[1.16 1.09 1.16 1.09 1.16 1.09],[1.35 1.31 1.36 1.18 1.24 1.21]
19,4,[0.00142992 0.01176781 0.00019109 0.00502876],[1.07 1.1  1.07 1.07 1.07 1.07],[1.11 1.18 1.11 1.18 1.08 1.18]
19,5,[2.30127887e-05 1.03611936e-04 3.40789121e-07 8.27637866e-03],[1.2  1.23 1.08 1.2  1.08 1.08],[1.3  1.46 1.26 1.44 1.21 1.41]
19,6,[9.01802543e-07 5.36543039e-06 5.58216726e-04 1.51794884e-05],[1.27 1.18 1.26 1.18 1.26 1.18],[1.48 1.39 1.47 1.34 1.4  1.36]
19,7,[4.57270444e-10 2.62714247e-03 1.78274559e-06 2.25585289e-05],[1.12 1.31 1.25 1.12 1.12 1.25],[1.56 1.67 1.58 1.34 1.26 1.47]
19,8,[5.76663150e-04 3.13088024e-07 6.36026054e-06 9.47017353e-04],[1.16 1.16 1.16 1.26 1.16 1.16],[1.42 1.34 1.2  1.5  1.42 1.37]
19,9,[3.12763383e-06 9.03212740e-07 3.67968592e-03 1.75538998e-03],[1.29 1.11 1.11 1.11 1.11 1.11],[1.46 1.31 1.31 1.36 1.36 1.15]
9,0,[3.09516142e-02 2.68501421e-05 5.46933478e-07 2.92355763e-05],[1.03 1.03 1.03 1.23 1.23 1.23],[1.25 1.36 1.24 1.42 1.33 1.49]
9,1,[2.72803964e-04 6.15121769e-06 2.72067794e-04 4.27059212e-07],[1.2  1.2  1.2  1.2  1.26 1.2 ],[1.35 1.25 1.41 1.36 1.47 1.49]
9,2,[1.81408569e-03 1.06283954e-06 1.33410368e-03 1.64377173e-04],[1.14 1.14 1.14 1.14 1.17 1.14],[1.36 1.16 1.22 1.36 1.39 1.23]
9,3,[1.06625256e-03 6.51084077e-02 2.76260726e-06 7.53531181e-04],[1.   1.12 1.12 1.   1.   1.12],[1.12 1.31 1.16 1.31 1.14 1.34]
9,4,[3.59938351e-04 1.43322749e-08 9.21866838e-07 9.23516264e-06],[1.2  1.2  1.2  1.32 1.27 1.27],[1.51 1.37 1.34 1.59 1.57 1.55]
9,5,[3.29846937e-02 1.13786670e-04 1.00142356e-06 1.13731883e-06],[1.02 1.02 1.02 1.2  1.2  1.31],[1.2  1.35 1.34 1.38 1.38 1.56]
9,6,[0.0025432  0.00018375 0.00041051 0.01135711],[1.09 1.09 1.07 1.14 1.07 1.07],[1.18 1.16 1.1  1.21 1.18 1.16]
9,7,[3.58146711e-06 1.47786887e-04 6.74217823e-06 4.15194588e-06],[1.23 1.27 1.27 1.23 1.23 1.27],[1.37 1.46 1.45 1.34 1.38 1.51]
9,8,[3.46799586e-05 2.51014289e-05 1.74486344e-03 1.27772366e-01],[1.21 1.11 1.   1.11 1.   1.  ],[1.32 1.24 1.24 1.25 1.25 1.11]
9,9,[1.35442414e-03 3.06903629e-02 5.61415482e-04 6.73195067e-06],[1.03 1.11 1.11 1.03 1.03 1.13],[1.11 1.17 1.29 1.14 1.29 1.34]
12,0,[2.96750006e-03 2.67131543e-06 7.95313818e-07 2.12621930e-04],[1.12 1.12 1.12 1.29 1.18 1.18],[1.33 1.36 1.21 1.48 1.35 1.43]
12,1,[2.35937468e-03 1.39062031e-04 6.10532259e-04 5.03334771e-06],[1.13 1.13 1.13 1.14 1.17 1.14],[1.22 1.17 1.31 1.23 1.33 1.37]
12,2,[7.74627940e-06 1.32102559e-04 1.91370586e-04 9.24320061e-04],[1.17 1.17 1.16 1.17 1.16 1.16],[1.34 1.34 1.31 1.27 1.24 1.27]
12,3,[1.18619289e-03 3.08370735e-06 4.07605666e-03 1.70495440e-09],[1.12 1.11 1.12 1.11 1.29 1.11],[1.32 1.15 1.56 1.32 1.61 1.56]
12,4,[1.49576738e-02 1.68583967e-07 4.20401677e-03 1.32244593e-09],[1.06 1.06 1.06 1.07 1.37 1.07],[1.38 1.08 1.53 1.38 1.69 1.55]
12,5,[6.29439217e-07 5.57089220e-03 4.44569680e-05 9.71627419e-07],[1.1  1.23 1.32 1.1  1.1  1.23],[1.36 1.41 1.53 1.23 1.36 1.5 ]
12,6,[1.89804277e-03 2.10962554e-03 6.87431629e-06 2.50103818e-04],[1.13 1.13 1.13 1.13 1.13 1.15],[1.15 1.29 1.19 1.29 1.19 1.36]
12,7,[7.39677875e-04 4.06912795e-02 1.73281393e-05 2.91008975e-08],[1.01 1.14 1.14 1.01 1.01 1.24],[1.14 1.27 1.43 1.26 1.43 1.56]
12,8,[3.68821758e-05 8.66378870e-05 3.79104038e-05 3.79809879e-06],[1.24 1.24 1.24 1.24 1.24 1.24],[1.31 1.36 1.39 1.33 1.37 1.46]
12,9,[9.12247898e-05 2.11447650e-03 2.97237438e-02 1.15921805e-05],[1.1  1.03 1.19 1.03 1.1  1.03],[1.21 1.21 1.32 1.1  1.27 1.27]
29,0,[3.83708154e-06 3.13211046e-03 2.50647940e-04 9.02238963e-03],[1.08 1.15 1.08 1.08 1.08 1.08],[1.29 1.33 1.29 1.18 1.1  1.18]
29,1,[2.12279831e-06 3.75165342e-04 6.72369088e-04 7.46672262e-07],[1.17 1.17 1.3  1.17 1.17 1.17],[1.39 1.37 1.49 1.22 1.39 1.43]
29,2,[2.17586726e-09 7.43799650e-07 1.10569719e-02 1.66449350e-04],[1.33 1.07 1.19 1.07 1.19 1.07],[1.62 1.52 1.54 1.36 1.38 1.21]
29,3,[8.67452839e-05 2.32535735e-07 1.68936139e-04 7.88092758e-05],[1.22 1.22 1.22 1.22 1.22 1.22],[1.46 1.29 1.31 1.43 1.44 1.33]
29,4,[3.49799965e-08 1.13297042e-03 4.19333324e-05 2.27721035e-02],[1.12 1.21 1.04 1.12 1.04 1.04],[1.42 1.45 1.42 1.24 1.12 1.23]
29,5,[2.59998758e-06 3.13790267e-05 7.75994726e-03 8.59227596e-07],[1.24 1.08 1.29 1.08 1.24 1.08],[1.38 1.32 1.47 1.24 1.43 1.38]
29,6,[2.33157856e-05 2.13130780e-09 1.08432140e-02 1.70025027e-02],[1.23 1.05 1.05 1.05 1.05 1.04],[1.53 1.23 1.23 1.5  1.5  1.04]
29,7,[1.71949437e-04 1.08991145e-03 1.58254932e-06 1.29005495e-04],[1.16 1.17 1.17 1.16 1.16 1.17],[1.22 1.37 1.27 1.36 1.23 1.44]
29,8,[4.61610303e-05 6.62397727e-03 1.04355815e-05 5.01830955e-03],[1.09 1.21 1.09 1.09 1.09 1.09],[1.22 1.34 1.22 1.28 1.09 1.28]
29,9,[0.00119097 0.05594995 0.02144599 0.00090215],[1.   1.01 1.1  1.   1.   1.01],[1.1  1.1  1.13 1.01 1.11 1.11]
6,0,[4.17152540e-05 3.83129464e-05 8.35988722e-07 4.40401891e-02],[1.21 1.21 1.01 1.21 1.01 1.01],[1.32 1.41 1.23 1.39 1.23 1.35]
6,1,[7.97637922e-03 5.11917404e-03 8.52291466e-08 3.66230299e-05],[1.08 1.08 1.08 1.08 1.08 1.21],[1.08 1.4  1.22 1.4  1.22 1.51]
6,2,[6.89234384e-04 1.65485284e-04 1.13985425e-03 8.72833279e-05],[1.16 1.16 1.16 1.16 1.17 1.16],[1.24 1.19 1.26 1.23 1.3  1.28]
6,3,[5.84685058e-06 7.38315739e-04 4.39177343e-08 1.03665348e-03],[1.16 1.27 1.16 1.16 1.16 1.16],[1.33 1.55 1.32 1.47 1.19 1.5 ]
6,4,[0.01817239 0.00080177 0.00115576 0.02650338],[1.02 1.02 1.02 1.1  1.02 1.02],[1.11 1.1  1.02 1.14 1.11 1.1 ]
6,5,[0.00448009 0.02139079 0.00140503 0.00015647],[1.04 1.07 1.07 1.04 1.04 1.1 ],[1.07 1.11 1.17 1.11 1.17 1.21]
6,6,[4.29587783e-05 2.00839000e-06 5.61973483e-05 2.53681082e-05],[1.26 1.26 1.26 1.26 1.26 1.26],[1.45 1.34 1.35 1.39 1.46 1.42]
6,7,[4.94034734e-04 3.11004677e-03 1.70227193e-02 2.36230213e-09],[1.08 1.05 1.13 1.05 1.08 1.05],[1.15 1.15 1.51 1.09 1.51 1.51]
6,8,[7.42418658e-06 5.56500962e-04 4.73935801e-03 4.83298208e-06],[1.15 1.1  1.26 1.1  1.15 1.1 ],[1.3  1.29 1.41 1.17 1.33 1.34]
6,9,[1.46293453e-03 3.11896540e-04 6.37658495e-06 2.39681243e-04],[1.15 1.15 1.15 1.15 1.15 1.15],[1.2  1.32 1.21 1.34 1.25 1.39]
5,0,[3.58914958e-05 3.94660736e-03 2.46855263e-05 9.21685459e-06],[1.11 1.23 1.23 1.11 1.11 1.23],[1.26 1.36 1.34 1.26 1.29 1.43]
5,1,[1.41256381e-03 1.77638126e-03 6.01483887e-06 1.90868965e-04],[1.14 1.14 1.14 1.14 1.14 1.16],[1.16 1.31 1.21 1.31 1.21 1.36]
5,2,[1.52186989e-06 2.72562141e-04 5.12813183e-07 4.44445125e-09],[1.21 1.32 1.32 1.21 1.21 1.34],[1.39 1.5  1.66 1.4  1.53 1.76]
5,3,[2.02681777e-01 1.69014258e-06 4.03765238e-07 2.49314884e-02],[1.   1.   1.   1.31 1.01 1.01],[1.31 1.36 1.01 1.47 1.31 1.36]
5,4,[1.36641789e-03 4.62913122e-04 1.11429913e-03 7.44624427e-07],[1.15 1.15 1.15 1.15 1.15 1.15],[1.19 1.18 1.38 1.2  1.38 1.4 ]
5,5,[0.0028087  0.02268144 0.00044653 0.00312391],[1.04 1.07 1.07 1.04 1.04 1.07],[1.09 1.15 1.1  1.15 1.09 1.16]
5,6,[1.54000981e-08 8.77921810e-05 1.86447121e-04 5.02790498e-08],[1.22 1.22 1.41 1.22 1.22 1.22],[1.55 1.51 1.67 1.29 1.51 1.54]
5,7,[3.55653728e-05 1.50436301e-05 7.50998632e-04 1.37454960e-04],[1.21 1.17 1.19 1.17 1.19 1.17],[1.35 1.29 1.3  1.31 1.33 1.27]
5,8,[8.04706334e-04 2.59784562e-04 3.00980973e-09 3.43267850e-01],[1.13 1.13 1.   1.15 1.   1.  ],[1.19 1.51 1.13 1.5  1.17 1.5 ]
5,9,[1.16431507e-08 2.01164094e-08 2.18340967e-05 2.90536979e-03],[1.43 1.25 1.12 1.25 1.12 1.12],[1.71 1.54 1.49 1.54 1.48 1.3 ]
45,0,[9.71511094e-10 2.77832385e-06 1.57186823e-03 9.54133469e-06],[1.29 1.14 1.27 1.14 1.27 1.14],[1.63 1.57 1.64 1.33 1.45 1.33]
45,1,[5.09869005e-07 8.01194022e-03 1.39869419e-05 1.90465522e-03],[1.08 1.24 1.1  1.08 1.08 1.1 ],[1.36 1.44 1.36 1.26 1.12 1.29]
45,2,[7.30249576e-03 5.60449543e-05 5.30709940e-08 3.87434299e-04],[1.09 1.09 1.09 1.2  1.16 1.16],[1.23 1.43 1.16 1.47 1.25 1.49]
45,3,[2.11839231e-04 3.16513581e-02 7.63213780e-05 1.68593115e-06],[1.03 1.18 1.18 1.03 1.03 1.19],[1.18 1.26 1.34 1.21 1.33 1.42]
45,4,[1.06888929e-02 1.12517962e-03 1.50678181e-05 1.27688735e-04],[1.07 1.07 1.07 1.12 1.12 1.17],[1.13 1.26 1.2  1.26 1.21 1.34]
45,5,[8.71046486e-05 2.82058821e-04 5.61782063e-04 7.85459203e-03],[1.15 1.15 1.08 1.15 1.08 1.08],[1.24 1.24 1.21 1.21 1.17 1.17]
45,6,[3.09416189e-05 2.27848933e-03 6.53961063e-06 9.39067056e-04],[1.13 1.22 1.13 1.13 1.13 1.13],[1.25 1.36 1.26 1.3  1.16 1.33]
45,7,[2.12320140e-03 6.99406488e-08 2.75317931e-06 3.79723268e-03],[1.11 1.11 1.11 1.29 1.11 1.11],[1.41 1.33 1.13 1.55 1.41 1.34]
45,8,[9.05945160e-06 1.18132194e-06 8.15426521e-05 1.30481469e-02],[1.26 1.21 1.06 1.21 1.06 1.06],[1.41 1.34 1.29 1.38 1.34 1.23]
45,9,[7.53582712e-06 1.04367625e-04 1.10573781e-06 3.86912696e-05],[1.24 1.26 1.24 1.24 1.24 1.24],[1.37 1.46 1.38 1.4  1.32 1.5 ]
61,0,[5.48964071e-05 1.42777129e-04 2.04603464e-03 3.46586009e-05],[1.19 1.13 1.2  1.13 1.19 1.13],[1.27 1.24 1.33 1.21 1.33 1.29]
61,1,[2.16028894e-07 1.50694257e-09 1.16692847e-05 1.52794147e-06],[1.36 1.31 1.33 1.31 1.33 1.31],[1.71 1.51 1.52 1.63 1.64 1.53]
61,2,[4.54742388e-03 2.04113399e-02 4.70765995e-07 3.16385299e-04],[1.04 1.07 1.07 1.04 1.04 1.15],[1.07 1.35 1.16 1.35 1.16 1.38]
61,3,[9.37145902e-06 5.82495092e-05 1.43248796e-03 4.42486443e-02],[1.2  1.11 1.01 1.11 1.01 1.01],[1.32 1.27 1.27 1.21 1.21 1.11]
61,4,[1.74931439e-07 1.07705118e-05 7.11690457e-02 3.62150885e-06],[1.27 1.   1.28 1.   1.27 1.  ],[1.45 1.39 1.49 1.27 1.37 1.31]
61,5,[1.42217444e-06 4.20541762e-04 1.64237988e-02 6.14446589e-05],[1.15 1.05 1.19 1.05 1.15 1.05],[1.34 1.33 1.4  1.16 1.26 1.23]
61,6,[1.07660862e-02 2.98302496e-05 1.24341618e-05 7.79726540e-06],[1.07 1.07 1.07 1.24 1.24 1.25],[1.24 1.27 1.28 1.34 1.36 1.43]
61,7,[1.59934017e-05 2.34792462e-04 1.43767391e-04 4.57473140e-07],[1.21 1.21 1.24 1.21 1.21 1.21],[1.33 1.34 1.47 1.27 1.43 1.49]
61,8,[0.00162566 0.00135916 0.00017131 0.00105696],[1.14 1.14 1.14 1.14 1.14 1.14],[1.17 1.22 1.16 1.22 1.17 1.22]
61,9,[1.79874091e-02 2.74493940e-04 6.92255792e-05 9.11666024e-06],[1.05 1.05 1.05 1.17 1.17 1.19],[1.17 1.22 1.28 1.26 1.3  1.42]
30,0,[7.02745378e-06 2.64521983e-05 1.75653171e-04 3.29648233e-07],[1.24 1.22 1.26 1.22 1.24 1.22],[1.4  1.34 1.5  1.31 1.49 1.5 ]
30,1,[4.17384923e-04 7.05456753e-04 6.70292970e-07 1.24995683e-01],[1.14 1.14 1.   1.14 1.   1.  ],[1.18 1.37 1.16 1.36 1.14 1.35]
30,2,[3.19260218e-09 3.01427858e-03 4.93151564e-08 1.46260816e-01],[1.09 1.41 1.   1.09 1.   1.  ],[1.49 1.68 1.49 1.43 1.09 1.43]
30,3,[1.04272352e-01 2.45317602e-05 1.97520272e-02 3.39266032e-04],[1.   1.   1.   1.01 1.14 1.01],[1.22 1.01 1.15 1.22 1.26 1.15]
30,4,[8.18140662e-05 1.13688391e-02 3.65795133e-06 6.90940151e-03],[1.06 1.19 1.06 1.06 1.06 1.06],[1.19 1.34 1.19 1.29 1.06 1.29]
30,5,[4.30175998e-04 1.21050622e-06 1.67757199e-04 3.03697272e-08],[1.19 1.19 1.19 1.19 1.31 1.19],[1.39 1.25 1.47 1.4  1.61 1.54]
30,6,[2.02064365e-10 8.37701119e-04 8.48662323e-07 1.29926065e-05],[1.17 1.32 1.27 1.17 1.17 1.27],[1.64 1.75 1.67 1.38 1.31 1.49]
30,7,[0.00044534 0.00019061 0.00092931 0.01200965],[1.14 1.13 1.07 1.13 1.07 1.07],[1.22 1.18 1.16 1.2  1.19 1.14]
30,8,[2.06322237e-02 7.71835803e-04 1.45676121e-05 1.53276222e-05],[1.04 1.04 1.04 1.13 1.13 1.23],[1.13 1.27 1.26 1.28 1.27 1.41]
30,9,[2.17452809e-03 1.01569196e-03 6.74843280e-04 2.09482829e-06],[1.13 1.13 1.13 1.13 1.13 1.13],[1.16 1.17 1.33 1.18 1.33 1.35]
67,0,[1.55311311e-07 1.76898418e-03 3.71327838e-03 1.44295373e-08],[1.11 1.11 1.37 1.11 1.11 1.11],[1.39 1.39 1.64 1.13 1.48 1.48]
67,1,[2.51596315e-04 4.91829827e-03 1.16422653e-07 3.44422792e-04],[1.1  1.15 1.15 1.1  1.1  1.15],[1.19 1.43 1.22 1.42 1.18 1.48]
67,2,[4.86339131e-04 2.96068031e-02 6.21542685e-03 1.82335851e-05],[1.03 1.06 1.13 1.03 1.03 1.06],[1.14 1.14 1.26 1.06 1.25 1.25]
67,3,[3.10437908e-05 1.26194505e-05 1.82018513e-02 5.43020044e-03],[1.22 1.05 1.07 1.05 1.07 1.05],[1.32 1.22 1.22 1.26 1.26 1.07]
67,4,[2.88971553e-07 6.66052652e-07 1.25126992e-02 3.31657312e-05],[1.33 1.07 1.24 1.07 1.24 1.07],[1.51 1.39 1.45 1.36 1.41 1.26]
67,5,[4.23855873e-08 1.02755602e-07 5.05439725e-04 2.63139812e-07],[1.39 1.18 1.38 1.18 1.38 1.18],[1.61 1.47 1.63 1.45 1.57 1.46]
67,6,[3.10011637e-06 3.55335816e-04 3.16873644e-05 8.98007060e-05],[1.2  1.22 1.2  1.2  1.2  1.2 ],[1.37 1.41 1.38 1.29 1.26 1.36]
67,7,[1.23463686e-02 8.71408128e-04 1.18064102e-04 2.57307213e-07],[1.06 1.06 1.06 1.13 1.13 1.18],[1.13 1.2  1.38 1.21 1.38 1.46]
67,8,[7.94133309e-07 4.75869849e-07 4.50781079e-09 7.62102033e-03],[1.34 1.34 1.09 1.34 1.09 1.09],[1.49 1.66 1.35 1.65 1.37 1.55]
67,9,[1.69315233e-07 2.02451251e-03 1.04205606e-05 2.20255699e-01],[1.1  1.25 1.   1.1  1.   1.  ],[1.38 1.45 1.38 1.27 1.1  1.27]
47,0,[0.00023886 0.00160916 0.00011253 0.00098954],[1.14 1.15 1.14 1.14 1.14 1.14],[1.22 1.27 1.22 1.24 1.18 1.25]
47,1,[4.62793246e-06 9.36696012e-04 2.24299966e-07 3.02729469e-06],[1.16 1.29 1.29 1.16 1.16 1.29],[1.34 1.48 1.43 1.41 1.34 1.6 ]
47,2,[9.16272651e-07 9.53187132e-04 9.36301666e-04 1.25138327e-02],[1.11 1.11 1.07 1.11 1.07 1.07],[1.34 1.36 1.34 1.16 1.13 1.14]
47,3,[8.98936501e-05 2.32362205e-06 2.76981218e-04 2.20930284e-02],[1.19 1.17 1.04 1.17 1.04 1.04],[1.35 1.26 1.21 1.34 1.31 1.17]
47,4,[1.30429993e-04 1.52413377e-03 8.66126371e-09 3.11332841e-04],[1.14 1.17 1.16 1.14 1.14 1.16],[1.23 1.52 1.25 1.5  1.2  1.54]
47,5,[8.29269802e-03 3.21180417e-06 3.54121100e-07 1.73894362e-03],[1.08 1.08 1.08 1.28 1.11 1.11],[1.31 1.38 1.12 1.47 1.31 1.41]
47,6,[1.09077070e-05 1.25480859e-02 4.92390284e-05 5.59690799e-07],[1.07 1.22 1.25 1.07 1.07 1.22],[1.27 1.34 1.45 1.23 1.36 1.46]
47,7,[9.35800547e-06 8.82746209e-03 1.81273780e-02 3.02598028e-04],[1.05 1.05 1.15 1.05 1.05 1.05],[1.26 1.26 1.3  1.05 1.15 1.15]
47,8,[2.73932111e-05 1.82871865e-03 2.17114479e-06 7.48295408e-02],[1.1  1.22 1.   1.1  1.   1.  ],[1.24 1.37 1.24 1.32 1.1  1.32]
47,9,[1.73172296e-05 9.75831253e-07 3.48742768e-09 3.45565339e-02],[1.26 1.26 1.02 1.33 1.02 1.02],[1.42 1.58 1.26 1.64 1.35 1.52]
77,0,[1.12870680e-04 4.83812154e-07 6.08618251e-02 1.04316422e-09],[1.2  1.   1.2  1.   1.34 1.  ],[1.4  1.2  1.56 1.36 1.66 1.55]
77,1,[8.50843950e-06 1.14314867e-02 6.68330910e-03 1.43979897e-05],[1.07 1.07 1.24 1.07 1.07 1.07],[1.26 1.26 1.36 1.07 1.26 1.28]
77,2,[6.89884799e-03 2.04978766e-05 1.54629833e-02 4.57842686e-05],[1.06 1.06 1.06 1.06 1.21 1.06],[1.24 1.06 1.21 1.24 1.3  1.21]
77,3,[1.00075473e-03 5.73116670e-08 2.07837132e-04 2.98235753e-03],[1.13 1.13 1.12 1.16 1.12 1.12],[1.43 1.22 1.16 1.45 1.43 1.22]
77,4,[2.03388579e-03 1.13669345e-04 6.34473458e-04 2.88893083e-06],[1.14 1.14 1.14 1.14 1.18 1.14],[1.22 1.18 1.33 1.24 1.35 1.38]
77,5,[5.25406187e-05 2.08807930e-02 5.10523357e-06 2.70244369e-02],[1.01 1.2  1.01 1.01 1.01 1.01],[1.2  1.32 1.2  1.28 1.01 1.28]
77,6,[1.33106384e-05 2.42136508e-05 1.66891608e-04 9.76576099e-06],[1.24 1.22 1.24 1.22 1.24 1.22],[1.38 1.33 1.42 1.32 1.37 1.42]
77,7,[6.91417885e-05 1.94229761e-03 2.80977101e-06 3.28197873e-06],[1.14 1.21 1.21 1.14 1.14 1.27],[1.25 1.38 1.4  1.33 1.34 1.51]
77,8,[1.11919385e-03 6.91263016e-03 3.34092120e-04 2.32358599e-08],[1.09 1.12 1.12 1.09 1.09 1.14],[1.13 1.19 1.45 1.17 1.45 1.51]
77,9,[5.45745295e-05 2.33981713e-02 4.57285243e-05 2.79964396e-06],[1.04 1.21 1.21 1.04 1.04 1.21],[1.22 1.29 1.36 1.23 1.31 1.46]
38,0,[4.28506799e-02 1.22203112e-02 3.75001957e-06 2.31098527e-03],[1.01 1.01 1.01 1.03 1.03 1.08],[1.03 1.28 1.08 1.28 1.08 1.31]
38,1,[1.82377883e-03 3.60281242e-05 7.52948658e-05 1.71960785e-05],[1.14 1.14 1.14 1.21 1.21 1.21],[1.25 1.25 1.28 1.33 1.34 1.38]
38,2,[5.11712703e-08 6.09909658e-06 9.75130570e-05 2.04071987e-04],[1.27 1.21 1.21 1.21 1.21 1.21],[1.54 1.52 1.47 1.36 1.35 1.34]
38,3,[2.27312718e-06 1.02880965e-04 3.87873454e-02 2.49751381e-04],[1.18 1.02 1.17 1.02 1.17 1.02],[1.36 1.32 1.34 1.2  1.25 1.17]
38,4,[1.27577607e-04 7.02624520e-07 1.35923956e-03 1.31150922e-03],[1.18 1.15 1.15 1.15 1.15 1.15],[1.4  1.24 1.23 1.38 1.38 1.19]
38,5,[8.17630307e-05 3.03132032e-05 9.69097322e-06 5.28238402e-03],[1.21 1.21 1.1  1.22 1.1  1.1 ],[1.29 1.33 1.22 1.36 1.25 1.3 ]
38,6,[1.78544160e-04 7.99553205e-06 1.94267776e-03 2.60257510e-03],[1.16 1.13 1.13 1.13 1.13 1.13],[1.33 1.21 1.2  1.3  1.3  1.16]
38,7,[6.44069476e-07 3.87713983e-06 1.34473724e-05 1.72061387e-03],[1.28 1.27 1.14 1.27 1.14 1.14],[1.47 1.47 1.37 1.42 1.33 1.35]
38,8,[7.12939998e-02 9.31512149e-06 1.24100475e-03 5.89048495e-07],[1.   1.   1.   1.12 1.25 1.12],[1.28 1.12 1.36 1.28 1.48 1.38]
38,9,[5.32818758e-04 6.38571517e-02 1.22663898e-04 1.49239021e-05],[1.   1.15 1.15 1.   1.   1.18],[1.15 1.23 1.28 1.2  1.26 1.35]
66,0,[0.00013994 0.00046837 0.0327611  0.00214105],[1.13 1.02 1.1  1.02 1.1  1.02],[1.21 1.19 1.19 1.15 1.16 1.1 ]
66,1,[1.74588535e-03 5.76000617e-03 2.74645526e-02 7.75162107e-06],[1.06 1.03 1.09 1.03 1.06 1.03],[1.1  1.1  1.26 1.06 1.26 1.26]
66,2,[3.93242011e-03 1.48015644e-02 2.92777088e-06 2.22554449e-06],[1.06 1.08 1.08 1.06 1.06 1.28],[1.08 1.3  1.3  1.3  1.3  1.53]
66,3,[2.03790805e-06 2.36782002e-07 1.57349360e-02 1.64947004e-06],[1.31 1.05 1.31 1.05 1.31 1.05],[1.5  1.32 1.48 1.39 1.52 1.34]
66,4,[1.13136997e-02 9.38243030e-08 5.03951001e-05 1.01256557e-03],[1.07 1.07 1.07 1.2  1.13 1.13],[1.41 1.23 1.13 1.45 1.41 1.28]
66,5,[2.47809323e-04 7.67273616e-04 5.73733398e-06 3.41124498e-05],[1.17 1.17 1.17 1.17 1.17 1.21],[1.21 1.34 1.29 1.33 1.26 1.44]
66,6,[2.12924359e-04 7.45094714e-07 1.46704075e-04 1.67786163e-09],[1.21 1.21 1.21 1.21 1.33 1.21],[1.42 1.26 1.57 1.43 1.69 1.65]
66,7,[1.11939859e-05 2.48554470e-04 4.95198720e-04 9.87088235e-04],[1.16 1.16 1.16 1.16 1.16 1.16],[1.32 1.31 1.3  1.23 1.22 1.22]
66,8,[2.28124827e-03 7.77654167e-02 1.98046931e-05 4.07561464e-06],[1.   1.1  1.1  1.   1.   1.23],[1.1  1.25 1.29 1.25 1.29 1.44]
66,9,[6.92046376e-07 2.81452868e-07 3.96419857e-06 8.71046798e-03],[1.33 1.3  1.08 1.3  1.08 1.08],[1.51 1.46 1.35 1.47 1.38 1.32]
71,0,[3.99642380e-04 3.71010102e-06 8.71570895e-03 4.29349342e-04],[1.14 1.08 1.14 1.08 1.14 1.08],[1.31 1.16 1.21 1.31 1.33 1.18]
71,1,[1.79243938e-05 2.28094144e-05 1.78914350e-06 3.25087944e-04],[1.23 1.23 1.2  1.23 1.2  1.2 ],[1.37 1.44 1.32 1.42 1.32 1.45]
71,2,[1.92330726e-03 1.78027299e-04 1.99403404e-06 8.55043999e-06],[1.14 1.14 1.14 1.18 1.18 1.26],[1.21 1.34 1.29 1.36 1.32 1.48]
71,3,[0.00373352 0.00314102 0.01446984 0.00032925],[1.07 1.06 1.07 1.06 1.07 1.06],[1.1  1.08 1.15 1.09 1.15 1.15]
71,4,[2.71895011e-06 2.85304358e-05 4.23151747e-04 1.75508888e-04],[1.22 1.19 1.19 1.19 1.19 1.19],[1.41 1.35 1.36 1.31 1.31 1.29]
71,5,[1.25038749e-03 4.90532865e-03 4.48592629e-07 1.17767632e-02],[1.07 1.1  1.07 1.07 1.07 1.07],[1.11 1.35 1.11 1.35 1.07 1.35]
71,6,[1.42377649e-02 2.23080672e-03 7.17091631e-09 5.07294988e-04],[1.06 1.06 1.06 1.1  1.1  1.13],[1.1  1.48 1.15 1.48 1.16 1.53]
71,7,[1.52383538e-04 2.62425034e-04 9.59155842e-07 2.32675145e-02],[1.17 1.17 1.04 1.17 1.04 1.04],[1.23 1.38 1.19 1.38 1.17 1.35]
71,8,[2.66648446e-02 3.86629175e-06 6.09500223e-04 5.11785159e-04],[1.03 1.03 1.03 1.13 1.13 1.13],[1.3  1.14 1.15 1.31 1.32 1.21]
71,9,[3.46801819e-07 1.90187777e-04 7.39985483e-04 1.59866770e-04],[1.17 1.17 1.17 1.17 1.17 1.17],[1.44 1.42 1.42 1.24 1.27 1.28]
55,0,[2.25895917e-05 1.19973079e-06 1.44193730e-08 1.80184707e-03],[1.25 1.25 1.14 1.31 1.14 1.14],[1.43 1.58 1.27 1.61 1.36 1.51]
55,1,[0.00404429 0.00021795 0.00021884 0.00021571],[1.11 1.11 1.11 1.15 1.15 1.15],[1.2  1.19 1.19 1.24 1.25 1.27]
55,2,[3.96259553e-03 4.27943295e-05 3.68852461e-03 1.82203157e-04],[1.11 1.11 1.11 1.11 1.16 1.11],[1.23 1.11 1.19 1.23 1.27 1.2 ]
55,3,[3.43284436e-04 6.39661170e-06 1.46753373e-02 1.28890232e-11],[1.16 1.06 1.16 1.06 1.27 1.06],[1.31 1.16 1.67 1.29 1.73 1.67]
55,4,[0.00245511 0.00028698 0.00545338 0.00011571],[1.1  1.1  1.1  1.1  1.15 1.1 ],[1.18 1.11 1.22 1.18 1.25 1.22]
55,5,[1.97645682e-03 3.59879315e-04 7.74763054e-06 8.82279866e-05],[1.14 1.14 1.14 1.16 1.16 1.19],[1.19 1.3  1.24 1.32 1.25 1.41]
55,6,[1.52764646e-05 1.31168792e-05 1.12050200e-03 1.09232014e-04],[1.23 1.16 1.2  1.16 1.2  1.16],[1.38 1.29 1.34 1.31 1.34 1.27]
55,7,[2.47007494e-03 2.77554086e-04 3.73243876e-05 1.52882778e-05],[1.13 1.13 1.13 1.17 1.17 1.21],[1.18 1.26 1.27 1.28 1.3  1.39]
55,8,[9.68530013e-04 4.71722705e-09 2.68462155e-03 2.12975023e-05],[1.13 1.13 1.13 1.13 1.23 1.13],[1.51 1.16 1.28 1.51 1.56 1.29]
55,9,[9.07526400e-03 1.32448227e-06 2.63690121e-03 6.56276165e-04],[1.08 1.08 1.08 1.09 1.12 1.09],[1.33 1.1  1.15 1.33 1.34 1.17]
49,0,[7.82627136e-05 3.54698617e-08 5.84288585e-07 1.13956354e-03],[1.21 1.21 1.16 1.34 1.16 1.16],[1.48 1.45 1.24 1.61 1.47 1.44]
49,1,[1.46925138e-06 8.15476424e-06 1.26451434e-04 9.25871898e-03],[1.26 1.2  1.08 1.2  1.08 1.08],[1.43 1.37 1.33 1.35 1.28 1.22]
49,2,[5.51035580e-06 4.92001437e-04 5.60975963e-05 8.13322962e-08],[1.19 1.22 1.27 1.19 1.19 1.22],[1.33 1.38 1.52 1.27 1.47 1.55]
49,3,[0.00010325 0.00140637 0.00234181 0.04199858],[1.09 1.09 1.01 1.09 1.01 1.01],[1.2  1.19 1.19 1.12 1.11 1.1 ]
49,4,[1.77843844e-02 4.82299549e-04 2.04983920e-03 9.73407384e-06],[1.05 1.05 1.05 1.1  1.13 1.1 ],[1.15 1.1  1.28 1.15 1.3  1.3 ]
49,5,[1.35678257e-05 9.51095402e-07 1.00668125e-04 8.62322214e-09],[1.26 1.24 1.26 1.24 1.32 1.24],[1.46 1.34 1.58 1.42 1.63 1.62]
49,6,[6.28827960e-05 1.48289333e-02 5.35519623e-07 3.66963214e-04],[1.06 1.2  1.16 1.06 1.06 1.16],[1.22 1.4  1.26 1.36 1.16 1.43]
49,7,[0.00325531 0.00556631 0.00637702 0.00153025],[1.09 1.09 1.09 1.09 1.09 1.09],[1.09 1.09 1.11 1.09 1.11 1.11]
49,8,[1.13874314e-07 2.56582635e-04 2.99497199e-03 1.09953815e-08],[1.17 1.12 1.39 1.12 1.17 1.12],[1.45 1.44 1.67 1.19 1.52 1.53]
49,9,[0.02393581 0.00489403 0.0058869  0.00777271],[1.04 1.04 1.04 1.04 1.04 1.04],[1.05 1.05 1.05 1.05 1.05 1.05]
41,0,[3.29759795e-03 2.90970144e-03 5.53522621e-06 1.24715179e-04],[1.12 1.12 1.12 1.12 1.12 1.18],[1.13 1.3  1.2  1.3  1.2  1.39]
41,1,[2.96766202e-03 1.89352504e-03 3.10920336e-06 5.81551530e-05],[1.12 1.12 1.12 1.12 1.12 1.2 ],[1.14 1.32 1.23 1.32 1.23 1.43]
41,2,[5.35562608e-08 1.61763584e-05 2.74695288e-06 1.10756759e-03],[1.26 1.3  1.16 1.26 1.16 1.16],[1.52 1.58 1.46 1.43 1.3  1.39]
41,3,[0.00070039 0.00085686 0.0048183  0.00568462],[1.11 1.1  1.1  1.1  1.1  1.1 ],[1.15 1.14 1.14 1.13 1.13 1.1 ]
41,4,[1.57758732e-05 9.38317757e-09 8.63781709e-03 1.11106422e-03],[1.23 1.08 1.12 1.08 1.12 1.08],[1.52 1.26 1.27 1.47 1.48 1.15]
41,5,[6.31374676e-05 9.08597639e-02 5.99227490e-09 1.10652025e-02],[1.   1.2  1.04 1.   1.   1.04],[1.2  1.5  1.2  1.48 1.04 1.48]
41,6,[2.08779067e-08 1.53576905e-03 3.16570655e-05 6.70593736e-05],[1.15 1.22 1.22 1.15 1.15 1.22],[1.49 1.51 1.51 1.26 1.25 1.37]
41,7,[1.33990339e-02 1.61196509e-03 5.19026822e-10 1.47389249e-02],[1.04 1.04 1.04 1.09 1.04 1.04],[1.09 1.54 1.04 1.54 1.09 1.54]
41,8,[5.19401178e-03 5.62645315e-07 6.76806375e-04 2.50562099e-06],[1.1  1.1  1.1  1.14 1.29 1.14],[1.36 1.15 1.32 1.36 1.5  1.36]
41,9,[8.79806679e-08 5.49105323e-04 4.63273855e-03 5.74590551e-04],[1.13 1.1  1.13 1.1  1.13 1.1 ],[1.41 1.41 1.41 1.16 1.2  1.18]
10,0,[1.03926977e-03 8.40171096e-06 2.88134944e-03 1.53921681e-05],[1.12 1.12 1.12 1.12 1.24 1.12],[1.3  1.15 1.29 1.3  1.38 1.3 ]
10,1,[3.51875258e-08 7.03828264e-04 2.27195995e-03 1.10296115e-06],[1.14 1.13 1.32 1.13 1.14 1.13],[1.45 1.45 1.58 1.18 1.38 1.41]
10,2,[6.44749944e-04 2.48137193e-06 2.90161638e-03 1.00681554e-03],[1.12 1.12 1.12 1.12 1.12 1.12],[1.33 1.17 1.18 1.33 1.34 1.17]
10,3,[7.19531358e-07 3.69967124e-09 8.12156407e-06 3.27412151e-05],[1.33 1.28 1.28 1.28 1.28 1.28],[1.66 1.48 1.44 1.58 1.57 1.45]
10,4,[1.64134734e-06 1.31279726e-04 6.75969142e-05 2.10462614e-02],[1.19 1.2  1.04 1.19 1.04 1.04],[1.38 1.38 1.33 1.28 1.19 1.23]
10,5,[1.38569385e-02 8.57823571e-03 1.27069133e-02 9.37092391e-06],[1.03 1.03 1.03 1.03 1.03 1.03],[1.03 1.03 1.25 1.03 1.25 1.25]
10,6,[1.76216081e-06 4.78390041e-04 1.50619266e-04 6.54376233e-05],[1.19 1.19 1.2  1.19 1.19 1.19],[1.37 1.38 1.41 1.25 1.28 1.35]
10,7,[1.35998049e-05 8.79955165e-06 3.28943610e-04 2.86413147e-04],[1.24 1.2  1.2  1.2  1.2  1.2 ],[1.41 1.31 1.33 1.33 1.32 1.27]
10,8,[1.12597232e-08 1.86491863e-04 2.57516642e-06 1.15648759e-04],[1.22 1.29 1.22 1.22 1.22 1.22],[1.52 1.62 1.53 1.38 1.28 1.45]
10,9,[3.18231625e-04 8.54135259e-05 4.77573529e-03 4.92399899e-10],[1.16 1.1  1.16 1.1  1.19 1.1 ],[1.25 1.19 1.6  1.22 1.61 1.62]
70,0,[5.81056256e-08 1.39055844e-02 2.35538360e-02 1.06199329e-08],[1.03 1.03 1.4  1.03 1.03 1.03],[1.4  1.4  1.63 1.03 1.47 1.47]
70,1,[2.16981228e-04 5.52712093e-02 7.17840324e-03 3.23913037e-06],[1.   1.05 1.16 1.   1.   1.05],[1.16 1.16 1.32 1.05 1.3  1.3 ]
70,2,[1.27426140e-05 5.59896554e-03 7.35562105e-05 2.03043044e-04],[1.1  1.19 1.18 1.1  1.1  1.18],[1.27 1.33 1.31 1.23 1.19 1.31]
70,3,[1.47646095e-05 2.27308683e-04 2.45992122e-06 6.44250187e-03],[1.17 1.24 1.09 1.17 1.09 1.09],[1.31 1.41 1.27 1.37 1.19 1.35]
70,4,[1.32499895e-06 3.42686100e-03 1.24330631e-06 4.61251685e-04],[1.11 1.3  1.15 1.11 1.11 1.15],[1.35 1.48 1.36 1.35 1.18 1.39]
70,5,[1.49040653e-05 3.68369609e-05 1.19426210e-05 3.53270233e-03],[1.23 1.23 1.11 1.23 1.11 1.11],[1.36 1.39 1.27 1.38 1.25 1.33]
70,6,[1.63693483e-05 6.56898744e-06 3.76362680e-02 3.88854038e-09],[1.26 1.02 1.26 1.02 1.26 1.02],[1.36 1.26 1.55 1.29 1.58 1.51]
70,7,[8.06194493e-03 2.82171542e-08 2.29638870e-03 6.61499808e-02],[1.05 1.05 1.   1.08 1.   1.  ],[1.41 1.09 1.05 1.41 1.41 1.09]
70,8,[3.53422769e-02 9.00236599e-04 2.04163071e-04 7.00112205e-07],[1.02 1.02 1.02 1.13 1.13 1.16],[1.13 1.18 1.35 1.2  1.35 1.42]
70,9,[4.16685155e-07 7.95185005e-06 6.33968579e-04 3.29893728e-08],[1.28 1.18 1.34 1.18 1.28 1.18],[1.48 1.4  1.63 1.32 1.55 1.56]
68,0,[7.92532732e-04 8.07930152e-07 1.06746571e-04 5.57837995e-04],[1.17 1.17 1.17 1.18 1.17 1.17],[1.4  1.25 1.22 1.4  1.39 1.27]
68,1,[3.84608156e-02 1.57443067e-03 6.42482753e-06 5.37340199e-08],[1.02 1.02 1.02 1.11 1.11 1.27],[1.11 1.29 1.41 1.29 1.41 1.54]
68,2,[6.79648433e-05 1.34198175e-07 4.56163525e-03 1.30264890e-04],[1.19 1.1  1.19 1.1  1.19 1.1 ],[1.45 1.22 1.29 1.42 1.47 1.24]
68,3,[1.31118674e-06 1.44348021e-02 7.45217681e-02 1.05247885e-07],[1.03 1.   1.32 1.   1.03 1.  ],[1.32 1.32 1.53 1.03 1.39 1.39]
68,4,[2.55955021e-05 5.15112152e-04 8.63805516e-09 2.71628834e-03],[1.15 1.22 1.12 1.15 1.12 1.12],[1.27 1.56 1.27 1.52 1.18 1.52]
68,5,[7.75019669e-05 4.69478787e-08 7.92059793e-03 3.17959215e-10],[1.21 1.08 1.21 1.08 1.41 1.08],[1.47 1.22 1.64 1.43 1.77 1.61]
68,6,[6.37127679e-05 6.70708133e-09 1.38127266e-05 1.23923055e-04],[1.23 1.23 1.23 1.25 1.23 1.23],[1.53 1.35 1.29 1.61 1.53 1.4 ]
68,7,[1.02385604e-01 1.32857854e-06 5.54528227e-03 7.52423117e-06],[1.   1.   1.   1.06 1.26 1.06],[1.32 1.06 1.28 1.32 1.42 1.28]
68,8,[6.59107951e-03 1.46173065e-05 3.56039096e-05 2.08018313e-04],[1.09 1.09 1.09 1.21 1.18 1.18],[1.27 1.24 1.19 1.36 1.31 1.33]
68,9,[1.28824569e-03 6.87363499e-11 1.50258758e-04 7.28633020e-05],[1.15 1.15 1.15 1.19 1.19 1.19],[1.62 1.23 1.25 1.65 1.62 1.32]
39,0,[0.00427681 0.00034074 0.00064463 0.00329895],[1.11 1.11 1.11 1.12 1.11 1.11],[1.18 1.16 1.12 1.2  1.18 1.17]
39,1,[1.62137447e-05 1.48965851e-02 2.18016899e-04 4.73729060e-05],[1.06 1.18 1.21 1.06 1.06 1.18],[1.26 1.31 1.33 1.18 1.23 1.31]
39,2,[5.27349924e-04 1.72233848e-03 1.42526293e-05 1.14576902e-02],[1.11 1.13 1.07 1.11 1.07 1.07],[1.16 1.28 1.15 1.28 1.11 1.28]
39,3,[8.18444476e-03 3.35346757e-06 1.03686202e-06 1.54427512e-05],[1.08 1.08 1.08 1.28 1.26 1.26],[1.31 1.35 1.26 1.44 1.42 1.53]
39,4,[1.07429035e-03 3.27795434e-04 1.52901408e-06 1.46262050e-05],[1.16 1.16 1.16 1.16 1.16 1.24],[1.21 1.36 1.31 1.37 1.32 1.47]
39,5,[1.64173035e-03 8.94486319e-05 1.47123040e-05 3.15481011e-05],[1.14 1.14 1.14 1.2  1.2  1.22],[1.23 1.29 1.27 1.33 1.3  1.4 ]
39,6,[0.00092342 0.00018223 0.00012775 0.02330838],[1.13 1.13 1.04 1.16 1.04 1.04],[1.19 1.21 1.13 1.25 1.18 1.2 ]
39,7,[2.41923852e-05 4.47554470e-04 1.00815202e-03 4.32003770e-02],[1.13 1.12 1.01 1.12 1.01 1.01],[1.25 1.24 1.24 1.18 1.15 1.12]
39,8,[2.69341365e-08 1.97572680e-03 4.33600606e-05 8.91687905e-06],[1.14 1.23 1.26 1.14 1.14 1.23],[1.47 1.51 1.51 1.25 1.3  1.42]
39,9,[2.12924518e-06 6.15038938e-06 1.33509729e-05 2.61651014e-04],[1.27 1.27 1.21 1.27 1.21 1.21],[1.46 1.44 1.38 1.4  1.36 1.38]
11,0,[2.57284967e-06 1.68696051e-06 1.19925419e-06 1.18661770e-05],[1.31 1.31 1.31 1.31 1.31 1.31],[1.5  1.5  1.43 1.51 1.44 1.54]
11,1,[5.77728660e-05 3.97154991e-05 6.57785573e-04 3.22629757e-04],[1.2  1.18 1.18 1.18 1.18 1.18],[1.33 1.26 1.29 1.28 1.29 1.27]
11,2,[2.77438675e-03 3.28912896e-02 3.30152052e-02 5.05490865e-07],[1.   1.   1.07 1.   1.   1.  ],[1.07 1.07 1.33 1.   1.33 1.33]
11,3,[1.52825432e-06 6.00654488e-08 2.88027740e-03 1.24774709e-04],[1.31 1.12 1.19 1.12 1.19 1.12],[1.55 1.35 1.39 1.44 1.46 1.24]
11,4,[2.34224442e-06 1.25092145e-02 5.82717517e-06 2.18099286e-06],[1.07 1.28 1.28 1.07 1.07 1.28],[1.32 1.41 1.45 1.29 1.32 1.51]
11,5,[2.45643291e-04 1.69331670e-05 2.04124698e-04 1.34844293e-03],[1.16 1.16 1.15 1.16 1.15 1.15],[1.29 1.27 1.21 1.32 1.28 1.28]
11,6,[7.17843336e-05 1.34399226e-04 2.70617827e-03 6.22355613e-02],[1.17 1.09 1.   1.09 1.   1.  ],[1.26 1.21 1.21 1.2  1.19 1.09]
11,7,[1.48457480e-06 3.81818248e-05 5.13618176e-04 2.74640650e-04],[1.21 1.18 1.18 1.18 1.18 1.18],[1.43 1.37 1.4  1.28 1.32 1.25]
11,8,[1.07567792e-03 2.89369138e-04 4.17516192e-01 1.65814767e-07],[1.12 1.   1.12 1.   1.15 1.  ],[1.19 1.12 1.38 1.17 1.4  1.38]
11,9,[7.42508943e-10 1.48495557e-04 6.82482537e-06 1.97412752e-07],[1.23 1.28 1.36 1.23 1.23 1.28],[1.61 1.64 1.7  1.35 1.45 1.64]
36,0,[7.28672903e-06 8.99610053e-05 1.09833086e-03 3.41504742e-07],[1.21 1.16 1.26 1.16 1.21 1.16],[1.34 1.32 1.5  1.25 1.44 1.46]
36,1,[4.26598550e-02 1.13332029e-05 7.03729908e-06 1.75660434e-02],[1.01 1.01 1.01 1.25 1.02 1.02],[1.25 1.27 1.02 1.36 1.25 1.27]
36,2,[1.26008012e-05 1.70886976e-01 1.33934506e-03 6.09373919e-02],[1.  1.1 1.  1.  1.  1. ],[1.24 1.26 1.24 1.1  1.   1.1 ]
36,3,[1.02195683e-07 7.90257116e-05 7.42967394e-08 1.05600236e-04],[1.24 1.38 1.24 1.24 1.24 1.24],[1.48 1.61 1.49 1.49 1.3  1.56]
36,4,[2.61873134e-04 5.08396890e-05 7.93382476e-06 2.35203037e-04],[1.21 1.21 1.21 1.21 1.21 1.21],[1.3  1.32 1.26 1.37 1.29 1.39]
36,5,[2.27541324e-07 1.58778618e-04 5.71743206e-06 4.47755551e-02],[1.19 1.27 1.01 1.19 1.01 1.01],[1.41 1.46 1.38 1.33 1.19 1.29]
36,6,[3.25851272e-05 4.85977488e-06 5.24782211e-04 6.79503614e-04],[1.21 1.18 1.18 1.18 1.18 1.18],[1.39 1.29 1.29 1.34 1.32 1.25]
36,7,[1.54547222e-04 4.85380856e-03 5.62026788e-03 2.77121889e-05],[1.1  1.1  1.17 1.1  1.1  1.1 ],[1.19 1.19 1.29 1.1  1.25 1.25]
36,8,[1.12858070e-03 5.01832077e-05 7.77314596e-07 2.37515592e-04],[1.15 1.15 1.15 1.21 1.17 1.17],[1.26 1.38 1.21 1.41 1.27 1.43]
36,9,[2.49221760e-05 2.46196418e-03 1.44950601e-05 4.01057867e-03],[1.11 1.22 1.11 1.11 1.11 1.11],[1.25 1.34 1.25 1.29 1.13 1.29]
59,0,[7.29918357e-04 2.26357786e-08 5.65220584e-05 2.46621055e-02],[1.14 1.14 1.04 1.2  1.04 1.04],[1.46 1.22 1.14 1.48 1.46 1.22]
59,1,[1.26311835e-06 1.09588483e-04 8.30551925e-08 2.15369779e-03],[1.2  1.32 1.13 1.2  1.13 1.13],[1.39 1.58 1.35 1.49 1.23 1.5 ]
59,2,[6.48089897e-05 6.00861931e-06 6.79520767e-03 1.58977688e-04],[1.19 1.09 1.19 1.09 1.19 1.09],[1.35 1.22 1.27 1.3  1.33 1.22]
59,3,[4.27617479e-05 5.44880675e-02 1.40870194e-02 2.46034010e-05],[1.   1.03 1.21 1.   1.   1.03],[1.21 1.21 1.3  1.03 1.23 1.23]
59,4,[1.32619101e-02 3.53830371e-05 1.27845288e-04 1.49576622e-04],[1.06 1.06 1.06 1.17 1.17 1.17],[1.23 1.19 1.19 1.28 1.3  1.29]
59,5,[0.00116167 0.0002049  0.00344149 0.00011069],[1.12 1.12 1.12 1.12 1.16 1.12],[1.2  1.15 1.24 1.19 1.26 1.24]
59,6,[6.53543780e-04 4.06409785e-04 1.05227871e-05 7.73413760e-05],[1.17 1.17 1.17 1.17 1.17 1.19],[1.22 1.32 1.26 1.31 1.27 1.38]
59,7,[1.09915040e-04 3.40941982e-05 3.66733260e-05 9.60405174e-03],[1.2  1.2  1.08 1.2  1.08 1.08],[1.3  1.32 1.21 1.32 1.24 1.25]
59,8,[3.04393342e-06 1.57875238e-03 9.65992481e-06 1.24547125e-01],[1.11 1.26 1.   1.11 1.   1.  ],[1.31 1.39 1.31 1.27 1.11 1.27]
59,9,[2.15950510e-03 2.34772644e-05 1.52903333e-04 3.40447359e-06],[1.13 1.13 1.13 1.19 1.23 1.19],[1.27 1.22 1.33 1.29 1.38 1.42]
32,0,[5.23516151e-03 1.61175969e-06 1.80668486e-05 3.17820332e-04],[1.1  1.1  1.1  1.23 1.16 1.16],[1.35 1.26 1.17 1.43 1.35 1.33]
32,1,[1.68513601e-07 1.00724947e-05 4.27908661e-04 1.25522113e-03],[1.25 1.15 1.15 1.15 1.15 1.15],[1.47 1.4  1.4  1.34 1.31 1.22]
32,2,[7.23172751e-05 8.80825825e-04 5.62372705e-05 2.79160809e-06],[1.16 1.2  1.2  1.16 1.16 1.2 ],[1.26 1.3  1.37 1.26 1.34 1.41]
32,3,[3.44159440e-01 2.00883651e-04 1.88533663e-04 1.18264405e-01],[1.   1.   1.   1.15 1.   1.  ],[1.16 1.16 1.   1.22 1.16 1.16]
32,4,[1.36998954e-02 1.47789074e-03 3.76870203e-02 2.00178646e-07],[1.03 1.02 1.03 1.02 1.09 1.02],[1.1  1.03 1.36 1.1  1.36 1.36]
32,5,[1.07113351e-05 1.50396308e-02 2.70735080e-06 6.12284200e-03],[1.06 1.25 1.06 1.06 1.06 1.06],[1.26 1.41 1.26 1.31 1.07 1.31]
32,6,[7.09352434e-04 1.32636020e-03 3.07987258e-05 5.28913284e-04],[1.15 1.15 1.15 1.15 1.15 1.15],[1.18 1.27 1.21 1.27 1.19 1.31]
32,7,[1.98268475e-05 8.96734247e-05 7.90258547e-06 2.07119856e-07],[1.24 1.25 1.25 1.24 1.24 1.26],[1.34 1.41 1.49 1.36 1.44 1.59]
32,8,[5.67606626e-03 9.38856512e-05 3.21690907e-03 4.09391744e-03],[1.1 1.1 1.1 1.1 1.1 1.1],[1.2  1.11 1.1  1.2  1.2  1.11]
32,9,[1.61699136e-08 1.60721699e-04 4.38665834e-04 1.37802813e-05],[1.19 1.19 1.24 1.19 1.19 1.19],[1.52 1.52 1.57 1.25 1.35 1.37]
26,0,[1.97505244e-03 3.79192953e-06 3.21954155e-03 9.90041967e-07],[1.12 1.12 1.12 1.12 1.28 1.12],[1.31 1.14 1.36 1.31 1.46 1.36]
26,1,[4.86680323e-05 7.51931683e-04 6.51160433e-05 2.34417718e-05],[1.17 1.2  1.2  1.17 1.17 1.2 ],[1.27 1.32 1.35 1.26 1.29 1.39]
26,2,[4.15568008e-05 3.07697732e-05 5.57027483e-04 2.42017201e-03],[1.2  1.15 1.13 1.15 1.13 1.13],[1.33 1.3  1.25 1.3  1.26 1.21]
26,3,[1.40122645e-02 2.27975180e-03 1.46265662e-07 1.80158948e-04],[1.06 1.06 1.06 1.1  1.1  1.16],[1.1  1.39 1.18 1.39 1.18 1.48]
26,4,[1.28435798e-06 2.10150346e-03 9.91716338e-04 6.90299877e-08],[1.13 1.13 1.31 1.13 1.13 1.13],[1.36 1.36 1.56 1.18 1.43 1.49]
26,5,[5.21968701e-06 3.71957993e-04 1.38361549e-03 8.96896970e-05],[1.16 1.15 1.19 1.15 1.16 1.15],[1.32 1.31 1.38 1.2  1.28 1.27]
26,6,[3.18023777e-02 2.22632299e-05 3.72958174e-06 5.16816462e-05],[1.03 1.03 1.03 1.23 1.22 1.22],[1.25 1.3  1.22 1.37 1.32 1.46]
26,7,[9.47627747e-04 6.16527296e-05 9.72377393e-03 1.10009486e-04],[1.13 1.08 1.13 1.08 1.18 1.08],[1.23 1.13 1.22 1.22 1.28 1.21]
26,8,[1.92244291e-04 2.51577156e-05 2.00388072e-02 5.41121237e-06],[1.18 1.05 1.18 1.05 1.22 1.05],[1.28 1.18 1.34 1.25 1.39 1.3 ]
26,9,[2.89116762e-08 9.75099526e-06 1.54081978e-03 4.52805252e-02],[1.25 1.11 1.01 1.11 1.01 1.01],[1.51 1.44 1.44 1.28 1.27 1.11]
69,0,[2.13156149e-02 8.50848328e-03 9.90481215e-08 1.72319455e-04],[1.04 1.04 1.04 1.05 1.05 1.17],[1.05 1.39 1.17 1.39 1.17 1.49]
69,1,[8.77267115e-06 1.43460352e-04 7.77828288e-06 1.21089805e-11],[1.23 1.26 1.26 1.23 1.23 1.26],[1.32 1.42 1.7  1.35 1.7  1.91]
69,2,[2.29289666e-03 1.21735651e-05 2.21450403e-04 3.48721059e-05],[1.13 1.13 1.13 1.18 1.22 1.18],[1.29 1.21 1.27 1.31 1.35 1.33]
69,3,[1.24849541e-06 4.54410808e-03 9.82944678e-07 3.70135129e-07],[1.11 1.32 1.32 1.11 1.11 1.32],[1.35 1.47 1.53 1.35 1.39 1.61]
69,4,[9.67055122e-07 4.95576246e-03 1.14964290e-05 1.23024959e-02],[1.07 1.25 1.07 1.07 1.07 1.07],[1.33 1.41 1.33 1.26 1.08 1.26]
69,5,[1.30689141e-05 5.42145443e-04 1.63157097e-05 3.84076722e-07],[1.18 1.25 1.25 1.18 1.18 1.25],[1.31 1.37 1.47 1.3  1.42 1.54]
69,6,[4.08430680e-05 1.06033048e-03 7.51870851e-03 1.35145257e-05],[1.12 1.09 1.21 1.09 1.12 1.09],[1.24 1.23 1.34 1.13 1.28 1.28]
69,7,[3.54542069e-07 3.33757313e-02 2.26180929e-04 1.04338723e-04],[1.02 1.17 1.18 1.02 1.02 1.17],[1.37 1.39 1.4  1.17 1.2  1.31]
69,8,[8.40654017e-04 4.96224996e-07 2.11787924e-04 1.20856950e-02],[1.13 1.13 1.07 1.16 1.07 1.07],[1.36 1.21 1.14 1.38 1.36 1.2 ]
69,9,[2.48583256e-04 1.56530604e-03 2.25634905e-01 6.33157615e-06],[1.11 1.   1.15 1.   1.11 1.  ],[1.19 1.17 1.32 1.11 1.29 1.29]
64,0,[1.17838826e-02 3.42229761e-04 3.38532999e-08 3.91799297e-02],[1.04 1.04 1.02 1.14 1.02 1.02],[1.14 1.42 1.04 1.44 1.14 1.42]
64,1,[6.90961285e-05 4.86635678e-03 1.04988119e-02 1.35297548e-03],[1.07 1.07 1.1  1.07 1.07 1.07],[1.2  1.2  1.2  1.08 1.12 1.12]
64,2,[1.65583064e-03 3.31740531e-04 7.70485492e-05 5.95381133e-05],[1.14 1.14 1.14 1.16 1.16 1.18],[1.2  1.24 1.25 1.25 1.28 1.34]
64,3,[1.00686248e-03 4.62138550e-10 2.59307355e-04 4.46558606e-08],[1.16 1.16 1.16 1.17 1.41 1.17],[1.57 1.21 1.46 1.57 1.75 1.53]
64,4,[1.00077029e-07 1.26401458e-03 4.93119767e-09 2.42199988e-04],[1.15 1.39 1.17 1.15 1.15 1.17],[1.43 1.68 1.44 1.51 1.22 1.63]
64,5,[5.92286454e-06 1.18925459e-04 1.00179230e-03 6.01945095e-06],[1.19 1.16 1.26 1.16 1.19 1.16],[1.35 1.32 1.41 1.23 1.37 1.36]
64,6,[2.99819290e-03 1.41047607e-05 8.27354024e-07 2.34074124e-04],[1.12 1.12 1.12 1.24 1.17 1.17],[1.28 1.35 1.19 1.42 1.3  1.43]
64,7,[1.28338294e-05 1.17776774e-03 1.87056987e-06 8.79315654e-07],[1.16 1.26 1.26 1.16 1.16 1.3 ],[1.31 1.44 1.47 1.35 1.38 1.54]
64,8,[3.36958566e-06 1.24191400e-07 1.83385630e-03 2.37441808e-03],[1.28 1.13 1.13 1.13 1.13 1.13],[1.5  1.32 1.33 1.4  1.4  1.17]
64,9,[1.63570273e-03 1.50534441e-06 5.67182828e-04 2.85064234e-06],[1.14 1.14 1.14 1.15 1.29 1.15],[1.36 1.19 1.34 1.37 1.45 1.39]
17,0,[4.88074278e-04 1.40231672e-02 1.68769041e-04 1.11814708e-06],[1.06 1.15 1.15 1.06 1.06 1.17],[1.16 1.22 1.35 1.19 1.34 1.42]
17,1,[2.58242740e-06 3.59170542e-05 1.35027720e-02 4.13884926e-09],[1.23 1.06 1.29 1.06 1.23 1.06],[1.39 1.32 1.63 1.24 1.56 1.54]
17,2,[1.02748779e-03 1.75861215e-05 1.41577103e-05 4.15051795e-03],[1.13 1.13 1.11 1.23 1.11 1.11],[1.27 1.29 1.15 1.35 1.27 1.29]
17,3,[4.62271076e-04 7.35475255e-03 2.53015862e-03 2.95861069e-09],[1.09 1.09 1.13 1.09 1.09 1.09],[1.15 1.15 1.53 1.11 1.52 1.53]
17,4,[6.13125535e-06 4.11500948e-05 1.39715212e-03 4.14544306e-08],[1.23 1.15 1.27 1.15 1.23 1.15],[1.35 1.32 1.54 1.26 1.51 1.51]
17,5,[2.45529728e-05 1.00712128e-04 1.46518770e-04 2.26054314e-05],[1.23 1.23 1.23 1.23 1.23 1.23],[1.34 1.33 1.38 1.29 1.35 1.36]
17,6,[2.94877301e-03 2.94741960e-05 1.15713822e-04 6.75027749e-04],[1.12 1.12 1.12 1.18 1.14 1.14],[1.25 1.22 1.16 1.31 1.26 1.25]
17,7,[5.33535438e-11 1.80925141e-02 1.39660470e-04 1.03714189e-02],[1.04 1.17 1.04 1.04 1.04 1.04],[1.59 1.63 1.59 1.18 1.04 1.18]
17,8,[1.34606832e-03 1.07247714e-07 1.44937739e-06 3.55371108e-05],[1.15 1.15 1.15 1.31 1.24 1.24],[1.43 1.37 1.27 1.57 1.48 1.48]
17,9,[9.69680630e-04 1.77121653e-04 1.81182976e-06 5.96133302e-06],[1.16 1.16 1.16 1.18 1.18 1.27],[1.23 1.36 1.32 1.39 1.35 1.5 ]
0,0,[3.21519692e-05 8.22337531e-10 1.50852429e-03 1.50461094e-04],[1.22 1.14 1.19 1.14 1.19 1.14],[1.6  1.27 1.34 1.57 1.57 1.25]
0,1,[9.43689377e-05 1.93341496e-08 3.39417408e-03 1.78350988e-07],[1.2  1.11 1.2  1.11 1.37 1.11],[1.48 1.21 1.46 1.47 1.63 1.45]
0,2,[1.65234582e-05 7.90644626e-04 6.26823679e-04 2.56560412e-05],[1.17 1.17 1.22 1.17 1.17 1.17],[1.29 1.29 1.37 1.19 1.3  1.31]
0,3,[4.80887063e-05 7.09373905e-05 1.30425348e-08 1.49805089e-03],[1.21 1.21 1.15 1.21 1.15 1.15],[1.3  1.52 1.26 1.53 1.24 1.56]
0,4,[4.35523771e-03 7.06014083e-05 4.95581007e-05 1.51208921e-02],[1.07 1.07 1.06 1.19 1.06 1.06],[1.2  1.22 1.07 1.27 1.2  1.22]
0,5,[4.48175128e-06 5.98740893e-07 5.45558358e-04 2.94471977e-04],[1.27 1.18 1.18 1.18 1.18 1.18],[1.48 1.34 1.36 1.39 1.39 1.28]
0,6,[5.37854581e-05 1.69995998e-04 4.06578639e-06 2.03017136e-09],[1.22 1.22 1.22 1.22 1.22 1.28],[1.29 1.38 1.59 1.38 1.56 1.75]
0,7,[1.25712592e-05 3.99106812e-03 4.04867348e-06 2.93390687e-04],[1.11 1.25 1.17 1.11 1.11 1.17],[1.27 1.4  1.31 1.31 1.19 1.36]
0,8,[3.76082860e-03 9.06845991e-06 1.93588823e-05 3.51257585e-05],[1.11 1.11 1.11 1.23 1.23 1.23],[1.29 1.28 1.24 1.37 1.35 1.37]
0,9,[1.38702812e-02 8.43039526e-04 3.99850179e-05 4.10419345e-06],[1.06 1.06 1.06 1.13 1.13 1.21],[1.13 1.24 1.3  1.25 1.31 1.43]
53,0,[5.94075742e-05 6.98697131e-03 1.08747288e-03 2.92924128e-04],[1.09 1.12 1.15 1.09 1.09 1.12],[1.23 1.24 1.26 1.14 1.18 1.21]
53,1,[2.10363434e-06 1.07995167e-02 1.88674675e-03 1.08496127e-05],[1.07 1.1  1.25 1.07 1.07 1.1 ],[1.31 1.31 1.4  1.11 1.27 1.31]
53,2,[2.32795665e-04 2.59007837e-05 8.23625101e-09 7.80958017e-06],[1.21 1.21 1.21 1.24 1.24 1.26],[1.32 1.53 1.33 1.56 1.42 1.65]
53,3,[2.68124418e-02 4.45870115e-05 4.35292366e-04 1.78154475e-04],[1.03 1.03 1.03 1.15 1.16 1.15],[1.23 1.15 1.18 1.27 1.27 1.25]
53,4,[1.17213206e-03 1.62469786e-05 3.95558165e-05 1.68161790e-04],[1.15 1.15 1.15 1.21 1.19 1.19],[1.3  1.26 1.23 1.36 1.34 1.32]
53,5,[3.70894827e-06 2.99333727e-04 4.18939507e-04 1.16957894e-03],[1.16 1.16 1.16 1.16 1.16 1.16],[1.34 1.35 1.33 1.22 1.21 1.23]
53,6,[3.29994405e-04 4.60873259e-04 6.51705292e-08 9.03733059e-04],[1.17 1.17 1.17 1.17 1.17 1.17],[1.24 1.46 1.22 1.45 1.21 1.46]
53,7,[7.44470094e-05 3.81468864e-07 3.24359918e-04 4.49323804e-06],[1.21 1.2  1.21 1.2  1.28 1.2 ],[1.45 1.28 1.4  1.44 1.51 1.41]
53,8,[2.58937355e-03 2.24062190e-06 3.99169227e-05 1.04140112e-05],[1.13 1.13 1.13 1.23 1.25 1.23],[1.33 1.25 1.3  1.38 1.42 1.43]
53,9,[2.46185879e-05 7.29742462e-05 3.30026160e-04 6.86924581e-03],[1.19 1.17 1.09 1.17 1.09 1.09],[1.31 1.29 1.25 1.26 1.22 1.2 ]
33,0,[2.32825790e-03 1.13934863e-07 8.86155033e-06 9.15950964e-05],[1.13 1.13 1.13 1.26 1.2  1.2 ],[1.42 1.29 1.22 1.51 1.45 1.37]
33,1,[2.47630274e-06 6.29071242e-04 4.97078391e-05 1.71488536e-07],[1.17 1.23 1.29 1.17 1.17 1.23],[1.36 1.39 1.51 1.27 1.41 1.53]
33,2,[1.02028252e-04 9.53630677e-06 4.42147088e-03 1.50358653e-05],[1.2  1.1  1.2  1.1  1.24 1.1 ],[1.34 1.22 1.33 1.29 1.37 1.29]
33,3,[4.04741358e-08 2.24543011e-04 4.33467202e-06 2.43546965e-05],[1.21 1.28 1.24 1.21 1.21 1.24],[1.48 1.57 1.53 1.35 1.31 1.5 ]
33,4,[8.42923239e-03 1.73516861e-03 1.19133295e-03 1.46027359e-05],[1.08 1.08 1.08 1.1  1.1  1.1 ],[1.12 1.13 1.26 1.14 1.26 1.29]
33,5,[9.38615922e-04 2.31147332e-03 2.04460417e-05 2.90686652e-04],[1.13 1.13 1.13 1.13 1.13 1.15],[1.17 1.27 1.2  1.27 1.2  1.32]
33,6,[4.17813830e-02 1.76516643e-05 9.52361457e-06 2.36866806e-04],[1.01 1.01 1.01 1.24 1.17 1.17],[1.26 1.27 1.17 1.35 1.29 1.36]
33,7,[4.50355238e-07 2.63395405e-06 5.36748561e-08 2.87432912e-04],[1.31 1.34 1.2  1.31 1.2  1.2 ],[1.49 1.59 1.43 1.58 1.35 1.58]
33,8,[1.24538493e-02 5.46702195e-09 5.44682066e-05 5.60598619e-03],[1.07 1.07 1.07 1.2  1.07 1.07],[1.47 1.22 1.07 1.52 1.47 1.22]
33,9,[4.81389680e-04 1.29899009e-03 1.12126830e-02 3.27810456e-05],[1.12 1.07 1.13 1.07 1.12 1.07],[1.17 1.15 1.27 1.12 1.24 1.24]
97,0,[1.19191430e-06 4.00672045e-05 3.09326313e-05 1.30729913e-04],[1.23 1.23 1.23 1.23 1.23 1.23],[1.46 1.43 1.42 1.35 1.31 1.37]
97,1,[8.77936194e-03 1.04477289e-05 3.63179266e-05 3.19698997e-04],[1.08 1.08 1.08 1.21 1.16 1.16],[1.27 1.23 1.17 1.34 1.3  1.31]
97,2,[1.07304861e-04 3.78236321e-05 1.84379369e-03 3.84007384e-03],[1.18 1.11 1.11 1.11 1.11 1.11],[1.29 1.22 1.21 1.26 1.25 1.15]
97,3,[9.53060448e-08 1.79719643e-03 1.15306098e-09 7.11075738e-05],[1.14 1.39 1.22 1.14 1.14 1.22],[1.43 1.69 1.46 1.55 1.25 1.65]
97,4,[0.00761925 0.0087567  0.0008791  0.00014348],[1.07 1.07 1.07 1.07 1.07 1.11],[1.07 1.12 1.18 1.12 1.18 1.22]
97,5,[1.03667504e-03 4.55527135e-05 5.81810656e-05 9.42489120e-04],[1.16 1.16 1.16 1.19 1.16 1.16],[1.26 1.26 1.19 1.32 1.26 1.29]
97,6,[2.43973386e-02 2.19903914e-03 6.17456322e-03 1.27757808e-07],[1.04 1.04 1.04 1.06 1.08 1.06],[1.09 1.06 1.38 1.09 1.38 1.38]
97,7,[8.41654117e-02 1.71050469e-05 1.26821074e-05 1.62097552e-07],[1.   1.   1.   1.24 1.24 1.24],[1.26 1.27 1.4  1.37 1.45 1.53]
97,8,[2.57170445e-05 1.63897594e-03 6.13652714e-04 2.38620361e-05],[1.15 1.15 1.21 1.15 1.15 1.15],[1.27 1.27 1.34 1.18 1.28 1.33]
97,9,[0.00024036 0.04949396 0.00347817 0.00035252],[1.01 1.08 1.14 1.01 1.01 1.08],[1.17 1.17 1.22 1.08 1.16 1.18]
4,0,[3.81596524e-05 3.10295098e-03 5.26880507e-06 2.42215753e-05],[1.12 1.23 1.23 1.12 1.12 1.23],[1.24 1.36 1.35 1.3  1.28 1.43]
4,1,[2.34776138e-06 4.02565197e-02 1.91657135e-10 5.29879198e-02],[1.  1.3 1.  1.  1.  1. ],[1.3  1.65 1.3  1.56 1.   1.56]
4,2,[1.27501768e-03 6.59441109e-02 1.90611401e-05 4.78156090e-03],[1.   1.1  1.07 1.   1.   1.07],[1.11 1.27 1.11 1.25 1.07 1.26]
4,3,[2.96384564e-05 2.26169674e-06 5.86437509e-06 6.25409888e-06],[1.28 1.28 1.28 1.28 1.28 1.28],[1.41 1.41 1.42 1.45 1.45 1.52]
4,4,[6.57668070e-04 4.71144822e-05 5.24525947e-04 1.07426152e-06],[1.17 1.17 1.17 1.17 1.21 1.17],[1.27 1.21 1.38 1.28 1.42 1.43]
4,5,[6.98015242e-04 1.62518596e-01 7.93110534e-04 1.12392848e-06],[1.   1.12 1.12 1.   1.   1.12],[1.14 1.17 1.34 1.13 1.34 1.39]
4,6,[1.90640338e-05 1.36352100e-05 7.34179740e-05 5.47460702e-04],[1.23 1.21 1.18 1.21 1.18 1.18],[1.39 1.35 1.31 1.35 1.31 1.3 ]
4,7,[1.35863564e-04 2.16980872e-06 5.11450598e-05 4.85174153e-06],[1.23 1.23 1.23 1.23 1.27 1.23],[1.4  1.31 1.38 1.42 1.47 1.49]
4,8,[8.18273828e-04 4.78669122e-05 5.08635530e-04 3.01825445e-04],[1.17 1.17 1.17 1.17 1.17 1.17],[1.26 1.2  1.21 1.26 1.28 1.26]
4,9,[0.00026264 0.00026999 0.00012547 0.00319503],[1.15 1.15 1.12 1.15 1.12 1.12],[1.23 1.26 1.19 1.27 1.19 1.24]
44,0,[1.05971131e-05 6.33328026e-05 3.98588961e-06 2.96413162e-03],[1.22 1.25 1.12 1.22 1.12 1.12],[1.35 1.42 1.29 1.38 1.24 1.35]
44,1,[4.63356099e-03 6.71904991e-02 7.31002991e-09 7.96554876e-04],[1.   1.07 1.07 1.   1.   1.11],[1.07 1.47 1.13 1.47 1.13 1.49]
44,2,[1.79877200e-07 4.93611124e-06 2.12033166e-07 2.60140272e-07],[1.34 1.35 1.35 1.34 1.34 1.35],[1.51 1.59 1.6  1.5  1.53 1.68]
44,3,[3.78703384e-08 3.45960055e-06 7.51357546e-05 1.02680013e-04],[1.28 1.24 1.24 1.24 1.24 1.24],[1.56 1.51 1.52 1.38 1.37 1.36]
44,4,[9.37805022e-03 3.02908044e-05 3.40986441e-03 8.16654929e-06],[1.08 1.08 1.08 1.08 1.22 1.08],[1.23 1.1  1.29 1.23 1.35 1.3 ]
44,5,[6.40436348e-05 6.63794034e-04 1.31525765e-03 4.19830682e-03],[1.12 1.12 1.11 1.12 1.11 1.11],[1.24 1.24 1.23 1.18 1.15 1.17]
44,6,[0.0177069  0.00474079 0.00083229 0.00015729],[1.05 1.05 1.05 1.07 1.07 1.11],[1.07 1.12 1.18 1.12 1.18 1.21]
44,7,[1.01005152e-03 2.50358685e-08 2.48692917e-08 1.84802868e-05],[1.16 1.16 1.16 1.41 1.26 1.26],[1.48 1.47 1.3  1.65 1.54 1.6 ]
44,8,[1.63403182e-06 2.82330419e-03 8.24352180e-08 3.42076659e-03],[1.12 1.31 1.12 1.12 1.12 1.12],[1.34 1.55 1.34 1.42 1.12 1.44]
44,9,[3.03550916e-03 8.75527073e-06 9.29631193e-04 8.29087135e-06],[1.12 1.12 1.12 1.13 1.24 1.13],[1.29 1.16 1.3  1.29 1.41 1.34]
7,0,[2.98527280e-06 5.75042997e-05 5.66504310e-03 1.14273370e-03],[1.2  1.1  1.12 1.1  1.12 1.1 ],[1.35 1.32 1.32 1.23 1.23 1.16]
7,1,[2.43178585e-06 1.60338380e-05 1.02767904e-06 1.00302255e-07],[1.3  1.31 1.31 1.3  1.3  1.32],[1.43 1.5  1.54 1.45 1.51 1.68]
7,2,[5.55358185e-05 8.24177796e-03 1.32176812e-04 1.38129984e-06],[1.08 1.19 1.2  1.08 1.08 1.19],[1.23 1.27 1.37 1.2  1.34 1.41]
7,3,[5.06452328e-05 1.51892421e-03 1.70411685e-10 1.43842423e-07],[1.15 1.22 1.22 1.15 1.15 1.37],[1.24 1.6  1.48 1.6  1.44 1.86]
7,4,[3.57684426e-03 1.41591207e-04 9.43389667e-05 1.81853593e-07],[1.11 1.11 1.11 1.18 1.18 1.18],[1.21 1.22 1.4  1.26 1.44 1.52]
7,5,[2.73155673e-05 2.10560304e-04 3.32220776e-06 2.14204816e-04],[1.21 1.22 1.21 1.21 1.21 1.21],[1.31 1.42 1.32 1.38 1.26 1.44]
7,6,[5.71933070e-02 5.39097722e-04 4.67179238e-06 4.27427770e-06],[1.   1.   1.   1.15 1.15 1.27],[1.15 1.3  1.3  1.3  1.32 1.44]
7,7,[9.41395473e-06 3.72262578e-03 1.41265880e-05 9.98345142e-04],[1.11 1.24 1.13 1.11 1.11 1.13],[1.27 1.37 1.29 1.27 1.16 1.32]
7,8,[3.26034053e-06 9.09773495e-05 1.05080966e-03 8.80722828e-10],[1.21 1.16 1.29 1.16 1.21 1.16],[1.38 1.35 1.69 1.24 1.62 1.64]
7,9,[2.15995433e-07 3.40677243e-04 1.57705449e-02 3.97894141e-06],[1.16 1.06 1.28 1.06 1.16 1.06],[1.39 1.38 1.5  1.17 1.33 1.31]
28,0,[1.68779601e-03 5.44908911e-02 3.33791787e-04 6.72467245e-07],[1.   1.11 1.11 1.   1.   1.14],[1.11 1.17 1.35 1.16 1.35 1.41]
28,1,[2.90645384e-06 1.94938595e-02 1.92871182e-04 7.79635005e-05],[1.05 1.18 1.19 1.05 1.05 1.18],[1.32 1.35 1.36 1.18 1.21 1.3 ]
28,2,[2.50600438e-03 1.14911137e-03 1.31694585e-03 4.63432626e-10],[1.13 1.13 1.13 1.13 1.13 1.13],[1.16 1.14 1.55 1.16 1.55 1.57]
28,3,[0.00100723 0.00301124 0.01691932 0.00913251],[1.07 1.05 1.05 1.05 1.05 1.05],[1.11 1.11 1.11 1.07 1.07 1.05]
28,4,[1.03134405e-04 1.31273667e-08 6.49167219e-05 1.08308688e-03],[1.2  1.2  1.16 1.2  1.16 1.16],[1.52 1.3  1.24 1.53 1.49 1.3 ]
28,5,[1.22268902e-07 2.65525890e-07 1.53969341e-05 1.31256616e-02],[1.36 1.26 1.06 1.26 1.06 1.06],[1.58 1.49 1.41 1.47 1.38 1.27]
28,6,[3.18698631e-05 3.27560558e-05 2.65048436e-05 3.29195509e-07],[1.27 1.27 1.27 1.27 1.27 1.27],[1.36 1.34 1.5  1.37 1.46 1.55]
28,7,[5.94611196e-03 8.51311989e-03 7.81777834e-06 5.30448922e-05],[1.08 1.08 1.08 1.08 1.08 1.2 ],[1.08 1.27 1.21 1.27 1.21 1.38]
28,8,[1.40226288e-06 1.86984938e-06 6.42055697e-08 2.05223310e-04],[1.31 1.31 1.21 1.31 1.21 1.21],[1.47 1.56 1.38 1.57 1.4  1.58]
28,9,[2.14749927e-04 6.13940918e-05 5.95406671e-08 2.96021753e-04],[1.2 1.2 1.2 1.2 1.2 1.2],[1.29 1.46 1.27 1.5  1.28 1.53]
91,0,[3.45422863e-02 2.45375509e-05 2.00877564e-06 9.10796056e-04],[1.02 1.02 1.02 1.23 1.13 1.13],[1.25 1.32 1.13 1.39 1.26 1.37]
91,1,[6.51142783e-06 1.21304291e-03 2.14434344e-03 2.51369767e-08],[1.13 1.13 1.27 1.13 1.13 1.13],[1.31 1.31 1.54 1.16 1.46 1.5 ]
91,2,[4.45842634e-03 1.83905434e-03 2.22463508e-02 6.36053451e-05],[1.07 1.04 1.07 1.04 1.09 1.04],[1.1  1.07 1.21 1.1  1.21 1.21]
91,3,[1.48767733e-03 3.61010253e-06 1.18283733e-07 4.69863076e-04],[1.15 1.15 1.15 1.28 1.15 1.15],[1.33 1.43 1.19 1.48 1.34 1.48]
91,4,[7.17043318e-04 4.06496198e-05 5.65138843e-05 7.91776563e-04],[1.17 1.17 1.17 1.2  1.17 1.17],[1.28 1.28 1.2  1.33 1.28 1.3 ]
91,5,[3.48115897e-05 1.42381705e-05 3.47149885e-05 1.07807018e-03],[1.22 1.22 1.16 1.22 1.16 1.16],[1.37 1.36 1.27 1.36 1.32 1.3 ]
91,6,[1.52928308e-04 5.49892502e-04 4.31417124e-11 5.59049669e-03],[1.15 1.17 1.1  1.15 1.1  1.1 ],[1.21 1.65 1.2  1.65 1.16 1.65]
91,7,[2.66068227e-02 3.34290463e-05 7.09830406e-03 1.33541331e-03],[1.03 1.03 1.03 1.05 1.1  1.05],[1.22 1.05 1.12 1.22 1.22 1.12]
91,8,[5.56071404e-06 9.41409571e-02 8.89555448e-02 1.50157028e-05],[1.   1.   1.24 1.   1.   1.  ],[1.27 1.27 1.36 1.   1.24 1.24]
91,9,[2.60852471e-04 4.32538298e-04 5.03864395e-09 1.52594321e-02],[1.15 1.15 1.06 1.15 1.06 1.06],[1.2  1.5  1.17 1.51 1.16 1.5 ]
14,0,[1.43236330e-03 1.85257242e-05 2.33562027e-02 5.89236034e-05],[1.11 1.04 1.11 1.04 1.2  1.04],[1.26 1.11 1.24 1.25 1.32 1.23]
14,1,[2.80671963e-05 1.32490761e-04 1.97229406e-08 8.05217823e-05],[1.23 1.23 1.23 1.23 1.23 1.23],[1.35 1.53 1.33 1.53 1.29 1.61]
14,2,[0.0003793  0.00122673 0.02429962 0.07515931],[1.1  1.01 1.   1.01 1.   1.  ],[1.16 1.14 1.14 1.1  1.1  1.01]
14,3,[2.57585565e-06 1.30710637e-03 7.04312485e-06 7.45290776e-04],[1.15 1.27 1.15 1.15 1.15 1.15],[1.33 1.44 1.33 1.32 1.18 1.35]
14,4,[4.37121425e-06 9.26279030e-07 2.13870771e-06 1.17658180e-02],[1.3  1.3  1.07 1.3  1.07 1.07],[1.43 1.42 1.3  1.45 1.35 1.34]
14,5,[2.58806525e-04 1.09974962e-09 4.17869180e-04 7.10546301e-05],[1.19 1.19 1.19 1.19 1.19 1.19],[1.59 1.25 1.27 1.59 1.6  1.33]
14,6,[0.0088527  0.0009179  0.00897915 0.0053497 ],[1.06 1.06 1.06 1.06 1.07 1.06],[1.11 1.06 1.07 1.11 1.11 1.07]
14,7,[8.68269911e-04 7.28459466e-08 5.13050795e-04 2.35989142e-06],[1.16 1.16 1.16 1.16 1.29 1.16],[1.44 1.21 1.35 1.46 1.54 1.41]
14,8,[6.93018086e-05 2.61972972e-04 1.95611908e-05 5.06063046e-06],[1.21 1.22 1.22 1.21 1.21 1.23],[1.3  1.34 1.36 1.32 1.35 1.46]
14,9,[1.26710235e-07 7.95442017e-08 5.90373022e-04 4.64728530e-04],[1.38 1.18 1.18 1.18 1.18 1.18],[1.59 1.46 1.42 1.47 1.45 1.25]
95,0,[0.00197991 0.0127022  0.00287385 0.00211807],[1.06 1.07 1.07 1.06 1.06 1.07],[1.11 1.11 1.12 1.09 1.11 1.12]
95,1,[6.03881727e-05 1.36103994e-04 1.87195085e-03 1.10711121e-06],[1.19 1.14 1.2  1.14 1.19 1.14],[1.29 1.25 1.42 1.23 1.41 1.39]
95,2,[2.71459494e-03 6.16621668e-05 2.43633335e-05 7.35001233e-05],[1.12 1.12 1.12 1.2  1.2  1.2 ],[1.23 1.28 1.23 1.33 1.3  1.36]
95,3,[9.77452757e-06 1.70212385e-02 9.77626499e-05 2.80156662e-04],[1.05 1.18 1.17 1.05 1.05 1.17],[1.28 1.34 1.29 1.21 1.17 1.27]
95,4,[2.94107386e-04 1.02034302e-03 3.90518162e-08 7.08192818e-08],[1.16 1.17 1.17 1.16 1.16 1.4 ],[1.21 1.46 1.45 1.46 1.43 1.76]
95,5,[3.52135098e-03 1.43610510e-06 2.82976813e-05 5.52695923e-06],[1.11 1.11 1.11 1.24 1.27 1.24],[1.34 1.26 1.3  1.4  1.43 1.42]
95,6,[2.75683266e-05 1.19487739e-02 7.47195263e-05 2.37648061e-04],[1.07 1.19 1.18 1.07 1.07 1.18],[1.25 1.31 1.27 1.21 1.18 1.31]
95,7,[7.91593491e-06 1.89070723e-03 6.08114213e-03 7.47159712e-04],[1.1  1.09 1.12 1.09 1.1  1.09],[1.28 1.28 1.28 1.11 1.16 1.16]
95,8,[7.78805619e-04 4.96023036e-07 1.76961567e-04 2.55819482e-03],[1.13 1.13 1.13 1.16 1.13 1.13],[1.38 1.24 1.16 1.39 1.38 1.24]
95,9,[7.91903904e-04 2.39620891e-05 3.86104608e-04 9.29071425e-06],[1.17 1.17 1.17 1.17 1.23 1.17],[1.29 1.22 1.3  1.32 1.36 1.37]
98,0,[1.34574057e-02 7.50179619e-05 1.97265985e-04 2.00887598e-03],[1.06 1.06 1.06 1.16 1.1  1.1 ],[1.21 1.18 1.1  1.26 1.21 1.2 ]
98,1,[2.03533789e-07 5.94253611e-06 6.60365741e-05 4.46355658e-05],[1.27 1.25 1.25 1.25 1.25 1.25],[1.52 1.46 1.48 1.36 1.39 1.39]
98,2,[6.37612203e-07 6.24954045e-04 1.38042638e-05 6.35837105e-03],[1.14 1.24 1.09 1.14 1.09 1.09],[1.36 1.43 1.36 1.3  1.15 1.28]
98,3,[1.63389012e-04 6.30995717e-06 4.00913365e-05 3.33175090e-05],[1.22 1.22 1.22 1.22 1.22 1.22],[1.36 1.3  1.34 1.4  1.39 1.43]
98,4,[2.68571406e-06 7.32227624e-04 7.79509587e-06 1.14680636e-08],[1.17 1.28 1.29 1.17 1.17 1.28],[1.35 1.43 1.59 1.33 1.5  1.68]
98,5,[4.73782822e-07 2.66973936e-03 1.36270852e-02 1.67714516e-03],[1.09 1.06 1.09 1.06 1.09 1.06],[1.35 1.35 1.35 1.09 1.12 1.12]
98,6,[1.24934793e-03 1.71638964e-06 4.55502184e-06 1.38724753e-04],[1.15 1.15 1.15 1.28 1.19 1.19],[1.35 1.33 1.23 1.45 1.38 1.43]
98,7,[8.33935354e-04 1.21696489e-05 3.34798991e-03 5.20399585e-03],[1.11 1.1  1.1  1.1  1.1  1.1 ],[1.26 1.15 1.15 1.26 1.26 1.12]
98,8,[1.32614246e-04 4.42350663e-08 2.36161544e-05 7.75500565e-05],[1.23 1.23 1.23 1.23 1.23 1.23],[1.49 1.34 1.3  1.51 1.52 1.37]
98,9,[1.03499600e-02 1.47785285e-02 2.37368714e-04 5.93427706e-06],[1.05 1.05 1.05 1.05 1.05 1.15],[1.05 1.16 1.27 1.16 1.27 1.34]
89,0,[1.37817341e-02 1.94968695e-05 2.54292027e-06 4.87471135e-04],[1.06 1.06 1.06 1.23 1.15 1.15],[1.25 1.31 1.15 1.38 1.27 1.37]
89,1,[1.60134173e-03 2.80838386e-05 9.52046488e-08 3.84357846e-02],[1.11 1.11 1.02 1.22 1.02 1.02],[1.25 1.42 1.11 1.44 1.24 1.42]
89,2,[4.06164219e-04 2.96738812e-03 1.13742029e-04 1.59576447e-06],[1.12 1.16 1.16 1.12 1.12 1.18],[1.18 1.25 1.35 1.22 1.34 1.43]
89,3,[3.15124674e-04 1.02925517e-08 3.01357250e-04 1.42200798e-03],[1.15 1.15 1.15 1.15 1.15 1.15],[1.48 1.24 1.2  1.52 1.48 1.23]
89,4,[1.02514178e-02 2.22434260e-02 6.09519644e-08 2.83543917e-05],[1.04 1.04 1.04 1.04 1.04 1.22],[1.04 1.4  1.22 1.4  1.22 1.56]
89,5,[2.03365810e-05 3.41081996e-04 1.79899760e-02 6.16344691e-03],[1.14 1.05 1.06 1.05 1.06 1.05],[1.26 1.24 1.24 1.15 1.15 1.07]
89,6,[5.54745684e-04 4.23288754e-05 5.99489131e-06 3.57967700e-05],[1.18 1.18 1.18 1.21 1.21 1.21],[1.28 1.34 1.29 1.39 1.33 1.47]
89,7,[7.05079670e-04 3.88633809e-06 3.55953596e-05 8.48848592e-04],[1.17 1.17 1.17 1.21 1.17 1.17],[1.33 1.28 1.19 1.42 1.33 1.31]
89,8,[0.00106635 0.00034697 0.00070361 0.04049962],[1.12 1.12 1.01 1.12 1.01 1.01],[1.18 1.16 1.12 1.19 1.16 1.14]
89,9,[2.52464716e-13 1.83156277e-03 2.46434938e-04 1.69136531e-04],[1.14 1.16 1.16 1.14 1.14 1.16],[1.79 1.81 1.79 1.21 1.21 1.29]
83,0,[5.90389465e-05 3.97963284e-03 1.49492726e-04 9.16538823e-03],[1.08 1.17 1.08 1.08 1.08 1.08],[1.21 1.26 1.21 1.19 1.09 1.19]
83,1,[9.87490309e-03 1.08351095e-04 7.00576201e-06 4.35628331e-08],[1.07 1.07 1.07 1.2  1.2  1.26],[1.2  1.29 1.43 1.33 1.44 1.6 ]
83,2,[2.18536752e-05 4.80317238e-07 2.03069356e-05 1.07624747e-06],[1.29 1.29 1.29 1.29 1.32 1.29],[1.46 1.38 1.47 1.47 1.54 1.52]
83,3,[1.31490453e-04 1.88658619e-07 2.60627337e-07 4.10021800e-03],[1.19 1.19 1.11 1.35 1.11 1.11],[1.43 1.45 1.21 1.59 1.4  1.44]
83,4,[1.73046127e-02 2.26819677e-05 1.00170629e-03 1.16339831e-03],[1.05 1.05 1.05 1.11 1.11 1.11],[1.25 1.13 1.12 1.25 1.25 1.17]
83,5,[4.32164131e-07 1.42770015e-02 1.41211640e-02 4.65268809e-07],[1.04 1.04 1.33 1.04 1.04 1.04],[1.35 1.35 1.48 1.04 1.36 1.36]
83,6,[1.76021881e-05 3.27572703e-04 1.03868765e-01 3.00267635e-06],[1.16 1.   1.23 1.   1.16 1.  ],[1.28 1.25 1.38 1.16 1.34 1.31]
83,7,[1.08759674e-02 7.44953876e-09 2.38725509e-04 4.73928575e-06],[1.07 1.07 1.07 1.17 1.28 1.17],[1.49 1.17 1.31 1.5  1.57 1.38]
83,8,[8.65140057e-04 3.14676510e-03 4.51049676e-05 1.63286447e-03],[1.12 1.12 1.12 1.12 1.12 1.12],[1.16 1.26 1.16 1.25 1.14 1.26]
83,9,[2.71491135e-03 8.33591159e-04 9.85617610e-09 2.92299106e-04],[1.12 1.12 1.12 1.13 1.13 1.15],[1.16 1.48 1.2  1.48 1.21 1.53]
23,0,[5.77183858e-06 4.92083155e-07 1.40716145e-04 3.78296975e-04],[1.27 1.19 1.19 1.19 1.19 1.19],[1.5  1.35 1.34 1.43 1.43 1.29]
23,1,[5.40497480e-05 7.06746830e-04 9.01409583e-04 2.17905278e-05],[1.16 1.16 1.2  1.16 1.16 1.16],[1.26 1.27 1.34 1.2  1.28 1.31]
23,2,[3.23485273e-04 3.44350709e-07 3.80951463e-04 1.43830964e-04],[1.19 1.19 1.19 1.19 1.19 1.19],[1.42 1.23 1.26 1.42 1.44 1.31]
23,3,[1.70806118e-05 1.51730253e-04 2.46224685e-03 7.40450290e-05],[1.19 1.13 1.19 1.13 1.19 1.13],[1.32 1.28 1.35 1.21 1.3  1.27]
23,4,[1.60099027e-03 1.73407372e-04 1.74679616e-03 2.33701143e-06],[1.14 1.14 1.14 1.14 1.16 1.14],[1.2  1.15 1.34 1.2  1.37 1.36]
23,5,[3.67658935e-06 1.05487623e-04 6.14990228e-03 4.08704582e-05],[1.2  1.09 1.21 1.09 1.2  1.09],[1.36 1.31 1.38 1.21 1.29 1.25]
23,6,[4.86107846e-06 3.55801291e-08 2.84407760e-05 2.18528336e-03],[1.27 1.24 1.13 1.24 1.13 1.13],[1.54 1.39 1.31 1.53 1.46 1.31]
23,7,[2.05493457e-03 4.47556816e-06 4.68718694e-03 3.13401415e-03],[1.1 1.1 1.1 1.1 1.1 1.1],[1.28 1.12 1.13 1.28 1.28 1.13]
23,8,[3.64223799e-04 3.05765601e-04 1.34857344e-05 1.33348199e-03],[1.15 1.15 1.15 1.15 1.15 1.15],[1.23 1.33 1.2  1.34 1.2  1.33]
23,9,[9.02657811e-04 1.77687547e-02 9.48640904e-07 2.31158145e-06],[1.05 1.13 1.13 1.05 1.05 1.3 ],[1.13 1.34 1.32 1.34 1.32 1.57]
60,0,[2.92323672e-04 1.49423883e-05 7.98032331e-07 2.62863445e-04],[1.2  1.2  1.2  1.24 1.2  1.2 ],[1.31 1.39 1.25 1.43 1.33 1.44]
60,1,[1.06238141e-06 6.17970561e-06 9.05112229e-07 6.16520881e-07],[1.33 1.33 1.33 1.33 1.33 1.33],[1.46 1.53 1.54 1.47 1.49 1.65]
60,2,[3.17431220e-04 3.51868557e-09 3.26450168e-04 2.57242514e-03],[1.15 1.15 1.13 1.15 1.13 1.13],[1.53 1.25 1.2  1.52 1.52 1.22]
60,3,[9.48494166e-04 1.21395385e-02 6.60352232e-05 2.56242555e-03],[1.07 1.11 1.09 1.07 1.07 1.09],[1.13 1.22 1.14 1.22 1.1  1.23]
60,4,[0.00019514 0.00010235 0.00014601 0.00035207],[1.2 1.2 1.2 1.2 1.2 1.2],[1.29 1.28 1.26 1.28 1.27 1.3 ]
60,5,[6.73952926e-06 1.03255442e-05 1.10518777e-04 3.79931031e-03],[1.25 1.2  1.11 1.2  1.11 1.11],[1.41 1.37 1.3  1.34 1.28 1.25]
60,6,[5.39530544e-05 2.00920434e-04 2.68692374e-04 2.92965455e-02],[1.16 1.16 1.03 1.16 1.03 1.03],[1.27 1.26 1.22 1.23 1.18 1.17]
60,7,[1.19151433e-02 1.27259006e-04 3.70582961e-04 3.08300963e-09],[1.07 1.07 1.07 1.16 1.17 1.16],[1.2  1.16 1.52 1.23 1.53 1.62]
60,8,[2.88832199e-03 3.14736528e-04 2.61262284e-07 2.90926543e-05],[1.12 1.12 1.12 1.16 1.16 1.22],[1.2  1.39 1.25 1.41 1.28 1.52]
60,9,[2.60621730e-06 8.86967142e-07 4.14292620e-02 7.15873414e-02],[1.29 1.   1.   1.   1.   1.  ],[1.45 1.29 1.29 1.32 1.32 1.  ]
24,0,[7.43870291e-07 1.89573036e-01 4.33648386e-03 4.02489802e-05],[1.   1.07 1.21 1.   1.   1.07],[1.33 1.33 1.38 1.07 1.23 1.24]
24,1,[7.57849830e-04 3.79895236e-04 8.06331007e-06 1.51408729e-04],[1.17 1.17 1.17 1.17 1.17 1.17],[1.21 1.32 1.24 1.34 1.25 1.39]
24,2,[4.28546128e-05 7.51089834e-07 1.60599062e-04 1.12535890e-04],[1.22 1.22 1.22 1.22 1.22 1.22],[1.42 1.3  1.34 1.4  1.42 1.33]
24,3,[1.72544158e-07 9.59142006e-04 9.54256005e-08 4.85151296e-04],[1.16 1.37 1.16 1.16 1.16 1.16],[1.42 1.54 1.42 1.42 1.2  1.47]
24,4,[1.47796375e-03 4.17663765e-03 9.57567880e-07 6.57341839e-05],[1.11 1.11 1.11 1.11 1.11 1.2 ],[1.14 1.33 1.23 1.33 1.23 1.4 ]
24,5,[2.52790478e-06 4.33639798e-06 1.96848337e-04 5.45647179e-04],[1.28 1.18 1.18 1.18 1.18 1.18],[1.46 1.38 1.36 1.36 1.34 1.29]
24,6,[3.54875205e-05 1.99214324e-04 4.76370611e-06 1.68161334e-03],[1.18 1.22 1.14 1.18 1.14 1.14],[1.3  1.38 1.26 1.36 1.21 1.36]
24,7,[3.22585201e-03 5.29773045e-06 4.73820505e-03 1.49273421e-03],[1.1 1.1 1.1 1.1 1.1 1.1],[1.29 1.11 1.14 1.29 1.29 1.14]
24,8,[3.97256138e-05 8.40392754e-06 1.95800782e-02 8.77745839e-07],[1.23 1.05 1.23 1.05 1.26 1.05],[1.35 1.23 1.42 1.28 1.45 1.37]
24,9,[3.65490296e-05 1.81939987e-07 3.95177193e-04 5.87019777e-05],[1.21 1.19 1.21 1.19 1.21 1.19],[1.46 1.3  1.34 1.43 1.48 1.35]
73,0,[4.93611110e-04 1.75185936e-07 5.16182010e-04 1.27959616e-05],[1.18 1.18 1.18 1.18 1.25 1.18],[1.4  1.22 1.32 1.4  1.49 1.37]
73,1,[1.13914566e-05 4.14625956e-09 8.20822655e-06 4.41335208e-04],[1.26 1.26 1.19 1.26 1.19 1.19],[1.56 1.41 1.31 1.63 1.53 1.4 ]
73,2,[0.0009848  0.00037075 0.00014348 0.01193883],[1.13 1.13 1.07 1.14 1.07 1.07],[1.18 1.21 1.13 1.24 1.16 1.21]
73,3,[1.32323884e-03 4.10963894e-04 3.75256724e-05 3.94471754e-04],[1.15 1.15 1.15 1.15 1.15 1.15],[1.2  1.27 1.2  1.29 1.23 1.33]
73,4,[4.75508039e-04 4.84833499e-05 4.67209327e-07 2.11329705e-01],[1.15 1.15 1.   1.21 1.   1.  ],[1.25 1.37 1.15 1.41 1.23 1.36]
73,5,[2.05960974e-01 7.96693590e-07 2.13760960e-05 1.45838109e-04],[1.   1.   1.   1.23 1.19 1.19],[1.35 1.25 1.19 1.41 1.38 1.32]
73,6,[8.65662050e-06 2.36256363e-04 7.89342421e-06 2.35214496e-03],[1.17 1.25 1.13 1.17 1.13 1.13],[1.33 1.4  1.31 1.33 1.19 1.33]
73,7,[3.61819679e-06 2.88350373e-04 7.64767483e-06 7.87909404e-03],[1.17 1.26 1.08 1.17 1.08 1.08],[1.34 1.41 1.31 1.32 1.17 1.31]
73,8,[8.83153483e-07 3.10763707e-02 2.82534026e-04 4.78597308e-03],[1.03 1.15 1.07 1.03 1.03 1.07],[1.33 1.34 1.33 1.17 1.07 1.17]
73,9,[9.25791696e-06 1.07609712e-04 7.23974154e-05 2.27205779e-04],[1.21 1.21 1.21 1.21 1.21 1.21],[1.35 1.35 1.34 1.31 1.29 1.31]
72,0,[3.16966487e-05 1.93376887e-04 2.43879204e-05 3.24770484e-02],[1.18 1.21 1.02 1.18 1.02 1.02],[1.27 1.32 1.24 1.29 1.18 1.25]
72,1,[3.89716079e-03 1.46832993e-06 3.07286022e-04 4.05599674e-04],[1.11 1.11 1.11 1.15 1.15 1.15],[1.35 1.18 1.17 1.35 1.36 1.24]
72,2,[8.48431377e-06 4.59938025e-03 8.35301485e-03 7.31448258e-05],[1.08 1.08 1.19 1.08 1.08 1.08],[1.26 1.26 1.34 1.08 1.21 1.21]
72,3,[3.20806668e-07 3.04310856e-04 5.33019567e-03 1.69406276e-08],[1.17 1.1  1.35 1.1  1.17 1.1 ],[1.4  1.39 1.63 1.18 1.48 1.48]
72,4,[4.08268627e-05 5.16206213e-03 3.77564124e-08 3.88320945e-03],[1.1  1.21 1.1  1.1  1.1  1.1 ],[1.22 1.49 1.22 1.45 1.1  1.46]
72,5,[7.75913992e-04 5.18492857e-04 4.23831176e-03 6.08683270e-07],[1.13 1.11 1.13 1.11 1.13 1.11],[1.18 1.16 1.39 1.17 1.4  1.39]
72,6,[7.35821830e-03 1.05281256e-06 2.44827060e-04 2.37830541e-06],[1.09 1.09 1.09 1.17 1.29 1.17],[1.35 1.18 1.32 1.36 1.49 1.39]
72,7,[1.99745546e-05 1.18726829e-05 1.09064525e-04 1.10680186e-01],[1.23 1.2  1.   1.2  1.   1.  ],[1.35 1.3  1.25 1.3  1.27 1.2 ]
72,8,[2.49590941e-05 1.92708002e-06 2.74221311e-04 1.94470680e-03],[1.22 1.17 1.14 1.17 1.14 1.14],[1.4  1.32 1.27 1.38 1.35 1.24]
72,9,[2.59130237e-02 4.10129906e-07 2.09484301e-05 3.90355861e-07],[1.03 1.03 1.03 1.25 1.33 1.25],[1.37 1.25 1.37 1.42 1.52 1.49]
58,0,[2.65174874e-04 4.98353152e-04 4.72272026e-06 1.10860096e-04],[1.18 1.18 1.18 1.18 1.18 1.18],[1.24 1.35 1.27 1.35 1.26 1.42]
58,1,[3.09904135e-04 4.81532674e-08 1.84192455e-08 2.20647603e-04],[1.2  1.2  1.2  1.41 1.2  1.2 ],[1.48 1.49 1.26 1.64 1.48 1.55]
58,2,[6.73397678e-04 3.52021542e-06 1.53199102e-03 2.23126216e-06],[1.15 1.15 1.15 1.15 1.28 1.15],[1.32 1.17 1.37 1.32 1.45 1.39]
58,3,[2.58465297e-05 4.44514587e-06 6.22659945e-04 2.19678557e-05],[1.23 1.18 1.23 1.18 1.23 1.18],[1.38 1.29 1.38 1.33 1.41 1.32]
58,4,[1.50045733e-05 2.70605836e-03 7.06142091e-02 2.59984541e-07],[1.09 1.   1.24 1.   1.09 1.  ],[1.25 1.25 1.44 1.09 1.37 1.37]
58,5,[7.74403574e-03 1.29171715e-05 5.26460021e-04 1.96812591e-04],[1.08 1.08 1.08 1.15 1.16 1.15],[1.28 1.16 1.19 1.28 1.3  1.24]
58,6,[2.49076774e-04 6.60379776e-03 9.60301664e-06 9.01564687e-08],[1.09 1.17 1.17 1.09 1.09 1.25],[1.18 1.33 1.44 1.28 1.42 1.57]
58,7,[4.66222701e-06 2.27364002e-05 1.24129228e-04 4.12269913e-06],[1.25 1.23 1.26 1.23 1.25 1.23],[1.41 1.38 1.44 1.33 1.41 1.47]
58,8,[1.72123720e-04 1.61539306e-03 4.48570513e-05 1.25561410e-05],[1.14 1.18 1.18 1.14 1.14 1.21],[1.21 1.28 1.31 1.25 1.3  1.39]
58,9,[0.00040109 0.00127221 0.00139378 0.00016294],[1.15 1.15 1.15 1.15 1.15 1.15],[1.2  1.2  1.25 1.18 1.23 1.26]
25,0,[1.72531256e-09 1.31761289e-08 9.21941312e-08 2.22887421e-02],[1.45 1.42 1.04 1.42 1.04 1.04],[1.75 1.69 1.52 1.61 1.47 1.42]
25,1,[1.46585244e-03 1.86678645e-05 1.30748729e-03 5.45917930e-04],[1.15 1.15 1.15 1.15 1.15 1.15],[1.28 1.16 1.19 1.28 1.3  1.21]
25,2,[1.59093999e-03 1.47938052e-05 1.58579592e-03 3.82785832e-04],[1.14 1.14 1.14 1.14 1.14 1.14],[1.28 1.15 1.19 1.28 1.3  1.23]
25,3,[5.53529414e-03 8.73317795e-05 3.25282812e-04 1.10817848e-05],[1.1  1.1  1.1  1.16 1.19 1.16],[1.21 1.18 1.27 1.25 1.32 1.36]
25,4,[9.56882573e-05 1.41326547e-05 2.00935202e-03 4.13465202e-05],[1.2  1.13 1.2  1.13 1.21 1.13],[1.32 1.23 1.3  1.29 1.37 1.31]
25,5,[1.62274592e-04 4.95211910e-06 7.82891716e-03 4.78880792e-05],[1.19 1.08 1.19 1.08 1.2  1.08],[1.35 1.19 1.29 1.3  1.36 1.26]
25,6,[4.15260637e-03 6.30509234e-05 6.99435261e-05 1.60312098e-03],[1.11 1.11 1.11 1.18 1.11 1.11],[1.23 1.23 1.13 1.28 1.23 1.27]
25,7,[5.71252554e-06 8.31201936e-03 5.57976928e-03 2.11438576e-04],[1.08 1.08 1.16 1.08 1.08 1.08],[1.27 1.27 1.31 1.08 1.18 1.18]
25,8,[3.60090800e-05 3.06078139e-05 1.37115563e-05 1.41390814e-04],[1.23 1.23 1.23 1.23 1.23 1.23],[1.35 1.37 1.34 1.39 1.32 1.37]
25,9,[2.96595053e-05 1.16106603e-06 6.58524092e-07 6.25554412e-04],[1.24 1.24 1.18 1.31 1.18 1.18],[1.43 1.45 1.28 1.51 1.38 1.46]
78,0,[1.05506243e-03 5.88664606e-05 7.46235361e-04 1.06182780e-03],[1.16 1.16 1.16 1.16 1.16 1.16],[1.26 1.19 1.18 1.26 1.26 1.21]
78,1,[6.33092904e-05 5.12521120e-04 5.26373235e-03 5.89760485e-05],[1.15 1.1  1.19 1.1  1.15 1.1 ],[1.24 1.23 1.29 1.16 1.25 1.25]
78,2,[4.17993509e-04 4.88821740e-07 1.43695882e-06 2.12482631e-03],[1.15 1.15 1.13 1.31 1.13 1.13],[1.41 1.39 1.19 1.51 1.38 1.39]
78,3,[5.27399211e-03 3.46126163e-07 1.22384886e-02 2.31527534e-06],[1.07 1.07 1.07 1.07 1.29 1.07],[1.35 1.07 1.31 1.35 1.5  1.31]
78,4,[2.95941855e-06 7.00922251e-08 1.61696497e-04 1.81505756e-05],[1.29 1.23 1.25 1.23 1.25 1.23],[1.54 1.38 1.41 1.5  1.49 1.38]
78,5,[0.00107739 0.07125786 0.01377671 0.00389036],[1.   1.03 1.06 1.   1.   1.03],[1.1  1.1  1.11 1.03 1.06 1.06]
78,6,[2.23887472e-03 9.62457090e-05 2.25695630e-03 1.76411881e-03],[1.13 1.13 1.13 1.13 1.13 1.13],[1.22 1.13 1.15 1.22 1.22 1.15]
78,7,[2.87122081e-03 4.39803022e-05 5.89559204e-05 8.19509541e-05],[1.12 1.12 1.12 1.19 1.19 1.19],[1.25 1.24 1.23 1.31 1.3  1.35]
78,8,[2.27281765e-06 4.11270709e-03 2.62418282e-05 1.89903150e-03],[1.11 1.22 1.11 1.11 1.11 1.11],[1.31 1.4  1.31 1.26 1.13 1.28]
78,9,[3.92364128e-08 3.99749734e-06 1.40476662e-02 8.97553429e-07],[1.3  1.06 1.32 1.06 1.3  1.06],[1.53 1.45 1.56 1.31 1.45 1.36]
92,0,[9.70582787e-04 8.32180080e-05 4.01711665e-04 2.77569904e-03],[1.13 1.13 1.12 1.14 1.12 1.12],[1.23 1.22 1.16 1.27 1.22 1.21]
92,1,[1.10727892e-04 1.20964219e-08 7.60262264e-07 2.93733429e-03],[1.2  1.2  1.12 1.33 1.12 1.12],[1.49 1.42 1.22 1.62 1.48 1.39]
92,2,[1.42474790e-06 8.90064489e-04 2.79720205e-08 8.57441285e-07],[1.16 1.33 1.33 1.16 1.16 1.33],[1.37 1.57 1.49 1.49 1.37 1.69]
92,3,[9.10865007e-06 5.02042250e-05 1.26771179e-04 2.82298360e-06],[1.23 1.23 1.25 1.23 1.23 1.23],[1.38 1.38 1.45 1.3  1.42 1.45]
92,4,[0.00121546 0.0003024  0.00020671 0.00645586],[1.12 1.12 1.09 1.15 1.09 1.09],[1.19 1.21 1.13 1.24 1.17 1.21]
92,5,[4.60758901e-04 6.12367633e-04 9.33839810e-05 1.15480586e-07],[1.18 1.18 1.18 1.18 1.18 1.18],[1.21 1.27 1.45 1.26 1.45 1.51]
92,6,[1.08981409e-04 1.77099520e-07 1.06000612e-06 1.17878806e-01],[1.2  1.2  1.   1.32 1.   1.  ],[1.42 1.39 1.2  1.53 1.4  1.34]
92,7,[1.50885209e-02 5.82571401e-04 1.70958497e-05 2.83881585e-05],[1.06 1.06 1.06 1.14 1.14 1.22],[1.15 1.26 1.24 1.28 1.26 1.39]
92,8,[5.77133819e-03 1.58378211e-08 1.85151377e-02 1.50614509e-04],[1.06 1.05 1.06 1.05 1.17 1.05],[1.44 1.06 1.18 1.44 1.45 1.18]
92,9,[9.85489604e-07 4.07322115e-05 3.86008912e-02 2.97617990e-05],[1.22 1.02 1.22 1.02 1.22 1.02],[1.4  1.34 1.42 1.23 1.32 1.25]
87,0,[1.50151627e-04 4.32173670e-03 4.74663345e-06 1.10715686e-05],[1.11 1.19 1.19 1.11 1.11 1.25],[1.21 1.33 1.33 1.3  1.29 1.45]
87,1,[6.22772594e-06 5.66484983e-03 9.29253629e-06 6.48697640e-02],[1.06 1.25 1.   1.06 1.   1.  ],[1.27 1.37 1.27 1.26 1.06 1.26]
87,2,[4.64904782e-06 1.22455045e-07 1.20074568e-02 1.00115541e-05],[1.28 1.07 1.27 1.07 1.27 1.07],[1.52 1.3  1.4  1.41 1.49 1.3 ]
87,3,[1.87070317e-05 7.49359874e-03 3.80491265e-05 2.97160136e-08],[1.08 1.23 1.23 1.08 1.08 1.23],[1.27 1.32 1.5  1.23 1.45 1.57]
87,4,[9.27764274e-03 1.71622008e-05 1.33985431e-05 1.15823556e-06],[1.08 1.08 1.08 1.24 1.24 1.24],[1.26 1.27 1.34 1.38 1.39 1.47]
87,5,[5.45932644e-04 2.40838913e-05 8.83307136e-08 1.56070003e-03],[1.15 1.15 1.14 1.23 1.14 1.14],[1.29 1.45 1.2  1.52 1.28 1.5 ]
87,6,[1.20390796e-04 1.85241749e-03 1.43268811e-05 8.72709545e-05],[1.14 1.19 1.19 1.14 1.14 1.19],[1.23 1.31 1.27 1.29 1.23 1.39]
87,7,[6.48283982e-04 3.30796064e-04 1.93623650e-05 8.36657215e-05],[1.18 1.18 1.18 1.18 1.18 1.19],[1.21 1.29 1.26 1.31 1.26 1.37]
87,8,[0.00147819 0.00269552 0.03173812 0.00278865],[1.07 1.03 1.07 1.03 1.07 1.03],[1.12 1.11 1.12 1.09 1.1  1.09]
87,9,[4.68243796e-05 2.11697127e-03 1.32546779e-02 2.20337825e-05],[1.1  1.06 1.21 1.06 1.1  1.06],[1.23 1.23 1.33 1.1  1.25 1.25]
34,0,[5.27735029e-05 2.73366872e-05 2.48276266e-04 4.27233479e-06],[1.22 1.21 1.22 1.21 1.23 1.21],[1.33 1.29 1.4  1.32 1.43 1.39]
34,1,[5.02515965e-03 9.73383481e-05 3.20009714e-06 4.09627747e-08],[1.1  1.1  1.1  1.2  1.2  1.29],[1.21 1.31 1.45 1.37 1.47 1.66]
34,2,[7.40332116e-02 7.35688627e-03 4.56955816e-06 2.25491783e-03],[1.   1.   1.   1.05 1.05 1.08],[1.05 1.28 1.09 1.28 1.09 1.29]
34,3,[4.04415389e-03 2.78782878e-03 6.42915081e-07 3.24340094e-05],[1.11 1.11 1.11 1.11 1.11 1.22],[1.12 1.35 1.24 1.35 1.24 1.45]
34,4,[3.52358993e-06 9.01909689e-04 3.96858455e-08 5.52065428e-06],[1.16 1.29 1.29 1.16 1.16 1.29],[1.34 1.55 1.43 1.46 1.34 1.63]
34,5,[1.97247754e-04 3.27453161e-07 1.17916667e-07 7.43617769e-05],[1.22 1.22 1.22 1.36 1.22 1.22],[1.45 1.46 1.28 1.58 1.47 1.53]
34,6,[2.00490699e-04 4.29697681e-04 5.93091894e-06 1.12758275e-03],[1.16 1.16 1.16 1.16 1.16 1.16],[1.24 1.36 1.21 1.36 1.2  1.38]
34,7,[3.05121450e-07 9.82262804e-09 1.84782779e-05 1.08111763e-03],[1.35 1.25 1.16 1.25 1.16 1.16],[1.65 1.48 1.4  1.56 1.49 1.34]
34,8,[1.42280527e-06 4.28586435e-06 3.55280252e-05 1.54235666e-08],[1.3  1.28 1.31 1.28 1.3  1.28],[1.49 1.44 1.62 1.4  1.59 1.62]
34,9,[1.06828933e-04 4.77760805e-06 1.42032682e-02 3.29470525e-07],[1.2  1.06 1.2  1.06 1.27 1.06],[1.33 1.2  1.41 1.3  1.48 1.38]
82,0,[2.42903791e-06 5.48580457e-06 3.85202581e-09 1.06795927e-02],[1.29 1.29 1.07 1.29 1.07 1.07],[1.43 1.6  1.31 1.57 1.29 1.53]
82,1,[8.37180906e-04 1.01604335e-04 3.22978150e-06 9.04322259e-03],[1.13 1.13 1.08 1.18 1.08 1.08],[1.22 1.33 1.14 1.36 1.21 1.33]
82,2,[4.86661879e-03 2.80813046e-03 1.21581496e-03 1.23414156e-06],[1.1 1.1 1.1 1.1 1.1 1.1],[1.12 1.14 1.32 1.14 1.32 1.35]
82,3,[8.34250291e-04 1.60334965e-05 3.66976297e-04 8.52168423e-05],[1.17 1.17 1.17 1.17 1.19 1.17],[1.3  1.21 1.26 1.32 1.34 1.31]
82,4,[3.91965633e-06 8.71386217e-02 4.29457541e-07 5.84690136e-05],[1.   1.28 1.22 1.   1.   1.22],[1.31 1.47 1.36 1.37 1.22 1.47]
82,5,[1.11680933e-04 4.66584427e-05 1.12356145e-02 1.41172314e-03],[1.18 1.07 1.11 1.07 1.11 1.07],[1.26 1.2  1.22 1.22 1.22 1.13]
82,6,[4.06776153e-04 1.40993411e-03 2.93158371e-03 1.71343729e-07],[1.12 1.12 1.14 1.12 1.12 1.12],[1.18 1.18 1.42 1.14 1.42 1.42]
82,7,[5.76867057e-05 3.93378529e-07 4.39620225e-05 3.30516933e-04],[1.21 1.21 1.2  1.21 1.2  1.2 ],[1.44 1.34 1.28 1.45 1.43 1.31]
82,8,[2.47727227e-05 9.49171198e-05 8.75809003e-09 2.09950167e-04],[1.21 1.23 1.21 1.21 1.21 1.21],[1.34 1.57 1.31 1.52 1.28 1.59]
82,9,[6.39578894e-03 4.76467237e-04 2.08698272e-04 1.28821029e-05],[1.09 1.09 1.09 1.15 1.15 1.16],[1.16 1.19 1.27 1.22 1.29 1.36]
27,0,[1.19663439e-08 3.32563956e-06 1.30979277e-03 5.00737843e-06],[1.29 1.15 1.29 1.15 1.29 1.15],[1.56 1.49 1.59 1.33 1.44 1.36]
27,1,[5.13905161e-03 6.54766431e-04 5.86318679e-05 9.28589750e-04],[1.1  1.1  1.1  1.12 1.12 1.12],[1.16 1.23 1.15 1.25 1.18 1.26]
27,2,[5.31166432e-05 1.21555367e-06 1.01033985e-05 1.66039967e-05],[1.26 1.26 1.26 1.26 1.26 1.26],[1.42 1.35 1.36 1.44 1.45 1.5 ]
27,3,[1.43210642e-05 5.71144164e-07 3.07619671e-04 5.18950476e-04],[1.24 1.18 1.18 1.18 1.18 1.18],[1.45 1.33 1.31 1.4  1.4  1.27]
27,4,[1.26711336e-03 4.56139608e-07 1.38118037e-03 1.10710739e-06],[1.15 1.15 1.15 1.15 1.32 1.15],[1.39 1.16 1.37 1.39 1.54 1.39]
27,5,[7.18190609e-02 4.58911159e-05 2.75101132e-04 9.74141973e-05],[1.   1.   1.   1.17 1.18 1.17],[1.23 1.17 1.2  1.27 1.3  1.28]
27,6,[2.80080757e-06 3.19041627e-06 2.90114308e-03 2.20678460e-04],[1.27 1.12 1.18 1.12 1.18 1.12],[1.43 1.32 1.34 1.32 1.36 1.23]
27,7,[1.38496173e-03 1.46458235e-06 4.14791836e-06 7.50014052e-07],[1.15 1.15 1.15 1.3  1.32 1.3 ],[1.36 1.32 1.38 1.47 1.5  1.54]
27,8,[7.36543596e-03 3.91840150e-06 4.03652497e-05 5.23332842e-03],[1.08 1.08 1.08 1.21 1.08 1.08],[1.29 1.24 1.08 1.36 1.29 1.24]
27,9,[7.37987449e-12 9.51058028e-07 2.47795686e-02 8.22569067e-05],[1.32 1.04 1.21 1.04 1.21 1.04],[1.77 1.69 1.72 1.34 1.38 1.22]
46,0,[7.63303454e-06 1.63461716e-06 4.66834989e-07 7.47939076e-06],[1.32 1.32 1.32 1.32 1.32 1.32],[1.45 1.47 1.44 1.54 1.49 1.59]
46,1,[3.11127373e-07 2.16513063e-04 1.26468240e-04 2.79469946e-06],[1.21 1.21 1.29 1.21 1.21 1.21],[1.44 1.44 1.5  1.26 1.37 1.45]
46,2,[3.40155085e-05 4.87672456e-04 7.99337585e-04 1.64243942e-05],[1.17 1.17 1.21 1.17 1.17 1.17],[1.29 1.27 1.36 1.2  1.31 1.32]
46,3,[1.02492144e-08 5.76906670e-06 2.72698208e-03 5.79517885e-04],[1.27 1.12 1.14 1.12 1.14 1.12],[1.58 1.5  1.51 1.31 1.33 1.2 ]
46,4,[7.55855196e-05 1.76044296e-07 2.25859534e-04 1.89023306e-04],[1.21 1.21 1.21 1.21 1.21 1.21],[1.46 1.27 1.31 1.47 1.42 1.31]
46,5,[5.84580091e-04 3.77475963e-03 4.62286931e-06 9.67886541e-04],[1.11 1.13 1.13 1.11 1.11 1.13],[1.17 1.3  1.18 1.3  1.15 1.34]
46,6,[1.14903607e-06 6.66447663e-05 2.86416043e-05 4.52457375e-01],[1.22 1.22 1.   1.22 1.   1.  ],[1.41 1.41 1.34 1.31 1.22 1.24]
46,7,[1.86380482e-03 1.03515141e-05 1.17382473e-04 2.94847354e-06],[1.14 1.14 1.14 1.2  1.25 1.2 ],[1.29 1.23 1.33 1.33 1.43 1.44]
46,8,[4.03793695e-03 2.06166830e-05 2.84820300e-07 1.73090862e-02],[1.08 1.08 1.05 1.23 1.05 1.05],[1.24 1.37 1.08 1.42 1.24 1.37]
46,9,[5.85140185e-07 2.99708951e-05 2.98659084e-02 3.32432094e-03],[1.22 1.03 1.08 1.03 1.08 1.03],[1.39 1.34 1.34 1.23 1.23 1.08]
56,0,[3.60337058e-06 5.23728596e-03 3.57379031e-05 3.52484653e-06],[1.1  1.24 1.27 1.1  1.1  1.24],[1.32 1.39 1.42 1.24 1.3  1.46]
56,1,[8.66513021e-07 1.30853174e-06 4.73357797e-09 3.26978674e-06],[1.35 1.35 1.35 1.35 1.35 1.35],[1.52 1.67 1.51 1.62 1.45 1.71]
56,2,[2.61266856e-07 1.87316923e-04 1.57805091e-08 7.02896390e-04],[1.18 1.36 1.18 1.18 1.18 1.18],[1.42 1.63 1.41 1.52 1.23 1.56]
56,3,[1.77483267e-05 4.07541699e-06 3.37734639e-06 3.97710630e-06],[1.3 1.3 1.3 1.3 1.3 1.3],[1.41 1.44 1.41 1.44 1.47 1.5 ]
56,4,[0.00653443 0.00047571 0.00028553 0.00087529],[1.09 1.09 1.09 1.13 1.13 1.13],[1.16 1.18 1.14 1.21 1.18 1.22]
56,5,[3.17535208e-04 1.21246021e-03 2.17911383e-05 9.44923235e-04],[1.15 1.15 1.15 1.15 1.15 1.15],[1.21 1.3  1.21 1.28 1.19 1.32]
56,6,[1.07710689e-06 2.31754211e-05 2.85557168e-03 9.48883058e-07],[1.25 1.12 1.31 1.12 1.25 1.12],[1.41 1.35 1.51 1.26 1.45 1.4 ]
56,7,[2.09915210e-03 2.20365295e-03 9.00465319e-05 1.87409343e-03],[1.13 1.13 1.13 1.13 1.13 1.13],[1.14 1.23 1.14 1.23 1.14 1.23]
56,8,[2.10647098e-04 5.86270888e-04 2.26277778e-06 3.13334028e-05],[1.18 1.18 1.18 1.18 1.18 1.22],[1.24 1.37 1.31 1.36 1.28 1.46]
56,9,[2.32832093e-05 7.41642326e-05 3.55290668e-04 4.24339473e-02],[1.19 1.16 1.01 1.16 1.01 1.01],[1.3  1.27 1.25 1.25 1.21 1.16]
76,0,[3.55308240e-04 9.15839033e-03 2.11817507e-04 6.49944683e-05],[1.08 1.16 1.16 1.08 1.08 1.16],[1.17 1.21 1.26 1.18 1.22 1.3 ]
76,1,[6.50790935e-04 1.16376003e-05 3.52654715e-05 3.97042534e-04],[1.18 1.18 1.18 1.21 1.18 1.18],[1.31 1.27 1.22 1.38 1.31 1.33]
76,2,[4.83102801e-03 3.77750701e-02 3.82431761e-02 3.85783594e-05],[1.   1.   1.05 1.   1.   1.  ],[1.05 1.05 1.2  1.   1.2  1.2 ]
76,3,[1.26629755e-06 3.00599477e-05 1.04245777e-04 8.32018840e-05],[1.24 1.24 1.24 1.24 1.24 1.24],[1.44 1.42 1.43 1.32 1.33 1.36]
76,4,[1.39535797e-05 3.08449367e-03 2.00261198e-04 1.98306635e-03],[1.12 1.16 1.12 1.12 1.12 1.12],[1.28 1.3  1.28 1.2  1.14 1.22]
76,5,[1.06256362e-03 1.09158137e-04 1.56830941e-03 1.32937603e-08],[1.15 1.15 1.15 1.15 1.18 1.15],[1.24 1.18 1.48 1.23 1.5  1.5 ]
76,6,[8.74725759e-04 3.00716179e-04 3.61377658e-04 3.28216890e-07],[1.16 1.16 1.16 1.16 1.16 1.16],[1.22 1.21 1.41 1.23 1.42 1.47]
76,7,[5.13568123e-05 5.53646087e-08 2.98736714e-04 1.26077544e-06],[1.22 1.2  1.22 1.2  1.32 1.2 ],[1.48 1.3  1.42 1.48 1.59 1.43]
76,8,[3.00562559e-02 1.49616595e-03 1.51102785e-06 1.70644521e-09],[1.03 1.03 1.03 1.11 1.11 1.31],[1.11 1.33 1.53 1.33 1.53 1.73]
76,9,[1.28187165e-05 9.43481269e-06 3.83309526e-05 1.14019501e-04],[1.24 1.24 1.24 1.24 1.24 1.24],[1.42 1.36 1.35 1.38 1.34 1.37]
84,0,[4.57817309e-03 1.52611462e-04 1.02379643e-03 9.13855373e-05],[1.1  1.1  1.1  1.13 1.17 1.13],[1.2  1.15 1.22 1.22 1.26 1.24]
84,1,[2.44203222e-07 2.58618197e-04 3.07720827e-03 2.98800984e-11],[1.17 1.12 1.36 1.12 1.17 1.12],[1.4  1.39 1.79 1.2  1.68 1.68]
84,2,[3.82132774e-05 1.31271187e-04 6.53529609e-06 1.16532814e-02],[1.19 1.21 1.07 1.19 1.07 1.07],[1.29 1.36 1.23 1.35 1.2  1.3 ]
84,3,[1.18008891e-01 2.76501952e-06 2.95513693e-03 2.54178149e-04],[1.   1.   1.   1.09 1.15 1.09],[1.3  1.09 1.17 1.3  1.33 1.18]
84,4,[3.52350527e-02 1.52172361e-05 1.11685704e-05 2.53448441e-05],[1.02 1.02 1.02 1.24 1.24 1.24],[1.27 1.27 1.25 1.36 1.35 1.42]
84,5,[3.42356429e-07 3.16049418e-04 2.16217221e-02 3.40707497e-04],[1.15 1.04 1.15 1.04 1.15 1.04],[1.38 1.38 1.4  1.17 1.22 1.17]
84,6,[3.61500009e-05 2.82681430e-05 1.10840396e-03 3.10903438e-05],[1.21 1.16 1.21 1.16 1.21 1.16],[1.35 1.26 1.34 1.31 1.34 1.32]
84,7,[1.17435703e-02 6.58414421e-06 1.95574404e-03 7.95653120e-07],[1.07 1.07 1.07 1.1  1.26 1.1 ],[1.28 1.11 1.35 1.28 1.45 1.38]
84,8,[2.18178173e-03 4.53306048e-04 2.92899971e-04 6.99237646e-09],[1.13 1.13 1.13 1.15 1.15 1.15],[1.18 1.19 1.49 1.23 1.49 1.52]
84,9,[7.93016631e-04 1.52012755e-02 5.87560067e-09 1.98290620e-04],[1.06 1.13 1.13 1.06 1.06 1.16],[1.14 1.48 1.2  1.48 1.18 1.56]
93,0,[2.35918880e-08 8.54508770e-05 3.40865328e-04 1.31477767e-05],[1.21 1.2  1.24 1.2  1.21 1.2 ],[1.5  1.48 1.54 1.27 1.35 1.36]
93,1,[2.18838713e-05 1.58482492e-04 2.69361740e-04 6.45422901e-05],[1.21 1.21 1.21 1.21 1.21 1.21],[1.33 1.31 1.35 1.27 1.3  1.34]
93,2,[3.93343869e-04 7.22656189e-05 2.84746928e-06 3.43882957e-04],[1.19 1.19 1.19 1.19 1.19 1.19],[1.26 1.37 1.24 1.39 1.27 1.42]
93,3,[0.0095176  0.00022879 0.00057727 0.00184461],[1.08 1.08 1.08 1.13 1.1  1.1 ],[1.17 1.15 1.11 1.21 1.17 1.17]
93,4,[1.89089500e-04 4.60415682e-06 2.20308667e-03 1.48394195e-02],[1.16 1.1  1.06 1.1  1.06 1.06],[1.32 1.18 1.18 1.3  1.3  1.11]
93,5,[8.65183366e-06 7.26344136e-07 1.39689139e-06 2.10696024e-03],[1.28 1.28 1.13 1.31 1.13 1.13],[1.44 1.46 1.3  1.51 1.37 1.4 ]
93,6,[5.09603316e-03 1.12691055e-03 1.31066612e-06 1.18259121e-04],[1.1  1.1  1.1  1.12 1.12 1.17],[1.14 1.34 1.21 1.34 1.21 1.41]
93,7,[1.08143569e-03 1.66424727e-04 3.47544564e-04 7.27149527e-06],[1.16 1.16 1.16 1.16 1.17 1.16],[1.23 1.2  1.32 1.26 1.35 1.38]
93,8,[6.14051900e-08 2.48531962e-07 2.45028002e-05 6.69921137e-04],[1.36 1.25 1.17 1.25 1.17 1.17],[1.62 1.52 1.47 1.46 1.42 1.33]
93,9,[5.67548687e-05 3.81399449e-05 2.00302987e-03 8.52640592e-03],[1.2  1.1  1.08 1.1  1.08 1.08],[1.29 1.23 1.23 1.23 1.23 1.13]
79,0,[4.04465035e-01 3.92801826e-06 8.62631889e-04 3.06793760e-03],[1.   1.   1.   1.11 1.09 1.09],[1.28 1.13 1.09 1.3  1.28 1.15]
79,1,[3.27959722e-02 1.04081794e-05 2.60236247e-03 6.89538855e-05],[1.02 1.02 1.02 1.09 1.19 1.09],[1.26 1.09 1.21 1.26 1.32 1.23]
79,2,[2.15616159e-03 3.73238372e-04 2.53974866e-05 6.05727844e-05],[1.13 1.13 1.13 1.16 1.16 1.2 ],[1.19 1.27 1.24 1.29 1.26 1.36]
79,3,[6.29026031e-09 3.13524210e-04 5.20878980e-03 1.60771651e-03],[1.14 1.1  1.11 1.1  1.11 1.1 ],[1.48 1.48 1.48 1.17 1.18 1.15]
79,4,[1.58160428e-03 8.39622823e-04 1.22705054e-03 1.27837720e-07],[1.14 1.14 1.14 1.14 1.14 1.14],[1.17 1.16 1.43 1.17 1.43 1.43]
79,5,[2.43917340e-08 6.84821487e-07 2.68344014e-05 2.30132445e-05],[1.33 1.28 1.28 1.28 1.28 1.28],[1.63 1.55 1.53 1.47 1.45 1.44]
79,6,[1.15764285e-03 7.06443458e-04 3.74704742e-06 1.42237668e-05],[1.16 1.16 1.16 1.16 1.16 1.24],[1.19 1.33 1.3  1.34 1.3  1.46]
79,7,[1.96707214e-03 1.25123836e-05 2.24780780e-05 5.41214817e-05],[1.14 1.14 1.14 1.23 1.22 1.22],[1.29 1.28 1.24 1.36 1.33 1.36]
79,8,[1.85284635e-03 5.24997150e-04 2.54351447e-07 3.28244346e-02],[1.1  1.1  1.02 1.13 1.02 1.02],[1.15 1.38 1.1  1.39 1.15 1.38]
79,9,[4.10560312e-03 1.34606832e-04 5.04914348e-06 2.09292959e-04],[1.11 1.11 1.11 1.17 1.17 1.17],[1.21 1.31 1.2  1.35 1.25 1.38]
54,0,[4.37192266e-03 5.01402655e-07 5.88008941e-05 1.28341289e-08],[1.11 1.11 1.11 1.22 1.34 1.22],[1.38 1.24 1.48 1.43 1.6  1.56]
54,1,[1.08157351e-06 8.00992753e-02 5.95142920e-05 1.56508765e-03],[1.   1.2  1.11 1.   1.   1.11],[1.34 1.38 1.34 1.22 1.11 1.25]
54,2,[0.00049009 0.00270723 0.00059429 0.00541649],[1.1  1.12 1.1  1.1  1.1  1.1 ],[1.16 1.18 1.16 1.17 1.11 1.17]
54,3,[1.41234781e-03 5.24512612e-06 1.04381637e-02 2.54393147e-04],[1.12 1.07 1.12 1.07 1.15 1.07],[1.29 1.12 1.19 1.29 1.34 1.19]
54,4,[3.64734039e-06 8.37573116e-07 1.08485995e-03 4.44982053e-07],[1.3  1.16 1.3  1.16 1.33 1.16],[1.47 1.32 1.51 1.39 1.52 1.43]
54,5,[1.26243712e-06 7.30339993e-06 1.18999137e-01 1.90619517e-04],[1.26 1.   1.18 1.   1.18 1.  ],[1.44 1.34 1.37 1.28 1.31 1.18]
54,6,[1.41075183e-03 7.21404703e-06 2.87311371e-05 2.58068438e-06],[1.15 1.15 1.15 1.24 1.26 1.24],[1.31 1.28 1.33 1.38 1.43 1.49]
54,7,[1.42960298e-06 4.39818738e-06 3.37555438e-06 7.30205149e-06],[1.33 1.33 1.33 1.33 1.33 1.33],[1.46 1.5  1.45 1.47 1.45 1.53]
54,8,[4.87905647e-03 4.24421299e-04 5.60519453e-09 1.19768572e-05],[1.1  1.1  1.1  1.15 1.15 1.25],[1.17 1.49 1.27 1.51 1.3  1.64]
54,9,[1.72440933e-06 7.99662558e-10 1.06399863e-02 2.21313098e-06],[1.3  1.07 1.3  1.07 1.3  1.07],[1.63 1.33 1.47 1.56 1.65 1.35]
80,0,[7.57024063e-06 4.77166285e-05 4.92759114e-06 8.57911830e-05],[1.24 1.26 1.24 1.24 1.24 1.24],[1.37 1.42 1.36 1.41 1.32 1.44]
80,1,[1.67673868e-03 2.24911311e-04 4.28796002e-06 3.35307762e-07],[1.14 1.14 1.14 1.17 1.17 1.28],[1.21 1.32 1.41 1.34 1.42 1.58]
80,2,[3.90523341e-06 2.01159837e-03 4.57441197e-03 2.59854022e-06],[1.1  1.1  1.28 1.1  1.1  1.1 ],[1.29 1.29 1.41 1.13 1.34 1.34]
80,3,[3.30938027e-05 3.96490920e-04 5.67536979e-07 2.30851357e-02],[1.16 1.21 1.04 1.16 1.04 1.04],[1.28 1.42 1.23 1.37 1.16 1.37]
80,4,[8.30161265e-06 1.72401032e-07 4.19208369e-04 1.29405434e-07],[1.28 1.19 1.28 1.19 1.36 1.19],[1.5  1.32 1.52 1.44 1.62 1.53]
80,5,[4.27274287e-06 3.99077681e-02 6.49982246e-07 3.30317598e-05],[1.02 1.28 1.24 1.02 1.02 1.24],[1.3  1.46 1.37 1.36 1.24 1.47]
80,6,[6.91249224e-03 1.30426299e-05 1.00502972e-06 1.09500158e-02],[1.06 1.06 1.06 1.24 1.06 1.06],[1.25 1.36 1.06 1.47 1.25 1.36]
80,7,[1.50718908e-01 4.95576683e-07 1.76279149e-05 1.81378099e-05],[1.   1.   1.   1.24 1.24 1.24],[1.36 1.26 1.25 1.43 1.44 1.41]
80,8,[1.91185707e-03 1.44148788e-08 1.22164387e-05 2.37917417e-04],[1.14 1.14 1.14 1.25 1.17 1.17],[1.48 1.29 1.21 1.53 1.48 1.36]
80,9,[3.22156389e-04 1.67507455e-04 4.57846567e-04 2.38382971e-08],[1.19 1.19 1.19 1.19 1.19 1.19],[1.27 1.24 1.47 1.24 1.51 1.53]
8,0,[1.79485327e-03 3.78157196e-07 1.28990702e-02 6.70527651e-06],[1.1  1.06 1.1  1.06 1.26 1.06],[1.38 1.11 1.29 1.37 1.46 1.29]
8,1,[2.35201555e-05 1.45157524e-05 9.30113851e-05 3.84986070e-02],[1.23 1.2  1.02 1.2  1.02 1.02],[1.36 1.3  1.25 1.33 1.26 1.2 ]
8,2,[2.39078796e-04 8.66164592e-07 2.70075809e-05 2.79067134e-06],[1.21 1.21 1.21 1.24 1.29 1.24],[1.39 1.33 1.37 1.46 1.48 1.48]
8,3,[3.82629007e-04 8.50120211e-05 3.54104991e-06 8.69123973e-08],[1.19 1.19 1.19 1.21 1.21 1.28],[1.27 1.35 1.45 1.39 1.48 1.58]
8,4,[5.03087180e-05 1.71913517e-05 8.02523990e-03 3.88372978e-09],[1.22 1.08 1.22 1.08 1.24 1.08],[1.32 1.23 1.56 1.26 1.54 1.54]
8,5,[1.28463340e-06 3.09697158e-03 3.36334657e-03 6.54231735e-09],[1.12 1.12 1.31 1.12 1.12 1.12],[1.34 1.34 1.64 1.12 1.5  1.52]
8,6,[1.01275339e-03 1.54007654e-05 1.34423574e-02 4.97419600e-05],[1.12 1.06 1.12 1.06 1.21 1.06],[1.27 1.13 1.24 1.27 1.33 1.23]
8,7,[6.40720887e-07 4.32176220e-04 3.06198037e-02 3.46630166e-05],[1.16 1.03 1.21 1.03 1.16 1.03],[1.37 1.36 1.41 1.16 1.27 1.24]
8,8,[4.31013900e-02 2.78514422e-04 1.73232900e-07 5.17362029e-05],[1.01 1.01 1.01 1.17 1.17 1.2 ],[1.17 1.4  1.22 1.42 1.26 1.5 ]
8,9,[0.01935898 0.00026412 0.00289092 0.0013346 ],[1.05 1.05 1.05 1.09 1.1  1.09],[1.16 1.09 1.12 1.16 1.18 1.15]
37,0,[6.35216317e-03 1.44747394e-05 4.93312466e-08 1.05429635e-06],[1.09 1.09 1.09 1.26 1.26 1.32],[1.27 1.45 1.34 1.52 1.41 1.65]
37,1,[2.21426105e-03 3.61288777e-12 2.54931493e-03 5.66589838e-02],[1.08 1.08 1.   1.08 1.   1.  ],[1.66 1.11 1.1  1.66 1.66 1.09]
37,2,[8.95082182e-04 7.28336307e-06 7.47691790e-03 2.31617038e-06],[1.13 1.09 1.13 1.09 1.26 1.09],[1.3  1.14 1.33 1.29 1.44 1.33]
37,3,[4.48219275e-04 2.25135778e-04 1.89826663e-05 1.77419784e-04],[1.19 1.19 1.19 1.19 1.19 1.19],[1.24 1.29 1.25 1.32 1.28 1.38]
37,4,[2.55295468e-06 3.72146836e-05 1.23030226e-08 1.06234717e-02],[1.23 1.29 1.07 1.23 1.07 1.07],[1.39 1.56 1.32 1.54 1.24 1.48]
37,5,[6.65193071e-05 1.18639915e-05 5.01201429e-05 4.29504784e-05],[1.25 1.25 1.25 1.25 1.25 1.25],[1.35 1.34 1.32 1.37 1.38 1.38]
37,6,[3.48352379e-06 2.72181290e-05 3.81939328e-04 1.84434543e-04],[1.22 1.19 1.19 1.19 1.19 1.19],[1.4  1.36 1.37 1.3  1.35 1.3 ]
37,7,[7.93120908e-05 2.87846750e-06 8.13891853e-05 8.60131513e-05],[1.25 1.25 1.25 1.25 1.25 1.25],[1.41 1.31 1.31 1.39 1.4  1.36]
37,8,[2.96830174e-07 6.85685694e-04 4.09233834e-03 2.59235682e-06],[1.14 1.11 1.29 1.11 1.14 1.11],[1.39 1.39 1.48 1.16 1.34 1.34]
37,9,[3.59205474e-04 2.94424811e-06 4.23916615e-03 4.42891348e-04],[1.14 1.11 1.14 1.11 1.14 1.11],[1.33 1.18 1.21 1.32 1.34 1.19]
52,0,[2.51265530e-04 1.34728622e-05 1.25375575e-04 7.48047504e-03],[1.17 1.17 1.09 1.17 1.09 1.09],[1.3  1.24 1.18 1.33 1.27 1.22]
52,1,[4.07393054e-04 6.20319127e-04 1.71313793e-06 8.55374749e-05],[1.18 1.18 1.18 1.18 1.18 1.19],[1.22 1.38 1.26 1.36 1.26 1.46]
52,2,[1.39989401e-04 3.36825235e-04 2.91721300e-06 3.41969933e-02],[1.16 1.17 1.02 1.16 1.02 1.02],[1.23 1.36 1.19 1.32 1.16 1.32]
52,3,[1.07149960e-06 1.79492476e-05 6.52674395e-04 1.26898132e-05],[1.24 1.18 1.24 1.18 1.24 1.18],[1.44 1.39 1.43 1.3  1.4  1.34]
52,4,[1.51697272e-04 1.12652213e-05 7.35658944e-04 2.34995843e-06],[1.19 1.17 1.19 1.17 1.25 1.17],[1.33 1.23 1.37 1.3  1.44 1.4 ]
52,5,[1.55986220e-06 8.10468508e-05 8.23881852e-10 4.75457101e-04],[1.21 1.31 1.19 1.21 1.19 1.19],[1.41 1.69 1.37 1.61 1.26 1.69]
52,6,[1.43331782e-05 3.05954870e-05 4.51026392e-04 2.00979379e-04],[1.22 1.19 1.19 1.19 1.19 1.19],[1.38 1.32 1.32 1.3  1.3  1.27]
52,7,[2.26805539e-05 2.93017380e-06 3.17048260e-06 3.01035310e-02],[1.25 1.25 1.03 1.27 1.03 1.03],[1.38 1.39 1.25 1.44 1.31 1.31]
52,8,[1.10749563e-04 3.40505934e-04 9.87802549e-08 4.02464017e-04],[1.19 1.19 1.19 1.19 1.19 1.19],[1.26 1.47 1.25 1.45 1.23 1.5 ]
52,9,[1.93540772e-01 3.74572259e-03 4.08628743e-06 2.47711797e-05],[1.   1.   1.   1.08 1.08 1.22],[1.08 1.28 1.23 1.28 1.23 1.45]
35,0,[2.03161283e-03 7.90498058e-03 3.08255771e-03 3.89955851e-05],[1.08 1.08 1.08 1.08 1.08 1.08],[1.11 1.11 1.23 1.1  1.23 1.24]
35,1,[2.00076159e-04 4.96682929e-05 1.20178785e-04 2.34377734e-02],[1.18 1.18 1.04 1.18 1.04 1.04],[1.27 1.25 1.18 1.3  1.22 1.2 ]
35,2,[7.54350468e-06 7.43260030e-07 1.49674382e-05 2.17764327e-05],[1.29 1.29 1.29 1.29 1.29 1.29],[1.47 1.41 1.42 1.48 1.46 1.44]
35,3,[8.73933095e-04 6.56388043e-04 1.11866162e-07 1.59102782e-05],[1.16 1.16 1.16 1.16 1.16 1.24],[1.2  1.44 1.3  1.44 1.3  1.54]
35,4,[1.38298646e-02 1.12280188e-07 7.10475648e-07 1.68325160e-04],[1.06 1.06 1.06 1.33 1.19 1.19],[1.41 1.36 1.19 1.53 1.43 1.45]
35,5,[2.13975548e-09 2.02208703e-04 2.01912216e-04 6.39147678e-04],[1.18 1.18 1.18 1.18 1.18 1.18],[1.56 1.58 1.56 1.27 1.24 1.28]
35,6,[1.62051818e-06 5.33508741e-05 6.66311679e-08 2.70857905e-04],[1.22 1.31 1.2  1.22 1.2  1.2 ],[1.43 1.56 1.39 1.52 1.3  1.56]
35,7,[2.03041151e-06 1.00793418e-05 2.22223710e-05 4.84030377e-05],[1.26 1.26 1.26 1.26 1.26 1.26],[1.46 1.42 1.4  1.4  1.36 1.42]
35,8,[2.65884871e-03 8.99215265e-07 1.33891115e-04 2.60167956e-03],[1.13 1.13 1.13 1.17 1.13 1.13],[1.34 1.21 1.13 1.36 1.34 1.22]
35,9,[1.15446402e-02 1.63061278e-04 1.87959904e-06 2.10161343e-06],[1.07 1.07 1.07 1.19 1.19 1.29],[1.19 1.33 1.32 1.34 1.37 1.5 ]
13,0,[9.71588528e-06 6.71710252e-05 3.53785215e-03 1.11377185e-04],[1.19 1.11 1.19 1.11 1.19 1.11],[1.34 1.29 1.34 1.23 1.3  1.23]
13,1,[1.91418842e-03 4.84306549e-05 8.38749812e-05 1.98212747e-06],[1.14 1.14 1.14 1.21 1.21 1.21],[1.24 1.24 1.34 1.31 1.38 1.42]
13,2,[1.38107010e-04 1.22148266e-06 1.92777276e-02 9.46003943e-05],[1.19 1.05 1.19 1.05 1.19 1.05],[1.38 1.19 1.26 1.34 1.38 1.22]
13,3,[3.86968863e-05 1.16878295e-05 3.09023247e-06 1.97535768e-04],[1.23 1.23 1.22 1.25 1.22 1.22],[1.38 1.42 1.29 1.45 1.32 1.44]
13,4,[2.95874614e-05 7.19736383e-07 6.05032495e-07 2.22604078e-03],[1.24 1.24 1.13 1.32 1.13 1.13],[1.44 1.43 1.26 1.54 1.38 1.42]
13,5,[4.96470479e-07 2.23868506e-08 4.20297207e-05 2.75957086e-08],[1.36 1.27 1.36 1.27 1.41 1.27],[1.64 1.47 1.65 1.55 1.65 1.64]
13,6,[1.24347127e-06 6.05697819e-03 1.59609074e-06 1.47057327e-05],[1.09 1.3  1.26 1.09 1.09 1.26],[1.34 1.46 1.44 1.33 1.27 1.46]
13,7,[0.00468282 0.00232707 0.0021165  0.00318381],[1.1 1.1 1.1 1.1 1.1 1.1],[1.12 1.12 1.11 1.12 1.12 1.12]
13,8,[1.13158623e-04 2.52317679e-05 2.41868556e-03 3.17744138e-05],[1.2  1.13 1.2  1.13 1.21 1.13],[1.31 1.23 1.32 1.27 1.37 1.31]
13,9,[1.44400153e-03 2.27690959e-03 3.66840572e-03 1.08759668e-11],[1.11 1.11 1.11 1.11 1.11 1.11],[1.14 1.14 1.67 1.13 1.67 1.72]
90,0,[1.05436911e-06 9.66358753e-06 9.37715088e-04 1.99180864e-03],[1.25 1.13 1.13 1.13 1.13 1.13],[1.44 1.36 1.36 1.31 1.29 1.19]
90,1,[1.23120521e-03 1.19450505e-03 1.47883302e-05 2.79452192e-04],[1.15 1.15 1.15 1.15 1.15 1.15],[1.18 1.3  1.21 1.3  1.21 1.35]
90,2,[2.49281351e-09 3.32100107e-07 3.19710732e-05 1.39134730e-05],[1.35 1.28 1.28 1.28 1.28 1.28],[1.7  1.59 1.59 1.47 1.51 1.44]
90,3,[5.97435512e-06 3.32554369e-06 9.51691026e-05 8.67831892e-07],[1.28 1.24 1.28 1.24 1.28 1.24],[1.42 1.36 1.49 1.38 1.5  1.52]
90,4,[6.82208869e-05 4.53943759e-04 1.31244387e-06 1.22531103e-03],[1.15 1.19 1.15 1.15 1.15 1.15],[1.26 1.39 1.25 1.38 1.2  1.41]
90,5,[1.47192092e-05 5.29430335e-05 4.90946935e-04 2.75786934e-04],[1.2  1.19 1.19 1.19 1.19 1.19],[1.35 1.32 1.33 1.27 1.31 1.27]
90,6,[2.49838321e-02 1.00742258e-02 3.06249815e-07 8.66811339e-03],[1.04 1.04 1.04 1.04 1.04 1.04],[1.04 1.35 1.04 1.35 1.04 1.35]
90,7,[4.40524769e-05 5.27387558e-08 8.85489448e-03 2.76773812e-03],[1.21 1.08 1.09 1.08 1.09 1.08],[1.45 1.23 1.23 1.41 1.41 1.11]
90,8,[1.25706268e-04 3.29174020e-05 1.34691044e-05 7.39107519e-06],[1.23 1.23 1.23 1.24 1.24 1.25],[1.32 1.36 1.37 1.37 1.38 1.49]
90,9,[4.02213105e-02 4.05141509e-05 2.92990382e-04 3.57978360e-02],[1.   1.   1.   1.15 1.   1.  ],[1.21 1.15 1.   1.25 1.21 1.15]
86,0,[1.26728150e-05 7.47283746e-09 2.83998322e-05 2.26825649e-06],[1.28 1.28 1.28 1.28 1.3  1.28],[1.6  1.4  1.44 1.57 1.63 1.52]
86,1,[1.12469650e-05 2.51384680e-04 2.94134961e-09 1.89577831e-02],[1.17 1.25 1.05 1.17 1.05 1.05],[1.3  1.61 1.27 1.56 1.17 1.54]
86,2,[3.08236442e-05 2.09271989e-04 1.89475378e-03 1.05104177e-03],[1.16 1.14 1.14 1.14 1.14 1.14],[1.28 1.26 1.28 1.2  1.23 1.2 ]
86,3,[6.26880286e-07 5.93308389e-04 7.76807980e-06 3.26630145e-09],[1.18 1.28 1.33 1.18 1.18 1.28],[1.4  1.48 1.67 1.34 1.55 1.68]
86,4,[1.47264126e-02 6.00521288e-05 7.60024393e-06 4.26940122e-06],[1.06 1.06 1.06 1.22 1.22 1.26],[1.22 1.28 1.3  1.34 1.35 1.48]
86,5,[4.19087412e-04 9.72086216e-08 1.08337419e-02 1.08685688e-02],[1.14 1.06 1.06 1.06 1.06 1.06],[1.41 1.14 1.14 1.39 1.39 1.06]
86,6,[3.91172683e-04 8.31124227e-02 3.10307770e-05 6.71437263e-06],[1.   1.16 1.16 1.   1.   1.22],[1.16 1.27 1.3  1.24 1.28 1.41]
86,7,[4.30944690e-04 1.93554588e-03 7.45489307e-07 8.23643020e-08],[1.14 1.15 1.15 1.14 1.14 1.33],[1.19 1.37 1.44 1.37 1.44 1.64]
86,8,[1.26774978e-05 2.27155426e-04 4.18062340e-07 1.70736360e-04],[1.21 1.25 1.21 1.21 1.21 1.21],[1.33 1.48 1.34 1.43 1.27 1.5 ]
86,9,[4.19023747e-04 7.71410999e-05 1.46148325e-04 2.11015230e-02],[1.15 1.15 1.04 1.17 1.04 1.04],[1.24 1.22 1.15 1.26 1.21 1.19]
48,0,[9.82166052e-03 6.17910711e-05 7.81233896e-05 1.64894213e-07],[1.08 1.08 1.08 1.2  1.2  1.2 ],[1.22 1.22 1.4  1.28 1.43 1.49]
48,1,[2.63026589e-07 1.59416875e-07 7.81191776e-04 1.28527607e-04],[1.35 1.17 1.19 1.17 1.19 1.17],[1.54 1.4  1.41 1.43 1.46 1.27]
48,2,[3.40614311e-07 6.23885198e-07 3.50297255e-05 1.32812875e-06],[1.33 1.27 1.33 1.27 1.33 1.27],[1.56 1.46 1.53 1.44 1.52 1.53]
48,3,[4.20511206e-03 1.34010719e-04 5.32667567e-06 6.03793461e-06],[1.11 1.11 1.11 1.19 1.19 1.26],[1.2  1.31 1.3  1.34 1.35 1.5 ]
48,4,[4.10197749e-08 2.85709555e-06 1.89297610e-04 8.17800959e-03],[1.29 1.18 1.08 1.18 1.08 1.08],[1.52 1.48 1.44 1.36 1.33 1.21]
48,5,[3.90283208e-06 2.41131632e-08 6.83081769e-07 8.67371217e-05],[1.3  1.3  1.25 1.33 1.25 1.25],[1.58 1.5  1.39 1.65 1.52 1.47]
48,6,[4.51251985e-07 5.84652157e-03 3.75716344e-06 2.98357876e-04],[1.09 1.28 1.17 1.09 1.09 1.17],[1.37 1.48 1.39 1.31 1.18 1.39]
48,7,[9.87852366e-06 1.84470127e-03 3.87808918e-03 1.04182524e-04],[1.11 1.11 1.18 1.11 1.11 1.11],[1.28 1.28 1.33 1.12 1.23 1.23]
48,8,[3.99697099e-05 8.42185875e-05 4.07805516e-06 5.32342365e-07],[1.24 1.24 1.24 1.24 1.24 1.28],[1.34 1.38 1.44 1.41 1.43 1.58]
48,9,[7.35089407e-03 1.45106221e-06 4.73337354e-04 1.99822769e-05],[1.09 1.09 1.09 1.15 1.23 1.15],[1.34 1.16 1.26 1.35 1.41 1.32]
40,0,[4.48345518e-04 8.49401177e-04 4.73100437e-06 4.11219168e-07],[1.17 1.17 1.17 1.17 1.17 1.28],[1.21 1.35 1.4  1.33 1.39 1.58]
40,1,[1.20253458e-04 4.37145615e-08 5.90061182e-03 6.94647495e-07],[1.2  1.09 1.2  1.09 1.33 1.09],[1.45 1.22 1.41 1.43 1.57 1.39]
40,2,[4.26486826e-08 3.49499734e-04 1.11946834e-03 4.03954608e-06],[1.16 1.16 1.28 1.16 1.16 1.16],[1.47 1.47 1.54 1.2  1.34 1.37]
40,3,[8.77319684e-09 2.70045790e-04 1.39555337e-01 3.00704452e-05],[1.17 1.   1.22 1.   1.17 1.  ],[1.49 1.48 1.53 1.17 1.29 1.24]
40,4,[0.00010059 0.00040769 0.00033522 0.00043844],[1.19 1.19 1.19 1.19 1.19 1.19],[1.25 1.29 1.26 1.24 1.22 1.27]
40,5,[3.99051383e-04 2.32079217e-05 1.89511097e-06 1.17833132e-06],[1.19 1.19 1.19 1.25 1.25 1.3 ],[1.3  1.36 1.37 1.41 1.46 1.55]
40,6,[9.44610057e-03 1.17368424e-07 1.30366706e-04 2.09011445e-03],[1.08 1.08 1.08 1.17 1.1  1.1 ],[1.4  1.2  1.11 1.44 1.4  1.22]
40,7,[8.01563410e-07 3.67186772e-06 1.42463071e-02 2.63172294e-07],[1.31 1.06 1.33 1.06 1.31 1.06],[1.46 1.35 1.51 1.31 1.47 1.4 ]
40,8,[4.65425010e-05 1.54451189e-05 7.17254959e-06 1.90256757e-04],[1.23 1.23 1.22 1.24 1.22 1.22],[1.36 1.39 1.31 1.41 1.34 1.4 ]
40,9,[2.56200456e-05 1.33672282e-03 1.76629910e-06 1.37534577e-03],[1.15 1.22 1.15 1.15 1.15 1.15],[1.27 1.42 1.27 1.36 1.17 1.38]
62,0,[5.98182847e-05 2.28591822e-07 3.72823740e-05 5.83322034e-03],[1.21 1.21 1.09 1.21 1.09 1.09],[1.43 1.31 1.23 1.44 1.39 1.27]
62,1,[1.91714669e-07 1.31135494e-06 3.04441209e-07 7.93351425e-06],[1.33 1.35 1.32 1.33 1.32 1.32],[1.57 1.6  1.49 1.55 1.46 1.58]
62,2,[2.21130429e-04 1.94414106e-03 7.76603386e-02 4.64693935e-06],[1.1  1.   1.16 1.   1.1  1.  ],[1.18 1.18 1.31 1.1  1.29 1.29]
62,3,[1.24878882e-04 1.13016511e-04 1.69136705e-10 4.75746012e-04],[1.19 1.19 1.19 1.19 1.19 1.19],[1.29 1.63 1.25 1.63 1.26 1.68]
62,4,[3.45040166e-05 8.40188831e-06 1.94616900e-05 1.97386658e-03],[1.23 1.23 1.14 1.23 1.14 1.14],[1.37 1.36 1.26 1.38 1.3  1.3 ]
62,5,[1.52168336e-07 2.78929569e-05 4.71658599e-04 1.83292224e-03],[1.22 1.15 1.14 1.15 1.14 1.14],[1.46 1.44 1.41 1.3  1.27 1.21]
62,6,[1.28606860e-05 1.86683303e-04 1.08488742e-06 1.02049968e-06],[1.22 1.27 1.27 1.22 1.22 1.31],[1.34 1.46 1.47 1.39 1.4  1.57]
62,7,[5.17074523e-08 2.08689535e-05 6.38155551e-04 5.88014754e-06],[1.25 1.18 1.27 1.18 1.25 1.18],[1.55 1.45 1.57 1.29 1.4  1.38]
62,8,[6.71354305e-10 1.05122041e-04 1.83915824e-04 8.61539806e-02],[1.18 1.18 1.   1.18 1.   1.  ],[1.57 1.56 1.54 1.25 1.2  1.18]
62,9,[3.14407263e-02 1.51675862e-04 4.78739185e-04 6.00375305e-11],[1.03 1.03 1.03 1.15 1.17 1.15],[1.19 1.15 1.62 1.22 1.63 1.66]
74,0,[2.72926885e-03 1.16485968e-08 1.64987805e-05 1.75367735e-03],[1.12 1.12 1.12 1.24 1.12 1.12],[1.46 1.28 1.15 1.54 1.46 1.29]
74,1,[9.36982303e-04 2.78941114e-06 9.84235616e-04 1.80705553e-06],[1.16 1.16 1.16 1.16 1.29 1.16],[1.32 1.17 1.36 1.32 1.44 1.38]
74,2,[6.01412131e-05 6.92851175e-04 3.95871725e-04 9.70263476e-04],[1.16 1.16 1.16 1.16 1.16 1.16],[1.26 1.28 1.25 1.21 1.2  1.25]
74,3,[1.63094009e-03 4.10183110e-07 3.67441033e-02 5.22482058e-11],[1.11 1.02 1.11 1.02 1.35 1.02],[1.36 1.11 1.62 1.36 1.72 1.62]
74,4,[1.83454055e-05 5.28875098e-04 1.18275963e-03 2.16830456e-03],[1.13 1.13 1.13 1.13 1.13 1.13],[1.29 1.29 1.28 1.19 1.19 1.18]
74,5,[7.84686316e-09 2.77237620e-04 2.36960237e-04 3.60939717e-06],[1.21 1.21 1.28 1.21 1.21 1.21],[1.51 1.54 1.61 1.25 1.39 1.4 ]
74,6,[3.88982363e-05 5.68009893e-06 1.10938994e-02 8.00620256e-04],[1.21 1.07 1.13 1.07 1.13 1.07],[1.36 1.23 1.25 1.3  1.3  1.15]
74,7,[9.85133017e-08 9.54522750e-09 1.16926216e-05 7.94171798e-07],[1.39 1.31 1.35 1.31 1.35 1.31],[1.74 1.49 1.58 1.6  1.67 1.53]
74,8,[4.65945487e-08 1.19462631e-02 3.70082476e-05 4.27101680e-06],[1.07 1.23 1.28 1.07 1.07 1.23],[1.44 1.49 1.52 1.24 1.3  1.42]
74,9,[1.18258913e-03 9.58114874e-08 1.93581592e-06 1.06855558e-02],[1.12 1.12 1.07 1.3  1.07 1.07],[1.4  1.35 1.12 1.53 1.4  1.35]
51,0,[3.47515499e-08 1.29904450e-03 1.50237082e-07 2.76967018e-04],[1.15 1.37 1.17 1.15 1.15 1.17],[1.46 1.61 1.48 1.43 1.21 1.5 ]
51,1,[1.24283135e-05 1.37657770e-05 1.12002985e-04 7.71354954e-04],[1.23 1.2  1.17 1.2  1.17 1.17],[1.38 1.36 1.3  1.34 1.3  1.29]
51,2,[1.92502398e-05 2.38098716e-03 2.11748447e-03 2.86141770e-06],[1.13 1.13 1.24 1.13 1.13 1.13],[1.26 1.26 1.39 1.14 1.32 1.34]
51,3,[8.58961514e-05 3.02409037e-06 5.85597426e-05 6.87045276e-08],[1.24 1.24 1.24 1.24 1.28 1.24],[1.4  1.32 1.5  1.4  1.59 1.56]
51,4,[2.41991048e-04 9.01854922e-06 5.75352373e-03 7.22243403e-08],[1.17 1.1  1.17 1.1  1.26 1.1 ],[1.31 1.18 1.47 1.28 1.52 1.46]
51,5,[2.65447054e-05 5.47524781e-07 1.72734608e-05 1.33772113e-04],[1.24 1.24 1.23 1.24 1.23 1.23],[1.45 1.38 1.33 1.46 1.4  1.37]
51,6,[5.35510248e-03 4.19357320e-04 6.51332551e-05 2.91260039e-02],[1.07 1.07 1.03 1.14 1.03 1.03],[1.15 1.2  1.07 1.23 1.15 1.2 ]
51,7,[2.56261433e-04 4.31399116e-09 3.20174964e-03 2.80365855e-08],[1.17 1.12 1.17 1.12 1.42 1.12],[1.51 1.19 1.49 1.51 1.75 1.5 ]
51,8,[8.08450856e-06 9.14907556e-03 2.10056547e-03 2.94299055e-06],[1.08 1.1  1.26 1.08 1.08 1.1 ],[1.28 1.28 1.42 1.11 1.32 1.33]
51,9,[2.65129932e-04 6.74350264e-04 3.18311440e-06 5.33555608e-02],[1.14 1.15 1.   1.14 1.   1.  ],[1.2  1.34 1.17 1.33 1.14 1.31]
88,0,[3.76678060e-04 3.75239900e-05 1.88557514e-06 5.91090576e-05],[1.19 1.19 1.19 1.21 1.21 1.21],[1.29 1.36 1.28 1.42 1.33 1.48]
88,1,[5.41449153e-03 3.56875857e-02 1.04077302e-09 1.37234629e-04],[1.02 1.07 1.07 1.02 1.02 1.17],[1.07 1.51 1.18 1.51 1.18 1.64]
88,2,[1.17358792e-07 2.81529473e-05 1.22368768e-05 7.02935053e-03],[1.24 1.25 1.09 1.24 1.09 1.09],[1.48 1.5  1.41 1.36 1.25 1.31]
88,3,[8.34281264e-05 1.48604778e-04 1.23897385e-05 9.31587576e-04],[1.19 1.19 1.16 1.19 1.16 1.16],[1.29 1.34 1.26 1.34 1.23 1.34]
88,4,[5.59197989e-04 4.36500278e-04 9.07280317e-04 3.46196654e-05],[1.16 1.16 1.16 1.16 1.16 1.16],[1.23 1.2  1.28 1.22 1.29 1.32]
88,5,[1.83244353e-08 3.38967007e-06 7.19444037e-04 8.00606507e-06],[1.29 1.17 1.28 1.17 1.28 1.17],[1.58 1.49 1.56 1.35 1.43 1.37]
88,6,[5.91835526e-04 3.04151315e-07 2.73118897e-05 6.87694965e-07],[1.18 1.18 1.18 1.24 1.33 1.24],[1.41 1.29 1.38 1.45 1.54 1.49]
88,7,[1.93158166e-07 6.46036605e-06 4.06114078e-05 3.64738830e-03],[1.26 1.23 1.11 1.23 1.11 1.11],[1.5  1.44 1.41 1.39 1.3  1.28]
88,8,[7.43734850e-06 4.55190026e-04 1.49030246e-04 2.35980600e-07],[1.19 1.19 1.26 1.19 1.19 1.19],[1.33 1.36 1.51 1.25 1.42 1.49]
88,9,[6.54660109e-05 1.17768462e-04 2.83263672e-02 2.93491863e-04],[1.18 1.03 1.17 1.03 1.17 1.03],[1.28 1.21 1.25 1.2  1.23 1.17]
85,0,[3.11611969e-04 5.21287137e-04 4.82424512e-06 3.36726997e-02],[1.15 1.15 1.02 1.15 1.02 1.02],[1.2  1.33 1.17 1.31 1.15 1.3 ]
85,1,[1.29990015e-01 2.89124391e-05 2.43627968e-04 1.02341898e-07],[1.   1.   1.   1.17 1.22 1.17],[1.24 1.17 1.41 1.29 1.46 1.49]
85,2,[4.48055937e-07 9.45156185e-05 1.66142913e-04 8.31804960e-07],[1.22 1.22 1.32 1.22 1.22 1.22],[1.42 1.42 1.55 1.28 1.43 1.46]
85,3,[2.07038615e-08 1.78472891e-02 5.34657532e-05 9.18429315e-05],[1.05 1.2  1.2  1.05 1.05 1.2 ],[1.46 1.5  1.49 1.22 1.2  1.36]
85,4,[0.00027998 0.00091236 0.00015258 0.00255815],[1.13 1.15 1.13 1.13 1.13 1.13],[1.2  1.26 1.2  1.24 1.16 1.25]
85,5,[1.38059176e-07 1.59410821e-05 2.34845966e-04 1.00039430e-06],[1.26 1.21 1.32 1.21 1.26 1.21],[1.5  1.44 1.57 1.33 1.45 1.48]
85,6,[0.04798648 0.00067164 0.00034118 0.00037855],[1.01 1.01 1.01 1.13 1.13 1.13],[1.14 1.16 1.16 1.19 1.2  1.23]
85,7,[7.48920983e-07 1.46766861e-04 1.67993459e-04 1.98067907e-04],[1.22 1.22 1.22 1.22 1.22 1.22],[1.39 1.42 1.41 1.27 1.28 1.29]
85,8,[0.00018912 0.00013719 0.00030082 0.00980927],[1.16 1.16 1.08 1.16 1.08 1.08],[1.24 1.24 1.18 1.25 1.2  1.19]
85,9,[4.99922256e-03 4.08663143e-05 8.25565048e-04 3.02091538e-05],[1.1  1.1  1.1  1.13 1.21 1.13],[1.23 1.15 1.24 1.25 1.3  1.3 ]
42,0,[7.77529050e-04 1.11376727e-05 7.34572765e-08 5.01287974e-05],[1.17 1.17 1.17 1.25 1.22 1.22],[1.31 1.45 1.27 1.49 1.37 1.53]
42,1,[0.00194407 0.00085737 0.01233377 0.00081946],[1.1  1.07 1.1  1.07 1.1  1.07],[1.14 1.11 1.15 1.13 1.16 1.15]
42,2,[4.75601103e-04 9.16493237e-09 3.11240856e-04 5.25869725e-07],[1.19 1.19 1.19 1.19 1.34 1.19],[1.49 1.22 1.39 1.49 1.67 1.42]
42,3,[1.54959739e-04 4.92566483e-05 2.03258950e-03 9.99122972e-04],[1.17 1.13 1.13 1.13 1.13 1.13],[1.29 1.22 1.24 1.25 1.25 1.18]
42,4,[1.27586740e-04 4.90012976e-05 1.26295648e-03 1.09859570e-03],[1.17 1.15 1.15 1.15 1.15 1.15],[1.29 1.24 1.23 1.27 1.26 1.22]
42,5,[1.88779970e-03 6.84271872e-05 3.54276055e-04 2.15409618e-05],[1.14 1.14 1.14 1.16 1.19 1.16],[1.25 1.19 1.27 1.28 1.33 1.34]
42,6,[6.55695195e-05 3.03052399e-03 1.73242334e-04 4.85389479e-06],[1.12 1.18 1.2  1.12 1.12 1.18],[1.24 1.27 1.35 1.2  1.31 1.4 ]
42,7,[2.05189642e-05 2.61136991e-03 3.22164295e-04 1.38269818e-09],[1.12 1.16 1.23 1.12 1.12 1.16],[1.28 1.28 1.59 1.19 1.55 1.61]
42,8,[6.81213180e-07 4.55331540e-06 4.01059082e-08 3.93414129e-05],[1.29 1.33 1.27 1.29 1.27 1.27],[1.48 1.6  1.44 1.56 1.39 1.6 ]
42,9,[3.05632836e-06 1.22311783e-03 6.65035169e-07 3.66523224e-04],[1.15 1.29 1.16 1.15 1.15 1.16],[1.34 1.48 1.35 1.4  1.2  1.44]
65,0,[5.36572090e-04 5.00240166e-06 6.04559603e-07 1.49181830e-03],[1.15 1.15 1.15 1.27 1.15 1.15],[1.33 1.39 1.2  1.49 1.32 1.42]
65,1,[4.52989346e-05 1.72658724e-05 2.74052043e-08 7.46553081e-04],[1.23 1.23 1.17 1.24 1.17 1.17],[1.36 1.54 1.28 1.57 1.29 1.55]
65,2,[4.23651208e-05 3.45736520e-03 3.61630451e-06 2.39642088e-04],[1.11 1.21 1.18 1.11 1.11 1.18],[1.25 1.38 1.27 1.32 1.2  1.39]
65,3,[1.11923375e-03 1.31491222e-03 9.76553443e-07 4.95704586e-03],[1.1 1.1 1.1 1.1 1.1 1.1],[1.15 1.35 1.14 1.35 1.13 1.35]
65,4,[7.92471688e-07 1.71831217e-03 3.32020814e-04 2.12083615e-04],[1.14 1.16 1.16 1.14 1.14 1.16],[1.36 1.37 1.37 1.2  1.21 1.28]
65,5,[0.00047384 0.00031718 0.00014488 0.0055517 ],[1.14 1.14 1.1  1.14 1.1  1.1 ],[1.21 1.25 1.17 1.25 1.18 1.23]
65,6,[1.15859840e-03 5.20358975e-05 6.47064224e-06 2.43381571e-05],[1.16 1.16 1.16 1.22 1.22 1.23],[1.25 1.33 1.29 1.39 1.32 1.45]
65,7,[2.60220203e-05 9.64880640e-04 1.92400072e-05 1.60680232e-04],[1.16 1.22 1.18 1.16 1.16 1.18],[1.29 1.35 1.32 1.28 1.24 1.38]
65,8,[8.81480854e-06 3.46762736e-04 7.30342188e-04 5.56966171e-08],[1.17 1.17 1.26 1.17 1.17 1.17],[1.32 1.32 1.51 1.22 1.47 1.49]
65,9,[3.07340176e-08 8.06888466e-07 2.13305586e-06 2.12635277e-04],[1.33 1.32 1.22 1.32 1.22 1.22],[1.64 1.59 1.49 1.53 1.41 1.44]
81,0,[1.34609812e-06 8.56311908e-06 3.80758092e-02 3.64893066e-05],[1.25 1.02 1.23 1.02 1.23 1.02],[1.42 1.33 1.4  1.28 1.34 1.23]
81,1,[0.00049888 0.00148537 0.00017838 0.00036745],[1.15 1.15 1.15 1.15 1.15 1.15],[1.19 1.24 1.21 1.21 1.2  1.27]
81,2,[1.14772385e-03 1.44536842e-05 5.20309547e-04 2.16527978e-06],[1.15 1.15 1.15 1.15 1.24 1.15],[1.29 1.19 1.35 1.3  1.41 1.39]
81,3,[1.16715648e-04 6.99925937e-05 3.66393755e-07 8.87274926e-05],[1.23 1.23 1.23 1.23 1.23 1.23],[1.31 1.46 1.28 1.44 1.32 1.5 ]
81,4,[2.68459788e-04 4.28652730e-04 4.00179608e-07 3.04181346e-04],[1.19 1.19 1.19 1.19 1.19 1.19],[1.24 1.44 1.23 1.42 1.24 1.46]
81,5,[1.06450194e-05 1.10887810e-01 5.60392899e-03 1.51576567e-04],[1.   1.06 1.17 1.   1.   1.06],[1.25 1.25 1.3  1.06 1.19 1.19]
81,6,[2.70208531e-05 4.59361260e-09 3.37277020e-03 1.34755795e-05],[1.24 1.12 1.24 1.12 1.25 1.12],[1.57 1.26 1.39 1.5  1.55 1.31]
81,7,[1.66894077e-04 1.57530498e-05 4.51099584e-07 2.18781392e-05],[1.22 1.22 1.22 1.24 1.24 1.24],[1.32 1.44 1.32 1.48 1.36 1.57]
81,8,[8.71545436e-04 1.85192631e-04 6.80950853e-07 7.41843814e-03],[1.13 1.13 1.09 1.16 1.09 1.09],[1.21 1.37 1.14 1.4  1.19 1.37]
81,9,[8.76304687e-03 9.49302275e-04 4.34377744e-03 3.76399972e-07],[1.08 1.08 1.08 1.08 1.11 1.08],[1.12 1.08 1.36 1.12 1.36 1.36]
99,0,[9.72327213e-06 2.96937627e-04 2.07607605e-07 2.24633376e-04],[1.2  1.25 1.2  1.2  1.2  1.2 ],[1.33 1.5  1.33 1.44 1.26 1.48]
99,1,[4.37199381e-02 6.22560156e-07 8.41715881e-03 1.68507443e-04],[1.01 1.01 1.01 1.05 1.16 1.05],[1.33 1.05 1.18 1.33 1.37 1.18]
99,2,[2.39741194e-04 2.50958224e-06 6.25658370e-07 8.66037867e-05],[1.21 1.21 1.21 1.29 1.21 1.21],[1.37 1.42 1.29 1.5  1.38 1.49]
99,3,[4.28632091e-07 8.90200598e-05 2.95181837e-04 1.27875301e-04],[1.2 1.2 1.2 1.2 1.2 1.2],[1.44 1.43 1.42 1.28 1.28 1.32]
99,4,[7.91801194e-05 3.35593087e-02 1.49234551e-04 9.12746095e-05],[1.02 1.18 1.18 1.02 1.02 1.18],[1.21 1.27 1.28 1.19 1.21 1.3 ]
99,5,[3.92347204e-02 4.07208323e-04 2.26915395e-07 2.84593159e-04],[1.02 1.02 1.02 1.15 1.15 1.15],[1.16 1.39 1.17 1.39 1.2  1.42]
99,6,[4.67980954e-03 4.77702821e-06 5.07699660e-04 6.89693119e-06],[1.1  1.1  1.1  1.15 1.26 1.15],[1.3  1.17 1.3  1.31 1.4  1.35]
99,7,[4.34951318e-04 9.10535278e-06 4.18968295e-07 5.20901525e-04],[1.18 1.18 1.18 1.25 1.18 1.18],[1.32 1.42 1.22 1.5  1.32 1.45]
99,8,[8.43694966e-05 6.05725324e-04 9.56084783e-05 2.84076508e-03],[1.14 1.17 1.12 1.14 1.12 1.12],[1.24 1.3  1.23 1.26 1.18 1.26]
99,9,[7.80220333e-12 3.46836426e-05 1.95362803e-05 8.34958329e-05],[1.24 1.24 1.24 1.24 1.24 1.24],[1.74 1.76 1.74 1.37 1.31 1.41]
96,0,[4.60324569e-04 1.90226934e-06 2.92002581e-06 6.83812916e-06],[1.19 1.19 1.19 1.29 1.29 1.29],[1.37 1.35 1.33 1.46 1.43 1.49]
96,1,[4.15145909e-04 7.53869734e-04 8.25764871e-04 3.07696210e-05],[1.17 1.17 1.17 1.17 1.17 1.17],[1.21 1.2  1.3  1.19 1.28 1.32]
96,2,[8.23539217e-06 3.99440743e-05 2.08997251e-03 1.10961723e-05],[1.23 1.13 1.24 1.13 1.23 1.13],[1.36 1.3  1.39 1.27 1.35 1.32]
96,3,[7.45730214e-04 1.25541212e-04 7.36203064e-03 7.21368091e-06],[1.14 1.09 1.14 1.09 1.18 1.09],[1.21 1.15 1.33 1.2  1.36 1.33]
96,4,[4.85969567e-03 1.17659513e-05 6.88038743e-06 3.89069583e-08],[1.1  1.1  1.1  1.26 1.26 1.26],[1.28 1.29 1.45 1.38 1.53 1.57]
96,5,[3.05566620e-04 1.64916409e-04 1.87609490e-02 9.24733335e-05],[1.16 1.05 1.16 1.05 1.17 1.05],[1.23 1.16 1.25 1.18 1.24 1.21]
96,6,[2.85351377e-05 2.27576304e-03 1.08300811e-03 2.44099078e-07],[1.13 1.13 1.22 1.13 1.13 1.13],[1.27 1.27 1.47 1.17 1.41 1.46]
96,7,[5.56107081e-04 8.68203939e-05 7.04855180e-04 2.87765989e-06],[1.17 1.17 1.17 1.17 1.19 1.17],[1.25 1.21 1.37 1.26 1.37 1.39]
96,8,[7.47371844e-06 5.60003599e-10 1.18074639e-09 3.75765502e-05],[1.28 1.28 1.27 1.5  1.27 1.27],[1.68 1.64 1.39 1.87 1.64 1.74]
96,9,[1.65558543e-03 5.56275973e-05 1.16859072e-03 2.32167549e-03],[1.13 1.13 1.13 1.13 1.13 1.13],[1.23 1.16 1.15 1.24 1.23 1.18]
94,0,[1.97559754e-04 4.18726213e-05 4.37712992e-04 5.23947552e-11],[1.19 1.19 1.19 1.19 1.21 1.19],[1.31 1.24 1.68 1.29 1.67 1.75]
94,1,[1.39089338e-04 1.78311555e-04 2.98047457e-04 1.16180096e-06],[1.2 1.2 1.2 1.2 1.2 1.2],[1.28 1.26 1.4  1.26 1.41 1.46]
94,2,[4.07869985e-05 4.59559008e-06 4.00236494e-07 9.20320573e-08],[1.27 1.27 1.27 1.29 1.29 1.35],[1.39 1.47 1.49 1.49 1.53 1.7 ]
94,3,[2.37439972e-04 1.58603957e-03 2.02725861e-06 1.05673327e-05],[1.14 1.18 1.18 1.14 1.14 1.25],[1.22 1.35 1.32 1.34 1.3  1.48]
94,4,[2.08691329e-05 4.45708790e-02 1.29730266e-03 3.86572034e-04],[1.01 1.12 1.14 1.01 1.01 1.12],[1.25 1.25 1.27 1.12 1.16 1.19]
94,5,[5.12621793e-05 3.95564408e-05 2.20969135e-04 2.66296400e-05],[1.21 1.21 1.21 1.21 1.21 1.21],[1.34 1.29 1.35 1.3  1.33 1.36]
94,6,[1.77700625e-05 2.82157503e-06 4.11155239e-06 7.53546085e-04],[1.25 1.25 1.17 1.27 1.17 1.17],[1.43 1.42 1.31 1.45 1.35 1.38]
94,7,[8.93528582e-05 6.45836099e-04 6.44770666e-05 3.21578032e-05],[1.18 1.19 1.19 1.18 1.18 1.19],[1.27 1.32 1.32 1.27 1.27 1.37]
94,8,[2.16144695e-03 3.30652838e-10 2.42170355e-04 2.43472547e-06],[1.13 1.13 1.13 1.17 1.3  1.17],[1.6  1.2  1.33 1.62 1.69 1.4 ]
94,9,[3.32889533e-03 1.62537339e-04 7.65640535e-05 3.20292770e-04],[1.12 1.12 1.12 1.17 1.16 1.16],[1.21 1.23 1.19 1.27 1.26 1.29]
50,0,[8.36182810e-04 4.92222242e-06 1.20528230e-02 1.83149758e-05],[1.13 1.07 1.13 1.07 1.23 1.07],[1.3  1.14 1.27 1.3  1.37 1.27]
50,1,[2.75838818e-06 4.54641982e-06 2.66973046e-06 2.06924182e-03],[1.28 1.28 1.14 1.28 1.14 1.14],[1.44 1.47 1.35 1.48 1.32 1.37]
50,2,[3.28542637e-04 3.82097645e-05 5.50665163e-06 5.28427660e-03],[1.16 1.16 1.1  1.21 1.1  1.1 ],[1.26 1.33 1.18 1.36 1.24 1.33]
50,3,[3.62031708e-03 1.66592266e-07 3.36684768e-03 2.40905603e-03],[1.12 1.12 1.12 1.12 1.12 1.12],[1.39 1.12 1.12 1.39 1.39 1.13]
50,4,[5.11889387e-05 4.83497739e-05 3.11129946e-05 5.57380121e-06],[1.26 1.26 1.26 1.26 1.26 1.26],[1.34 1.33 1.37 1.33 1.39 1.45]
50,5,[2.08705789e-03 3.02764672e-05 2.52380960e-02 9.64823777e-05],[1.1  1.04 1.1  1.04 1.18 1.04],[1.23 1.1  1.2  1.23 1.27 1.2 ]
50,6,[2.01491718e-07 2.44697140e-06 8.88376682e-03 2.49904599e-08],[1.32 1.08 1.36 1.08 1.32 1.08],[1.5  1.4  1.61 1.32 1.58 1.49]
50,7,[1.88534964e-01 1.73563298e-04 2.46030579e-04 3.75550854e-07],[1.   1.   1.   1.16 1.16 1.16],[1.18 1.17 1.37 1.23 1.4  1.47]
50,8,[2.09405780e-06 6.92826653e-07 1.82116208e-05 5.89524231e-07],[1.32 1.29 1.32 1.29 1.32 1.29],[1.55 1.44 1.49 1.49 1.52 1.55]
50,9,[2.12687780e-03 2.90578217e-02 9.02884239e-03 4.56007484e-07],[1.03 1.05 1.08 1.03 1.03 1.05],[1.08 1.08 1.35 1.05 1.35 1.35]
75,0,[2.43263952e-04 1.56947944e-08 4.07938526e-05 2.12392183e-06],[1.21 1.21 1.21 1.23 1.3  1.23],[1.51 1.29 1.38 1.53 1.58 1.46]
75,1,[1.35007498e-04 1.01221351e-03 1.26934187e-04 5.77821538e-05],[1.16 1.17 1.17 1.16 1.16 1.17],[1.23 1.29 1.3  1.25 1.26 1.35]
75,2,[5.45214227e-04 4.58592986e-03 8.46925857e-05 1.05148830e-01],[1.07 1.13 1.   1.07 1.   1.  ],[1.14 1.22 1.14 1.2  1.07 1.2 ]
75,3,[3.27747429e-06 1.41432412e-06 8.80061929e-06 1.71800937e-04],[1.29 1.28 1.22 1.28 1.22 1.22],[1.5  1.43 1.38 1.47 1.39 1.43]
75,4,[2.17924695e-03 2.41626133e-03 8.35822267e-04 1.83051201e-07],[1.13 1.13 1.13 1.13 1.13 1.13],[1.13 1.15 1.38 1.15 1.38 1.42]
75,5,[3.99950088e-06 9.25857262e-06 2.37757713e-04 7.81648000e-04],[1.25 1.17 1.17 1.17 1.17 1.17],[1.41 1.37 1.34 1.35 1.31 1.28]
75,6,[3.91190177e-06 1.41338719e-10 1.73172085e-04 1.39726453e-10],[1.3  1.22 1.3  1.22 1.55 1.22],[1.7  1.37 1.73 1.64 1.99 1.71]
75,7,[1.44190090e-05 9.36663263e-04 4.93312784e-04 9.33546656e-05],[1.16 1.16 1.18 1.16 1.16 1.16],[1.29 1.29 1.32 1.19 1.24 1.28]
75,8,[9.54333656e-04 3.01638283e-04 1.46916133e-03 6.68774389e-08],[1.15 1.15 1.15 1.15 1.15 1.15],[1.21 1.17 1.46 1.2  1.47 1.47]
75,9,[8.17657164e-09 2.03918549e-04 1.24704655e-06 2.24185932e-02],[1.18 1.31 1.04 1.18 1.04 1.04],[1.5  1.58 1.48 1.37 1.18 1.34]
