2,0,[1.47784034e-02 1.53263581e-05 4.71062437e-04 3.78225656e-06],[1.06 1.06 1.06 1.15 1.24 1.15],[1.26 1.15 1.31 1.29 1.38 1.32]
2,1,[3.26761932e-05 2.34219701e-05 6.56735272e-02 4.64542585e-03],[1.21 1.   1.07 1.   1.07 1.  ],[1.29 1.22 1.22 1.24 1.24 1.07]
2,2,[1.17430473e-02 4.50887503e-03 4.55835636e-09 2.93300545e-05],[1.07 1.07 1.07 1.07 1.07 1.22],[1.07 1.47 1.23 1.47 1.23 1.54]
2,3,[0.01144662 0.02677435 0.01099593 0.0016582 ],[1.03 1.03 1.03 1.03 1.03 1.03],[1.03 1.03 1.08 1.03 1.08 1.08]
2,4,[8.54615248e-05 7.74564780e-03 1.09491978e-05 3.16804239e-05],[1.08 1.21 1.21 1.08 1.08 1.22],[1.21 1.33 1.31 1.28 1.24 1.36]
2,5,[1.05422477e-03 1.44197203e-02 1.02902033e-04 6.31711414e-07],[1.06 1.12 1.12 1.06 1.06 1.18],[1.12 1.21 1.36 1.2  1.36 1.39]
2,6,[2.55957163e-03 1.33510875e-05 2.91911103e-04 8.04509698e-03],[1.09 1.09 1.08 1.15 1.08 1.08],[1.25 1.17 1.1  1.27 1.25 1.17]
2,7,[2.70254391e-06 1.27217864e-05 3.00358537e-04 7.48585374e-04],[1.24 1.17 1.17 1.17 1.17 1.17],[1.4  1.36 1.35 1.32 1.3  1.22]
2,8,[5.96214689e-05 1.52940578e-05 2.84822586e-04 1.54358311e-03],[1.2  1.17 1.15 1.17 1.15 1.15],[1.32 1.26 1.24 1.31 1.29 1.2 ]
2,9,[1.75430911e-06 6.67809372e-08 1.66658975e-05 6.17107640e-07],[1.33 1.29 1.33 1.29 1.33 1.29],[1.51 1.45 1.51 1.5  1.61 1.46]
10,0,[7.49540462e-06 3.20255154e-07 4.11161383e-05 1.02771705e-03],[1.26 1.23 1.16 1.23 1.16 1.16],[1.43 1.38 1.32 1.46 1.4  1.28]
10,1,[2.01220138e-02 1.49967045e-03 1.62488913e-02 1.71349558e-06],[1.02 1.02 1.02 1.02 1.09 1.02],[1.09 1.02 1.3  1.09 1.3  1.3 ]
10,2,[3.69296634e-03 8.12736768e-06 5.11063952e-04 1.16326513e-04],[1.11 1.11 1.11 1.15 1.18 1.15],[1.28 1.16 1.22 1.3  1.33 1.23]
10,3,[6.74132184e-02 3.86834917e-08 5.29010986e-04 4.88915211e-07],[1.   1.   1.   1.15 1.34 1.15],[1.43 1.15 1.36 1.44 1.58 1.38]
10,4,[5.27761016e-06 1.31064070e-05 4.84958064e-04 1.11409197e-02],[1.25 1.15 1.07 1.15 1.07 1.07],[1.33 1.32 1.3  1.29 1.27 1.16]
10,5,[1.83666637e-10 1.14764424e-01 8.08373042e-03 2.62458746e-02],[1.   1.03 1.   1.   1.   1.  ],[1.55 1.55 1.55 1.03 1.   1.03]
10,6,[2.65427471e-05 6.25364249e-04 2.60066239e-05 7.17269542e-05],[1.18 1.21 1.21 1.18 1.18 1.21],[1.27 1.34 1.33 1.29 1.26 1.35]
10,7,[9.40807094e-04 3.36445256e-05 5.63158217e-05 3.59295717e-03],[1.13 1.13 1.11 1.2  1.11 1.11],[1.24 1.25 1.15 1.3  1.24 1.24]
10,8,[4.85753735e-03 1.00624985e-04 3.42168538e-07 6.50210724e-05],[1.1 1.1 1.1 1.2 1.2 1.2],[1.2  1.38 1.23 1.42 1.28 1.43]
10,9,[2.01977876e-01 1.67557356e-02 1.98421578e-05 7.95280310e-07],[1.   1.   1.   1.02 1.02 1.23],[1.02 1.23 1.32 1.23 1.32 1.4 ]
6,0,[1.05061540e-03 2.53938160e-06 1.34579235e-02 1.76158576e-02],[1.11 1.04 1.04 1.04 1.04 1.04],[1.28 1.11 1.11 1.28 1.28 1.04]
6,1,[4.10404124e-05 4.62217906e-02 3.00543827e-07 1.00357684e-03],[1.01 1.21 1.12 1.01 1.01 1.12],[1.23 1.42 1.24 1.37 1.12 1.37]
6,2,[0.01509576 0.00202194 0.00029582 0.00059112],[1.06 1.06 1.06 1.1  1.1  1.12],[1.1  1.17 1.14 1.17 1.15 1.19]
6,3,[3.17392665e-05 1.75502876e-03 4.05590930e-05 4.46976733e-05],[1.14 1.2  1.2  1.14 1.14 1.2 ],[1.25 1.31 1.32 1.26 1.25 1.34]
6,4,[1.51588893e-05 1.07149293e-02 7.06867737e-03 1.71605392e-05],[1.07 1.07 1.23 1.07 1.07 1.07],[1.24 1.24 1.32 1.07 1.24 1.24]
6,5,[4.01862634e-06 2.41491547e-03 1.58199426e-03 3.09813950e-05],[1.13 1.13 1.22 1.13 1.13 1.13],[1.3  1.31 1.37 1.15 1.26 1.26]
6,6,[3.72879345e-02 8.55277587e-04 1.92478644e-02 2.82245605e-05],[1.02 1.02 1.02 1.02 1.11 1.02],[1.11 1.02 1.22 1.11 1.23 1.22]
6,7,[1.40810774e-05 9.70613756e-08 2.48870483e-04 1.08008437e-04],[1.24 1.21 1.21 1.21 1.21 1.21],[1.47 1.32 1.35 1.48 1.48 1.28]
6,8,[2.39807332e-04 1.79494363e-05 1.28902178e-05 1.85348387e-07],[1.21 1.21 1.21 1.24 1.24 1.24],[1.29 1.33 1.44 1.38 1.46 1.51]
6,9,[1.13694111e-05 1.43932892e-03 1.25089553e-05 7.39680141e-05],[1.15 1.24 1.21 1.15 1.15 1.21],[1.28 1.34 1.33 1.29 1.25 1.34]
18,0,[1.68849819e-02 6.09271686e-04 6.38729653e-03 7.77297879e-05],[1.05 1.05 1.05 1.06 1.12 1.06],[1.13 1.06 1.2  1.13 1.22 1.2 ]
18,1,[5.11148574e-04 7.41254111e-04 1.06604189e-04 1.38513871e-08],[1.17 1.17 1.17 1.17 1.17 1.18],[1.19 1.25 1.49 1.25 1.49 1.51]
18,2,[1.43243875e-04 3.03027081e-05 7.09053393e-04 2.89392744e-02],[1.17 1.14 1.03 1.14 1.03 1.03],[1.26 1.22 1.19 1.25 1.24 1.14]
18,3,[5.38175153e-06 1.27926340e-05 1.49747974e-02 2.77048575e-05],[1.25 1.06 1.24 1.06 1.24 1.06],[1.35 1.29 1.38 1.27 1.36 1.25]
18,4,[7.20700841e-08 2.54456181e-03 2.19735276e-04 2.69697394e-04],[1.13 1.16 1.16 1.13 1.13 1.16],[1.42 1.44 1.43 1.19 1.2  1.23]
18,5,[7.68756109e-03 6.08559373e-05 9.17312410e-07 9.01137121e-04],[1.08 1.08 1.08 1.2  1.13 1.13],[1.22 1.35 1.14 1.39 1.23 1.35]
18,6,[1.44533123e-03 2.09693462e-05 1.07923509e-05 1.60605642e-03],[1.14 1.14 1.14 1.23 1.14 1.14],[1.26 1.29 1.16 1.36 1.26 1.29]
18,7,[3.79788358e-05 1.24961655e-03 3.36403021e-04 1.12051256e-07],[1.15 1.16 1.21 1.15 1.15 1.16],[1.25 1.27 1.48 1.22 1.44 1.47]
18,8,[3.46287802e-07 1.82219125e-03 5.75112175e-06 6.50881278e-05],[1.14 1.27 1.22 1.14 1.14 1.22],[1.37 1.46 1.41 1.31 1.24 1.36]
18,9,[7.98854493e-06 8.44408392e-03 2.64132426e-05 8.16563522e-04],[1.08 1.23 1.13 1.08 1.08 1.13],[1.28 1.35 1.29 1.25 1.14 1.27]
21,0,[3.11856798e-06 1.20324484e-05 4.81592114e-03 6.96382626e-03],[1.24 1.09 1.09 1.09 1.09 1.09],[1.33 1.31 1.31 1.26 1.26 1.09]
21,1,[2.76827397e-07 8.49302521e-02 6.10265641e-06 1.16902996e-02],[1.   1.27 1.04 1.   1.   1.04],[1.36 1.43 1.36 1.27 1.04 1.27]
21,2,[3.88298625e-06 1.33567834e-02 1.18532038e-03 6.45431045e-07],[1.06 1.12 1.28 1.06 1.06 1.12],[1.3  1.31 1.46 1.12 1.36 1.38]
21,3,[0.00091116 0.00474747 0.00015439 0.00232035],[1.1  1.11 1.1  1.1  1.1  1.1 ],[1.14 1.21 1.14 1.2  1.12 1.2 ]
21,4,[1.27485320e-03 1.86785964e-03 5.72064751e-09 5.08862019e-04],[1.14 1.14 1.14 1.14 1.14 1.14],[1.14 1.48 1.18 1.48 1.18 1.48]
21,5,[2.37421353e-04 3.32672380e-06 4.39706812e-02 1.12696532e-03],[1.15 1.01 1.12 1.01 1.12 1.01],[1.31 1.17 1.2  1.31 1.32 1.12]
21,6,[3.52208718e-04 3.40365612e-06 1.13417958e-05 3.09084286e-03],[1.16 1.16 1.12 1.25 1.12 1.12],[1.31 1.3  1.19 1.4  1.31 1.29]
21,7,[3.99100910e-06 4.08353278e-08 3.25841943e-04 3.28530021e-05],[1.28 1.2  1.24 1.2  1.24 1.2 ],[1.51 1.35 1.4  1.47 1.52 1.29]
21,8,[9.69770809e-03 1.67218779e-05 6.20883179e-05 7.91637866e-11],[1.08 1.08 1.08 1.22 1.24 1.22],[1.26 1.22 1.62 1.31 1.65 1.66]
21,9,[2.26673664e-06 9.06102192e-05 4.15515852e-05 2.38724656e-05],[1.24 1.24 1.24 1.24 1.24 1.24],[1.37 1.41 1.42 1.31 1.33 1.36]
1,0,[1.38363707e-08 6.14949349e-06 1.87118353e-04 1.50804502e-03],[1.27 1.18 1.15 1.18 1.15 1.15],[1.49 1.48 1.48 1.33 1.31 1.22]
1,1,[4.61108738e-04 2.19863737e-03 1.31927492e-03 2.66918211e-05],[1.13 1.13 1.13 1.13 1.13 1.13],[1.17 1.18 1.25 1.16 1.25 1.25]
1,2,[3.55490982e-04 1.51306057e-03 9.57066679e-07 3.40113143e-04],[1.15 1.15 1.15 1.15 1.15 1.15],[1.19 1.38 1.21 1.38 1.2  1.39]
1,3,[7.55909231e-05 1.74181940e-03 3.12720003e-02 5.56785691e-05],[1.11 1.03 1.19 1.03 1.11 1.03],[1.2  1.2  1.27 1.11 1.22 1.22]
1,4,[3.30158033e-05 1.67149821e-02 2.12066166e-02 1.45907730e-10],[1.02 1.02 1.22 1.02 1.02 1.02],[1.22 1.22 1.61 1.02 1.57 1.57]
1,5,[2.82065911e-03 2.46357107e-06 6.76995065e-04 2.27784458e-11],[1.12 1.12 1.12 1.14 1.29 1.14],[1.32 1.17 1.65 1.33 1.74 1.65]
1,6,[2.82468430e-05 3.12871458e-02 2.86296533e-04 1.15237871e-04],[1.03 1.17 1.18 1.03 1.03 1.17],[1.24 1.27 1.3  1.17 1.2  1.25]
1,7,[8.50435758e-07 5.03798111e-05 1.34454441e-02 6.63692319e-04],[1.2  1.06 1.14 1.06 1.14 1.06],[1.36 1.35 1.37 1.23 1.24 1.15]
1,8,[1.49777697e-04 9.45474735e-04 8.75935955e-02 1.62713649e-06],[1.13 1.   1.17 1.   1.13 1.  ],[1.19 1.19 1.35 1.13 1.32 1.32]
1,9,[0.00037859 0.00035983 0.00065612 0.0009174 ],[1.16 1.16 1.16 1.16 1.16 1.16],[1.21 1.22 1.2  1.21 1.21 1.2 ]
16,0,[3.94549041e-04 2.78905591e-05 5.05418517e-05 1.50890322e-06],[1.2  1.2  1.2  1.22 1.22 1.22],[1.27 1.29 1.4  1.33 1.41 1.44]
16,1,[8.30342620e-03 6.01124765e-04 2.75648654e-02 1.79257927e-07],[1.05 1.03 1.05 1.03 1.12 1.03],[1.12 1.05 1.38 1.12 1.38 1.38]
16,2,[9.24342064e-03 9.98091774e-05 1.10184713e-02 1.37058120e-04],[1.06 1.06 1.06 1.06 1.17 1.06],[1.18 1.06 1.17 1.18 1.24 1.17]
16,3,[6.93387755e-03 6.11840403e-05 9.84893121e-06 8.22691434e-04],[1.09 1.09 1.09 1.2  1.13 1.13],[1.22 1.28 1.15 1.33 1.23 1.29]
16,4,[1.08678240e-02 1.73200112e-02 8.08076452e-05 6.79679890e-08],[1.04 1.04 1.04 1.04 1.04 1.19],[1.04 1.19 1.4  1.19 1.4  1.45]
16,5,[0.00866862 0.0013902  0.00056933 0.00047074],[1.08 1.08 1.08 1.11 1.11 1.12],[1.12 1.15 1.16 1.15 1.17 1.2 ]
16,6,[5.21613309e-07 3.05007392e-07 6.09379609e-05 1.48817482e-02],[1.34 1.22 1.06 1.22 1.06 1.06],[1.45 1.43 1.37 1.42 1.38 1.22]
16,7,[3.57219311e-05 2.63410378e-08 2.29131941e-04 8.71191590e-05],[1.21 1.21 1.21 1.21 1.21 1.21],[1.48 1.31 1.32 1.48 1.5  1.28]
16,8,[1.06890430e-09 1.64335388e-06 1.34013379e-02 1.68925948e-04],[1.3  1.06 1.19 1.06 1.19 1.06],[1.59 1.54 1.57 1.33 1.35 1.19]
16,9,[2.44551668e-03 1.07083354e-04 8.58561515e-05 1.06013328e-02],[1.09 1.09 1.07 1.17 1.07 1.07],[1.19 1.2  1.1  1.25 1.19 1.2 ]
33,0,[1.68614352e-02 4.37866825e-03 3.27005808e-07 2.84960682e-04],[1.05 1.05 1.05 1.07 1.07 1.15],[1.07 1.36 1.16 1.36 1.16 1.38]
33,1,[5.59455512e-02 1.04346428e-02 6.07753392e-05 2.82830843e-06],[1.   1.   1.   1.04 1.04 1.2 ],[1.04 1.2  1.29 1.2  1.29 1.36]
33,2,[1.45186185e-04 7.38520701e-05 7.47079110e-04 1.54676186e-03],[1.17 1.15 1.15 1.15 1.15 1.15],[1.26 1.24 1.22 1.25 1.24 1.18]
33,3,[9.16684914e-02 1.79610951e-04 1.83331943e-03 1.13010438e-06],[1.   1.   1.   1.11 1.17 1.11],[1.18 1.11 1.34 1.18 1.37 1.34]
33,4,[1.30456167e-05 9.96789357e-04 1.06653212e-06 6.75143643e-07],[1.16 1.27 1.27 1.16 1.16 1.31],[1.28 1.43 1.45 1.37 1.4  1.53]
33,5,[9.11064194e-07 1.13276815e-03 3.13005813e-02 7.25497610e-04],[1.12 1.03 1.12 1.03 1.12 1.03],[1.32 1.32 1.34 1.12 1.16 1.14]
33,6,[1.06309503e-07 3.53324949e-05 3.75672990e-05 9.00890469e-03],[1.22 1.22 1.08 1.22 1.08 1.08],[1.42 1.46 1.41 1.3  1.24 1.24]
33,7,[2.11443738e-04 1.19238171e-04 1.10320458e-05 2.49065834e-05],[1.21 1.21 1.21 1.21 1.21 1.22],[1.24 1.36 1.3  1.35 1.31 1.37]
33,8,[3.98738692e-03 5.73124183e-05 2.28559893e-01 1.96291440e-07],[1.08 1.   1.08 1.   1.2  1.  ],[1.2  1.08 1.37 1.2  1.41 1.37]
33,9,[4.55063898e-09 7.75655915e-07 1.05948961e-02 5.98072370e-04],[1.33 1.07 1.14 1.07 1.14 1.07],[1.54 1.49 1.49 1.35 1.35 1.15]
54,0,[5.75103988e-05 3.17571626e-03 3.33830000e-07 4.37451866e-03],[1.11 1.2  1.11 1.11 1.11 1.11],[1.21 1.4  1.21 1.37 1.11 1.37]
54,1,[1.73324858e-07 2.42689473e-04 4.47704278e-03 2.80101808e-09],[1.17 1.11 1.37 1.11 1.17 1.11],[1.39 1.39 1.64 1.19 1.52 1.52]
54,2,[1.12195567e-02 3.41282713e-02 1.40999758e-02 3.04435952e-07],[1.02 1.02 1.02 1.02 1.02 1.02],[1.02 1.02 1.34 1.02 1.34 1.34]
54,3,[3.68435292e-06 2.37866551e-04 3.34725559e-05 3.71578023e-04],[1.2  1.22 1.2  1.2  1.2  1.2 ],[1.34 1.38 1.34 1.3  1.25 1.3 ]
54,4,[6.03258714e-04 1.68786995e-08 4.60695009e-04 1.25461889e-03],[1.15 1.15 1.15 1.15 1.15 1.15],[1.45 1.22 1.18 1.46 1.45 1.2 ]
54,5,[2.77863040e-02 3.52318887e-05 7.27323013e-05 5.19451828e-03],[1.03 1.03 1.03 1.19 1.07 1.07],[1.22 1.2  1.07 1.28 1.22 1.2 ]
54,6,[3.59117715e-03 5.30721492e-05 2.41575332e-06 2.22057242e-03],[1.11 1.11 1.11 1.2  1.11 1.11],[1.22 1.32 1.13 1.36 1.23 1.32]
54,7,[3.33549817e-02 2.42113375e-05 2.54259280e-10 1.05491451e-06],[1.02 1.02 1.02 1.24 1.24 1.32],[1.24 1.58 1.34 1.64 1.43 1.68]
54,8,[3.26999988e-06 1.54984440e-02 5.41397149e-10 1.16620823e-03],[1.06 1.28 1.12 1.06 1.06 1.12],[1.31 1.61 1.31 1.56 1.12 1.56]
54,9,[0.21658856 0.00024087 0.0022947  0.01565786],[1.   1.   1.   1.08 1.02 1.02],[1.15 1.08 1.02 1.16 1.15 1.08]
11,0,[1.01762981e-02 4.41167546e-03 1.14957308e-05 9.62469037e-06],[1.07 1.07 1.07 1.07 1.07 1.24],[1.08 1.26 1.26 1.26 1.26 1.36]
11,1,[1.99881852e-06 5.35454193e-05 4.34350476e-05 2.21143241e-03],[1.21 1.21 1.13 1.21 1.13 1.13],[1.35 1.4  1.34 1.32 1.24 1.26]
11,2,[1.35470834e-04 1.47659424e-02 7.86522587e-06 6.13841880e-04],[1.06 1.17 1.14 1.06 1.06 1.14],[1.19 1.32 1.22 1.28 1.14 1.3 ]
11,3,[3.19701803e-03 5.08677379e-05 1.00613933e-05 4.91054832e-04],[1.12 1.12 1.12 1.2  1.15 1.15],[1.23 1.3  1.18 1.36 1.25 1.3 ]
11,4,[1.98118617e-04 1.01759755e-03 1.99524338e-04 1.24735008e-07],[1.16 1.16 1.16 1.16 1.16 1.16],[1.2  1.24 1.43 1.23 1.43 1.44]
11,5,[3.37019732e-04 1.42414337e-03 1.71014229e-05 1.48990448e-05],[1.15 1.16 1.16 1.15 1.15 1.23],[1.18 1.3  1.31 1.29 1.3  1.36]
11,6,[1.75150342e-05 1.47369768e-08 4.78952494e-04 1.12764693e-02],[1.24 1.15 1.07 1.15 1.07 1.07],[1.47 1.29 1.26 1.48 1.47 1.16]
11,7,[3.99432462e-04 3.63042030e-08 6.05763761e-06 3.35301415e-03],[1.16 1.16 1.12 1.27 1.12 1.12],[1.43 1.31 1.17 1.5  1.43 1.31]
11,8,[7.36635757e-05 8.66775276e-05 3.48348859e-03 1.11813918e-02],[1.18 1.08 1.07 1.08 1.07 1.07],[1.23 1.21 1.21 1.2  1.2  1.09]
11,9,[2.87983225e-03 8.16904544e-10 5.62321745e-10 1.97192578e-04],[1.12 1.12 1.12 1.52 1.18 1.18],[1.54 1.57 1.21 1.81 1.55 1.59]
48,0,[2.95720928e-06 9.91580988e-05 3.79662645e-03 5.00342423e-08],[1.2  1.11 1.29 1.11 1.2  1.11],[1.33 1.33 1.54 1.22 1.47 1.45]
48,1,[1.39379722e-03 5.32449640e-11 1.06923560e-05 2.68391190e-04],[1.15 1.15 1.15 1.25 1.17 1.17],[1.62 1.31 1.21 1.68 1.62 1.31]
48,2,[5.95909361e-03 1.16716508e-05 8.32376145e-05 4.74851939e-04],[1.1  1.1  1.1  1.19 1.15 1.15],[1.27 1.22 1.16 1.31 1.29 1.25]
48,3,[1.19583474e-03 1.97404448e-02 4.65880419e-04 2.78950862e-10],[1.05 1.12 1.12 1.05 1.05 1.13],[1.12 1.16 1.56 1.15 1.56 1.56]
48,4,[2.78407815e-06 1.39223178e-06 5.67513354e-06 5.85972161e-03],[1.29 1.29 1.1  1.29 1.1  1.1 ],[1.4  1.4  1.32 1.45 1.34 1.3 ]
48,5,[0.04992784 0.00039951 0.00880052 0.00012038],[1.01 1.01 1.01 1.05 1.14 1.05],[1.14 1.05 1.18 1.14 1.21 1.18]
48,6,[2.76965711e-04 4.26252861e-05 1.12419450e-07 1.57324918e-07],[1.21 1.21 1.21 1.23 1.23 1.36],[1.27 1.45 1.44 1.46 1.46 1.61]
48,7,[2.92757140e-05 3.59557397e-03 9.69292689e-05 4.55426200e-05],[1.11 1.21 1.21 1.11 1.11 1.21],[1.24 1.29 1.32 1.21 1.24 1.29]
48,8,[2.40184175e-02 1.15420935e-03 1.07149307e-04 4.60228058e-08],[1.04 1.04 1.04 1.12 1.12 1.18],[1.12 1.2  1.41 1.22 1.41 1.47]
48,9,[1.77584155e-04 1.43655995e-02 2.38520563e-04 7.37917719e-05],[1.06 1.16 1.16 1.06 1.06 1.16],[1.18 1.23 1.24 1.18 1.21 1.26]
38,0,[1.89549622e-06 2.17228178e-02 6.42404247e-03 4.57329952e-03],[1.04 1.05 1.05 1.04 1.04 1.05],[1.29 1.29 1.29 1.06 1.06 1.06]
38,1,[7.20126887e-06 1.55997692e-02 6.55958944e-05 1.77859305e-09],[1.06 1.22 1.26 1.06 1.06 1.22],[1.28 1.34 1.63 1.22 1.53 1.54]
38,2,[0.06759507 0.00016129 0.00053914 0.00026187],[1.   1.   1.   1.15 1.15 1.15],[1.19 1.15 1.17 1.21 1.24 1.2 ]
38,3,[2.25518335e-02 5.19875517e-04 8.47094970e-07 4.29382352e-01],[1.01 1.01 1.   1.13 1.   1.  ],[1.13 1.33 1.01 1.34 1.13 1.33]
38,4,[1.22758883e-04 2.30102581e-08 3.26633318e-05 3.89263610e-04],[1.2  1.2  1.2  1.22 1.2  1.2 ],[1.47 1.31 1.25 1.52 1.47 1.3 ]
38,5,[1.51034533e-04 1.31971560e-06 9.91697330e-04 2.11511775e-05],[1.19 1.16 1.19 1.16 1.23 1.16],[1.36 1.23 1.31 1.36 1.41 1.28]
38,6,[2.63935583e-06 2.07840986e-05 2.11379904e-04 1.06468016e-03],[1.23 1.18 1.16 1.18 1.16 1.16],[1.38 1.37 1.35 1.34 1.3  1.23]
38,7,[2.48081317e-02 1.15983113e-04 8.65199491e-04 2.79573054e-05],[1.04 1.04 1.04 1.13 1.18 1.13],[1.19 1.13 1.24 1.21 1.29 1.26]
38,8,[1.55333296e-06 7.07516076e-03 2.52939232e-05 5.11493099e-08],[1.09 1.25 1.3  1.09 1.09 1.25],[1.33 1.38 1.53 1.25 1.43 1.5 ]
38,9,[1.06055617e-07 3.20989919e-04 2.26356112e-04 1.25698305e-03],[1.16 1.16 1.15 1.16 1.15 1.15],[1.42 1.42 1.42 1.24 1.22 1.23]
0,0,[4.80373423e-03 1.64918470e-03 8.27868926e-05 5.34933869e-04],[1.1  1.1  1.1  1.11 1.11 1.13],[1.12 1.21 1.16 1.21 1.16 1.22]
0,1,[5.32569623e-04 3.43814678e-04 8.21960522e-05 6.01023098e-09],[1.18 1.18 1.18 1.18 1.18 1.19],[1.2  1.27 1.51 1.28 1.51 1.52]
0,2,[3.68501087e-08 7.76426030e-05 1.36078274e-02 5.61733528e-06],[1.21 1.06 1.27 1.06 1.21 1.06],[1.44 1.44 1.52 1.21 1.33 1.3 ]
0,3,[1.07050267e-04 6.99596543e-03 6.91551560e-05 9.92432750e-06],[1.09 1.19 1.19 1.09 1.09 1.19],[1.2  1.28 1.32 1.22 1.27 1.33]
0,4,[4.08541609e-04 3.02814804e-05 4.19013281e-04 6.81915956e-04],[1.17 1.17 1.17 1.17 1.17 1.17],[1.27 1.22 1.22 1.27 1.28 1.22]
0,5,[2.35221384e-02 1.09482867e-04 1.62244869e-02 8.81324787e-05],[1.02 1.02 1.02 1.02 1.17 1.02],[1.18 1.02 1.19 1.18 1.25 1.19]
0,6,[2.37246266e-06 1.50134172e-07 5.92157062e-07 8.06592484e-08],[1.36 1.36 1.36 1.36 1.37 1.36],[1.49 1.52 1.56 1.6  1.62 1.58]
0,7,[1.38031778e-07 2.18201561e-03 1.23283060e-03 2.09014863e-04],[1.13 1.13 1.16 1.13 1.13 1.13],[1.39 1.39 1.4  1.15 1.21 1.21]
0,8,[6.80224563e-05 3.02113345e-05 1.05140786e-05 5.64631007e-02],[1.22 1.22 1.   1.22 1.   1.  ],[1.29 1.34 1.22 1.35 1.24 1.27]
0,9,[1.62294802e-07 4.67455925e-06 4.11365696e-03 4.04139311e-07],[1.3  1.11 1.35 1.11 1.3  1.11],[1.46 1.41 1.56 1.31 1.5  1.38]
27,0,[2.39457913e-03 2.81958888e-06 8.58231747e-04 1.05546976e-07],[1.13 1.13 1.13 1.13 1.29 1.13],[1.31 1.17 1.42 1.31 1.48 1.42]
27,1,[0.01068944 0.00878447 0.00018365 0.00586878],[1.05 1.05 1.05 1.05 1.05 1.05],[1.05 1.15 1.05 1.15 1.05 1.15]
27,2,[9.71582600e-03 2.37172761e-07 4.51039640e-06 5.47366644e-05],[1.08 1.08 1.08 1.27 1.22 1.22],[1.38 1.3  1.23 1.46 1.41 1.36]
27,3,[1.87677861e-03 4.52648555e-05 2.00975160e-03 3.84325943e-04],[1.13 1.13 1.13 1.13 1.14 1.13],[1.23 1.15 1.19 1.23 1.25 1.19]
27,4,[1.14812592e-05 6.13096176e-06 1.17665479e-04 2.93170583e-04],[1.25 1.21 1.21 1.21 1.21 1.21],[1.37 1.34 1.33 1.38 1.35 1.27]
27,5,[8.77035792e-07 1.00669172e-03 2.43916092e-02 4.18786867e-05],[1.13 1.04 1.21 1.04 1.13 1.04],[1.33 1.33 1.39 1.13 1.23 1.23]
27,6,[1.17163121e-02 3.00498584e-03 3.77333615e-05 5.94909020e-05],[1.07 1.07 1.07 1.09 1.09 1.2 ],[1.09 1.23 1.21 1.23 1.21 1.29]
27,7,[4.40041359e-07 2.60474710e-06 1.33606391e-04 8.99483190e-08],[1.31 1.23 1.35 1.23 1.31 1.23],[1.48 1.43 1.59 1.4  1.54 1.48]
27,8,[7.95972956e-04 1.18723840e-03 4.33025594e-03 4.31982646e-05],[1.11 1.11 1.11 1.11 1.11 1.11],[1.15 1.15 1.25 1.14 1.25 1.25]
27,9,[9.01175056e-04 7.35076444e-11 5.32077924e-03 4.08639477e-02],[1.11 1.07 1.01 1.07 1.01 1.01],[1.57 1.12 1.12 1.57 1.57 1.07]
78,0,[2.73846406e-07 3.07527635e-05 2.82705050e-05 3.76911737e-03],[1.22 1.22 1.11 1.22 1.11 1.11],[1.4  1.44 1.39 1.33 1.25 1.26]
78,1,[0.03536586 0.00560595 0.00020843 0.00448942],[1.02 1.02 1.02 1.05 1.05 1.05],[1.06 1.15 1.07 1.15 1.07 1.15]
78,2,[1.65946981e-05 2.29073032e-04 4.03169414e-06 1.01346228e-03],[1.17 1.24 1.16 1.17 1.16 1.16],[1.3  1.4  1.29 1.36 1.23 1.36]
78,3,[2.70077369e-06 8.62131430e-04 4.97333540e-03 8.25203007e-04],[1.11 1.1  1.11 1.1  1.11 1.1 ],[1.3  1.3  1.31 1.15 1.17 1.15]
78,4,[8.33013801e-03 5.91371812e-04 5.30865326e-05 9.76358812e-06],[1.08 1.08 1.08 1.14 1.14 1.2 ],[1.15 1.23 1.28 1.26 1.29 1.34]
78,5,[1.10816176e-05 1.77361585e-04 9.49541780e-04 1.38283252e-04],[1.17 1.16 1.17 1.16 1.17 1.16],[1.31 1.31 1.33 1.23 1.26 1.23]
78,6,[1.74333380e-05 7.52620677e-04 1.24518277e-03 2.77909781e-02],[1.12 1.12 1.03 1.12 1.03 1.03],[1.25 1.26 1.25 1.16 1.14 1.12]
78,7,[4.35009029e-03 1.15940349e-01 5.13591933e-05 1.72201675e-08],[1.   1.07 1.07 1.   1.   1.2 ],[1.07 1.21 1.45 1.21 1.45 1.5 ]
78,8,[1.78669570e-02 2.11510088e-03 7.82620389e-04 3.22499716e-05],[1.05 1.05 1.05 1.1  1.1  1.11],[1.1  1.13 1.24 1.14 1.24 1.24]
78,9,[7.80972994e-05 8.21883142e-05 4.68963024e-03 3.18524086e-04],[1.18 1.1  1.17 1.1  1.17 1.1 ],[1.26 1.23 1.26 1.22 1.25 1.18]
19,0,[4.82278894e-05 3.16374646e-04 3.31109603e-05 9.22224089e-03],[1.17 1.2  1.08 1.17 1.08 1.08],[1.24 1.31 1.23 1.27 1.17 1.24]
19,1,[3.42000039e-08 1.71671953e-03 1.16777703e-05 1.45940348e-02],[1.11 1.25 1.06 1.11 1.06 1.06],[1.43 1.51 1.43 1.26 1.11 1.26]
19,2,[9.11194910e-04 1.08129446e-02 1.77541892e-05 2.22232804e-07],[1.07 1.13 1.13 1.07 1.07 1.23],[1.13 1.26 1.38 1.26 1.38 1.46]
19,3,[1.22422147e-05 1.99880742e-06 4.33537502e-05 1.39429067e-02],[1.25 1.23 1.06 1.23 1.06 1.06],[1.37 1.33 1.27 1.37 1.33 1.23]
19,4,[5.02280575e-06 3.01001462e-02 2.52668546e-04 1.66779073e-05],[1.03 1.17 1.24 1.03 1.03 1.17],[1.3  1.33 1.39 1.17 1.26 1.3 ]
19,5,[6.03019357e-03 1.55231877e-03 3.30481406e-05 2.29721745e-03],[1.1 1.1 1.1 1.1 1.1 1.1],[1.12 1.23 1.11 1.23 1.12 1.23]
19,6,[1.79753658e-02 1.89471365e-04 4.41127435e-08 3.67463890e-05],[1.05 1.05 1.05 1.18 1.18 1.21],[1.18 1.44 1.23 1.45 1.27 1.5 ]
19,7,[1.98021770e-03 4.01505772e-05 3.44858586e-10 1.44910455e-04],[1.14 1.14 1.14 1.21 1.19 1.19],[1.24 1.58 1.23 1.61 1.29 1.59]
19,8,[2.94778119e-04 8.11948976e-04 1.68700070e-06 2.81813537e-05],[1.17 1.17 1.17 1.17 1.17 1.22],[1.2  1.35 1.29 1.35 1.29 1.43]
19,9,[5.32445499e-05 1.43904975e-05 6.15205598e-04 1.85955695e-04],[1.2  1.18 1.18 1.18 1.18 1.18],[1.35 1.26 1.31 1.32 1.33 1.24]
45,0,[1.81056100e-02 1.25575239e-05 1.30281446e-05 6.97348192e-03],[1.05 1.05 1.05 1.23 1.06 1.06],[1.25 1.25 1.06 1.33 1.25 1.25]
45,1,[1.13939818e-03 7.96852122e-05 6.07712897e-04 4.13590348e-05],[1.15 1.15 1.15 1.15 1.19 1.15],[1.23 1.19 1.27 1.24 1.31 1.28]
45,2,[4.37355140e-05 2.20830901e-02 2.39205660e-08 6.96238731e-03],[1.04 1.21 1.06 1.04 1.04 1.06],[1.22 1.47 1.22 1.42 1.06 1.42]
45,3,[3.69093459e-04 1.84399787e-02 2.49118768e-06 6.10281886e-04],[1.05 1.14 1.14 1.05 1.05 1.14],[1.16 1.32 1.2  1.32 1.14 1.32]
45,4,[4.42184248e-06 3.42479125e-03 7.66561121e-08 2.76201079e-06],[1.12 1.29 1.29 1.12 1.12 1.29],[1.3  1.52 1.39 1.43 1.32 1.53]
45,5,[9.27335092e-06 6.40078976e-03 2.56273337e-02 1.48586615e-03],[1.06 1.03 1.09 1.03 1.06 1.03],[1.26 1.26 1.26 1.06 1.1  1.1 ]
45,6,[4.51792439e-03 1.46813627e-02 1.30010868e-06 2.55102191e-03],[1.06 1.07 1.07 1.06 1.06 1.07],[1.07 1.31 1.09 1.31 1.09 1.31]
45,7,[6.23667990e-05 5.29231402e-04 8.79005483e-04 5.90877090e-05],[1.16 1.16 1.18 1.16 1.16 1.16],[1.25 1.27 1.3  1.21 1.27 1.26]
45,8,[1.86283613e-01 2.31147530e-04 1.27586585e-02 4.72687375e-07],[1.   1.   1.   1.03 1.16 1.03],[1.16 1.03 1.35 1.16 1.36 1.35]
45,9,[9.29814693e-07 1.30070386e-05 1.00313511e-04 8.20430286e-08],[1.26 1.24 1.32 1.24 1.26 1.24],[1.42 1.41 1.58 1.34 1.52 1.49]
68,0,[9.60089110e-03 3.75834422e-06 1.20970712e-06 2.06860535e-03],[1.08 1.08 1.08 1.28 1.1  1.1 ],[1.29 1.34 1.1  1.42 1.29 1.34]
68,1,[5.19439079e-05 5.07978085e-03 9.72089076e-12 1.83336404e-04],[1.1  1.2  1.18 1.1  1.1  1.18],[1.22 1.68 1.27 1.67 1.2  1.69]
68,2,[1.10724221e-04 4.79744944e-08 4.74988842e-03 6.81543100e-06],[1.2  1.1  1.2  1.1  1.26 1.1 ],[1.43 1.2  1.34 1.43 1.51 1.3 ]
68,3,[2.64895645e-02 6.59686917e-03 5.75524940e-05 1.87321628e-02],[1.02 1.02 1.02 1.04 1.02 1.02],[1.04 1.19 1.02 1.19 1.04 1.19]
68,4,[1.33508770e-05 2.52906999e-05 2.22052376e-04 4.00016174e-05],[1.22 1.21 1.22 1.21 1.22 1.21],[1.34 1.33 1.36 1.33 1.36 1.31]
68,5,[3.70708136e-02 7.92615624e-03 7.97001789e-05 1.20107606e-07],[1.02 1.02 1.02 1.05 1.05 1.19],[1.05 1.19 1.38 1.19 1.38 1.43]
68,6,[4.42137718e-05 2.70419441e-07 9.43390959e-05 1.68905923e-04],[1.22 1.22 1.22 1.22 1.22 1.22],[1.43 1.33 1.3  1.47 1.43 1.28]
68,7,[3.66641844e-03 6.70700771e-04 2.56523204e-06 3.00206955e-01],[1.08 1.08 1.   1.12 1.   1.  ],[1.13 1.3  1.08 1.31 1.13 1.3 ]
68,8,[9.32562595e-04 1.54949385e-03 1.65737344e-06 6.39737056e-05],[1.14 1.14 1.14 1.14 1.14 1.2 ],[1.16 1.34 1.25 1.34 1.25 1.39]
68,9,[3.94670616e-04 1.07598656e-05 5.24659269e-07 5.53368379e-03],[1.16 1.16 1.1  1.25 1.1  1.1 ],[1.28 1.4  1.17 1.45 1.28 1.37]
22,0,[7.37611849e-05 3.15196294e-04 1.20097089e-02 1.53003360e-03],[1.14 1.07 1.11 1.07 1.11 1.07],[1.22 1.21 1.21 1.17 1.17 1.12]
22,1,[1.69633035e-04 2.00300734e-05 5.85817502e-06 5.93391770e-05],[1.22 1.22 1.22 1.23 1.22 1.22],[1.29 1.38 1.29 1.39 1.33 1.4 ]
22,2,[2.32057240e-09 1.25348976e-02 1.30878970e-04 2.39263110e-07],[1.06 1.19 1.36 1.06 1.06 1.19],[1.53 1.54 1.72 1.19 1.39 1.41]
22,3,[8.47107401e-03 3.92574843e-06 2.89032658e-02 1.63485800e-03],[1.05 1.03 1.05 1.03 1.09 1.03],[1.28 1.05 1.1  1.28 1.28 1.1 ]
22,4,[5.00561702e-05 8.49195735e-06 3.93673155e-05 5.19348410e-07],[1.26 1.26 1.26 1.26 1.26 1.26],[1.35 1.34 1.45 1.37 1.47 1.45]
22,5,[6.28260963e-04 7.12169235e-09 4.97389016e-05 1.57330341e-04],[1.18 1.18 1.18 1.21 1.19 1.19],[1.49 1.26 1.24 1.52 1.53 1.29]
22,6,[1.11716255e-03 3.11824895e-02 1.32205280e-07 3.59146293e-04],[1.03 1.12 1.12 1.03 1.03 1.14],[1.12 1.39 1.18 1.39 1.16 1.41]
22,7,[6.76847796e-04 2.74664833e-06 1.38387968e-03 4.49571969e-06],[1.15 1.15 1.15 1.15 1.27 1.15],[1.31 1.18 1.33 1.31 1.43 1.33]
22,8,[0.0002332  0.00164551 0.00600713 0.00279897],[1.09 1.09 1.09 1.09 1.09 1.09],[1.16 1.16 1.16 1.12 1.12 1.11]
22,9,[7.09447126e-05 2.19086581e-02 7.75003959e-06 1.29084922e-01],[1.01 1.19 1.   1.01 1.   1.  ],[1.19 1.32 1.19 1.26 1.01 1.26]
67,0,[2.13092088e-03 1.67150677e-04 1.81000658e-07 3.71622638e-04],[1.13 1.13 1.13 1.17 1.16 1.16],[1.2  1.42 1.19 1.42 1.22 1.43]
67,1,[8.52129589e-09 7.27222746e-05 1.46659644e-05 3.82868796e-06],[1.25 1.26 1.28 1.25 1.25 1.26],[1.51 1.55 1.6  1.36 1.38 1.45]
67,2,[2.75511270e-07 9.76225769e-05 1.75912672e-05 4.96599368e-04],[1.2  1.23 1.19 1.2  1.19 1.19],[1.41 1.46 1.42 1.34 1.26 1.3 ]
67,3,[1.40182361e-02 6.31109980e-04 6.30082837e-05 2.86151103e-04],[1.06 1.06 1.06 1.14 1.14 1.15],[1.14 1.22 1.17 1.24 1.2  1.26]
67,4,[2.34758402e-02 1.14791722e-03 4.10568586e-05 1.00367267e-05],[1.04 1.04 1.04 1.12 1.12 1.21],[1.12 1.23 1.27 1.24 1.28 1.34]
67,5,[2.43073285e-04 1.09399581e-08 1.51265325e-04 3.57785845e-09],[1.21 1.21 1.21 1.21 1.44 1.21],[1.49 1.28 1.57 1.53 1.73 1.56]
67,6,[0.00113321 0.00040559 0.00872128 0.0048811 ],[1.1  1.08 1.08 1.08 1.08 1.08],[1.15 1.12 1.12 1.15 1.15 1.09]
67,7,[4.10516363e-05 6.99438493e-04 2.72579817e-02 1.10037758e-06],[1.14 1.03 1.21 1.03 1.14 1.03],[1.23 1.23 1.39 1.14 1.35 1.34]
67,8,[3.89608849e-03 3.08415888e-05 1.18207013e-08 1.07283737e-03],[1.11 1.11 1.11 1.22 1.12 1.12],[1.24 1.46 1.15 1.49 1.25 1.46]
67,9,[1.51903811e-05 6.77107548e-06 3.21560023e-03 4.92731879e-03],[1.24 1.1  1.1  1.1  1.1  1.1 ],[1.31 1.25 1.25 1.28 1.28 1.11]
47,0,[8.55424302e-05 1.74542008e-02 3.25899217e-07 3.95040096e-04],[1.05 1.19 1.16 1.05 1.05 1.16],[1.21 1.41 1.25 1.38 1.16 1.4 ]
47,1,[2.42354045e-06 9.57027059e-06 6.69981337e-09 5.85180485e-05],[1.27 1.3  1.26 1.27 1.26 1.26],[1.39 1.65 1.43 1.58 1.37 1.58]
47,2,[2.76504515e-05 9.54575574e-05 2.82265456e-04 8.63027630e-01],[1.19 1.17 1.   1.17 1.   1.  ],[1.28 1.27 1.24 1.25 1.21 1.17]
47,3,[6.29356638e-03 1.00112972e-05 3.74953330e-05 1.45463097e-02],[1.06 1.06 1.06 1.21 1.06 1.06],[1.25 1.22 1.07 1.32 1.25 1.22]
47,4,[1.93429199e-02 5.50586835e-03 2.68364570e-05 2.30635159e-07],[1.05 1.05 1.05 1.06 1.06 1.22],[1.06 1.23 1.36 1.23 1.36 1.44]
47,5,[2.43855051e-03 2.59638232e-04 3.36764068e-02 9.30349433e-07],[1.09 1.02 1.09 1.02 1.15 1.02],[1.16 1.09 1.33 1.16 1.35 1.33]
47,6,[5.89249103e-07 2.64537741e-02 1.30835320e-09 3.37956006e-06],[1.03 1.34 1.31 1.03 1.03 1.31],[1.36 1.69 1.46 1.53 1.31 1.63]
47,7,[3.78980734e-06 6.76684223e-05 8.39062371e-03 2.32156427e-03],[1.2  1.08 1.1  1.08 1.1  1.08],[1.31 1.29 1.29 1.22 1.22 1.11]
47,8,[2.20315528e-05 3.33723849e-06 3.65984146e-05 3.84105164e-05],[1.27 1.27 1.27 1.27 1.27 1.27],[1.39 1.35 1.35 1.42 1.4  1.34]
47,9,[7.53622810e-04 3.62430631e-03 5.34964797e-05 4.01559541e-06],[1.11 1.14 1.14 1.11 1.11 1.2 ],[1.14 1.24 1.31 1.24 1.31 1.36]
63,0,[0.00602061 0.16646619 0.00023289 0.00043038],[1.   1.06 1.06 1.   1.   1.14],[1.06 1.16 1.14 1.16 1.14 1.19]
63,1,[1.28276003e-06 8.36212877e-09 1.21100200e-05 2.93363464e-05],[1.31 1.28 1.28 1.28 1.28 1.28],[1.54 1.45 1.44 1.57 1.59 1.41]
63,2,[1.80560473e-06 1.30960172e-04 4.07086011e-04 6.88617704e-04],[1.17 1.17 1.17 1.17 1.17 1.17],[1.36 1.36 1.37 1.26 1.25 1.22]
63,3,[3.08464482e-05 1.19617272e-03 2.44384378e-06 6.56871375e-07],[1.15 1.24 1.24 1.15 1.15 1.3 ],[1.25 1.4  1.41 1.35 1.38 1.49]
63,4,[5.31425592e-03 2.75343590e-02 3.23965647e-03 7.93199576e-05],[1.03 1.07 1.07 1.03 1.03 1.07],[1.07 1.08 1.19 1.08 1.19 1.19]
63,5,[7.00426908e-06 6.30662167e-03 5.49260750e-04 3.78572560e-02],[1.06 1.13 1.02 1.06 1.02 1.02],[1.26 1.28 1.26 1.13 1.06 1.13]
63,6,[9.66090169e-07 2.93915306e-04 6.09126839e-02 8.97205102e-05],[1.17 1.   1.19 1.   1.17 1.  ],[1.34 1.34 1.37 1.17 1.23 1.21]
63,7,[5.50892480e-05 8.99234426e-04 1.73887937e-04 1.45486123e-06],[1.16 1.18 1.2  1.16 1.16 1.18],[1.24 1.29 1.39 1.22 1.37 1.41]
63,8,[3.36343639e-03 1.91040872e-03 1.01778501e-04 6.70713886e-06],[1.12 1.12 1.12 1.12 1.12 1.18],[1.12 1.21 1.3  1.21 1.3  1.34]
63,9,[1.15765286e-02 1.47295288e-06 6.22155388e-02 9.18474487e-04],[1.04 1.   1.04 1.   1.11 1.  ],[1.31 1.04 1.11 1.31 1.31 1.11]
9,0,[3.04231106e-06 5.27409402e-05 3.49570133e-07 2.62513434e-03],[1.22 1.29 1.13 1.22 1.13 1.13],[1.36 1.49 1.33 1.44 1.26 1.39]
9,1,[3.24706831e-02 2.61156335e-04 7.53947019e-04 7.60351989e-06],[1.02 1.02 1.02 1.13 1.15 1.13],[1.17 1.13 1.28 1.2  1.31 1.3 ]
9,2,[3.67882484e-05 2.10535428e-03 1.50157170e-06 2.29062412e-03],[1.13 1.21 1.13 1.13 1.13 1.13],[1.24 1.39 1.24 1.34 1.14 1.34]
9,3,[3.50874568e-04 1.40099712e-03 2.60928125e-03 5.89880611e-09],[1.13 1.13 1.14 1.13 1.13 1.13],[1.18 1.18 1.49 1.15 1.49 1.49]
9,4,[4.04197408e-05 9.75557866e-05 2.73877904e-05 7.04566908e-06],[1.24 1.24 1.24 1.24 1.24 1.24],[1.28 1.36 1.37 1.33 1.34 1.41]
9,5,[6.80193932e-08 4.48809766e-04 2.42376563e-10 7.87942605e-05],[1.19 1.4  1.21 1.19 1.19 1.21],[1.43 1.76 1.46 1.61 1.26 1.63]
9,6,[3.48722034e-03 4.34076389e-03 5.00642138e-05 2.50390865e-02],[1.06 1.06 1.04 1.06 1.04 1.04],[1.08 1.2  1.08 1.2  1.07 1.2 ]
9,7,[5.76103760e-06 1.32917503e-06 4.19891313e-06 2.55017007e-06],[1.33 1.33 1.33 1.33 1.33 1.33],[1.41 1.44 1.46 1.45 1.53 1.46]
9,8,[5.30891335e-03 5.72736966e-05 1.66458953e-01 2.75364202e-02],[1.05 1.   1.   1.   1.   1.  ],[1.19 1.05 1.05 1.19 1.19 1.  ]
9,9,[5.18101223e-04 3.15164781e-02 2.35151244e-03 4.41886994e-05],[1.03 1.1  1.13 1.03 1.03 1.1 ],[1.15 1.15 1.23 1.1  1.22 1.23]
15,0,[1.99654164e-05 6.07198540e-04 1.64834294e-06 7.66531094e-06],[1.18 1.25 1.25 1.18 1.18 1.26],[1.28 1.41 1.37 1.36 1.32 1.48]
15,1,[7.71883495e-06 1.68130394e-01 1.35181792e-03 6.29377950e-09],[1.   1.12 1.26 1.   1.   1.12],[1.28 1.29 1.56 1.12 1.47 1.47]
15,2,[7.14876391e-07 2.65017835e-05 7.93721618e-03 6.42992127e-03],[1.22 1.08 1.08 1.08 1.08 1.08],[1.37 1.33 1.33 1.23 1.23 1.08]
15,3,[1.06696467e-05 1.24140068e-04 7.93598357e-04 4.75211939e-06],[1.2  1.17 1.25 1.17 1.2  1.17],[1.32 1.32 1.39 1.25 1.37 1.34]
15,4,[8.57688720e-09 2.06788354e-07 4.67885344e-04 3.18284442e-03],[1.37 1.15 1.12 1.15 1.12 1.12],[1.55 1.49 1.49 1.41 1.41 1.18]
15,5,[2.15457442e-07 3.37624488e-04 8.44390251e-04 4.24692117e-08],[1.17 1.17 1.36 1.17 1.17 1.17],[1.39 1.39 1.56 1.22 1.45 1.45]
15,6,[3.65549973e-02 1.70111769e-04 8.25408314e-04 1.31625954e-05],[1.02 1.02 1.02 1.13 1.16 1.13],[1.18 1.13 1.26 1.2  1.3  1.28]
15,7,[2.96033864e-09 9.71121995e-06 9.15559424e-04 4.11652756e-03],[1.25 1.13 1.11 1.13 1.11 1.11],[1.52 1.5  1.5  1.28 1.28 1.16]
15,8,[3.19533537e-04 5.74124397e-07 2.43354891e-06 1.04948238e-02],[1.16 1.16 1.07 1.3  1.07 1.07],[1.35 1.33 1.17 1.44 1.35 1.32]
15,9,[4.48532329e-08 5.75143102e-06 5.90621963e-04 3.09630435e-04],[1.27 1.18 1.18 1.18 1.18 1.18],[1.49 1.47 1.47 1.34 1.35 1.22]
26,0,[2.94217543e-05 1.63811811e-05 3.33586151e-04 1.57075095e-05],[1.23 1.2  1.23 1.2  1.23 1.2 ],[1.34 1.31 1.37 1.33 1.4  1.32]
26,1,[8.19505498e-04 1.41476232e-03 4.09351375e-08 1.82702847e-04],[1.15 1.15 1.15 1.15 1.15 1.16],[1.16 1.44 1.21 1.44 1.21 1.46]
26,2,[6.25478584e-04 5.70144702e-03 1.77471740e-05 4.56796302e-02],[1.06 1.12 1.01 1.06 1.01 1.01],[1.12 1.25 1.12 1.24 1.06 1.24]
26,3,[9.67094689e-08 6.82166372e-03 1.66063878e-03 9.15553027e-06],[1.09 1.11 1.26 1.09 1.09 1.11],[1.41 1.41 1.5  1.12 1.28 1.29]
26,4,[3.47595481e-06 2.75617748e-05 6.95443483e-03 1.10610321e-04],[1.22 1.09 1.2  1.09 1.2  1.09],[1.34 1.31 1.35 1.26 1.31 1.21]
26,5,[2.66973246e-05 3.95317376e-07 7.69527314e-04 4.50649837e-04],[1.22 1.17 1.17 1.17 1.17 1.17],[1.41 1.28 1.29 1.4  1.4  1.2 ]
26,6,[1.95206300e-04 5.08654821e-02 4.76735702e-03 3.63198229e-06],[1.   1.07 1.16 1.   1.   1.07],[1.17 1.17 1.31 1.07 1.29 1.29]
26,7,[7.59656229e-07 2.41194398e-10 1.48229109e-03 1.69151532e-03],[1.34 1.14 1.14 1.14 1.14 1.14],[1.63 1.36 1.36 1.58 1.58 1.16]
26,8,[9.25256272e-09 2.44797934e-06 3.51982153e-06 2.25439269e-04],[1.29 1.29 1.21 1.29 1.21 1.21],[1.57 1.6  1.53 1.47 1.38 1.36]
26,9,[0.01969728 0.00016601 0.00091689 0.00533366],[1.05 1.05 1.05 1.11 1.07 1.07],[1.17 1.12 1.07 1.19 1.17 1.12]
36,0,[1.83151188e-07 1.54711466e-09 6.30993938e-04 7.42662343e-06],[1.38 1.18 1.29 1.18 1.29 1.18],[1.62 1.44 1.54 1.57 1.63 1.33]
36,1,[6.26894368e-08 8.67297359e-04 3.96856048e-06 6.03447086e-04],[1.17 1.28 1.17 1.17 1.17 1.17],[1.43 1.51 1.43 1.33 1.2  1.33]
36,2,[1.66956428e-06 4.53223940e-04 5.00841326e-02 5.00995634e-04],[1.13 1.   1.13 1.   1.13 1.  ],[1.32 1.32 1.33 1.15 1.2  1.15]
36,3,[2.64097779e-06 1.75188961e-06 3.27391266e-03 4.06592070e-03],[1.29 1.11 1.11 1.11 1.11 1.11],[1.39 1.3  1.3  1.32 1.32 1.12]
36,4,[8.02468497e-06 1.54210825e-04 4.00549904e-08 5.55787155e-04],[1.19 1.26 1.18 1.19 1.18 1.18],[1.32 1.53 1.32 1.48 1.23 1.47]
36,5,[5.35654554e-05 9.34085319e-07 3.67291236e-02 7.78324764e-04],[1.2  1.02 1.13 1.02 1.13 1.02],[1.36 1.22 1.24 1.34 1.34 1.13]
36,6,[4.23108382e-04 3.19305187e-06 1.62335326e-06 1.68872395e-03],[1.16 1.16 1.14 1.29 1.14 1.14],[1.31 1.34 1.19 1.44 1.31 1.36]
36,7,[0.0006281  0.00022995 0.00205072 0.02166119],[1.12 1.1  1.04 1.1  1.04 1.04],[1.18 1.15 1.14 1.18 1.17 1.1 ]
36,8,[2.15035531e-07 2.90257539e-04 2.43229533e-06 1.04869524e-03],[1.17 1.3  1.16 1.17 1.16 1.16],[1.4  1.51 1.4  1.36 1.22 1.34]
36,9,[5.79904477e-05 9.41766269e-03 1.91553191e-03 3.59641804e-04],[1.08 1.1  1.14 1.08 1.08 1.1 ],[1.21 1.21 1.25 1.11 1.16 1.17]
8,0,[3.48450598e-06 1.17748397e-07 2.77962437e-04 6.37782726e-04],[1.28 1.18 1.18 1.18 1.18 1.18],[1.47 1.36 1.34 1.45 1.44 1.24]
8,1,[0.02515508 0.00082144 0.00544262 0.00218127],[1.04 1.04 1.04 1.06 1.08 1.06],[1.12 1.06 1.1  1.12 1.13 1.1 ]
8,2,[2.65057420e-05 1.23552632e-04 1.96858438e-04 1.02770610e-08],[1.22 1.22 1.22 1.22 1.22 1.22],[1.3  1.31 1.56 1.28 1.55 1.52]
8,3,[1.27807748e-06 1.03502856e-03 1.67829193e-05 7.94990676e-06],[1.16 1.26 1.26 1.16 1.16 1.26],[1.35 1.42 1.43 1.29 1.32 1.39]
8,4,[9.27952610e-02 4.49915778e-03 1.26332832e-06 6.49231898e-06],[1.   1.   1.   1.07 1.07 1.27],[1.07 1.32 1.27 1.32 1.27 1.41]
8,5,[1.59685556e-04 4.58434851e-06 3.97913389e-07 7.41417359e-06],[1.22 1.22 1.22 1.28 1.28 1.28],[1.33 1.43 1.33 1.5  1.4  1.53]
8,6,[7.90805966e-04 7.72492890e-05 2.77965444e-04 5.54400853e-05],[1.17 1.17 1.17 1.17 1.19 1.17],[1.24 1.22 1.27 1.28 1.32 1.29]
8,7,[9.47000280e-05 6.40786528e-05 5.59592675e-04 1.23266815e-02],[1.18 1.15 1.07 1.15 1.07 1.07],[1.25 1.22 1.21 1.24 1.22 1.15]
8,8,[2.63495607e-06 9.42966090e-04 9.40183462e-06 1.29141078e-07],[1.16 1.27 1.29 1.16 1.16 1.27],[1.33 1.41 1.47 1.31 1.43 1.51]
8,9,[4.70754186e-03 2.60113388e-02 9.06078250e-06 2.87164145e-03],[1.03 1.07 1.07 1.03 1.03 1.07],[1.07 1.25 1.09 1.25 1.09 1.25]
37,0,[2.15821875e-02 9.02439678e-03 1.04051726e-05 1.83016668e-08],[1.04 1.04 1.04 1.05 1.05 1.25],[1.05 1.26 1.43 1.26 1.43 1.53]
37,1,[7.90037913e-03 3.43884000e-06 1.51141592e-02 8.19297829e-04],[1.06 1.06 1.06 1.06 1.12 1.06],[1.29 1.06 1.12 1.29 1.29 1.12]
37,2,[0.0003142  0.01189547 0.00051834 0.11603503],[1.04 1.13 1.   1.04 1.   1.  ],[1.15 1.18 1.15 1.13 1.04 1.13]
37,3,[1.30157396e-03 7.83931114e-06 2.12777130e-05 1.68426098e-04],[1.15 1.15 1.15 1.23 1.18 1.18],[1.29 1.27 1.22 1.36 1.3  1.31]
37,4,[1.63122688e-03 2.59536280e-05 1.31862349e-05 2.95531826e-04],[1.14 1.14 1.14 1.23 1.17 1.17],[1.26 1.29 1.2  1.36 1.28 1.31]
37,5,[3.58502431e-03 9.84052531e-06 2.93772955e-03 4.07128279e-04],[1.11 1.11 1.11 1.11 1.14 1.11],[1.27 1.12 1.16 1.27 1.29 1.16]
37,6,[2.78888136e-06 6.09839264e-08 4.72720929e-09 8.65937181e-04],[1.31 1.31 1.16 1.4  1.16 1.16],[1.49 1.57 1.35 1.69 1.45 1.52]
37,7,[3.14423902e-06 1.73768959e-03 1.58635323e-06 1.86366473e-05],[1.14 1.29 1.25 1.14 1.14 1.25],[1.31 1.45 1.4  1.35 1.29 1.44]
37,8,[2.31038745e-04 4.97598909e-07 1.54301873e-03 1.86295041e-05],[1.17 1.14 1.17 1.14 1.23 1.14],[1.38 1.21 1.33 1.38 1.45 1.28]
37,9,[8.41594472e-05 7.37717491e-05 1.93539398e-03 2.57265363e-05],[1.19 1.14 1.19 1.14 1.19 1.14],[1.27 1.24 1.32 1.24 1.32 1.27]
57,0,[8.61040839e-09 1.17544350e-04 5.49710255e-05 1.32022688e-02],[1.2  1.2  1.06 1.2  1.06 1.06],[1.49 1.54 1.49 1.28 1.2  1.23]
57,1,[2.44193066e-09 2.78284834e-04 4.38214864e-02 3.99685414e-04],[1.15 1.01 1.15 1.01 1.15 1.01],[1.5  1.5  1.5  1.17 1.21 1.16]
57,2,[1.26732378e-04 4.82028085e-05 6.42131293e-03 1.14561636e-06],[1.2  1.09 1.2  1.09 1.21 1.09],[1.26 1.2  1.37 1.23 1.38 1.35]
57,3,[1.69249663e-06 2.52690974e-05 4.40816328e-04 6.69985743e-06],[1.25 1.19 1.26 1.19 1.25 1.19],[1.41 1.38 1.45 1.3  1.38 1.35]
57,4,[4.69559907e-03 6.45780720e-04 1.47544280e-04 7.77505958e-07],[1.1  1.1  1.1  1.14 1.14 1.17],[1.15 1.21 1.36 1.21 1.36 1.38]
57,5,[4.71241403e-04 2.34028817e-02 2.31912622e-06 5.06376732e-07],[1.04 1.15 1.15 1.04 1.04 1.3 ],[1.15 1.33 1.38 1.32 1.36 1.47]
57,6,[6.84947158e-05 3.88559877e-02 5.94902013e-05 5.54224454e-04],[1.02 1.18 1.15 1.02 1.02 1.15],[1.21 1.3  1.23 1.22 1.15 1.24]
57,7,[7.65453395e-04 4.38499897e-07 1.06181750e-07 1.00296628e-04],[1.17 1.17 1.17 1.35 1.2  1.2 ],[1.38 1.43 1.25 1.55 1.38 1.49]
57,8,[1.01980419e-03 1.55673208e-09 9.64235097e-02 6.81200999e-02],[1.11 1.   1.   1.   1.   1.  ],[1.49 1.11 1.11 1.49 1.49 1.  ]
57,9,[1.79512392e-08 5.51066562e-03 1.61132256e-04 4.69514502e-04],[1.1  1.17 1.15 1.1  1.1  1.15],[1.46 1.48 1.47 1.2  1.16 1.22]
3,0,[8.38550884e-05 3.99623178e-04 9.96257205e-06 9.91643352e-08],[1.19 1.21 1.21 1.19 1.19 1.25],[1.25 1.35 1.49 1.33 1.46 1.53]
3,1,[4.39467129e-10 1.38284655e-03 4.73644877e-07 1.52519585e-02],[1.11 1.34 1.06 1.11 1.06 1.06],[1.54 1.66 1.54 1.36 1.12 1.36]
3,2,[0.00022702 0.00356595 0.00027773 0.00055527],[1.11 1.14 1.14 1.11 1.11 1.14],[1.18 1.22 1.21 1.19 1.17 1.22]
3,3,[1.40696372e-05 4.38558898e-02 7.84984482e-07 1.70145798e-03],[1.01 1.24 1.11 1.01 1.01 1.11],[1.26 1.41 1.26 1.35 1.11 1.37]
3,4,[4.50330847e-05 1.12582328e-03 3.73128571e-04 4.61671532e-05],[1.16 1.16 1.19 1.16 1.16 1.16],[1.25 1.29 1.32 1.22 1.25 1.29]
3,5,[3.90589784e-03 2.39788477e-07 2.23130486e-03 5.66057441e-03],[1.1 1.1 1.1 1.1 1.1 1.1],[1.35 1.11 1.1  1.35 1.35 1.11]
3,6,[3.27553775e-04 8.60164700e-05 2.32177513e-02 8.01205394e-06],[1.16 1.04 1.16 1.04 1.19 1.04],[1.22 1.16 1.32 1.21 1.32 1.28]
3,7,[1.05386047e-04 2.52646775e-02 1.68932612e-03 4.31893489e-05],[1.04 1.11 1.18 1.04 1.04 1.11],[1.2  1.2  1.28 1.11 1.23 1.23]
3,8,[1.15345341e-04 2.31784325e-05 3.67999315e-03 9.07640353e-07],[1.2  1.11 1.2  1.11 1.23 1.11],[1.27 1.22 1.39 1.26 1.42 1.36]
3,9,[1.34366096e-06 1.14592524e-04 2.05362675e-03 3.36124645e-04],[1.18 1.13 1.16 1.13 1.16 1.13],[1.36 1.36 1.36 1.23 1.25 1.2 ]
70,0,[5.28680561e-05 3.14430990e-03 5.59536640e-03 3.56285678e-06],[1.1 1.1 1.2 1.1 1.1 1.1],[1.21 1.21 1.35 1.1  1.3  1.3 ]
70,1,[9.26435436e-07 1.02602731e-02 1.09116095e-05 3.51058005e-05],[1.07 1.25 1.23 1.07 1.07 1.23],[1.35 1.42 1.4  1.28 1.24 1.35]
70,2,[4.00649713e-06 3.74489729e-05 4.17938898e-02 1.49009236e-08],[1.23 1.01 1.28 1.01 1.23 1.01],[1.33 1.3  1.56 1.23 1.51 1.47]
70,3,[3.31308770e-02 6.51175826e-07 1.98431136e-05 1.16435309e-06],[1.02 1.02 1.02 1.25 1.32 1.25],[1.36 1.25 1.34 1.45 1.49 1.44]
70,4,[6.10454967e-04 9.52002964e-03 1.25525216e-04 1.09601088e-05],[1.08 1.14 1.14 1.08 1.08 1.17],[1.15 1.21 1.28 1.2  1.28 1.32]
70,5,[0.00041982 0.00041844 0.00220667 0.00026432],[1.14 1.13 1.14 1.13 1.14 1.13],[1.19 1.19 1.22 1.19 1.22 1.21]
70,6,[5.14671958e-04 3.01408345e-06 3.71257456e-04 9.15755948e-05],[1.19 1.19 1.19 1.19 1.19 1.19],[1.33 1.22 1.27 1.34 1.38 1.26]
70,7,[3.72656092e-07 1.93561986e-08 6.08645717e-04 2.91265136e-01],[1.35 1.14 1.   1.14 1.   1.  ],[1.53 1.38 1.37 1.46 1.46 1.14]
70,8,[1.82957836e-06 1.82170297e-02 9.83294829e-07 2.31805563e-04],[1.05 1.3  1.18 1.05 1.05 1.18],[1.32 1.49 1.36 1.34 1.18 1.37]
70,9,[5.03792874e-04 2.39047054e-07 2.37731014e-05 7.87433966e-05],[1.19 1.19 1.19 1.22 1.21 1.21],[1.4  1.31 1.27 1.45 1.43 1.35]
25,0,[8.61401869e-04 4.29998405e-06 8.65658028e-07 1.04922579e-02],[1.13 1.13 1.07 1.28 1.07 1.07],[1.29 1.35 1.14 1.41 1.29 1.35]
25,1,[2.89083720e-03 3.36853716e-04 1.23416826e-01 1.43169089e-05],[1.09 1.   1.09 1.   1.14 1.  ],[1.15 1.09 1.25 1.15 1.27 1.25]
25,2,[4.54624682e-05 1.37443230e-07 6.99868117e-03 3.53151961e-05],[1.21 1.09 1.21 1.09 1.21 1.09],[1.4  1.24 1.31 1.4  1.44 1.25]
25,3,[4.36917902e-09 4.15181879e-06 3.82763153e-07 5.67315068e-04],[1.3  1.35 1.18 1.3  1.18 1.18],[1.55 1.66 1.54 1.5  1.36 1.4 ]
25,4,[6.67286347e-05 5.10297844e-06 3.76378292e-03 1.74484136e-08],[1.21 1.11 1.21 1.11 1.27 1.11],[1.32 1.23 1.52 1.31 1.54 1.46]
25,5,[0.01246483 0.0001888  0.0003383  0.01435676],[1.04 1.04 1.04 1.14 1.04 1.04],[1.16 1.14 1.04 1.2  1.16 1.14]
25,6,[1.57997948e-09 1.94852379e-09 5.43259844e-06 1.17833237e-03],[1.49 1.29 1.15 1.29 1.15 1.15],[1.69 1.61 1.56 1.6  1.55 1.32]
25,7,[3.32480486e-04 1.17085472e-03 3.01422595e-05 7.01762553e-06],[1.15 1.16 1.16 1.15 1.15 1.22],[1.19 1.28 1.33 1.27 1.31 1.39]
25,8,[2.58602236e-06 2.71921241e-03 5.09128540e-04 3.12871552e-03],[1.12 1.13 1.12 1.12 1.12 1.12],[1.3  1.32 1.3  1.17 1.13 1.17]
25,9,[1.53103304e-04 3.00405334e-06 1.48672377e-04 8.65236496e-04],[1.17 1.17 1.17 1.17 1.17 1.17],[1.34 1.29 1.24 1.36 1.34 1.25]
5,0,[1.26692384e-06 2.09558986e-03 1.57432346e-02 5.97553285e-05],[1.1  1.06 1.2  1.06 1.1  1.06],[1.31 1.31 1.39 1.1  1.23 1.22]
5,1,[5.47690484e-07 1.34464236e-03 3.57032982e-05 3.88590937e-05],[1.15 1.21 1.21 1.15 1.15 1.21],[1.37 1.42 1.43 1.26 1.27 1.34]
5,2,[2.57115098e-05 2.23756347e-10 4.59748684e-10 1.18465992e-06],[1.28 1.28 1.28 1.54 1.33 1.33],[1.63 1.63 1.43 1.86 1.71 1.75]
5,3,[7.61476545e-05 4.97926329e-03 9.52873889e-05 8.89741250e-07],[1.1  1.19 1.19 1.1  1.1  1.19],[1.21 1.28 1.4  1.21 1.35 1.39]
5,4,[1.20836445e-03 6.63170623e-04 2.50019784e-04 7.26604763e-07],[1.15 1.15 1.15 1.15 1.15 1.15],[1.17 1.21 1.38 1.21 1.38 1.38]
5,5,[4.61390683e-06 1.59511317e-02 2.59469934e-04 2.50278329e-05],[1.06 1.17 1.22 1.06 1.06 1.17],[1.3  1.32 1.36 1.17 1.24 1.29]
5,6,[1.25387682e-02 2.27108008e-03 4.86538771e-05 1.14175120e-04],[1.07 1.07 1.07 1.1  1.1  1.18],[1.1  1.22 1.19 1.22 1.19 1.29]
5,7,[2.02500133e-02 2.40366388e-06 3.93717539e-06 1.96400791e-03],[1.04 1.04 1.04 1.28 1.1  1.1 ],[1.32 1.29 1.1  1.43 1.32 1.29]
5,8,[5.58632099e-06 2.98252629e-03 2.39421922e-03 1.12472288e-06],[1.12 1.12 1.27 1.12 1.12 1.12],[1.29 1.29 1.44 1.12 1.34 1.34]
5,9,[4.95650855e-05 6.78808659e-07 1.28210948e-07 2.40529290e-06],[1.26 1.26 1.26 1.33 1.32 1.32],[1.41 1.48 1.39 1.58 1.47 1.58]
74,0,[2.02115890e-02 1.40492931e-05 2.98093338e-02 1.72773390e-05],[1.01 1.01 1.01 1.01 1.23 1.01],[1.25 1.01 1.24 1.25 1.34 1.24]
74,1,[3.27820091e-04 2.85947318e-05 1.15171120e-05 2.46335176e-03],[1.16 1.16 1.13 1.22 1.13 1.13],[1.26 1.31 1.19 1.34 1.25 1.29]
74,2,[9.42078685e-06 9.86391632e-04 3.42243717e-03 5.22135477e-04],[1.13 1.11 1.13 1.11 1.13 1.11],[1.26 1.26 1.29 1.15 1.18 1.17]
74,3,[3.08492949e-08 2.05407732e-07 1.93427456e-05 1.67822114e-03],[1.36 1.26 1.14 1.26 1.14 1.14],[1.54 1.53 1.46 1.45 1.42 1.28]
74,4,[3.33050482e-03 4.44505697e-03 1.68274147e-05 2.57125053e-03],[1.1  1.1  1.1  1.1  1.1  1.11],[1.1  1.24 1.11 1.24 1.11 1.24]
74,5,[1.46576893e-03 1.93401190e-07 1.95538500e-02 5.83368731e-09],[1.11 1.05 1.11 1.05 1.37 1.05],[1.38 1.11 1.48 1.38 1.66 1.48]
74,6,[8.14882683e-04 3.98987150e-08 1.13083986e-02 1.32531001e-04],[1.13 1.07 1.13 1.07 1.17 1.07],[1.43 1.14 1.21 1.43 1.46 1.19]
74,7,[2.38934421e-07 2.03037587e-11 5.65003785e-04 2.24003389e-05],[1.36 1.18 1.25 1.18 1.25 1.18],[1.73 1.41 1.49 1.69 1.69 1.33]
74,8,[1.61784246e-03 2.07523569e-05 4.13739515e-05 6.18905932e-03],[1.11 1.11 1.09 1.2  1.09 1.09],[1.24 1.23 1.13 1.32 1.24 1.23]
74,9,[0.00124429 0.00240105 0.00035703 0.00573352],[1.1  1.1  1.09 1.1  1.09 1.09],[1.12 1.17 1.12 1.17 1.11 1.17]
49,0,[0.0003509  0.00012161 0.00109746 0.00187642],[1.14 1.14 1.14 1.14 1.14 1.14],[1.24 1.2  1.2  1.23 1.24 1.16]
49,1,[0.00073058 0.00068875 0.00269079 0.02823231],[1.11 1.09 1.03 1.09 1.03 1.03],[1.15 1.14 1.14 1.15 1.14 1.09]
49,2,[3.12905295e-04 5.60462836e-05 2.96256656e-06 7.36050227e-04],[1.17 1.17 1.17 1.2  1.17 1.17],[1.26 1.34 1.22 1.36 1.27 1.35]
49,3,[0.0045088  0.00224734 0.00051502 0.02031535],[1.07 1.07 1.04 1.08 1.04 1.04],[1.09 1.14 1.07 1.14 1.09 1.14]
49,4,[1.47535083e-06 1.99496339e-04 1.91249963e-04 1.51183688e-03],[1.16 1.16 1.15 1.16 1.15 1.15],[1.34 1.36 1.34 1.24 1.21 1.22]
49,5,[3.68113274e-04 2.77632123e-05 9.00033417e-08 4.62644367e-10],[1.19 1.19 1.19 1.24 1.24 1.39],[1.29 1.48 1.58 1.5  1.61 1.76]
49,6,[1.45899982e-04 4.53867036e-04 5.01534698e-07 3.13272332e-02],[1.15 1.17 1.03 1.15 1.03 1.03],[1.2  1.39 1.19 1.37 1.15 1.37]
49,7,[3.62582788e-04 3.47881220e-03 5.95152218e-03 3.04144054e-05],[1.09 1.09 1.14 1.09 1.09 1.09],[1.15 1.15 1.25 1.1  1.23 1.23]
49,8,[1.10216403e-03 7.16986037e-05 1.64361413e-10 4.40176080e-04],[1.16 1.16 1.16 1.19 1.16 1.16],[1.23 1.62 1.21 1.63 1.27 1.62]
49,9,[2.69178185e-06 5.84188242e-04 1.38337381e-02 1.14784778e-02],[1.12 1.05 1.05 1.05 1.05 1.04],[1.29 1.29 1.29 1.12 1.12 1.04]
53,0,[1.41247944e-06 5.80573056e-04 3.84993900e-06 1.84792293e-03],[1.15 1.28 1.14 1.15 1.14 1.14],[1.34 1.43 1.34 1.34 1.18 1.34]
53,1,[2.27761208e-04 2.11214767e-07 5.49194332e-06 7.33113833e-02],[1.17 1.17 1.   1.27 1.   1.  ],[1.38 1.32 1.17 1.48 1.38 1.29]
53,2,[2.30878884e-05 2.62976255e-04 6.44135195e-06 6.61638230e-04],[1.18 1.23 1.18 1.18 1.18 1.18],[1.29 1.37 1.3  1.34 1.23 1.34]
53,3,[3.85300883e-05 1.31466827e-06 1.19577057e-02 3.91416954e-06],[1.23 1.07 1.23 1.07 1.28 1.07],[1.35 1.24 1.35 1.34 1.42 1.31]
53,4,[1.60677835e-05 1.08355818e-05 2.21732337e-03 8.81197570e-07],[1.25 1.13 1.25 1.13 1.25 1.13],[1.35 1.28 1.44 1.29 1.46 1.37]
53,5,[1.87177677e-02 4.07012872e-03 9.91664984e-03 4.90912605e-06],[1.04 1.04 1.04 1.04 1.06 1.04],[1.06 1.04 1.26 1.06 1.26 1.26]
53,6,[9.78586475e-07 1.32063901e-03 4.71586392e-06 3.43065775e-04],[1.15 1.27 1.16 1.15 1.15 1.16],[1.36 1.44 1.37 1.32 1.21 1.35]
53,7,[8.35234939e-03 1.10417338e-02 3.28067356e-04 2.33671565e-05],[1.06 1.06 1.06 1.06 1.06 1.14],[1.06 1.15 1.23 1.15 1.23 1.27]
53,8,[1.38905889e-06 3.23483866e-05 1.32875829e-05 1.37294837e-04],[1.24 1.25 1.23 1.24 1.23 1.23],[1.38 1.45 1.39 1.37 1.32 1.34]
53,9,[1.37110256e-03 2.55675320e-04 7.45271767e-05 9.38432649e-05],[1.15 1.15 1.15 1.17 1.17 1.18],[1.19 1.24 1.23 1.26 1.26 1.3 ]
24,0,[1.33823209e-04 3.95794418e-06 1.74705606e-01 3.08035741e-02],[1.17 1.   1.   1.   1.   1.  ],[1.3  1.17 1.17 1.28 1.28 1.  ]
24,1,[1.47190341e-06 5.84840670e-04 3.08543270e-05 3.11076172e-05],[1.18 1.22 1.22 1.18 1.18 1.22],[1.35 1.42 1.4  1.29 1.29 1.36]
24,2,[1.84882295e-05 3.08126578e-05 1.36662140e-05 6.59069813e-07],[1.28 1.28 1.28 1.28 1.28 1.28],[1.33 1.4  1.44 1.36 1.44 1.46]
24,3,[0.00067364 0.00015323 0.00068136 0.00016989],[1.17 1.17 1.17 1.17 1.17 1.17],[1.22 1.2  1.24 1.23 1.25 1.24]
24,4,[2.73556798e-06 7.63849018e-04 2.17563316e-08 1.28762902e-04],[1.17 1.29 1.19 1.17 1.17 1.19],[1.33 1.59 1.35 1.48 1.24 1.52]
24,5,[3.29176926e-04 1.36310523e-07 3.37733586e-06 2.12122214e-02],[1.16 1.16 1.04 1.28 1.04 1.04],[1.38 1.33 1.16 1.48 1.38 1.31]
24,6,[5.65929841e-03 8.00316702e-05 3.31458291e-05 1.31446768e-02],[1.06 1.06 1.06 1.19 1.06 1.06],[1.19 1.22 1.07 1.29 1.19 1.22]
24,7,[3.44685443e-07 4.56252807e-07 1.71703253e-05 6.98203828e-04],[1.34 1.26 1.17 1.26 1.17 1.17],[1.48 1.46 1.4  1.5  1.4  1.3 ]
24,8,[1.32904453e-03 4.54845710e-07 1.88513886e-05 4.32209852e-03],[1.12 1.12 1.11 1.23 1.11 1.11],[1.35 1.27 1.13 1.43 1.35 1.27]
24,9,[0.03909301 0.00036478 0.03919487 0.000889  ],[1.   1.   1.   1.   1.11 1.  ],[1.14 1.   1.11 1.14 1.17 1.11]
17,0,[6.44394310e-05 2.24928611e-01 2.71188002e-07 5.83156610e-05],[1.  1.2 1.2 1.  1.  1.2],[1.22 1.42 1.3  1.38 1.22 1.44]
17,1,[5.00795265e-02 1.01371154e-04 2.06558762e-03 1.24175496e-05],[1.   1.   1.   1.1  1.18 1.1 ],[1.2  1.1  1.27 1.21 1.31 1.27]
17,2,[7.72805494e-04 3.24963521e-05 2.03073879e-03 2.80187180e-07],[1.14 1.14 1.14 1.14 1.22 1.14],[1.25 1.18 1.39 1.25 1.41 1.39]
17,3,[1.15604358e-04 9.31358089e-05 2.58258309e-06 1.48166104e-06],[1.24 1.24 1.24 1.24 1.24 1.29],[1.28 1.39 1.4  1.4  1.39 1.47]
17,4,[8.01407395e-03 1.29564523e-05 4.28038439e-05 1.12805581e-07],[1.08 1.08 1.08 1.23 1.24 1.23],[1.26 1.23 1.41 1.33 1.49 1.44]
17,5,[5.82488253e-05 9.62596582e-04 7.24578051e-04 8.24226713e-05],[1.16 1.16 1.18 1.16 1.16 1.16],[1.24 1.24 1.29 1.19 1.25 1.26]
17,6,[0.04701981 0.00415197 0.00329175 0.00109855],[1.01 1.01 1.01 1.07 1.07 1.07],[1.08 1.08 1.11 1.09 1.11 1.11]
17,7,[1.60348523e-03 5.05498098e-07 7.63652883e-04 5.98082236e-06],[1.14 1.14 1.14 1.14 1.27 1.14],[1.36 1.18 1.31 1.37 1.46 1.31]
17,8,[8.65077733e-04 2.07751828e-04 1.31442284e-05 9.07592898e-05],[1.17 1.17 1.17 1.18 1.18 1.19],[1.21 1.3  1.25 1.32 1.28 1.34]
17,9,[6.87479304e-05 6.07388530e-04 3.90551796e-06 1.39872007e-04],[1.18 1.19 1.19 1.18 1.18 1.19],[1.24 1.38 1.28 1.34 1.25 1.39]
14,0,[1.36139703e-05 5.96188680e-06 6.63211404e-04 4.80372443e-05],[1.24 1.17 1.23 1.17 1.23 1.17],[1.37 1.32 1.36 1.33 1.38 1.27]
14,1,[4.44504743e-04 2.29127370e-03 9.73045644e-10 5.60843657e-04],[1.13 1.13 1.13 1.13 1.13 1.13],[1.17 1.56 1.2  1.56 1.17 1.57]
14,2,[2.92093097e-05 5.19489154e-02 9.13230195e-03 4.24255850e-01],[1.   1.03 1.   1.   1.   1.  ],[1.21 1.21 1.21 1.03 1.   1.03]
14,3,[1.19549330e-08 1.20208208e-05 1.36878621e-05 2.55922875e-05],[1.29 1.29 1.29 1.29 1.29 1.29],[1.53 1.57 1.57 1.42 1.38 1.39]
14,4,[4.48506042e-04 3.11516559e-08 1.19918395e-04 6.27544737e-04],[1.18 1.18 1.18 1.18 1.18 1.18],[1.44 1.25 1.22 1.44 1.44 1.25]
14,5,[6.58379559e-04 9.05791257e-07 3.18449491e-05 1.71945091e-07],[1.18 1.18 1.18 1.24 1.33 1.24],[1.36 1.29 1.44 1.42 1.57 1.5 ]
14,6,[3.14945558e-07 7.00030855e-04 1.59748613e-03 1.40870878e-03],[1.14 1.14 1.14 1.14 1.14 1.14],[1.35 1.35 1.35 1.18 1.18 1.16]
14,7,[7.04776902e-03 3.15292791e-05 1.09383651e-03 1.93137866e-03],[1.09 1.09 1.09 1.1  1.1  1.1 ],[1.24 1.13 1.12 1.25 1.24 1.14]
14,8,[1.47906045e-04 2.11065466e-03 9.39275646e-05 3.77530404e-05],[1.13 1.18 1.18 1.13 1.13 1.18],[1.21 1.27 1.3  1.24 1.26 1.33]
14,9,[1.54918864e-02 1.19161841e-05 1.09200550e-03 7.12201390e-04],[1.06 1.06 1.06 1.12 1.12 1.12],[1.27 1.13 1.14 1.28 1.3  1.17]
52,0,[7.04654847e-03 2.52259761e-03 4.12898610e-05 9.02429304e-03],[1.07 1.07 1.07 1.08 1.07 1.07],[1.08 1.21 1.07 1.21 1.08 1.21]
52,1,[1.37563828e-05 7.45832366e-03 6.13326996e-05 1.22017097e-06],[1.09 1.22 1.24 1.09 1.09 1.22],[1.26 1.33 1.43 1.22 1.34 1.41]
52,2,[2.91638947e-05 8.63980586e-04 4.81323852e-06 2.29012305e-04],[1.16 1.22 1.17 1.16 1.16 1.17],[1.25 1.38 1.29 1.32 1.23 1.35]
52,3,[1.64187842e-03 3.47204976e-09 4.70171499e-07 4.49196247e-03],[1.11 1.11 1.1  1.35 1.1  1.1 ],[1.49 1.36 1.14 1.62 1.49 1.36]
52,4,[5.90615817e-05 5.23038430e-04 1.38810491e-05 7.32297659e-04],[1.17 1.2  1.17 1.17 1.17 1.17],[1.25 1.35 1.26 1.3  1.2  1.3 ]
52,5,[1.18589175e-04 8.11344809e-06 1.26228388e-08 2.41456930e-04],[1.21 1.21 1.21 1.26 1.21 1.21],[1.31 1.55 1.28 1.57 1.34 1.54]
52,6,[1.26343757e-06 3.69023900e-06 3.71480748e-04 2.08031392e-02],[1.28 1.16 1.04 1.16 1.04 1.04],[1.41 1.35 1.33 1.33 1.31 1.16]
52,7,[3.34010345e-06 3.31902925e-08 2.64288665e-04 6.28814849e-05],[1.28 1.21 1.22 1.21 1.22 1.21],[1.54 1.35 1.39 1.5  1.52 1.28]
52,8,[4.94951627e-03 1.70493273e-03 2.91478268e-06 5.06064343e-06],[1.1  1.1  1.1  1.11 1.11 1.27],[1.12 1.3  1.3  1.3  1.3  1.4 ]
52,9,[5.37492514e-03 2.27763307e-02 5.79879433e-09 9.45783240e-04],[1.04 1.07 1.07 1.04 1.04 1.11],[1.07 1.48 1.12 1.48 1.12 1.48]
12,0,[5.94093473e-05 1.33653836e-06 1.61332882e-05 6.36487147e-05],[1.26 1.26 1.26 1.26 1.26 1.26],[1.38 1.35 1.31 1.45 1.41 1.36]
12,1,[1.76904617e-06 1.19335393e-03 1.14675211e-04 3.84091684e-04],[1.16 1.18 1.16 1.16 1.16 1.16],[1.33 1.37 1.35 1.24 1.2  1.26]
12,2,[1.52928768e-04 6.69241892e-05 1.52236351e-01 6.55411575e-07],[1.19 1.   1.19 1.   1.19 1.  ],[1.23 1.19 1.41 1.21 1.4  1.35]
12,3,[5.42696998e-11 1.17206695e-05 3.01788468e-05 8.24726534e-08],[1.28 1.28 1.39 1.28 1.28 1.28],[1.66 1.7  1.83 1.37 1.56 1.52]
12,4,[3.00379792e-03 6.93649960e-02 6.31614913e-05 2.52802512e-06],[1.   1.09 1.09 1.   1.   1.2 ],[1.09 1.21 1.31 1.21 1.31 1.36]
12,5,[1.23829536e-03 2.48081260e-04 1.07631375e-06 3.90862041e-04],[1.15 1.15 1.15 1.15 1.15 1.15],[1.19 1.36 1.19 1.36 1.22 1.37]
12,6,[7.79856091e-08 5.89273641e-05 2.89824889e-04 9.83789770e-04],[1.2  1.17 1.16 1.17 1.16 1.16],[1.42 1.45 1.42 1.28 1.25 1.22]
12,7,[5.47386806e-05 3.20171664e-03 3.43924889e-12 2.43494708e-06],[1.12 1.22 1.22 1.12 1.12 1.29],[1.23 1.72 1.39 1.7  1.33 1.79]
12,8,[8.79237674e-02 1.19566348e-03 2.56504440e-08 3.06892281e-04],[1.   1.   1.   1.12 1.12 1.14],[1.12 1.44 1.16 1.44 1.19 1.45]
12,9,[4.05175005e-10 3.86472667e-08 3.28314720e-04 9.06326072e-04],[1.41 1.17 1.17 1.17 1.17 1.17],[1.65 1.58 1.58 1.46 1.46 1.22]
83,0,[1.43829681e-05 1.08580071e-03 1.34400630e-03 1.53194780e-03],[1.15 1.15 1.15 1.15 1.15 1.15],[1.26 1.26 1.26 1.17 1.17 1.17]
83,1,[5.86699474e-04 2.97279717e-02 1.74822236e-05 1.33086836e-05],[1.03 1.14 1.14 1.03 1.03 1.23],[1.14 1.29 1.29 1.26 1.27 1.36]
83,2,[1.01372451e-02 2.24742446e-04 4.65443373e-04 2.38750495e-07],[1.07 1.07 1.07 1.15 1.16 1.15],[1.18 1.16 1.38 1.21 1.41 1.39]
83,3,[4.82288897e-07 3.05289127e-12 5.41545595e-04 7.60647106e-03],[1.34 1.15 1.08 1.15 1.08 1.08],[1.72 1.38 1.37 1.7  1.7  1.16]
83,4,[5.39925492e-06 1.51411642e-03 1.54386755e-05 5.44129726e-03],[1.11 1.24 1.1  1.11 1.1  1.1 ],[1.29 1.36 1.29 1.26 1.13 1.26]
83,5,[3.98006780e-05 7.16589186e-07 9.30932302e-03 2.87927506e-05],[1.22 1.08 1.22 1.08 1.22 1.08],[1.37 1.23 1.33 1.36 1.41 1.25]
83,6,[0.06206511 0.05657759 0.00148231 0.10125228],[1. 1. 1. 1. 1. 1.],[1.   1.08 1.   1.08 1.   1.08]
83,7,[1.33152177e-05 2.35103803e-09 4.52685129e-02 2.41299336e-09],[1.26 1.01 1.26 1.01 1.48 1.01],[1.51 1.26 1.56 1.51 1.74 1.52]
83,8,[1.77039317e-09 1.70572765e-04 5.80492663e-02 2.22379970e-05],[1.19 1.   1.23 1.   1.19 1.  ],[1.52 1.52 1.55 1.19 1.3  1.25]
83,9,[1.10701670e-10 1.85646916e-05 9.99666439e-09 1.01263046e-03],[1.25 1.44 1.16 1.25 1.16 1.16],[1.62 1.81 1.62 1.56 1.29 1.52]
32,0,[1.92108995e-04 2.01051782e-06 3.78848218e-04 1.68697449e-05],[1.2  1.2  1.2  1.2  1.24 1.2 ],[1.35 1.26 1.33 1.37 1.43 1.34]
32,1,[2.85171567e-03 3.44169990e-06 3.11983358e-04 3.56560116e-05],[1.12 1.12 1.12 1.16 1.21 1.16],[1.31 1.19 1.27 1.34 1.35 1.29]
32,2,[6.33897415e-05 3.29097578e-03 2.50978732e-03 1.47625665e-03],[1.12 1.12 1.12 1.12 1.12 1.12],[1.22 1.22 1.22 1.13 1.13 1.14]
32,3,[0.00198071 0.47057525 0.00266466 0.01149775],[1.   1.07 1.04 1.   1.   1.04],[1.09 1.09 1.09 1.08 1.04 1.08]
32,4,[0.00052586 0.01297043 0.00062411 0.00031049],[1.06 1.13 1.13 1.06 1.06 1.13],[1.15 1.18 1.2  1.14 1.17 1.21]
32,5,[1.97779577e-07 2.62229462e-04 1.69942980e-03 4.29100520e-04],[1.15 1.14 1.15 1.14 1.15 1.14],[1.39 1.39 1.4  1.21 1.24 1.19]
32,6,[3.24350600e-04 1.56328119e-04 9.12055986e-07 5.03775960e-04],[1.19 1.19 1.19 1.19 1.19 1.19],[1.23 1.39 1.22 1.4  1.24 1.39]
32,7,[2.14716786e-02 8.71446348e-02 2.68794961e-05 1.18374679e-07],[1.   1.01 1.01 1.   1.   1.22],[1.01 1.22 1.38 1.22 1.38 1.46]
32,8,[2.24324845e-08 5.92461047e-06 1.28218355e-03 2.11268784e-03],[1.27 1.13 1.13 1.13 1.13 1.13],[1.48 1.46 1.46 1.31 1.31 1.16]
32,9,[3.93336645e-03 9.14098424e-06 6.63672396e-06 2.84044255e-04],[1.11 1.11 1.11 1.25 1.17 1.17],[1.28 1.29 1.19 1.38 1.32 1.32]
64,0,[0.0008558  0.01492739 0.00010392 0.00037853],[1.06 1.13 1.13 1.06 1.06 1.14],[1.13 1.21 1.18 1.2  1.16 1.24]
64,1,[1.47886843e-05 3.09599240e-04 6.32494794e-06 1.64858013e-04],[1.2  1.24 1.2  1.2  1.2  1.2 ],[1.29 1.39 1.32 1.35 1.26 1.36]
64,2,[3.65280637e-07 1.51439186e-02 2.97102591e-06 4.27782084e-07],[1.06 1.31 1.34 1.06 1.06 1.31],[1.37 1.45 1.54 1.31 1.37 1.48]
64,3,[6.33665178e-05 1.85941200e-08 1.01063736e-04 7.31583626e-07],[1.24 1.24 1.24 1.24 1.33 1.24],[1.49 1.31 1.43 1.5  1.59 1.43]
64,4,[2.82164001e-06 1.81648898e-03 7.68549521e-06 8.85524048e-07],[1.14 1.28 1.29 1.14 1.14 1.28],[1.31 1.41 1.48 1.3  1.37 1.45]
64,5,[1.38159621e-03 3.38601686e-03 9.19689436e-09 9.27181837e-07],[1.12 1.12 1.12 1.12 1.12 1.32],[1.13 1.46 1.36 1.46 1.35 1.6 ]
64,6,[2.05859493e-02 1.97506101e-02 9.42421313e-05 8.60213721e-07],[1.02 1.02 1.02 1.02 1.02 1.19],[1.02 1.19 1.32 1.19 1.32 1.36]
64,7,[6.17727290e-05 4.05539875e-03 1.70443602e-05 6.96214832e-06],[1.11 1.22 1.22 1.11 1.11 1.24],[1.22 1.32 1.35 1.27 1.3  1.4 ]
64,8,[3.14706038e-07 2.07488015e-06 6.23309037e-03 1.41764928e-05],[1.3  1.09 1.26 1.09 1.26 1.09],[1.43 1.39 1.43 1.33 1.4  1.27]
64,9,[3.79465539e-03 1.51396733e-03 7.51891403e-06 4.23847106e-04],[1.11 1.11 1.11 1.11 1.11 1.14],[1.12 1.29 1.18 1.29 1.18 1.31]
30,0,[8.86315816e-06 6.05946144e-08 1.71846859e-04 8.65670211e-04],[1.25 1.18 1.17 1.18 1.17 1.17],[1.47 1.34 1.32 1.46 1.44 1.24]
30,1,[4.44520391e-03 8.74142430e-06 6.81792749e-08 3.38873314e-04],[1.11 1.11 1.11 1.26 1.16 1.16],[1.28 1.42 1.18 1.51 1.3  1.43]
30,2,[6.04091915e-03 1.50732290e-04 5.57812682e-05 1.12753965e-02],[1.07 1.07 1.07 1.17 1.07 1.07],[1.17 1.2  1.07 1.27 1.17 1.2 ]
30,3,[1.69396016e-06 3.17843711e-04 2.99906686e-04 4.51983134e-04],[1.19 1.19 1.19 1.19 1.19 1.19],[1.34 1.35 1.36 1.22 1.24 1.23]
30,4,[3.29865631e-06 1.60281518e-03 1.89627762e-03 5.36775245e-03],[1.1 1.1 1.1 1.1 1.1 1.1],[1.29 1.3  1.29 1.14 1.13 1.12]
30,5,[1.54316282e-07 3.18022340e-05 3.15126645e-06 9.20673223e-06],[1.27 1.28 1.28 1.27 1.27 1.28],[1.44 1.52 1.52 1.41 1.4  1.46]
30,6,[1.33929676e-02 1.06799962e-05 4.77302306e-04 6.41499860e-04],[1.06 1.06 1.06 1.13 1.13 1.13],[1.27 1.15 1.14 1.29 1.29 1.2 ]
30,7,[1.27752664e-08 5.21223784e-07 3.31307924e-04 2.84670753e-04],[1.34 1.2  1.2  1.2  1.2  1.2 ],[1.55 1.5  1.5  1.4  1.4  1.25]
30,8,[3.35402749e-04 9.05838327e-02 9.14871314e-08 3.72067292e-05],[1.   1.16 1.16 1.   1.   1.21],[1.16 1.42 1.26 1.41 1.23 1.47]
30,9,[1.44771532e-05 4.26738965e-03 9.97389557e-07 1.18246853e-04],[1.11 1.24 1.2  1.11 1.11 1.2 ],[1.27 1.45 1.3  1.35 1.21 1.38]
35,0,[0.0003801  0.00154515 0.000276   0.00015308],[1.15 1.15 1.15 1.15 1.15 1.15],[1.18 1.22 1.24 1.2  1.21 1.25]
35,1,[5.75304739e-06 9.86441193e-08 1.37428438e-05 4.82299732e-02],[1.27 1.26 1.01 1.26 1.01 1.01],[1.47 1.38 1.29 1.51 1.41 1.26]
35,2,[3.23858405e-01 3.52371936e-03 3.17261525e-04 1.01980893e-05],[1.   1.   1.   1.08 1.08 1.15],[1.08 1.16 1.26 1.16 1.26 1.29]
35,3,[2.28734899e-06 7.67470893e-03 2.28505202e-03 7.80306308e-09],[1.08 1.1  1.3  1.08 1.08 1.1 ],[1.32 1.32 1.55 1.11 1.48 1.48]
35,4,[9.30424872e-06 7.39689558e-07 4.93970107e-07 7.35094150e-08],[1.32 1.32 1.32 1.34 1.34 1.34],[1.43 1.5  1.52 1.54 1.61 1.61]
35,5,[6.74877312e-04 5.29513146e-07 2.40539879e-03 1.88294440e-04],[1.14 1.13 1.14 1.13 1.16 1.13],[1.35 1.17 1.22 1.35 1.38 1.21]
35,6,[7.52019195e-05 3.56077136e-04 1.06018446e-06 9.88599294e-04],[1.16 1.19 1.16 1.16 1.16 1.16],[1.25 1.39 1.25 1.39 1.21 1.38]
35,7,[1.85356824e-06 2.29673280e-09 2.65925134e-05 3.35887618e-04],[1.3  1.25 1.2  1.25 1.2  1.2 ],[1.57 1.43 1.39 1.61 1.56 1.31]
35,8,[2.64680952e-03 2.02468011e-07 6.62043139e-05 2.01372557e-04],[1.13 1.13 1.13 1.19 1.18 1.18],[1.39 1.24 1.2  1.41 1.4  1.27]
35,9,[1.88193340e-07 2.33290476e-03 7.07827406e-07 6.54053670e-06],[1.13 1.34 1.29 1.13 1.13 1.29],[1.4  1.52 1.48 1.36 1.3  1.48]
29,0,[4.93805301e-03 3.15284699e-05 9.75599279e-04 2.71294366e-03],[1.1  1.1  1.1  1.11 1.1  1.1 ],[1.23 1.14 1.11 1.24 1.23 1.14]
29,1,[7.20398843e-03 1.26259134e-05 1.42591087e-03 8.51870776e-07],[1.09 1.09 1.09 1.11 1.25 1.11],[1.27 1.13 1.36 1.27 1.43 1.36]
29,2,[2.09665366e-03 8.55847225e-07 1.14512305e-02 9.37816944e-03],[1.08 1.06 1.06 1.06 1.06 1.06],[1.31 1.09 1.09 1.31 1.31 1.06]
29,3,[7.74974717e-04 2.42802483e-08 7.63843912e-06 9.80790635e-06],[1.17 1.17 1.17 1.26 1.26 1.26],[1.46 1.33 1.31 1.53 1.52 1.42]
29,4,[3.79209101e-03 5.58699813e-06 1.76924130e-07 2.06197199e-04],[1.11 1.11 1.11 1.27 1.18 1.18],[1.3  1.41 1.19 1.48 1.31 1.41]
29,5,[3.69951060e-04 1.12506095e-04 1.63259044e-05 6.22744283e-05],[1.19 1.19 1.19 1.2  1.2  1.2 ],[1.23 1.32 1.28 1.33 1.29 1.35]
29,6,[1.18453900e-04 2.08491114e-06 3.19397134e-03 1.19235585e-04],[1.18 1.12 1.18 1.12 1.18 1.12],[1.33 1.22 1.26 1.33 1.36 1.21]
29,7,[8.66757925e-04 2.62774026e-03 7.12550574e-09 1.04448895e-03],[1.13 1.13 1.13 1.13 1.13 1.13],[1.15 1.48 1.16 1.48 1.15 1.48]
29,8,[2.33609294e-05 2.07080940e-05 1.21823465e-04 3.44352552e-04],[1.22 1.2  1.2  1.2  1.2  1.2 ],[1.33 1.33 1.31 1.33 1.31 1.28]
29,9,[9.92815843e-08 1.43351694e-05 1.33849910e-02 2.16979955e-03],[1.24 1.06 1.1  1.06 1.1  1.06],[1.42 1.4  1.4  1.26 1.26 1.1 ]
46,0,[5.19096785e-06 1.40995216e-10 5.24294774e-03 1.27414056e-05],[1.27 1.1  1.27 1.1  1.27 1.1 ],[1.61 1.29 1.37 1.6  1.63 1.28]
46,1,[4.94877421e-04 6.90254385e-06 2.45582409e-05 4.75527373e-09],[1.18 1.18 1.18 1.24 1.26 1.24],[1.3  1.29 1.55 1.36 1.59 1.61]
46,2,[8.90585388e-05 2.05007335e-06 5.53673950e-05 1.04131402e-03],[1.2  1.2  1.16 1.2  1.16 1.16],[1.36 1.32 1.25 1.39 1.35 1.26]
46,3,[2.18100816e-01 1.73615389e-05 1.22516744e-04 2.77848434e-05],[1.   1.   1.   1.2  1.22 1.2 ],[1.26 1.2  1.24 1.31 1.34 1.31]
46,4,[3.97009611e-04 1.60514667e-03 1.89134344e-06 2.90156245e-04],[1.14 1.15 1.15 1.14 1.14 1.15],[1.18 1.37 1.21 1.36 1.19 1.36]
46,5,[9.53068746e-08 8.78228341e-05 6.53166997e-05 1.43264504e-06],[1.24 1.24 1.31 1.24 1.24 1.24],[1.44 1.48 1.51 1.31 1.39 1.43]
46,6,[3.83418353e-03 3.07435479e-04 5.40002189e-06 1.36145781e-01],[1.08 1.08 1.   1.15 1.   1.  ],[1.15 1.28 1.08 1.3  1.15 1.28]
46,7,[2.15486115e-05 2.29835216e-03 4.56658709e-06 6.44132974e-05],[1.13 1.23 1.22 1.13 1.13 1.22],[1.25 1.37 1.32 1.31 1.24 1.36]
46,8,[7.80299655e-06 1.36119452e-04 6.71654346e-06 6.22665919e-03],[1.19 1.25 1.09 1.19 1.09 1.09],[1.3  1.4  1.29 1.33 1.2  1.3 ]
46,9,[0.02791682 0.00012275 0.00074192 0.00112642],[1.03 1.03 1.03 1.12 1.12 1.12],[1.19 1.14 1.12 1.22 1.21 1.16]
31,0,[6.45979095e-04 4.81702946e-06 6.58257129e-04 1.24079695e-03],[1.15 1.15 1.15 1.15 1.15 1.15],[1.29 1.22 1.19 1.31 1.29 1.19]
31,1,[1.33180178e-06 7.01550662e-09 9.33090031e-07 1.55788678e-05],[1.32 1.32 1.3  1.32 1.3  1.3 ],[1.56 1.49 1.49 1.66 1.59 1.45]
31,2,[5.23532596e-05 1.09520405e-03 5.29700511e-06 3.89820432e-03],[1.12 1.2  1.11 1.12 1.11 1.11],[1.22 1.34 1.22 1.32 1.15 1.31]
31,3,[2.83004152e-05 9.45732207e-05 2.23405622e-05 1.51074262e-01],[1.2  1.21 1.   1.2  1.   1.  ],[1.27 1.31 1.24 1.3  1.2  1.25]
31,4,[3.19389439e-02 5.49483405e-05 6.17607536e-06 5.28106302e-07],[1.03 1.03 1.03 1.22 1.22 1.26],[1.22 1.29 1.37 1.34 1.42 1.46]
31,5,[0.16208616 0.00748283 0.00433036 0.00043858],[1.   1.   1.   1.05 1.05 1.06],[1.05 1.06 1.13 1.06 1.13 1.13]
31,6,[0.00025572 0.00015135 0.00024886 0.00029274],[1.2 1.2 1.2 1.2 1.2 1.2],[1.23 1.24 1.24 1.25 1.26 1.24]
31,7,[7.94072287e-04 3.07625189e-04 1.26321903e-04 7.34473016e-05],[1.17 1.17 1.17 1.17 1.17 1.18],[1.2  1.24 1.28 1.26 1.28 1.3 ]
31,8,[0.09777561 0.00011017 0.00115781 0.00015436],[1.   1.   1.   1.12 1.16 1.12],[1.2  1.12 1.19 1.21 1.25 1.19]
31,9,[1.06148420e-03 4.88445591e-03 7.29056338e-08 3.49849822e-06],[1.1  1.12 1.12 1.1  1.1  1.28],[1.14 1.42 1.32 1.42 1.32 1.49]
20,0,[9.32379781e-05 1.42188959e-05 1.15366829e-06 7.75488031e-06],[1.24 1.24 1.24 1.26 1.26 1.26],[1.32 1.4  1.36 1.46 1.42 1.48]
20,1,[8.71048745e-03 3.69189763e-04 1.27721544e-08 2.86140238e-03],[1.08 1.08 1.08 1.14 1.09 1.09],[1.16 1.45 1.1  1.46 1.16 1.45]
20,2,[1.90494758e-04 1.93819952e-04 6.06546691e-05 1.84015384e-04],[1.22 1.22 1.22 1.22 1.22 1.22],[1.25 1.31 1.27 1.3  1.27 1.3 ]
20,3,[2.12119211e-12 9.11938061e-03 1.22568622e-13 7.27722009e-08],[1.08 1.69 1.42 1.08 1.08 1.42],[1.72 2.11 1.85 1.79 1.42 1.95]
20,4,[3.53420587e-06 9.48054664e-05 3.32734217e-05 8.32744066e-06],[1.24 1.24 1.26 1.24 1.24 1.24],[1.34 1.41 1.42 1.33 1.37 1.41]
20,5,[2.62792559e-04 6.64549471e-04 4.19535084e-02 8.70375252e-05],[1.14 1.01 1.15 1.01 1.14 1.01],[1.18 1.17 1.25 1.14 1.23 1.21]
20,6,[3.23424506e-06 1.11744901e-03 1.76409838e-05 1.48372015e-05],[1.16 1.24 1.24 1.16 1.16 1.24],[1.32 1.4  1.41 1.29 1.3  1.39]
20,7,[1.48478948e-04 1.90978256e-03 1.51547303e-02 9.10923272e-05],[1.1  1.06 1.17 1.06 1.1  1.06],[1.18 1.18 1.26 1.1  1.22 1.21]
20,8,[1.58907363e-05 1.77108188e-05 9.15067963e-05 3.83133256e-05],[1.24 1.24 1.24 1.24 1.24 1.24],[1.33 1.36 1.37 1.34 1.36 1.32]
20,9,[0.00244499 0.02410873 0.00132851 0.00423489],[1.04 1.08 1.07 1.04 1.04 1.07],[1.09 1.11 1.09 1.11 1.07 1.11]
98,0,[1.08337320e-04 1.10561842e-02 3.35143428e-04 9.20640026e-06],[1.07 1.16 1.18 1.07 1.07 1.16],[1.2  1.23 1.33 1.17 1.28 1.31]
98,1,[4.68727314e-02 1.03991681e-02 2.88969284e-05 6.50657034e-03],[1.01 1.01 1.01 1.04 1.04 1.04],[1.04 1.21 1.04 1.21 1.04 1.21]
98,2,[1.44602187e-02 2.14803791e-05 1.07195664e-04 2.31887202e-05],[1.06 1.06 1.06 1.2  1.22 1.2 ],[1.25 1.2  1.25 1.32 1.34 1.31]
98,3,[1.37723485e-05 3.58112948e-08 1.32517327e-03 3.77198401e-06],[1.27 1.15 1.27 1.15 1.28 1.15],[1.48 1.29 1.38 1.47 1.52 1.33]
98,4,[2.01992449e-08 2.49933901e-07 1.80348278e-05 4.59798366e-06],[1.36 1.29 1.3  1.29 1.3  1.29],[1.57 1.54 1.59 1.49 1.5  1.42]
98,5,[1.07895650e-04 2.92396182e-05 2.86059901e-04 9.89226286e-04],[1.18 1.17 1.16 1.17 1.16 1.16],[1.29 1.27 1.24 1.3  1.28 1.22]
98,6,[6.72471427e-05 2.80392855e-06 3.41270614e-02 2.48694926e-05],[1.22 1.02 1.22 1.02 1.22 1.02],[1.32 1.22 1.31 1.31 1.39 1.24]
98,7,[3.11711248e-02 2.27229878e-04 1.00272446e-08 2.73869675e-03],[1.03 1.03 1.03 1.16 1.09 1.09],[1.17 1.46 1.09 1.48 1.18 1.46]
98,8,[1.41210594e-03 6.39971910e-05 8.80890121e-07 1.16581804e-03],[1.15 1.15 1.15 1.2  1.15 1.15],[1.24 1.36 1.17 1.38 1.24 1.36]
98,9,[3.66800204e-06 1.71894870e-02 9.75147763e-05 5.27340424e-05],[1.05 1.2  1.2  1.05 1.05 1.2 ],[1.3  1.35 1.37 1.2  1.22 1.29]
90,0,[5.45105504e-02 3.60779037e-04 1.12665449e-03 2.11344115e-05],[1.   1.   1.   1.12 1.14 1.12],[1.16 1.12 1.25 1.19 1.27 1.26]
90,1,[1.83926699e-04 3.56246775e-04 3.51808684e-05 5.29941604e-03],[1.16 1.16 1.1  1.16 1.1  1.1 ],[1.2  1.29 1.2  1.28 1.18 1.25]
90,2,[6.23514332e-05 1.56882324e-07 1.11322882e-08 6.25959859e-04],[1.22 1.22 1.18 1.37 1.18 1.18],[1.44 1.53 1.28 1.63 1.43 1.52]
90,3,[4.49664221e-05 8.10892853e-07 2.01662750e-03 5.31731413e-07],[1.23 1.13 1.23 1.13 1.32 1.13],[1.39 1.26 1.42 1.37 1.5  1.37]
90,4,[4.77425639e-04 1.61443601e-05 3.10384449e-05 7.48943230e-04],[1.17 1.17 1.17 1.22 1.17 1.17],[1.28 1.29 1.21 1.34 1.28 1.28]
90,5,[1.95954704e-03 2.93097641e-05 1.56998283e-05 3.50048469e-06],[1.14 1.14 1.14 1.24 1.24 1.24],[1.24 1.27 1.33 1.33 1.38 1.4 ]
90,6,[4.84655867e-07 2.55386481e-02 6.55935337e-03 3.60394461e-06],[1.04 1.06 1.28 1.04 1.04 1.06],[1.34 1.34 1.44 1.06 1.29 1.29]
90,7,[5.15089319e-05 3.15287460e-06 4.33679961e-04 7.64699922e-03],[1.2  1.15 1.08 1.15 1.08 1.08],[1.34 1.26 1.23 1.33 1.32 1.16]
90,8,[1.07122849e-05 2.37611890e-04 2.18979436e-06 1.24165622e-04],[1.21 1.25 1.21 1.21 1.21 1.21],[1.29 1.44 1.34 1.37 1.28 1.39]
90,9,[1.05607933e-06 2.79737310e-02 1.11499250e-07 5.37810360e-03],[1.03 1.32 1.06 1.03 1.03 1.06],[1.32 1.53 1.32 1.4  1.06 1.4 ]
97,0,[0.01376292 0.00039106 0.00020588 0.0001805 ],[1.06 1.06 1.06 1.15 1.15 1.15],[1.16 1.18 1.18 1.22 1.22 1.25]
97,1,[0.00119373 0.00577589 0.00016318 0.00018779],[1.09 1.12 1.12 1.09 1.09 1.15],[1.13 1.2  1.19 1.2  1.19 1.24]
97,2,[8.54316688e-04 2.21409606e-04 9.31855390e-06 2.88109771e-03],[1.13 1.13 1.12 1.16 1.12 1.12],[1.19 1.29 1.16 1.31 1.19 1.29]
97,3,[3.02617199e-07 1.02751775e-05 4.81890750e-09 2.70232378e-03],[1.27 1.36 1.12 1.27 1.12 1.12],[1.43 1.62 1.4  1.55 1.28 1.51]
97,4,[1.65619110e-02 2.67028339e-02 2.74409139e-06 1.06737202e-03],[1.02 1.02 1.02 1.02 1.02 1.11],[1.02 1.29 1.11 1.29 1.11 1.3 ]
97,5,[9.97285334e-06 1.23780944e-05 2.16625906e-03 7.04333417e-03],[1.24 1.1  1.09 1.1  1.09 1.09],[1.33 1.27 1.27 1.27 1.27 1.11]
97,6,[1.56401455e-06 1.49782122e-04 3.14392377e-06 9.29186571e-05],[1.22 1.29 1.22 1.22 1.22 1.22],[1.37 1.49 1.39 1.38 1.29 1.4 ]
97,7,[4.98095222e-06 9.84003161e-02 8.15203089e-04 1.52260306e-06],[1.   1.13 1.28 1.   1.   1.13],[1.3  1.31 1.44 1.13 1.33 1.34]
97,8,[7.68527428e-08 2.97350906e-08 1.24698667e-05 1.82576206e-03],[1.4  1.27 1.14 1.27 1.14 1.14],[1.55 1.5  1.44 1.53 1.45 1.3 ]
97,9,[5.20857032e-06 7.06690249e-03 6.20411293e-04 1.97906252e-04],[1.09 1.14 1.16 1.09 1.09 1.14],[1.3  1.31 1.33 1.15 1.19 1.21]
62,0,[5.04615457e-05 3.85850420e-05 4.36641542e-06 2.69740453e-03],[1.21 1.21 1.13 1.21 1.13 1.13],[1.29 1.36 1.25 1.36 1.25 1.31]
62,1,[9.38369287e-06 2.02800152e-01 1.18598873e-06 5.91959884e-05],[1.   1.26 1.22 1.   1.   1.22],[1.28 1.44 1.35 1.34 1.22 1.4 ]
62,2,[4.21479935e-04 6.03655851e-04 2.17683873e-07 2.06687860e-01],[1.14 1.14 1.   1.14 1.   1.  ],[1.17 1.39 1.16 1.39 1.14 1.39]
62,3,[2.33263385e-04 2.46466383e-04 7.99676308e-03 1.22075776e-06],[1.15 1.08 1.15 1.08 1.15 1.08],[1.21 1.18 1.37 1.18 1.36 1.35]
62,4,[2.91955681e-04 1.04333464e-04 8.12132358e-06 7.51906910e-07],[1.2  1.2  1.2  1.2  1.2  1.26],[1.25 1.34 1.42 1.35 1.42 1.49]
62,5,[9.80288805e-04 1.38729370e-07 2.45064787e-04 1.11899561e-01],[1.13 1.13 1.   1.15 1.   1.  ],[1.38 1.19 1.13 1.4  1.38 1.17]
62,6,[1.11949965e-03 3.40869430e-04 3.31885408e-10 7.24654002e-04],[1.16 1.16 1.16 1.16 1.16 1.16],[1.2  1.57 1.18 1.57 1.21 1.57]
62,7,[5.28469073e-05 4.55366633e-10 1.67670474e-06 1.25234552e-05],[1.26 1.26 1.26 1.31 1.27 1.27],[1.6  1.43 1.36 1.68 1.62 1.52]
62,8,[4.95685057e-04 4.85614511e-06 2.21746249e-05 7.34187685e-03],[1.15 1.15 1.09 1.23 1.09 1.09],[1.29 1.27 1.16 1.36 1.29 1.25]
62,9,[5.80291927e-04 8.86649199e-04 1.54887905e-05 4.30904334e-09],[1.17 1.17 1.17 1.17 1.17 1.24],[1.19 1.3  1.51 1.3  1.51 1.56]
66,0,[0.00088444 0.00298715 0.01153646 0.15951029],[1.07 1.04 1.   1.04 1.   1.  ],[1.1  1.1  1.1  1.07 1.07 1.04]
66,1,[9.20980689e-08 2.24385856e-07 1.36873124e-02 8.41973850e-04],[1.36 1.06 1.13 1.06 1.13 1.06],[1.49 1.41 1.41 1.38 1.39 1.13]
66,2,[2.10151196e-05 8.32062268e-05 3.93726696e-07 2.76246820e-05],[1.24 1.24 1.24 1.24 1.24 1.24],[1.3  1.47 1.37 1.44 1.35 1.47]
66,3,[9.26602140e-05 1.29774907e-04 4.34400257e-03 3.27563027e-06],[1.18 1.11 1.18 1.11 1.18 1.11],[1.25 1.22 1.35 1.21 1.36 1.32]
66,4,[8.11100972e-07 1.41838981e-05 1.07045720e-02 2.03476353e-07],[1.26 1.07 1.33 1.07 1.26 1.07],[1.38 1.36 1.52 1.27 1.46 1.4 ]
66,5,[1.17259736e-04 4.06278258e-06 7.68436142e-07 3.56586295e-05],[1.23 1.23 1.23 1.28 1.23 1.23],[1.33 1.44 1.31 1.49 1.38 1.44]
66,6,[4.38052823e-06 5.81541713e-06 8.82690847e-07 9.11321742e-05],[1.28 1.28 1.24 1.28 1.24 1.24],[1.39 1.49 1.37 1.5  1.36 1.44]
66,7,[6.56347500e-03 9.09953356e-07 3.80844998e-08 7.79555635e-03],[1.08 1.08 1.08 1.32 1.08 1.08],[1.32 1.43 1.08 1.52 1.32 1.43]
66,8,[3.32773036e-07 1.10675117e-03 8.28177047e-07 1.82561122e-04],[1.16 1.33 1.19 1.16 1.16 1.19],[1.38 1.51 1.4  1.37 1.22 1.39]
66,9,[2.21010350e-03 1.14277102e-06 5.20704477e-08 3.52279064e-02],[1.1  1.1  1.02 1.32 1.02 1.02],[1.32 1.42 1.1  1.51 1.32 1.42]
23,0,[1.20708520e-07 6.46981178e-08 3.46479111e-04 5.37896000e-06],[1.38 1.2  1.29 1.2  1.29 1.2 ],[1.58 1.44 1.54 1.47 1.53 1.36]
23,1,[0.00025071 0.00018821 0.00074668 0.00060321],[1.17 1.17 1.17 1.17 1.17 1.17],[1.25 1.23 1.23 1.24 1.25 1.2 ]
23,2,[2.02082777e-03 1.34608630e-05 9.37286353e-05 3.46887556e-04],[1.14 1.14 1.14 1.18 1.16 1.16],[1.27 1.23 1.19 1.32 1.29 1.26]
23,3,[8.01268649e-06 2.47827727e-02 5.24327676e-06 3.77629751e-03],[1.04 1.26 1.08 1.04 1.04 1.08],[1.27 1.38 1.27 1.29 1.08 1.29]
23,4,[3.11029832e-06 3.47767528e-04 1.03205866e-03 9.92219472e-04],[1.16 1.16 1.16 1.16 1.16 1.16],[1.32 1.32 1.32 1.21 1.2  1.18]
23,5,[1.28888866e-04 1.93553575e-05 1.72924999e-02 4.96754318e-04],[1.17 1.05 1.15 1.05 1.15 1.05],[1.28 1.2  1.22 1.26 1.28 1.15]
23,6,[1.34352814e-03 1.52616942e-06 1.05023256e-04 1.68891010e-04],[1.15 1.15 1.15 1.18 1.18 1.18],[1.33 1.23 1.23 1.37 1.36 1.28]
23,7,[1.68567731e-04 1.74666011e-04 1.73184421e-06 1.88453902e-03],[1.17 1.17 1.14 1.17 1.14 1.14],[1.23 1.37 1.21 1.37 1.21 1.35]
23,8,[1.02804125e-02 5.80806102e-03 7.35022716e-05 2.02891651e-04],[1.07 1.07 1.07 1.07 1.07 1.16],[1.07 1.2  1.17 1.2  1.17 1.25]
23,9,[3.14217934e-04 4.85138555e-03 2.88665303e-07 4.43175364e-06],[1.1  1.17 1.17 1.1  1.1  1.28],[1.17 1.4  1.32 1.4  1.31 1.5 ]
55,0,[1.29616427e-05 6.35972519e-09 4.80160232e-07 4.12886858e-03],[1.27 1.27 1.11 1.34 1.11 1.11],[1.53 1.45 1.28 1.64 1.52 1.38]
55,1,[6.74190854e-05 2.39801756e-05 8.43558716e-05 2.36056507e-03],[1.19 1.19 1.13 1.19 1.13 1.13],[1.29 1.28 1.24 1.33 1.27 1.23]
55,2,[2.76461305e-08 5.93874945e-04 1.19752925e-06 1.60265383e-04],[1.18 1.32 1.19 1.18 1.18 1.19],[1.46 1.57 1.48 1.38 1.24 1.39]
55,3,[5.84991478e-06 6.91192581e-07 9.10515906e-06 6.17507525e-04],[1.27 1.27 1.18 1.27 1.18 1.18],[1.43 1.42 1.34 1.46 1.38 1.32]
55,4,[0.00031798 0.00050175 0.00091278 0.00015938],[1.16 1.16 1.16 1.16 1.16 1.16],[1.2  1.22 1.25 1.22 1.24 1.24]
55,5,[3.44413139e-02 4.03204774e-04 1.08630815e-03 1.06171696e-07],[1.02 1.02 1.02 1.12 1.14 1.12],[1.16 1.12 1.41 1.18 1.41 1.41]
55,6,[0.00016481 0.00051377 0.00207765 0.00476111],[1.13 1.1  1.1  1.1  1.1  1.1 ],[1.2  1.2  1.2  1.17 1.16 1.12]
55,7,[2.61847727e-03 9.74819966e-07 2.22192010e-05 3.59414702e-04],[1.13 1.13 1.13 1.23 1.16 1.16],[1.35 1.26 1.19 1.42 1.37 1.27]
55,8,[7.73803603e-04 1.97408506e-06 1.94589302e-05 3.12085927e-03],[1.14 1.14 1.12 1.23 1.12 1.12],[1.32 1.28 1.16 1.4  1.32 1.27]
55,9,[1.86065416e-03 6.91659760e-04 4.43792547e-03 2.42650605e-05],[1.11 1.11 1.11 1.11 1.12 1.11],[1.15 1.13 1.25 1.15 1.25 1.25]
59,0,[1.18491731e-05 1.64895988e-05 1.06209583e-03 7.93998970e-04],[1.23 1.16 1.16 1.16 1.16 1.16],[1.33 1.29 1.29 1.28 1.28 1.19]
59,1,[4.49902755e-04 4.18685160e-05 2.77181145e-09 2.40051925e-03],[1.15 1.15 1.13 1.21 1.13 1.13],[1.25 1.53 1.18 1.56 1.25 1.53]
59,2,[1.78635672e-06 1.88726468e-04 9.49867599e-03 5.99345970e-07],[1.18 1.08 1.3  1.08 1.18 1.08],[1.33 1.33 1.47 1.18 1.37 1.36]
59,3,[2.15472772e-05 1.39197001e-03 1.76210352e-03 1.49042455e-03],[1.14 1.14 1.14 1.14 1.14 1.14],[1.25 1.25 1.26 1.16 1.16 1.17]
59,4,[3.02645192e-05 1.26774686e-03 8.19209477e-02 2.39005315e-04],[1.12 1.   1.15 1.   1.12 1.  ],[1.23 1.23 1.26 1.12 1.19 1.17]
59,5,[7.66332531e-09 2.42687541e-06 3.23686429e-04 7.68704801e-04],[1.29 1.17 1.17 1.17 1.17 1.17],[1.54 1.51 1.51 1.36 1.35 1.22]
59,6,[1.65481232e-05 1.25878158e-02 5.05149190e-05 2.58025482e-04],[1.06 1.2  1.17 1.06 1.06 1.17],[1.26 1.33 1.29 1.23 1.17 1.27]
59,7,[1.16235635e-04 9.98160932e-05 2.68122104e-06 5.84200762e-02],[1.18 1.18 1.   1.18 1.   1.  ],[1.24 1.36 1.2  1.35 1.2  1.31]
59,8,[1.00957741e-04 1.42291917e-05 5.60385446e-07 1.16216513e-01],[1.2  1.2  1.   1.24 1.   1.  ],[1.29 1.4  1.2  1.43 1.26 1.36]
59,9,[1.03144126e-03 1.00698079e-03 3.80130024e-05 4.24460486e-04],[1.16 1.16 1.16 1.16 1.16 1.16],[1.17 1.26 1.19 1.26 1.19 1.26]
77,0,[6.15090671e-04 3.73093098e-05 1.98423703e-06 4.08114737e-05],[1.18 1.18 1.18 1.21 1.21 1.21],[1.25 1.37 1.28 1.4  1.32 1.42]
77,1,[1.05955110e-03 1.23500060e-03 3.62061240e-07 2.81073445e-06],[1.15 1.15 1.15 1.15 1.15 1.29],[1.15 1.38 1.34 1.38 1.34 1.5 ]
77,2,[3.37409712e-03 2.20154904e-01 6.04374456e-03 8.20059818e-06],[1.   1.06 1.07 1.   1.   1.06],[1.08 1.08 1.25 1.06 1.25 1.25]
77,3,[5.74127741e-05 2.93302825e-07 5.67072128e-06 8.45816348e-05],[1.24 1.24 1.24 1.27 1.24 1.24],[1.42 1.39 1.31 1.51 1.44 1.38]
77,4,[3.84137700e-06 8.26967672e-09 2.21759926e-02 2.04457691e-04],[1.28 1.04 1.18 1.04 1.18 1.04],[1.52 1.3  1.34 1.49 1.51 1.18]
77,5,[0.00017061 0.00448058 0.000579   0.0028938 ],[1.11 1.13 1.11 1.11 1.11 1.11],[1.18 1.2  1.18 1.15 1.11 1.15]
77,6,[1.43705292e-03 1.28217519e-07 3.99157853e-08 6.55674932e-03],[1.11 1.11 1.09 1.38 1.09 1.09],[1.38 1.43 1.12 1.57 1.38 1.43]
77,7,[5.91070586e-05 7.99685777e-07 4.60097569e-04 5.88577613e-08],[1.22 1.18 1.22 1.18 1.33 1.18],[1.39 1.27 1.49 1.38 1.58 1.49]
77,8,[1.21633148e-03 2.08874198e-04 2.94054271e-06 3.86373817e-04],[1.15 1.15 1.15 1.16 1.16 1.16],[1.2  1.35 1.2  1.36 1.24 1.36]
77,9,[9.02256944e-06 1.82171396e-08 2.23550655e-06 3.03520300e-03],[1.28 1.28 1.12 1.29 1.12 1.12],[1.48 1.44 1.29 1.57 1.47 1.34]
41,0,[5.17206225e-03 1.75614255e-01 1.98641083e-06 2.04033383e-04],[1.   1.07 1.07 1.   1.   1.16],[1.07 1.31 1.17 1.31 1.17 1.35]
41,1,[1.14828196e-08 5.59965673e-03 1.14715134e-03 2.11046487e-07],[1.1  1.12 1.36 1.1  1.1  1.12],[1.47 1.47 1.63 1.14 1.39 1.39]
41,2,[8.33806659e-02 4.03205820e-03 6.76139024e-04 2.48684355e-05],[1.   1.   1.   1.08 1.08 1.12],[1.08 1.13 1.24 1.13 1.24 1.25]
41,3,[1.48757839e-06 5.16041141e-05 1.85528217e-05 2.05727318e-04],[1.22 1.23 1.21 1.22 1.21 1.21],[1.4  1.45 1.39 1.36 1.3  1.32]
41,4,[5.05354580e-06 1.64280398e-06 4.53484197e-04 5.99940274e-04],[1.27 1.18 1.18 1.18 1.18 1.18],[1.39 1.34 1.33 1.36 1.36 1.22]
41,5,[9.17907552e-08 7.64792476e-06 1.40891279e-03 4.59722009e-05],[1.26 1.15 1.23 1.15 1.23 1.15],[1.47 1.43 1.47 1.31 1.36 1.26]
41,6,[1.07377443e-02 1.40480450e-04 2.10591596e-05 8.43244363e-10],[1.07 1.07 1.07 1.19 1.19 1.23],[1.19 1.25 1.55 1.28 1.55 1.62]
41,7,[5.13872745e-05 1.17955835e-04 4.55643881e-06 7.94616237e-07],[1.23 1.23 1.23 1.23 1.23 1.27],[1.28 1.39 1.44 1.38 1.42 1.49]
41,8,[1.99015724e-05 3.29349563e-05 1.77447734e-03 1.02993977e-03],[1.22 1.14 1.14 1.14 1.14 1.14],[1.31 1.27 1.27 1.26 1.26 1.16]
41,9,[5.85282922e-06 3.17007999e-03 8.63530468e-05 2.11138964e-04],[1.12 1.19 1.18 1.12 1.12 1.18],[1.29 1.35 1.33 1.22 1.19 1.25]
58,0,[6.59367894e-10 3.69251493e-06 1.87550454e-05 5.82309911e-04],[1.28 1.25 1.18 1.25 1.18 1.18],[1.61 1.63 1.59 1.42 1.34 1.31]
58,1,[2.48548149e-05 3.13757522e-05 2.77466337e-03 1.68154677e-04],[1.21 1.12 1.19 1.12 1.19 1.12],[1.32 1.26 1.29 1.25 1.28 1.21]
58,2,[7.39858067e-06 3.63491237e-10 6.00269736e-07 4.26702231e-04],[1.28 1.28 1.19 1.33 1.19 1.19],[1.58 1.49 1.32 1.69 1.58 1.4 ]
58,3,[8.35978072e-04 4.07397357e-05 1.37306035e-04 5.15230463e-04],[1.17 1.17 1.17 1.17 1.17 1.17],[1.25 1.24 1.2  1.29 1.27 1.24]
58,4,[2.77640407e-02 6.95292353e-05 1.00180975e-01 4.52496825e-05],[1.   1.   1.   1.   1.19 1.  ],[1.2  1.   1.21 1.2  1.28 1.21]
58,5,[6.96861132e-06 8.52970221e-03 1.28498910e-01 1.88527727e-05],[1.05 1.   1.23 1.   1.05 1.  ],[1.26 1.26 1.36 1.05 1.23 1.23]
58,6,[4.11572348e-07 2.74335123e-05 5.24960075e-11 2.01335927e-06],[1.28 1.35 1.32 1.28 1.28 1.32],[1.44 1.8  1.51 1.69 1.46 1.76]
58,7,[3.85947320e-06 2.09539519e-05 3.49732000e-05 1.34162212e-04],[1.23 1.23 1.23 1.23 1.23 1.23],[1.36 1.41 1.38 1.36 1.34 1.32]
58,8,[7.22606076e-04 1.73563741e-05 8.77099414e-07 4.26462292e-06],[1.17 1.17 1.17 1.26 1.26 1.28],[1.27 1.38 1.36 1.41 1.4  1.47]
58,9,[3.35659663e-05 3.76779253e-06 2.72155028e-02 8.76155739e-04],[1.22 1.03 1.13 1.03 1.13 1.03],[1.33 1.24 1.25 1.31 1.31 1.13]
60,0,[7.82174328e-05 1.24372246e-09 1.17186772e-07 4.36147815e-04],[1.21 1.21 1.19 1.38 1.19 1.19],[1.55 1.48 1.26 1.66 1.55 1.44]
60,1,[4.75063574e-03 8.89609134e-05 1.88321014e-06 4.50052285e-05],[1.1  1.1  1.1  1.21 1.21 1.21],[1.21 1.33 1.24 1.35 1.29 1.38]
60,2,[3.37670058e-02 1.09727475e-05 1.18472502e-01 3.37543916e-03],[1.   1.   1.   1.   1.07 1.  ],[1.25 1.   1.07 1.25 1.25 1.07]
60,3,[5.01606224e-04 4.42271901e-02 3.54756257e-05 2.11549292e-03],[1.01 1.13 1.1  1.01 1.01 1.1 ],[1.15 1.25 1.15 1.23 1.1  1.23]
60,4,[7.46686042e-05 1.57746885e-05 9.94180292e-03 5.09073775e-05],[1.2  1.07 1.2  1.07 1.2  1.07],[1.29 1.21 1.28 1.26 1.34 1.23]
60,5,[3.18211993e-06 3.10776686e-06 3.86783154e-06 7.30235481e-06],[1.32 1.32 1.32 1.32 1.32 1.32],[1.41 1.46 1.44 1.45 1.47 1.48]
60,6,[9.58835151e-08 2.49114097e-06 5.90580691e-02 5.07610157e-03],[1.29 1.   1.07 1.   1.07 1.  ],[1.44 1.39 1.39 1.29 1.29 1.07]
60,7,[5.67810563e-06 3.17756631e-06 1.24710612e-04 1.36081052e-07],[1.29 1.23 1.29 1.23 1.29 1.23],[1.38 1.37 1.5  1.39 1.53 1.47]
60,8,[2.63933481e-05 5.25159579e-04 1.19696110e-04 5.25914876e-08],[1.18 1.2  1.22 1.18 1.18 1.2 ],[1.27 1.32 1.5  1.26 1.45 1.5 ]
60,9,[7.07097554e-04 7.43823908e-05 3.45386704e-03 9.38035150e-04],[1.12 1.12 1.12 1.12 1.12 1.12],[1.22 1.17 1.19 1.22 1.23 1.16]
51,0,[3.54345543e-04 3.02588236e-05 4.52268270e-08 1.29217619e-06],[1.2  1.2  1.2  1.24 1.24 1.31],[1.27 1.47 1.37 1.5  1.4  1.57]
51,1,[0.00160957 0.00171192 0.00041864 0.0001776 ],[1.14 1.14 1.14 1.14 1.14 1.14],[1.14 1.18 1.22 1.18 1.22 1.23]
51,2,[6.61187676e-04 2.27167392e-05 7.00693590e-08 5.31773648e-03],[1.14 1.14 1.1  1.23 1.1  1.1 ],[1.25 1.44 1.16 1.48 1.25 1.43]
51,3,[3.06919953e-06 1.20939383e-06 1.78195092e-02 6.44742956e-07],[1.31 1.05 1.31 1.05 1.31 1.05],[1.41 1.31 1.47 1.34 1.5  1.35]
51,4,[3.78674372e-04 5.91676287e-06 1.02322891e-05 3.09744767e-07],[1.19 1.19 1.19 1.27 1.27 1.27],[1.31 1.32 1.4  1.38 1.44 1.48]
51,5,[1.60811811e-04 2.11385613e-05 4.99365528e-02 7.06054186e-05],[1.18 1.01 1.18 1.01 1.19 1.01],[1.28 1.18 1.26 1.25 1.32 1.21]
51,6,[7.58771188e-07 1.38450214e-03 8.21102478e-04 1.94876395e-02],[1.11 1.12 1.05 1.11 1.05 1.05],[1.33 1.33 1.33 1.15 1.11 1.13]
51,7,[4.11327765e-03 2.42005782e-04 3.09131675e-03 1.74163986e-07],[1.11 1.11 1.11 1.11 1.15 1.11],[1.17 1.11 1.38 1.17 1.39 1.38]
51,8,[1.04199052e-03 2.38134189e-04 1.00648506e-03 5.37101337e-05],[1.16 1.16 1.16 1.16 1.16 1.16],[1.2  1.18 1.26 1.21 1.27 1.26]
51,9,[2.63920918e-07 1.75340123e-03 1.65390418e-03 8.38163816e-07],[1.14 1.14 1.33 1.14 1.14 1.14],[1.38 1.38 1.49 1.16 1.36 1.36]
69,0,[7.33975266e-05 6.65545847e-02 1.12799714e-06 3.12878871e-05],[1.   1.21 1.21 1.   1.   1.22],[1.21 1.39 1.3  1.34 1.24 1.43]
69,1,[1.62692350e-02 4.91861133e-05 3.82360810e-13 1.58241671e-07],[1.05 1.05 1.05 1.22 1.22 1.37],[1.22 1.78 1.4  1.78 1.45 1.87]
69,2,[4.64845221e-06 4.30014811e-05 6.41313397e-04 1.33376823e-04],[1.21 1.18 1.19 1.18 1.19 1.18],[1.35 1.34 1.35 1.27 1.31 1.25]
69,3,[3.30265658e-04 8.65221212e-05 2.70904622e-05 5.58981283e-09],[1.2  1.2  1.2  1.21 1.21 1.22],[1.25 1.29 1.52 1.33 1.52 1.57]
69,4,[9.79558767e-07 2.97978499e-07 1.22371275e-06 2.68376725e-04],[1.32 1.32 1.21 1.32 1.21 1.21],[1.5  1.51 1.39 1.56 1.43 1.39]
69,5,[1.50759695e-07 4.79531866e-05 8.46032795e-06 1.40836486e-04],[1.23 1.26 1.23 1.23 1.23 1.23],[1.44 1.5  1.46 1.36 1.3  1.36]
69,6,[2.99001075e-04 6.34149909e-05 7.10437840e-04 1.02593864e-05],[1.17 1.17 1.17 1.17 1.2  1.17],[1.26 1.22 1.32 1.26 1.34 1.32]
69,7,[4.68026046e-03 3.83372731e-03 1.27697760e-06 4.01179042e-03],[1.09 1.09 1.09 1.09 1.09 1.09],[1.09 1.31 1.09 1.31 1.09 1.31]
69,8,[4.25146915e-06 1.73387167e-04 4.78368932e-03 7.92344281e-03],[1.16 1.08 1.08 1.08 1.08 1.08],[1.28 1.28 1.28 1.17 1.17 1.09]
69,9,[0.00048257 0.03502116 0.00184839 0.00098071],[1.02 1.1  1.11 1.02 1.02 1.1 ],[1.15 1.16 1.17 1.1  1.13 1.14]
80,0,[9.85727493e-05 4.81251768e-04 3.88059841e-05 8.15222356e-06],[1.18 1.2  1.2  1.18 1.18 1.21],[1.24 1.32 1.34 1.3  1.31 1.37]
80,1,[3.42743594e-03 7.91753910e-04 4.30572861e-05 3.99986242e-07],[1.12 1.12 1.12 1.13 1.13 1.21],[1.15 1.25 1.36 1.25 1.36 1.42]
80,2,[2.07460326e-03 1.88568373e-05 6.29214939e-07 8.40628623e-05],[1.13 1.13 1.13 1.23 1.21 1.21],[1.26 1.36 1.24 1.43 1.31 1.39]
80,3,[2.26369057e-09 5.75714276e-09 1.80221293e-06 1.53069664e-02],[1.46 1.33 1.06 1.33 1.06 1.06],[1.66 1.61 1.52 1.58 1.49 1.34]
80,4,[3.61352763e-04 1.30049429e-08 1.61632666e-05 8.65231518e-06],[1.2  1.2  1.2  1.26 1.26 1.26],[1.47 1.31 1.33 1.53 1.52 1.4 ]
80,5,[4.37574171e-04 1.53280495e-03 3.76812520e-07 1.14566496e-04],[1.15 1.15 1.15 1.15 1.15 1.18],[1.18 1.4  1.24 1.4  1.23 1.44]
80,6,[3.30652731e-03 7.54394046e-02 1.72795876e-03 4.65596545e-06],[1.   1.08 1.08 1.   1.   1.09],[1.08 1.11 1.29 1.11 1.29 1.29]
80,7,[1.45650409e-04 2.43218810e-04 7.76060105e-03 5.18939120e-07],[1.17 1.08 1.17 1.08 1.17 1.08],[1.22 1.2  1.38 1.18 1.39 1.37]
80,8,[4.00581042e-04 5.48962262e-04 2.52861954e-10 9.24619720e-02],[1.14 1.14 1.   1.14 1.   1.  ],[1.17 1.57 1.16 1.56 1.15 1.56]
80,9,[3.99335348e-06 1.71049473e-04 2.48691845e-06 1.43330398e-03],[1.19 1.28 1.15 1.19 1.15 1.15],[1.34 1.44 1.33 1.37 1.23 1.35]
7,0,[2.63926799e-04 2.12017611e-06 9.65363566e-05 5.42586414e-04],[1.18 1.18 1.18 1.18 1.18 1.18],[1.34 1.29 1.23 1.38 1.35 1.26]
7,1,[3.97707964e-04 4.03347255e-05 4.08678754e-06 4.54617256e-07],[1.19 1.19 1.19 1.23 1.23 1.28],[1.27 1.36 1.42 1.38 1.45 1.52]
7,2,[1.05867783e-05 1.81797273e-05 1.85632151e-03 2.85365816e-04],[1.23 1.14 1.17 1.14 1.17 1.14],[1.36 1.3  1.33 1.28 1.3  1.2 ]
7,3,[5.57141641e-07 1.02695368e-06 1.30103039e-10 1.86650029e-10],[1.38 1.38 1.38 1.38 1.38 1.55],[1.49 1.72 1.74 1.73 1.7  1.92]
7,4,[4.45602068e-03 1.45172553e-03 6.43723497e-09 2.40045924e-07],[1.11 1.11 1.11 1.11 1.11 1.36],[1.12 1.47 1.37 1.47 1.37 1.63]
7,5,[4.21843048e-07 1.43966883e-05 1.33371011e-04 6.76338802e-04],[1.24 1.19 1.17 1.19 1.17 1.17],[1.42 1.42 1.4  1.35 1.31 1.24]
7,6,[2.49637565e-05 3.30566159e-03 3.57971416e-05 1.70946712e-08],[1.12 1.23 1.23 1.12 1.12 1.23],[1.26 1.33 1.53 1.25 1.47 1.54]
7,7,[2.81956818e-08 1.18127555e-03 3.25637337e-05 7.66547216e-04],[1.16 1.22 1.16 1.16 1.16 1.16],[1.45 1.48 1.45 1.27 1.18 1.27]
7,8,[1.16038014e-03 6.02205966e-05 8.37168538e-07 6.74219962e-04],[1.16 1.16 1.16 1.2  1.16 1.16],[1.23 1.37 1.19 1.4  1.26 1.37]
7,9,[3.09273282e-05 6.36565525e-06 6.75315284e-05 2.20737130e-07],[1.25 1.25 1.25 1.25 1.26 1.25],[1.36 1.33 1.47 1.39 1.5  1.47]
99,0,[5.06943272e-05 9.90784824e-04 2.89198363e-04 1.57771494e-05],[1.16 1.17 1.2  1.16 1.16 1.17],[1.25 1.27 1.35 1.22 1.29 1.31]
99,1,[0.00012296 0.00721642 0.00044944 0.00117483],[1.09 1.13 1.12 1.09 1.09 1.12],[1.2  1.22 1.2  1.16 1.13 1.18]
99,2,[4.59398758e-03 2.53239470e-05 2.58473076e-06 8.23284752e-04],[1.1  1.1  1.1  1.22 1.13 1.13],[1.25 1.32 1.15 1.38 1.26 1.33]
99,3,[8.13650295e-03 7.24954872e-05 1.23243329e-03 4.60690485e-07],[1.08 1.08 1.08 1.12 1.19 1.12],[1.21 1.13 1.36 1.22 1.42 1.36]
99,4,[7.76286871e-06 7.42542754e-03 1.51296382e-04 5.04306012e-04],[1.08 1.17 1.15 1.08 1.08 1.15],[1.28 1.31 1.3  1.2  1.16 1.23]
99,5,[1.03078322e-02 9.71816572e-03 5.64973067e-05 5.89480557e-04],[1.05 1.06 1.06 1.06 1.06 1.12],[1.05 1.2  1.13 1.2  1.13 1.23]
99,6,[9.01576765e-01 7.73774622e-04 1.38063288e-06 7.03987981e-05],[1.   1.   1.   1.13 1.13 1.19],[1.13 1.33 1.21 1.33 1.23 1.38]
99,7,[4.65511371e-05 7.44557477e-05 9.71105269e-03 3.40863791e-04],[1.19 1.08 1.16 1.08 1.16 1.08],[1.27 1.23 1.26 1.22 1.26 1.17]
99,8,[1.24247806e-05 6.20711411e-04 1.07209052e-04 1.48512503e-04],[1.18 1.18 1.18 1.18 1.18 1.18],[1.29 1.32 1.33 1.25 1.24 1.3 ]
99,9,[1.84550840e-01 4.66505037e-07 5.34580019e-06 4.70236192e-04],[1.   1.   1.   1.27 1.15 1.15],[1.36 1.29 1.15 1.47 1.37 1.31]
43,0,[1.49217474e-04 2.66720985e-03 1.57170778e-03 3.35116714e-05],[1.12 1.12 1.17 1.12 1.12 1.12],[1.2  1.2  1.28 1.14 1.24 1.24]
43,1,[1.05466118e-03 1.53204343e-06 4.33939339e-05 8.61443500e-05],[1.16 1.16 1.16 1.21 1.21 1.21],[1.33 1.25 1.23 1.37 1.38 1.29]
43,2,[1.17790562e-06 4.38224774e-04 1.47091389e-05 2.35877213e-07],[1.19 1.26 1.32 1.19 1.19 1.26],[1.37 1.42 1.5  1.31 1.43 1.47]
43,3,[2.05940005e-05 2.50388262e-05 1.22422212e-03 1.24407357e-03],[1.22 1.15 1.15 1.15 1.15 1.15],[1.32 1.28 1.28 1.27 1.27 1.18]
43,4,[0.00538555 0.00016765 0.02283036 0.00010268],[1.07 1.04 1.07 1.04 1.17 1.04],[1.17 1.07 1.19 1.17 1.23 1.19]
43,5,[8.47086445e-09 3.82499821e-08 5.24342639e-03 1.36371548e-03],[1.42 1.1  1.11 1.1  1.11 1.1 ],[1.58 1.48 1.48 1.45 1.45 1.14]
43,6,[7.67330998e-05 3.75603944e-04 1.60044014e-05 2.22725722e-05],[1.19 1.21 1.21 1.19 1.19 1.23],[1.24 1.34 1.32 1.32 1.3  1.38]
43,7,[5.19170406e-04 5.35093645e-08 1.36600048e-06 3.00796062e-06],[1.18 1.18 1.18 1.31 1.31 1.31],[1.43 1.4  1.34 1.55 1.55 1.5 ]
43,8,[4.13373773e-06 5.61051577e-06 9.05460116e-08 9.65373550e-06],[1.31 1.31 1.31 1.31 1.31 1.31],[1.38 1.57 1.44 1.54 1.45 1.51]
43,9,[1.35369130e-02 3.28566169e-04 4.74077755e-05 1.06094402e-04],[1.06 1.06 1.06 1.16 1.16 1.18],[1.16 1.23 1.2  1.25 1.23 1.3 ]
4,0,[3.66325798e-05 1.66269759e-05 1.90588281e-03 1.59952393e-07],[1.23 1.14 1.23 1.14 1.24 1.14],[1.31 1.25 1.43 1.28 1.48 1.41]
4,1,[3.62418136e-07 5.75937846e-06 1.09775613e-03 9.38658312e-04],[1.27 1.16 1.16 1.16 1.16 1.16],[1.44 1.4  1.4  1.33 1.33 1.2 ]
4,2,[3.43161823e-07 7.65374892e-02 2.82139347e-03 1.62552792e-07],[1.   1.09 1.35 1.   1.   1.09],[1.37 1.37 1.53 1.09 1.38 1.38]
4,3,[1.00688919e-04 1.66327522e-05 1.18327093e-04 1.39987666e-04],[1.23 1.23 1.23 1.23 1.23 1.23],[1.31 1.3  1.28 1.34 1.33 1.29]
4,4,[5.58836291e-06 6.95294651e-08 1.79502425e-03 6.11753900e-05],[1.27 1.14 1.22 1.14 1.22 1.14],[1.47 1.32 1.35 1.45 1.48 1.25]
4,5,[2.03398292e-08 3.44235559e-02 4.20091817e-04 4.71911235e-07],[1.02 1.15 1.34 1.02 1.02 1.15],[1.46 1.48 1.6  1.15 1.37 1.39]
4,6,[0.01207205 0.06187347 0.00031144 0.00064922],[1.   1.03 1.03 1.   1.   1.12],[1.03 1.15 1.12 1.15 1.12 1.18]
4,7,[4.00673801e-03 1.06987184e-06 2.90350738e-04 5.37842745e-05],[1.11 1.11 1.11 1.17 1.2  1.17],[1.34 1.19 1.23 1.37 1.39 1.27]
4,8,[3.39100162e-07 2.00183511e-04 3.17741500e-03 3.69742050e-08],[1.18 1.12 1.36 1.12 1.18 1.12],[1.38 1.38 1.59 1.19 1.46 1.45]
4,9,[1.32605991e-04 2.30229677e-05 5.32773946e-03 5.24348808e-06],[1.19 1.1  1.19 1.1  1.23 1.1 ],[1.27 1.21 1.35 1.27 1.38 1.31]
50,0,[9.55972936e-05 5.55913188e-06 6.23868358e-04 3.75559730e-02],[1.18 1.14 1.02 1.14 1.02 1.02],[1.3  1.22 1.2  1.3  1.29 1.14]
50,1,[3.44068137e-03 3.52255183e-06 1.10019213e-04 4.41396555e-08],[1.12 1.12 1.12 1.2  1.29 1.2 ],[1.31 1.22 1.44 1.36 1.52 1.46]
50,2,[7.08608814e-06 2.01126807e-05 1.60154715e-03 5.62174239e-06],[1.25 1.14 1.25 1.14 1.25 1.14],[1.35 1.31 1.41 1.28 1.38 1.3 ]
50,3,[5.22511566e-05 1.07097111e-03 6.61311672e-03 7.15589947e-05],[1.12 1.09 1.19 1.09 1.12 1.09],[1.23 1.23 1.29 1.14 1.24 1.23]
50,4,[1.58013050e-04 3.40147538e-05 4.73010180e-03 4.01843590e-08],[1.19 1.1  1.19 1.1  1.22 1.1 ],[1.26 1.2  1.48 1.24 1.48 1.45]
50,5,[6.16142070e-04 3.35773766e-05 4.23134972e-04 1.36550053e-03],[1.15 1.15 1.15 1.15 1.15 1.15],[1.26 1.22 1.19 1.27 1.26 1.19]
50,6,[5.25597352e-07 8.37038101e-06 2.32523601e-07 5.02981316e-05],[1.28 1.34 1.26 1.28 1.26 1.26],[1.44 1.57 1.47 1.52 1.4  1.48]
50,7,[3.65933484e-09 1.36111451e-04 2.32487311e-05 4.02303707e-05],[1.23 1.23 1.23 1.23 1.23 1.23],[1.51 1.56 1.56 1.32 1.32 1.36]
50,8,[6.43573935e-04 2.27783055e-03 4.55668581e-04 1.34402556e-06],[1.13 1.13 1.13 1.13 1.13 1.13],[1.17 1.21 1.37 1.19 1.35 1.38]
50,9,[1.02207448e-04 2.07379953e-01 3.43152972e-04 9.20354261e-04],[1.   1.14 1.13 1.   1.   1.13],[1.2  1.24 1.21 1.16 1.13 1.19]
13,0,[2.48013798e-08 4.32788503e-08 1.31790523e-06 1.81493976e-03],[1.41 1.33 1.14 1.33 1.14 1.14],[1.61 1.56 1.46 1.57 1.45 1.36]
13,1,[3.98696513e-04 2.89665702e-05 2.19352777e-07 9.95484621e-07],[1.19 1.19 1.19 1.24 1.24 1.33],[1.28 1.43 1.38 1.48 1.44 1.53]
13,2,[8.67022488e-06 8.91369730e-07 5.84518592e-04 4.94802361e-04],[1.26 1.18 1.18 1.18 1.18 1.18],[1.42 1.33 1.32 1.38 1.4  1.22]
13,3,[0.000767   0.00021803 0.00020038 0.00540353],[1.13 1.13 1.1  1.15 1.1  1.1 ],[1.19 1.22 1.16 1.24 1.19 1.2 ]
13,4,[3.96785408e-04 6.50145262e-06 2.02028229e-05 8.81534971e-06],[1.19 1.19 1.19 1.25 1.25 1.25],[1.31 1.3  1.33 1.38 1.39 1.4 ]
13,5,[1.06742974e-01 4.94796536e-04 5.92048590e-06 6.25710293e-06],[1.   1.   1.   1.15 1.15 1.25],[1.15 1.29 1.29 1.31 1.31 1.42]
13,6,[3.42608820e-04 8.62217833e-06 7.50943146e-05 1.16717277e-04],[1.2 1.2 1.2 1.2 1.2 1.2],[1.31 1.27 1.26 1.35 1.34 1.3 ]
13,7,[7.68863665e-06 6.22887968e-05 8.31059372e-05 1.21868965e-02],[1.2  1.2  1.07 1.2  1.07 1.07],[1.32 1.34 1.29 1.27 1.22 1.21]
13,8,[6.17938934e-05 5.49128645e-05 3.73253161e-04 5.77608898e-08],[1.2 1.2 1.2 1.2 1.2 1.2],[1.28 1.27 1.5  1.27 1.51 1.48]
13,9,[1.21991703e-04 2.82532731e-03 2.35299202e-09 3.11384214e-06],[1.12 1.2  1.2  1.12 1.12 1.29],[1.2  1.54 1.35 1.53 1.32 1.6 ]
88,0,[7.50828427e-07 3.20399512e-03 8.33555511e-05 2.32528251e-06],[1.12 1.21 1.3  1.12 1.12 1.21],[1.35 1.4  1.45 1.23 1.32 1.36]
88,1,[2.37848030e-04 6.88074394e-03 1.16794451e-04 8.86022093e-05],[1.09 1.18 1.18 1.09 1.09 1.18],[1.18 1.25 1.26 1.21 1.21 1.27]
88,2,[9.92347127e-04 3.76500976e-06 5.58667934e-05 1.15831958e-02],[1.13 1.13 1.07 1.2  1.07 1.07],[1.29 1.22 1.13 1.33 1.29 1.22]
88,3,[0.00028167 0.00334715 0.0007136  0.00011485],[1.12 1.14 1.15 1.12 1.12 1.14],[1.18 1.2  1.23 1.16 1.21 1.22]
88,4,[4.46991519e-05 1.33149029e-03 5.43605086e-04 3.85185175e-04],[1.15 1.15 1.15 1.15 1.15 1.15],[1.23 1.26 1.27 1.2  1.2  1.24]
88,5,[3.49899474e-02 1.53964330e-04 7.67212218e-05 8.91799572e-05],[1.02 1.02 1.02 1.18 1.18 1.18],[1.19 1.21 1.21 1.27 1.26 1.28]
88,6,[1.05860872e-01 1.07035333e-04 9.55077713e-04 4.42032135e-07],[1.   1.   1.   1.13 1.18 1.13],[1.2  1.13 1.37 1.21 1.4  1.37]
88,7,[4.02620715e-05 9.59121339e-04 4.24629787e-05 2.37124144e-05],[1.16 1.21 1.21 1.16 1.16 1.21],[1.25 1.33 1.32 1.27 1.27 1.34]
88,8,[2.18380126e-05 6.74364062e-06 1.85962880e-04 2.95255220e-09],[1.25 1.22 1.25 1.22 1.26 1.22],[1.37 1.33 1.59 1.35 1.63 1.57]
88,9,[0.00029468 0.00502527 0.00088251 0.00011077],[1.1  1.13 1.15 1.1  1.1  1.13],[1.17 1.19 1.25 1.15 1.2  1.22]
40,0,[3.14838767e-04 2.32375636e-04 2.41233582e-08 1.39950319e-06],[1.2  1.2  1.2  1.2  1.2  1.31],[1.22 1.49 1.38 1.49 1.39 1.61]
40,1,[4.53068835e-03 4.10300353e-04 9.28452119e-06 2.69817162e-06],[1.1  1.1  1.1  1.16 1.16 1.25],[1.16 1.28 1.33 1.28 1.36 1.41]
40,2,[3.23723489e-06 5.21809262e-11 1.38921601e-06 7.69095336e-08],[1.35 1.35 1.35 1.35 1.4  1.35],[1.68 1.51 1.58 1.74 1.88 1.59]
40,3,[1.42309391e-07 2.64584371e-04 1.03935404e-02 5.90101747e-03],[1.15 1.07 1.07 1.07 1.07 1.06],[1.37 1.37 1.37 1.16 1.16 1.06]
40,4,[1.01612469e-02 3.80873133e-04 1.73481477e-06 4.05892304e-05],[1.07 1.07 1.07 1.16 1.16 1.21],[1.16 1.34 1.23 1.35 1.27 1.39]
40,5,[2.82440221e-03 8.30338900e-05 1.17683584e-04 6.37563485e-05],[1.12 1.12 1.12 1.18 1.18 1.18],[1.21 1.21 1.24 1.27 1.28 1.28]
40,6,[1.72750911e-06 2.98011831e-04 6.87307266e-02 1.17281046e-04],[1.16 1.   1.17 1.   1.16 1.  ],[1.33 1.33 1.37 1.16 1.24 1.19]
40,7,[1.51352167e-03 1.62601577e-03 5.36766904e-04 5.31821855e-05],[1.14 1.14 1.14 1.14 1.14 1.14],[1.15 1.18 1.24 1.18 1.24 1.25]
40,8,[1.90148770e-04 5.38337333e-04 3.86795242e-04 4.38619264e-06],[1.18 1.18 1.18 1.18 1.18 1.18],[1.23 1.24 1.36 1.22 1.35 1.36]
40,9,[4.76423144e-05 4.47110954e-03 3.54596774e-05 2.76657674e-04],[1.11 1.2  1.17 1.11 1.11 1.17],[1.22 1.31 1.28 1.25 1.19 1.3 ]
71,0,[0.00239665 0.00409304 0.00443072 0.00035274],[1.1 1.1 1.1 1.1 1.1 1.1],[1.1  1.1  1.15 1.1  1.15 1.15]
71,1,[4.61405017e-02 1.62478698e-04 1.56093475e-05 1.89416520e-05],[1.01 1.01 1.01 1.19 1.19 1.22],[1.19 1.26 1.25 1.29 1.3  1.36]
71,2,[3.36873252e-06 3.69576183e-04 5.15973985e-05 3.25640549e-02],[1.16 1.2  1.02 1.16 1.02 1.02],[1.31 1.35 1.31 1.25 1.16 1.22]
71,3,[1.07966616e-06 5.45866182e-05 7.06834135e-03 6.19671215e-05],[1.2  1.09 1.2  1.09 1.2  1.09],[1.39 1.36 1.38 1.24 1.31 1.23]
71,4,[6.09714607e-03 3.25571567e-04 7.57549864e-05 3.47168535e-04],[1.09 1.09 1.09 1.15 1.15 1.15],[1.17 1.22 1.18 1.25 1.21 1.26]
71,5,[2.08715013e-06 2.78698628e-04 8.30950922e-04 1.50334881e-04],[1.17 1.17 1.17 1.17 1.17 1.17],[1.34 1.34 1.36 1.22 1.26 1.24]
71,6,[1.41935201e-06 2.63058035e-04 3.97621873e-07 8.89337466e-05],[1.21 1.31 1.21 1.21 1.21 1.21],[1.36 1.48 1.41 1.43 1.28 1.46]
71,7,[3.52894364e-06 5.59839311e-05 1.54711586e-05 7.95717638e-05],[1.25 1.25 1.25 1.25 1.25 1.25],[1.36 1.43 1.38 1.38 1.32 1.35]
71,8,[1.26321025e-06 5.79184365e-06 6.86685810e-07 9.91023993e-03],[1.29 1.31 1.07 1.29 1.07 1.07],[1.4  1.5  1.34 1.45 1.3  1.36]
71,9,[2.60253831e-02 5.65022907e-04 1.38149006e-08 2.51585110e-04],[1.03 1.03 1.03 1.14 1.14 1.15],[1.14 1.46 1.17 1.47 1.21 1.5 ]
89,0,[1.17328171e-06 6.97760864e-04 5.48913469e-05 2.22824351e-05],[1.17 1.22 1.23 1.17 1.17 1.22],[1.35 1.39 1.4  1.26 1.29 1.34]
89,1,[2.78879142e-11 2.67388778e-10 8.00385965e-07 8.20952499e-03],[1.55 1.35 1.08 1.35 1.08 1.08],[1.82 1.73 1.65 1.66 1.59 1.36]
89,2,[1.61162717e-05 3.00090836e-04 1.81098840e-05 2.78446452e-05],[1.2  1.23 1.23 1.2  1.2  1.23],[1.3  1.37 1.37 1.32 1.31 1.38]
89,3,[0.00062368 0.00029809 0.00018721 0.00023696],[1.18 1.18 1.18 1.18 1.18 1.18],[1.21 1.24 1.25 1.27 1.25 1.27]
89,4,[7.98227130e-06 6.85463988e-04 4.79274265e-07 1.13087251e-09],[1.18 1.28 1.28 1.18 1.18 1.34],[1.29 1.45 1.64 1.4  1.58 1.69]
89,5,[0.02238673 0.001098   0.01859461 0.07117108],[1. 1. 1. 1. 1. 1.],[1.09 1.   1.   1.09 1.09 1.  ]
89,6,[1.11051169e-02 5.74703214e-05 5.24646632e-06 3.78334134e-04],[1.07 1.07 1.07 1.2  1.16 1.16],[1.22 1.3  1.16 1.35 1.25 1.33]
89,7,[1.83126987e-02 5.44626396e-03 2.31203114e-07 9.81377501e-04],[1.05 1.05 1.05 1.06 1.06 1.11],[1.06 1.37 1.12 1.37 1.12 1.38]
89,8,[0.00024506 0.00033286 0.02122902 0.01154373],[1.14 1.04 1.04 1.04 1.04 1.04],[1.18 1.15 1.15 1.14 1.14 1.04]
89,9,[1.35467677e-01 1.13759050e-03 7.36107182e-03 2.19490497e-08],[1.   1.   1.   1.05 1.1  1.05],[1.11 1.05 1.43 1.11 1.43 1.43]
79,0,[0.00110763 0.27618756 0.00405468 0.00470746],[1.   1.06 1.06 1.   1.   1.06],[1.11 1.11 1.11 1.08 1.07 1.08]
79,1,[6.82629878e-04 5.07532942e-07 6.46262489e-04 9.54701812e-07],[1.17 1.17 1.17 1.17 1.32 1.17],[1.37 1.21 1.38 1.37 1.51 1.38]
79,2,[1.02335207e-08 2.15818420e-04 6.34330317e-04 1.21649638e-03],[1.16 1.15 1.15 1.15 1.15 1.15],[1.48 1.48 1.48 1.23 1.22 1.18]
79,3,[2.23393705e-03 6.84907489e-05 1.10175440e-03 2.60152791e-05],[1.13 1.13 1.13 1.13 1.2  1.13],[1.22 1.16 1.26 1.23 1.3  1.26]
79,4,[6.17090953e-06 2.15887552e-02 1.52912534e-07 1.68236516e-06],[1.04 1.29 1.29 1.04 1.04 1.3 ],[1.29 1.48 1.41 1.4  1.32 1.52]
79,5,[2.30440666e-04 2.30833919e-08 2.90883404e-06 4.19709138e-05],[1.21 1.21 1.21 1.29 1.23 1.23],[1.46 1.39 1.31 1.58 1.52 1.42]
79,6,[3.16755406e-08 4.81327328e-05 2.53552142e-08 1.39648565e-02],[1.22 1.41 1.06 1.22 1.06 1.06],[1.46 1.63 1.45 1.51 1.22 1.45]
79,7,[8.48177508e-04 7.88945676e-05 7.56948288e-04 5.42150989e-07],[1.17 1.17 1.17 1.17 1.19 1.17],[1.24 1.2  1.4  1.25 1.42 1.4 ]
79,8,[1.36303729e-04 1.81474623e-03 1.46156765e-02 3.02034548e-06],[1.1  1.06 1.17 1.06 1.1  1.06],[1.18 1.18 1.33 1.11 1.31 1.31]
79,9,[1.17138164e-05 3.82397840e-04 2.10757257e-06 5.01521065e-05],[1.19 1.25 1.22 1.19 1.19 1.22],[1.3  1.43 1.35 1.38 1.29 1.42]
61,0,[4.03782032e-05 1.93329575e-10 2.99568204e-05 5.56861011e-04],[1.22 1.22 1.18 1.22 1.18 1.18],[1.6  1.34 1.29 1.61 1.6  1.29]
61,1,[8.90677191e-04 5.00317897e-07 2.54509035e-06 1.13807684e-04],[1.17 1.17 1.17 1.3  1.2  1.2 ],[1.38 1.36 1.26 1.48 1.42 1.39]
61,2,[1.02116600e-08 7.82601698e-03 1.54705163e-05 9.39507235e-03],[1.07 1.24 1.07 1.07 1.07 1.07],[1.45 1.52 1.45 1.24 1.07 1.24]
61,3,[4.67421492e-05 5.29005113e-08 3.32857993e-03 2.79640864e-04],[1.21 1.12 1.17 1.12 1.17 1.12],[1.44 1.24 1.27 1.43 1.44 1.19]
61,4,[1.55767423e-03 1.05472055e-06 1.72897538e-06 1.30605907e-03],[1.15 1.15 1.15 1.3  1.15 1.15],[1.34 1.35 1.17 1.46 1.34 1.34]
61,5,[0.00228523 0.00041417 0.00806423 0.0024733 ],[1.08 1.08 1.08 1.08 1.08 1.08],[1.14 1.1  1.11 1.14 1.14 1.11]
61,6,[1.97862650e-06 3.63481469e-07 1.00085487e-05 9.06385754e-05],[1.3  1.27 1.24 1.27 1.24 1.24],[1.48 1.45 1.4  1.47 1.45 1.37]
61,7,[2.95710293e-02 2.19177230e-03 1.55043196e-03 9.48061385e-09],[1.03 1.03 1.03 1.09 1.09 1.09],[1.1  1.11 1.46 1.12 1.46 1.46]
61,8,[2.12061812e-07 1.01936439e-03 6.52771773e-04 2.89956293e-03],[1.12 1.12 1.12 1.12 1.12 1.12],[1.4  1.4  1.4  1.19 1.16 1.18]
61,9,[1.29579683e-04 1.49518098e-05 2.52049249e-04 9.40908504e-03],[1.17 1.17 1.08 1.17 1.08 1.08],[1.28 1.23 1.2  1.3  1.27 1.18]
75,0,[2.27684669e-04 6.26326184e-08 2.56583040e-05 1.59080885e-07],[1.21 1.21 1.21 1.25 1.37 1.25],[1.45 1.32 1.44 1.48 1.59 1.49]
75,1,[6.14506737e-03 2.27175273e-04 6.78825240e-07 4.97743136e-09],[1.09 1.09 1.09 1.18 1.18 1.33],[1.18 1.36 1.49 1.4  1.51 1.62]
75,2,[1.69235433e-05 5.65625146e-02 2.07872750e-05 2.10548448e-04],[1.   1.22 1.18 1.   1.   1.18],[1.25 1.37 1.29 1.25 1.18 1.29]
75,3,[4.33220735e-03 1.92161142e-04 6.56555111e-06 1.39648349e-03],[1.11 1.11 1.11 1.16 1.11 1.11],[1.18 1.3  1.14 1.32 1.19 1.3 ]
75,4,[3.80965961e-06 3.08190203e-04 3.42970169e-05 1.24765071e-05],[1.2  1.24 1.25 1.2  1.2  1.24],[1.34 1.4  1.42 1.3  1.31 1.36]
75,5,[3.46524438e-03 1.34724889e-05 9.03290175e-05 9.57453614e-05],[1.12 1.12 1.12 1.19 1.19 1.19],[1.26 1.22 1.22 1.33 1.32 1.27]
75,6,[5.67776862e-03 7.31281615e-07 5.06311161e-04 1.49597839e-04],[1.1  1.1  1.1  1.15 1.17 1.15],[1.35 1.16 1.2  1.36 1.39 1.22]
75,7,[3.05523695e-04 4.60526755e-05 2.36097476e-04 1.92705781e-05],[1.2  1.2  1.2  1.2  1.21 1.2 ],[1.27 1.25 1.32 1.28 1.34 1.32]
75,8,[6.58924036e-04 3.85965814e-04 1.73943398e-03 3.28610084e-06],[1.14 1.14 1.14 1.14 1.14 1.14],[1.19 1.18 1.33 1.19 1.33 1.33]
75,9,[7.47236913e-04 2.27385429e-05 1.37548584e-04 1.74720581e-06],[1.17 1.17 1.17 1.19 1.23 1.19],[1.27 1.23 1.38 1.31 1.4  1.4 ]
73,0,[2.76823032e-03 6.76912279e-06 2.03573099e-07 5.20213179e-06],[1.12 1.12 1.12 1.27 1.27 1.27],[1.29 1.4  1.3  1.46 1.4  1.47]
73,1,[6.66175763e-06 3.49777027e-08 3.72739617e-11 4.44245785e-08],[1.33 1.33 1.33 1.41 1.41 1.41],[1.49 1.77 1.57 1.88 1.68 1.84]
73,2,[1.02431663e-04 1.97199501e-04 8.92566005e-02 8.24727641e-06],[1.18 1.   1.18 1.   1.18 1.  ],[1.22 1.2  1.33 1.18 1.32 1.28]
73,3,[2.76652579e-05 3.86354118e-04 3.88456062e-07 6.20645683e-05],[1.19 1.22 1.22 1.19 1.19 1.22],[1.26 1.44 1.33 1.43 1.28 1.46]
73,4,[2.87879361e-03 1.32391881e-06 9.89612115e-04 3.27040338e-04],[1.12 1.12 1.12 1.13 1.14 1.13],[1.33 1.16 1.19 1.33 1.35 1.21]
73,5,[2.87302846e-06 3.17909140e-04 1.43775629e-03 1.22814980e-03],[1.15 1.15 1.15 1.15 1.15 1.15],[1.32 1.32 1.32 1.2  1.2  1.18]
73,6,[2.00695110e-04 6.36878308e-05 2.24597854e-03 1.61057728e-07],[1.18 1.13 1.18 1.13 1.2  1.13],[1.26 1.21 1.42 1.24 1.42 1.41]
73,7,[2.26601800e-07 4.58704142e-05 3.06600266e-05 1.35862330e-02],[1.22 1.22 1.06 1.22 1.06 1.06],[1.4  1.45 1.39 1.31 1.23 1.24]
73,8,[3.73980865e-04 2.12802643e-04 6.13197745e-05 1.97930682e-02],[1.16 1.16 1.05 1.16 1.05 1.05],[1.2  1.24 1.16 1.26 1.18 1.22]
73,9,[5.29602624e-03 1.96899830e-03 3.77545922e-05 1.55775319e-03],[1.1 1.1 1.1 1.1 1.1 1.1],[1.12 1.23 1.13 1.23 1.13 1.23]
76,0,[7.73782456e-05 6.37887579e-04 4.33667771e-03 2.45727972e-06],[1.14 1.11 1.19 1.11 1.14 1.11],[1.22 1.22 1.34 1.16 1.32 1.32]
76,1,[1.30408656e-01 1.73797341e-06 1.24325335e-04 3.54397712e-04],[1.   1.   1.   1.18 1.16 1.16],[1.32 1.2  1.16 1.39 1.33 1.23]
76,2,[1.50695012e-10 2.85167265e-08 1.35720804e-03 1.85347097e-04],[1.42 1.15 1.18 1.15 1.18 1.15],[1.69 1.62 1.63 1.47 1.49 1.22]
76,3,[4.38916916e-05 1.30859551e-05 3.93269306e-05 3.36310004e-08],[1.27 1.27 1.27 1.27 1.27 1.27],[1.33 1.36 1.53 1.37 1.55 1.54]
76,4,[1.84250977e-08 7.18775566e-06 1.53759863e-04 5.30110905e-03],[1.26 1.19 1.1  1.19 1.1  1.1 ],[1.48 1.47 1.46 1.32 1.29 1.2 ]
76,5,[1.97634045e-08 4.16200423e-04 3.18506795e-04 7.97907124e-06],[1.19 1.19 1.26 1.19 1.19 1.19],[1.47 1.48 1.57 1.23 1.36 1.34]
76,6,[3.91905209e-03 7.34743112e-03 9.92800585e-03 9.46026213e-05],[1.07 1.07 1.07 1.06 1.07 1.07],[1.07 1.07 1.18 1.06 1.18 1.18]
76,7,[1.21313611e-04 2.50841406e-03 6.85527612e-09 4.18126923e-07],[1.13 1.2  1.2  1.13 1.13 1.34],[1.21 1.52 1.42 1.51 1.39 1.62]
76,8,[7.50066675e-13 3.73643545e-08 5.15457725e-03 1.79164683e-10],[1.44 1.1  1.56 1.1  1.44 1.1 ],[1.82 1.75 2.09 1.45 1.77 1.6 ]
76,9,[3.37570860e-07 2.74789174e-07 8.12610331e-05 8.09393327e-06],[1.34 1.25 1.28 1.25 1.28 1.25],[1.53 1.47 1.51 1.46 1.48 1.38]
56,0,[1.32934936e-04 2.47403272e-04 1.72444071e-04 2.65275511e-05],[1.21 1.21 1.21 1.21 1.21 1.21],[1.24 1.29 1.33 1.27 1.31 1.34]
56,1,[1.10567779e-03 5.30681074e-04 7.14807008e-07 4.80054740e-07],[1.16 1.16 1.16 1.16 1.16 1.33],[1.18 1.38 1.39 1.38 1.39 1.53]
56,2,[3.58034218e-05 9.85316095e-09 4.89033595e-04 3.25272025e-08],[1.24 1.19 1.24 1.19 1.42 1.19],[1.51 1.29 1.53 1.51 1.67 1.48]
56,3,[5.12097344e-03 3.98195930e-08 8.33123702e-03 1.57964060e-05],[1.08 1.08 1.08 1.08 1.24 1.08],[1.41 1.08 1.24 1.41 1.5  1.24]
56,4,[8.50460902e-09 1.58468013e-06 4.57900491e-05 1.86696786e-02],[1.31 1.23 1.05 1.23 1.05 1.05],[1.55 1.52 1.48 1.4  1.33 1.23]
56,5,[7.66310890e-06 1.05053316e-05 1.47551038e-09 2.19305986e-04],[1.26 1.26 1.21 1.26 1.21 1.21],[1.37 1.62 1.35 1.62 1.34 1.58]
56,6,[3.57857302e-03 1.03321879e-05 8.79569812e-06 1.26070754e-03],[1.11 1.11 1.11 1.24 1.12 1.12],[1.27 1.28 1.14 1.37 1.27 1.29]
56,7,[1.26667812e-04 2.98601718e-04 9.21189407e-06 4.95499480e-06],[1.2  1.2  1.2  1.2  1.2  1.25],[1.25 1.34 1.37 1.33 1.36 1.44]
56,8,[5.93423855e-04 8.88899876e-04 7.74275903e-05 1.25915109e-05],[1.17 1.17 1.17 1.17 1.17 1.19],[1.18 1.25 1.3  1.25 1.3  1.36]
56,9,[0.00041345 0.00427234 0.00269196 0.00043099],[1.11 1.11 1.12 1.11 1.11 1.11],[1.16 1.16 1.19 1.12 1.16 1.16]
87,0,[2.82823027e-05 2.12431988e-05 3.40298445e-03 4.41530499e-08],[1.23 1.12 1.23 1.12 1.23 1.12],[1.31 1.25 1.48 1.27 1.48 1.45]
87,1,[2.32906576e-07 8.76774558e-05 1.49274938e-05 1.92733362e-04],[1.22 1.24 1.22 1.22 1.22 1.22],[1.41 1.46 1.43 1.35 1.29 1.33]
87,2,[0.04809608 0.00010471 0.00108282 0.00308258],[1.01 1.01 1.01 1.11 1.09 1.09],[1.19 1.12 1.09 1.2  1.19 1.13]
87,3,[1.48080912e-05 5.32641437e-05 2.36767430e-05 3.17685739e-06],[1.26 1.26 1.26 1.26 1.26 1.26],[1.33 1.38 1.41 1.33 1.38 1.44]
87,4,[8.77339277e-06 5.01930466e-04 4.72672721e-04 7.63070451e-09],[1.18 1.18 1.26 1.18 1.18 1.18],[1.3  1.33 1.57 1.23 1.52 1.52]
87,5,[1.63845445e-02 3.06431818e-02 9.90921091e-05 2.30643769e-08],[1.02 1.02 1.02 1.02 1.02 1.18],[1.02 1.18 1.42 1.18 1.42 1.46]
87,6,[6.08197217e-05 2.61737699e-05 2.67231183e-06 1.48020742e-03],[1.22 1.22 1.15 1.22 1.15 1.15],[1.3  1.39 1.26 1.39 1.27 1.34]
87,7,[0.0008019  0.00070751 0.00030655 0.00019277],[1.17 1.17 1.17 1.17 1.17 1.17],[1.18 1.23 1.23 1.22 1.23 1.25]
87,8,[5.45548792e-07 3.94482631e-04 1.57163909e-01 2.37182608e-02],[1.14 1.   1.01 1.   1.01 1.  ],[1.33 1.33 1.33 1.14 1.14 1.01]
87,9,[7.26555860e-09 1.28760292e-06 3.30918240e-02 3.31316000e-05],[1.32 1.02 1.24 1.02 1.24 1.02],[1.53 1.48 1.51 1.34 1.39 1.24]
44,0,[7.93630029e-05 2.08901368e-05 7.56067851e-07 4.38094065e-04],[1.21 1.21 1.19 1.23 1.19 1.19],[1.31 1.41 1.27 1.44 1.3  1.42]
44,1,[9.36697835e-05 4.76049912e-06 7.89382002e-07 3.13350849e-06],[1.24 1.24 1.24 1.28 1.28 1.28],[1.36 1.43 1.39 1.48 1.47 1.5 ]
44,2,[2.49715531e-04 7.49050155e-10 2.86600401e-07 1.33245013e-08],[1.21 1.21 1.21 1.38 1.44 1.38],[1.56 1.44 1.51 1.68 1.76 1.66]
44,3,[1.19694791e-05 6.31298785e-05 9.66796406e-04 1.78619572e-04],[1.19 1.16 1.18 1.16 1.18 1.16],[1.33 1.31 1.32 1.25 1.28 1.23]
44,4,[2.96446443e-03 7.66029429e-07 4.36973138e-07 1.61691760e-07],[1.12 1.12 1.12 1.35 1.35 1.35],[1.35 1.38 1.4  1.5  1.58 1.58]
44,5,[2.87046911e-04 1.50577746e-02 1.62885248e-05 6.83099623e-05],[1.06 1.17 1.17 1.06 1.06 1.19],[1.17 1.3  1.25 1.26 1.21 1.32]
44,6,[0.00127874 0.03061139 0.00304976 0.00026854],[1.03 1.09 1.1  1.03 1.03 1.09],[1.12 1.12 1.17 1.09 1.17 1.17]
44,7,[1.26302187e-05 8.39609219e-05 3.24542611e-07 1.65636427e-03],[1.21 1.25 1.14 1.21 1.14 1.14],[1.3  1.45 1.29 1.43 1.23 1.4 ]
44,8,[1.63102939e-07 2.76182564e-04 1.47964647e-07 2.17559833e-04],[1.2  1.36 1.2  1.2  1.2  1.2 ],[1.41 1.56 1.42 1.43 1.26 1.45]
44,9,[0.00032298 0.0022465  0.00104929 0.00419966],[1.11 1.11 1.11 1.11 1.11 1.11],[1.16 1.17 1.16 1.15 1.12 1.15]
65,0,[1.22461653e-04 3.74395073e-05 1.46566026e-04 2.39531509e-07],[1.23 1.23 1.23 1.23 1.23 1.23],[1.29 1.29 1.43 1.32 1.46 1.46]
65,1,[5.03744140e-04 9.01439382e-04 6.66078893e-05 5.91705454e-08],[1.16 1.16 1.16 1.16 1.16 1.19],[1.18 1.26 1.45 1.26 1.45 1.5 ]
65,2,[2.25794641e-06 1.00666663e-07 3.59011540e-05 1.24632339e-03],[1.3  1.23 1.15 1.23 1.15 1.15],[1.51 1.4  1.36 1.49 1.43 1.27]
65,3,[8.35417028e-05 3.36640624e-04 9.76287613e-04 1.18749975e-05],[1.16 1.16 1.19 1.16 1.16 1.16],[1.25 1.26 1.36 1.21 1.33 1.32]
65,4,[4.16316413e-02 1.39146649e-03 1.10497657e-07 7.85726330e-05],[1.01 1.01 1.01 1.11 1.11 1.19],[1.11 1.39 1.21 1.39 1.21 1.42]
65,5,[3.49703297e-06 9.22333214e-05 2.30769369e-02 7.01357312e-06],[1.2  1.04 1.26 1.04 1.2  1.04],[1.31 1.31 1.4  1.2  1.34 1.29]
65,6,[2.26353675e-04 7.85042178e-05 4.80053623e-05 4.73201545e-09],[1.21 1.21 1.21 1.21 1.21 1.21],[1.26 1.3  1.55 1.33 1.57 1.57]
65,7,[1.11025639e-04 5.59792918e-03 3.85088843e-04 1.17578595e-06],[1.1  1.16 1.18 1.1  1.1  1.16],[1.2  1.23 1.37 1.17 1.34 1.36]
65,8,[4.17418323e-04 3.34266759e-07 1.84509856e-04 2.97566717e-04],[1.19 1.19 1.19 1.19 1.19 1.19],[1.39 1.26 1.25 1.41 1.41 1.26]
65,9,[1.54935440e-02 5.10120233e-08 1.55452716e-05 2.36463789e-05],[1.06 1.06 1.06 1.24 1.24 1.24],[1.43 1.26 1.25 1.51 1.49 1.37]
34,0,[4.39802349e-06 2.36041058e-06 4.58947058e-09 9.38305661e-07],[1.34 1.34 1.34 1.34 1.34 1.34],[1.42 1.6  1.48 1.66 1.49 1.66]
34,1,[7.61524621e-09 2.26093612e-04 1.10153711e-06 4.54543064e-07],[1.21 1.34 1.34 1.21 1.21 1.34],[1.5  1.61 1.61 1.41 1.41 1.55]
34,2,[4.54771854e-08 1.27548423e-02 5.64190027e-03 1.33753959e-05],[1.06 1.06 1.24 1.06 1.06 1.06],[1.42 1.42 1.48 1.07 1.25 1.25]
34,3,[7.09200338e-06 2.79772397e-05 3.26307875e-05 1.13336717e-05],[1.27 1.27 1.27 1.27 1.27 1.27],[1.37 1.38 1.42 1.36 1.4  1.41]
34,4,[2.33116602e-08 6.37041040e-04 7.94286343e-03 1.55756985e-09],[1.14 1.08 1.43 1.08 1.14 1.08],[1.43 1.43 1.73 1.15 1.53 1.53]
34,5,[5.41005043e-04 2.04917108e-06 2.48322058e-05 3.91370947e-06],[1.18 1.18 1.18 1.25 1.28 1.25],[1.34 1.29 1.36 1.4  1.45 1.43]
34,6,[6.42394147e-05 2.68620832e-03 6.05062261e-05 2.37378442e-03],[1.12 1.18 1.12 1.12 1.12 1.12],[1.22 1.3  1.23 1.25 1.14 1.25]
34,7,[3.94443022e-05 3.28910210e-09 1.57091137e-07 1.27173082e-03],[1.23 1.23 1.15 1.37 1.15 1.15],[1.52 1.47 1.27 1.65 1.52 1.43]
34,8,[4.30872796e-04 2.18472695e-03 2.00800080e-06 1.55747881e-03],[1.13 1.14 1.13 1.13 1.13 1.13],[1.17 1.34 1.18 1.33 1.15 1.33]
34,9,[3.95573440e-05 1.13426107e-04 3.05112469e-06 4.21285235e-05],[1.23 1.23 1.23 1.23 1.23 1.23],[1.29 1.41 1.35 1.38 1.33 1.4 ]
92,0,[4.95242449e-03 1.61381929e-03 4.06656014e-03 1.51493545e-05],[1.1 1.1 1.1 1.1 1.1 1.1],[1.12 1.1  1.25 1.12 1.26 1.25]
92,1,[4.92080425e-04 1.65621426e-04 1.43044863e-05 1.39589540e-03],[1.15 1.15 1.15 1.17 1.15 1.15],[1.23 1.3  1.19 1.33 1.23 1.29]
92,2,[2.89063537e-03 2.31657359e-05 3.08116757e-08 7.67995930e-07],[1.12 1.12 1.12 1.24 1.24 1.33],[1.25 1.47 1.36 1.54 1.4  1.62]
92,3,[1.24885907e-05 1.91338086e-05 1.08581276e-05 2.82170950e-07],[1.29 1.29 1.29 1.29 1.29 1.29],[1.35 1.41 1.49 1.39 1.51 1.51]
92,4,[0.00717928 0.0016841  0.00017382 0.00026142],[1.09 1.09 1.09 1.11 1.11 1.15],[1.11 1.19 1.18 1.19 1.18 1.24]
92,5,[4.42165344e-08 3.00411669e-05 1.47561117e-04 6.05322230e-06],[1.24 1.22 1.27 1.22 1.24 1.22],[1.48 1.49 1.56 1.32 1.42 1.36]
92,6,[7.29508167e-07 5.40676522e-05 1.18923185e-02 1.56153965e-04],[1.2  1.07 1.19 1.07 1.19 1.07],[1.37 1.35 1.38 1.22 1.28 1.19]
92,7,[1.69938617e-04 2.94478104e-03 6.59084902e-05 6.31852146e-06],[1.12 1.18 1.18 1.12 1.12 1.2 ],[1.19 1.27 1.34 1.24 1.31 1.36]
92,8,[2.23857555e-06 3.96829583e-04 9.00375037e-05 3.55196477e-04],[1.19 1.19 1.19 1.19 1.19 1.19],[1.34 1.39 1.34 1.26 1.23 1.27]
92,9,[6.94816078e-03 2.56864404e-05 2.82356287e-05 1.09141514e-02],[1.07 1.07 1.07 1.21 1.07 1.07],[1.23 1.22 1.07 1.31 1.23 1.22]
85,0,[2.58187887e-04 2.33637473e-02 2.66267165e-05 1.35412960e-05],[1.04 1.17 1.17 1.04 1.04 1.22],[1.17 1.28 1.29 1.24 1.27 1.36]
85,1,[5.66932447e-07 9.96389262e-04 2.09372445e-04 2.10824913e-10],[1.16 1.18 1.33 1.16 1.16 1.18],[1.36 1.39 1.68 1.23 1.6  1.6 ]
85,2,[5.49496392e-05 2.68583851e-06 1.05832476e-05 4.17294054e-05],[1.26 1.26 1.26 1.26 1.26 1.26],[1.37 1.36 1.33 1.43 1.41 1.37]
85,3,[1.50350884e-04 7.80441307e-05 7.44549012e-07 1.36536617e-04],[1.22 1.22 1.22 1.22 1.22 1.22],[1.25 1.41 1.28 1.41 1.29 1.42]
85,4,[2.66042177e-07 7.00522529e-03 2.11566420e-07 1.78162215e-04],[1.09 1.35 1.18 1.09 1.09 1.18],[1.38 1.54 1.39 1.4  1.19 1.41]
85,5,[1.78777333e-04 1.58296424e-07 4.85777655e-05 4.05377469e-05],[1.22 1.22 1.22 1.22 1.22 1.22],[1.41 1.31 1.31 1.46 1.46 1.35]
85,6,[3.35392591e-08 8.33465645e-04 2.18331485e-06 4.42556441e-03],[1.13 1.29 1.11 1.13 1.11 1.11],[1.43 1.51 1.43 1.33 1.16 1.33]
85,7,[8.75530811e-04 7.40798476e-08 3.97016913e-04 2.51390552e-05],[1.17 1.17 1.17 1.17 1.22 1.17],[1.43 1.21 1.29 1.43 1.5  1.29]
85,8,[5.65817861e-06 4.90888027e-07 2.22195664e-05 4.85930892e-02],[1.27 1.25 1.01 1.25 1.01 1.01],[1.4  1.35 1.29 1.43 1.37 1.25]
85,9,[3.11972051e-03 6.04568401e-04 2.21334955e-04 1.98088703e-07],[1.12 1.12 1.12 1.14 1.14 1.16],[1.15 1.21 1.4  1.22 1.4  1.4 ]
42,0,[2.89286752e-05 6.63025412e-10 1.72577922e-06 4.26465588e-05],[1.27 1.27 1.27 1.3  1.27 1.27],[1.59 1.42 1.35 1.65 1.62 1.44]
42,1,[5.74350778e-05 1.26104564e-04 1.67091784e-03 7.43411183e-05],[1.19 1.14 1.19 1.14 1.19 1.14],[1.27 1.26 1.31 1.23 1.3  1.24]
42,2,[1.78560077e-03 4.38625591e-06 2.94265543e-08 1.94093682e-05],[1.14 1.14 1.14 1.27 1.25 1.25],[1.31 1.45 1.29 1.51 1.38 1.5 ]
42,3,[2.45861084e-03 1.46174494e-03 4.95291432e-05 1.89796042e-02],[1.09 1.09 1.05 1.09 1.05 1.05],[1.11 1.22 1.09 1.22 1.11 1.22]
42,4,[2.27572602e-04 6.95687294e-04 2.60993279e-05 6.26482151e-08],[1.17 1.17 1.17 1.17 1.17 1.22],[1.19 1.29 1.47 1.29 1.46 1.5 ]
42,5,[8.42956631e-08 1.79070269e-03 2.21928856e-03 2.53914738e-06],[1.13 1.13 1.29 1.13 1.13 1.13],[1.4  1.4  1.5  1.15 1.33 1.33]
42,6,[2.19410612e-03 2.59455887e-04 7.14051684e-06 1.11876531e-03],[1.13 1.13 1.13 1.15 1.13 1.13],[1.18 1.31 1.16 1.31 1.19 1.31]
42,7,[1.04136791e-04 6.65735921e-03 2.37971481e-05 3.25562353e-04],[1.09 1.18 1.16 1.09 1.09 1.16],[1.2  1.3  1.25 1.25 1.17 1.29]
42,8,[5.55674237e-03 6.82025690e-04 2.01239871e-08 1.04555119e-04],[1.1  1.1  1.1  1.14 1.14 1.18],[1.15 1.46 1.22 1.46 1.22 1.48]
42,9,[6.22189908e-06 4.67235081e-05 1.87333724e-04 1.64991846e-06],[1.22 1.22 1.27 1.22 1.22 1.22],[1.35 1.36 1.47 1.32 1.42 1.4 ]
28,0,[3.74917191e-08 3.29084371e-03 2.39375760e-05 2.82953825e-07],[1.12 1.25 1.35 1.12 1.12 1.25],[1.44 1.49 1.61 1.27 1.38 1.46]
28,1,[0.00039728 0.01824472 0.00034899 0.00031641],[1.05 1.13 1.13 1.05 1.05 1.13],[1.16 1.21 1.21 1.16 1.17 1.23]
28,2,[2.43004860e-07 2.52873504e-04 2.39146349e-05 5.60193085e-05],[1.21 1.22 1.22 1.21 1.21 1.22],[1.41 1.47 1.44 1.31 1.27 1.35]
28,3,[9.09231456e-06 6.51357046e-04 1.81820652e-03 2.00188026e-03],[1.14 1.14 1.14 1.14 1.14 1.14],[1.28 1.28 1.28 1.18 1.18 1.15]
28,4,[2.61755508e-04 1.54670142e-07 3.09777154e-05 2.61075828e-03],[1.17 1.17 1.13 1.22 1.13 1.13],[1.4  1.29 1.2  1.45 1.4  1.27]
28,5,[3.04249952e-03 8.72864839e-05 4.25130472e-06 3.52235282e-03],[1.11 1.11 1.11 1.19 1.11 1.11],[1.21 1.3  1.12 1.34 1.21 1.3 ]
28,6,[4.03168151e-06 3.82477367e-04 5.51355940e-04 1.61188785e-08],[1.18 1.18 1.28 1.18 1.18 1.18],[1.32 1.34 1.53 1.23 1.49 1.49]
28,7,[2.79492978e-06 2.03284940e-04 1.30133666e-04 7.18171096e-08],[1.22 1.22 1.29 1.22 1.22 1.22],[1.34 1.38 1.56 1.27 1.49 1.51]
28,8,[3.27084818e-03 2.60771415e-05 2.08283605e-04 1.74315598e-08],[1.12 1.12 1.12 1.18 1.22 1.18],[1.25 1.19 1.48 1.28 1.49 1.48]
28,9,[7.43316286e-04 1.59984391e-03 5.69613377e-06 1.10268472e-04],[1.14 1.14 1.14 1.14 1.14 1.18],[1.16 1.32 1.22 1.32 1.22 1.34]
91,0,[5.34438967e-03 3.40931605e-02 6.54639417e-04 6.29240308e-05],[1.02 1.07 1.07 1.02 1.02 1.12],[1.07 1.13 1.2  1.13 1.2  1.22]
91,1,[1.14764000e-02 4.25959569e-03 8.83051462e-07 2.39122239e-04],[1.07 1.07 1.07 1.07 1.07 1.16],[1.08 1.33 1.17 1.33 1.17 1.36]
91,2,[5.81222525e-05 4.49382875e-04 1.32755085e-02 6.12227432e-03],[1.14 1.06 1.06 1.06 1.06 1.06],[1.21 1.2  1.2  1.14 1.14 1.07]
91,3,[1.15693481e-05 2.09582196e-07 1.37958583e-05 3.82454567e-07],[1.3  1.3  1.3  1.3  1.34 1.3 ],[1.46 1.4  1.49 1.47 1.57 1.48]
91,4,[1.22475141e-05 5.95254619e-05 5.92030748e-03 8.39755648e-05],[1.2  1.09 1.2  1.09 1.2  1.09],[1.31 1.27 1.32 1.23 1.3  1.22]
91,5,[1.47381721e-07 1.30292932e-07 7.28444804e-05 2.42734320e-04],[1.37 1.21 1.21 1.21 1.21 1.21],[1.57 1.44 1.44 1.47 1.47 1.28]
91,6,[1.73436897e-05 9.89065250e-05 1.65428773e-06 6.06034388e-07],[1.24 1.25 1.25 1.24 1.24 1.31],[1.31 1.44 1.48 1.42 1.42 1.5 ]
91,7,[2.27074090e-05 8.81385960e-05 6.58040322e-06 3.32195729e-03],[1.2  1.23 1.12 1.2  1.12 1.12],[1.28 1.39 1.27 1.35 1.22 1.31]
91,8,[3.16351123e-05 3.76789963e-03 1.31446599e-04 2.52198796e-06],[1.11 1.19 1.22 1.11 1.11 1.19],[1.24 1.3  1.38 1.21 1.33 1.36]
91,9,[0.00097558 0.00045295 0.00251298 0.00058927],[1.13 1.13 1.13 1.13 1.13 1.13],[1.18 1.16 1.19 1.18 1.2  1.17]
72,0,[3.68529345e-04 3.32114579e-06 1.01961286e-04 3.14231189e-02],[1.16 1.16 1.03 1.18 1.03 1.03],[1.31 1.23 1.16 1.34 1.31 1.2 ]
72,1,[5.61263007e-04 2.30021531e-04 1.96650933e-04 1.07165202e-06],[1.18 1.18 1.18 1.18 1.18 1.18],[1.22 1.24 1.37 1.25 1.37 1.4 ]
72,2,[2.15132398e-05 3.48930130e-04 1.22157399e-03 1.02564104e-04],[1.16 1.15 1.18 1.15 1.16 1.15],[1.28 1.28 1.31 1.2  1.26 1.25]
72,3,[7.94077954e-07 1.67523653e-05 2.84366185e-02 3.11320464e-07],[1.26 1.03 1.33 1.03 1.26 1.03],[1.4  1.35 1.52 1.26 1.47 1.37]
72,4,[2.22083416e-04 3.06749617e-05 2.98789510e-06 3.34856861e-05],[1.21 1.21 1.21 1.22 1.22 1.22],[1.28 1.38 1.32 1.43 1.35 1.41]
72,5,[3.14770641e-05 2.99991711e-03 6.91574985e-05 6.68681177e-09],[1.12 1.22 1.22 1.12 1.12 1.22],[1.24 1.3  1.52 1.24 1.5  1.52]
72,6,[9.18486447e-08 2.05152174e-06 2.51722554e-05 1.21869049e-06],[1.31 1.28 1.31 1.28 1.31 1.28],[1.51 1.49 1.6  1.41 1.5  1.45]
72,7,[3.52386789e-07 1.20182178e-07 1.04451075e-02 3.95386932e-04],[1.35 1.07 1.16 1.07 1.16 1.07],[1.5  1.38 1.39 1.4  1.41 1.16]
72,8,[1.74947117e-04 1.43171270e-06 2.46674014e-03 8.16235782e-03],[1.17 1.1  1.08 1.1  1.08 1.08],[1.32 1.19 1.19 1.32 1.32 1.11]
72,9,[2.91543123e-09 3.86800236e-09 7.66461314e-08 6.97652795e-07],[1.47 1.41 1.39 1.41 1.39 1.39],[1.74 1.73 1.66 1.69 1.69 1.58]
84,0,[5.71071675e-05 5.40686263e-02 5.64230515e-04 1.87928205e-03],[1.   1.13 1.1  1.   1.   1.1 ],[1.22 1.24 1.22 1.15 1.1  1.16]
84,1,[1.01385820e-03 2.81932304e-06 3.40203465e-06 1.53678039e-06],[1.16 1.16 1.16 1.29 1.29 1.29],[1.33 1.34 1.36 1.45 1.45 1.46]
84,2,[5.55143812e-05 2.55566063e-06 3.39783672e-07 2.54940470e-02],[1.22 1.22 1.04 1.29 1.04 1.04],[1.34 1.42 1.22 1.51 1.31 1.37]
84,3,[2.65149899e-04 4.02800515e-03 8.39617054e-04 2.52768377e-06],[1.11 1.13 1.15 1.11 1.11 1.13],[1.18 1.2  1.34 1.16 1.32 1.34]
84,4,[5.33102942e-07 7.71528815e-04 2.36390842e-05 4.88516403e-05],[1.17 1.23 1.22 1.17 1.17 1.22],[1.37 1.42 1.42 1.29 1.28 1.34]
84,5,[1.86948654e-05 1.98614109e-05 5.05806698e-05 2.84876190e-04],[1.22 1.22 1.2  1.22 1.2  1.2 ],[1.33 1.35 1.32 1.35 1.31 1.28]
84,6,[4.46248996e-05 2.40118583e-04 1.68772848e-02 8.22751039e-04],[1.16 1.05 1.13 1.05 1.13 1.05],[1.24 1.23 1.24 1.18 1.2  1.13]
84,7,[5.43929115e-05 3.55278761e-07 6.88269468e-08 2.57466725e-03],[1.22 1.22 1.13 1.35 1.13 1.13],[1.39 1.48 1.25 1.57 1.39 1.44]
84,8,[1.54831344e-06 5.04819953e-05 1.16337199e-03 2.30153185e-06],[1.22 1.16 1.29 1.16 1.22 1.16],[1.39 1.37 1.47 1.27 1.39 1.35]
84,9,[2.61832410e-07 8.51238936e-06 8.76078099e-10 1.15814201e-06],[1.32 1.36 1.34 1.32 1.32 1.34],[1.46 1.75 1.57 1.62 1.46 1.73]
81,0,[5.13616630e-05 5.61848432e-05 9.74517433e-05 1.18448326e-05],[1.24 1.24 1.24 1.24 1.24 1.24],[1.3  1.33 1.37 1.32 1.35 1.35]
81,1,[7.01783829e-07 1.75308231e-05 8.88107576e-04 5.66463410e-04],[1.24 1.17 1.17 1.17 1.17 1.17],[1.41 1.39 1.39 1.29 1.3  1.2 ]
81,2,[1.06559381e-02 1.75935886e-04 2.74063034e-02 2.75741452e-06],[1.04 1.03 1.04 1.03 1.16 1.03],[1.16 1.04 1.29 1.16 1.32 1.29]
81,3,[9.52656711e-06 6.69371596e-04 4.70548157e-07 9.95328534e-05],[1.17 1.25 1.2  1.17 1.17 1.2 ],[1.3  1.45 1.35 1.39 1.26 1.46]
81,4,[2.28239565e-03 9.52024816e-03 7.00806746e-10 2.68576332e-03],[1.08 1.08 1.08 1.08 1.08 1.08],[1.1  1.52 1.12 1.52 1.1  1.52]
81,5,[2.79046167e-06 3.32728853e-02 4.15396239e-06 8.01300073e-02],[1.   1.27 1.   1.   1.   1.  ],[1.29 1.42 1.29 1.28 1.   1.28]
81,6,[8.14451212e-06 4.62187009e-05 3.14125697e-04 3.26260851e-07],[1.23 1.2  1.26 1.2  1.23 1.2 ],[1.34 1.36 1.47 1.29 1.45 1.44]
81,7,[2.14139807e-03 1.75755308e-05 4.52671234e-11 2.13394838e-03],[1.13 1.13 1.13 1.24 1.13 1.13],[1.26 1.64 1.14 1.68 1.26 1.64]
81,8,[8.38784001e-06 1.29232032e-05 5.47036462e-04 1.48934053e-05],[1.24 1.18 1.24 1.18 1.24 1.18],[1.36 1.31 1.37 1.32 1.36 1.3 ]
81,9,[2.58936487e-05 1.33064753e-05 1.89484062e-07 1.04591928e-02],[1.24 1.24 1.07 1.24 1.07 1.07],[1.33 1.46 1.25 1.47 1.27 1.39]
39,0,[2.07169435e-04 1.11659460e-06 1.88727207e-04 1.46958790e-05],[1.22 1.22 1.22 1.22 1.24 1.22],[1.36 1.27 1.31 1.39 1.43 1.35]
39,1,[1.93980269e-07 3.26268660e-05 2.48406264e-05 4.98308602e-04],[1.22 1.22 1.18 1.22 1.18 1.18],[1.45 1.48 1.44 1.33 1.3  1.3 ]
39,2,[4.32339546e-06 7.52232892e-06 2.14276720e-05 4.00653118e-04],[1.26 1.25 1.19 1.25 1.19 1.19],[1.4  1.4  1.35 1.41 1.33 1.32]
39,3,[5.77347855e-05 4.73319832e-05 3.80044852e-05 1.61541891e-11],[1.26 1.26 1.26 1.26 1.26 1.26],[1.28 1.32 1.73 1.32 1.74 1.75]
39,4,[2.00455163e-05 1.84417654e-08 1.05534104e-07 3.01003771e-04],[1.25 1.25 1.2  1.39 1.2  1.2 ],[1.51 1.51 1.3  1.66 1.51 1.47]
39,5,[4.69487947e-04 1.71016413e-04 7.59775894e-07 6.52293899e-03],[1.15 1.15 1.09 1.17 1.09 1.09],[1.21 1.37 1.16 1.39 1.2  1.35]
39,6,[1.31351928e-05 2.62319137e-03 3.44010831e-03 6.00936726e-04],[1.11 1.11 1.12 1.11 1.11 1.11],[1.26 1.26 1.27 1.13 1.16 1.16]
39,7,[2.27789227e-07 3.71126401e-07 7.26882099e-03 8.01652410e-03],[1.35 1.07 1.07 1.07 1.07 1.07],[1.47 1.37 1.37 1.35 1.35 1.07]
39,8,[6.07894068e-04 1.07325588e-06 1.97880234e-05 3.31198709e-03],[1.14 1.14 1.12 1.23 1.12 1.12],[1.34 1.28 1.17 1.4  1.34 1.27]
39,9,[1.32439582e-06 4.52083412e-06 3.09107732e-04 5.43709289e-05],[1.28 1.2  1.22 1.2  1.22 1.2 ],[1.42 1.37 1.42 1.34 1.39 1.29]
93,0,[1.55314768e-06 4.63345261e-07 1.22804990e-04 1.90429683e-03],[1.31 1.2  1.14 1.2  1.14 1.14],[1.47 1.4  1.36 1.39 1.38 1.23]
93,1,[1.18667184e-05 2.31132955e-07 3.50206614e-04 7.04760708e-05],[1.25 1.2  1.21 1.2  1.21 1.2 ],[1.44 1.33 1.36 1.44 1.46 1.29]
93,2,[4.96999627e-07 2.09673377e-05 7.01062546e-08 3.79125408e-05],[1.27 1.34 1.27 1.27 1.27 1.27],[1.42 1.61 1.45 1.51 1.37 1.49]
93,3,[6.03406074e-06 1.92840095e-04 1.05528172e-01 2.59707550e-05],[1.18 1.   1.22 1.   1.18 1.  ],[1.3  1.29 1.38 1.18 1.3  1.24]
93,4,[6.26516432e-06 1.91717577e-05 6.20610107e-04 1.16686729e-04],[1.23 1.18 1.19 1.18 1.19 1.18],[1.36 1.33 1.36 1.32 1.33 1.25]
93,5,[2.01376454e-03 1.68075996e-06 4.58304463e-05 1.59431092e-03],[1.14 1.14 1.14 1.21 1.14 1.14],[1.32 1.25 1.15 1.37 1.32 1.25]
93,6,[1.45314282e-03 3.38632275e-03 1.86274280e-02 3.98658484e-09],[1.08 1.05 1.09 1.05 1.08 1.05],[1.11 1.11 1.47 1.08 1.47 1.47]
93,7,[6.67775931e-07 7.99355307e-06 2.54342460e-03 1.25013709e-07],[1.28 1.13 1.33 1.13 1.28 1.13],[1.42 1.37 1.53 1.3  1.49 1.43]
93,8,[1.59898448e-04 2.46981307e-08 7.32599184e-04 3.78960804e-05],[1.19 1.17 1.19 1.17 1.21 1.17],[1.45 1.23 1.31 1.45 1.48 1.29]
93,9,[2.42982000e-04 2.49033021e-03 3.31770065e-03 5.33912944e-05],[1.12 1.12 1.15 1.12 1.12 1.12],[1.17 1.17 1.25 1.12 1.23 1.23]
94,0,[1.77799862e-08 1.14143830e-08 2.80621154e-07 2.41206262e-05],[1.43 1.38 1.29 1.38 1.29 1.29],[1.63 1.69 1.54 1.68 1.57 1.51]
94,1,[1.47391384e-05 7.02729550e-08 2.36019491e-05 3.62464316e-05],[1.27 1.27 1.27 1.27 1.27 1.27],[1.46 1.37 1.37 1.51 1.5  1.36]
94,2,[8.99019059e-02 5.82706149e-05 2.74636217e-07 2.77829534e-06],[1.   1.   1.   1.22 1.22 1.29],[1.22 1.38 1.31 1.42 1.36 1.51]
94,3,[2.31143451e-03 1.23966333e-02 1.34255074e-09 1.19152049e-02],[1.05 1.08 1.05 1.05 1.05 1.05],[1.08 1.49 1.08 1.49 1.05 1.49]
94,4,[0.00452922 0.00178533 0.00086067 0.00021688],[1.1  1.1  1.1  1.11 1.11 1.11],[1.12 1.15 1.19 1.15 1.19 1.21]
94,5,[4.93579815e-07 2.29261512e-06 5.91361438e-03 4.82362166e-05],[1.29 1.09 1.23 1.09 1.23 1.09],[1.46 1.38 1.42 1.32 1.37 1.24]
94,6,[1.48865524e-04 7.93046556e-06 3.14843998e-08 3.59126893e-06],[1.22 1.22 1.22 1.28 1.28 1.28],[1.32 1.51 1.37 1.54 1.43 1.6 ]
94,7,[2.52891432e-07 3.14232038e-04 5.04881192e-05 8.51754674e-02],[1.16 1.2  1.   1.16 1.   1.  ],[1.38 1.43 1.38 1.26 1.16 1.22]
94,8,[2.06037352e-05 1.65561837e-05 2.98605385e-06 3.76445649e-03],[1.24 1.24 1.11 1.24 1.11 1.11],[1.32 1.41 1.26 1.42 1.27 1.34]
94,9,[1.34382303e-05 3.29934752e-04 5.36806173e-07 3.15737792e-03],[1.16 1.24 1.12 1.16 1.12 1.12],[1.27 1.42 1.27 1.39 1.19 1.38]
86,0,[2.06417145e-05 2.47438314e-09 9.16269539e-04 3.91835744e-05],[1.23 1.16 1.23 1.16 1.23 1.16],[1.53 1.29 1.36 1.53 1.59 1.29]
86,1,[2.69002598e-11 6.29717580e-06 2.22988399e-06 7.40530162e-02],[1.29 1.3  1.   1.29 1.   1.  ],[1.63 1.69 1.63 1.44 1.29 1.32]
86,2,[1.91381892e-04 6.17330420e-08 2.11601872e-05 2.42736328e-07],[1.22 1.22 1.22 1.25 1.36 1.25],[1.44 1.31 1.44 1.49 1.59 1.47]
86,3,[6.86479311e-05 2.28474037e-06 1.16659853e-07 5.10665657e-05],[1.25 1.25 1.25 1.29 1.25 1.25],[1.37 1.47 1.33 1.58 1.4  1.52]
86,4,[3.03008286e-05 1.78533470e-03 4.13592837e-06 5.26363936e-05],[1.14 1.22 1.22 1.14 1.14 1.22],[1.25 1.36 1.31 1.32 1.25 1.36]
86,5,[1.12909701e-05 1.08810542e-05 2.81252697e-04 5.00935206e-03],[1.24 1.17 1.1  1.17 1.1  1.1 ],[1.34 1.3  1.28 1.31 1.28 1.19]
86,6,[1.43004872e-05 2.89780746e-02 2.50797047e-04 4.78120824e-06],[1.03 1.17 1.24 1.03 1.03 1.17],[1.26 1.3  1.39 1.17 1.3  1.34]
86,7,[4.25124560e-08 6.33919108e-08 6.03697662e-04 7.88298141e-06],[1.39 1.18 1.28 1.18 1.28 1.18],[1.57 1.46 1.55 1.47 1.53 1.33]
86,8,[1.76031210e-03 1.16738991e-03 2.52188719e-03 3.67575499e-05],[1.13 1.13 1.13 1.13 1.13 1.13],[1.15 1.14 1.24 1.15 1.24 1.24]
86,9,[2.45116482e-04 1.99106093e-06 8.81787611e-04 9.56384284e-04],[1.16 1.16 1.16 1.16 1.16 1.16],[1.34 1.22 1.22 1.34 1.34 1.19]
96,0,[1.28925492e-03 4.14206092e-04 7.51419076e-06 5.44228944e-05],[1.15 1.15 1.15 1.15 1.15 1.2 ],[1.19 1.32 1.26 1.32 1.27 1.36]
96,1,[0.00045623 0.0001347  0.00098869 0.00309354],[1.13 1.13 1.12 1.13 1.12 1.12],[1.21 1.19 1.17 1.21 1.21 1.15]
96,2,[9.52436857e-05 6.70843540e-05 9.40147353e-07 6.02239600e-05],[1.24 1.24 1.24 1.24 1.24 1.24],[1.29 1.45 1.32 1.44 1.32 1.43]
96,3,[3.61457592e-07 1.82472856e-06 8.50776827e-06 7.45423622e-05],[1.31 1.28 1.25 1.28 1.25 1.25],[1.46 1.49 1.44 1.46 1.43 1.37]
96,4,[5.33344785e-07 1.92766914e-10 3.14683168e-10 6.52965538e-05],[1.36 1.36 1.26 1.54 1.26 1.26],[1.68 1.74 1.45 1.9  1.64 1.67]
96,5,[1.42202315e-06 1.60122743e-05 4.97208768e-06 9.75539052e-02],[1.26 1.27 1.   1.26 1.   1.  ],[1.38 1.45 1.33 1.37 1.26 1.29]
96,6,[2.54152172e-03 9.06002122e-03 4.33814572e-07 4.33796548e-04],[1.08 1.09 1.09 1.08 1.08 1.14],[1.1  1.35 1.16 1.35 1.16 1.37]
96,7,[7.45297946e-05 2.19297430e-06 5.49581317e-05 1.42507919e-04],[1.23 1.23 1.23 1.23 1.23 1.23],[1.37 1.33 1.28 1.42 1.4  1.29]
96,8,[4.90796998e-04 5.45154095e-08 1.28263200e-07 9.65691212e-06],[1.19 1.19 1.19 1.38 1.28 1.28],[1.42 1.45 1.32 1.61 1.49 1.54]
96,9,[2.53407961e-10 1.61739010e-07 7.32763234e-04 2.28685400e-06],[1.37 1.17 1.32 1.17 1.32 1.17],[1.66 1.6  1.68 1.42 1.5  1.35]
82,0,[5.86172775e-07 1.10541354e-10 2.01277789e-06 9.12326602e-07],[1.37 1.37 1.37 1.37 1.37 1.37],[1.7  1.53 1.55 1.72 1.74 1.54]
82,1,[5.89659437e-05 2.45578014e-03 1.20212490e-02 8.68170902e-05],[1.09 1.07 1.19 1.07 1.09 1.07],[1.2  1.2  1.26 1.1  1.2  1.2 ]
82,2,[6.37414191e-04 8.38401856e-02 3.57363263e-05 9.03780134e-06],[1.   1.14 1.14 1.   1.   1.21],[1.14 1.25 1.29 1.23 1.27 1.35]
82,3,[2.19889741e-03 9.02992247e-06 1.63894978e-04 6.76998755e-07],[1.13 1.13 1.13 1.18 1.25 1.18],[1.28 1.21 1.37 1.32 1.43 1.41]
82,4,[4.95777419e-10 1.00447709e-05 6.56883591e-04 5.11783282e-09],[1.27 1.17 1.48 1.17 1.27 1.17],[1.61 1.61 1.8  1.31 1.57 1.54]
82,5,[4.09153445e-05 3.21661660e-08 1.75701958e-04 2.71887718e-03],[1.21 1.18 1.12 1.18 1.12 1.12],[1.48 1.3  1.25 1.49 1.46 1.2 ]
82,6,[1.42179139e-07 2.22488038e-04 5.27052116e-04 4.46674599e-06],[1.18 1.18 1.27 1.18 1.18 1.18],[1.43 1.43 1.49 1.23 1.35 1.35]
82,7,[0.00293504 0.0067088  0.00213158 0.00045593],[1.09 1.09 1.09 1.09 1.09 1.09],[1.1  1.11 1.16 1.11 1.16 1.16]
82,8,[7.65247229e-04 1.42973532e-04 1.27899364e-05 4.11092506e-05],[1.17 1.17 1.17 1.19 1.19 1.21],[1.22 1.3  1.27 1.31 1.3  1.37]
82,9,[1.58885878e-08 8.19370042e-07 2.79282576e-07 3.07571879e-09],[1.39 1.39 1.44 1.39 1.39 1.39],[1.54 1.63 1.75 1.58 1.66 1.69]
95,0,[7.02038214e-08 2.86180466e-03 5.17785342e-04 3.55915063e-04],[1.12 1.14 1.14 1.12 1.12 1.14],[1.42 1.42 1.43 1.17 1.18 1.21]
95,1,[7.74231013e-09 1.04077998e-07 1.80663287e-02 4.40870997e-06],[1.39 1.05 1.3  1.05 1.3  1.05],[1.59 1.49 1.58 1.41 1.5  1.3 ]
95,2,[2.37738951e-05 8.67120907e-04 9.47361477e-07 4.71704232e-06],[1.17 1.25 1.25 1.17 1.17 1.27],[1.27 1.41 1.4  1.38 1.35 1.48]
95,3,[1.43467269e-03 5.47148484e-03 7.27430145e-03 1.69492836e-06],[1.09 1.09 1.1  1.09 1.09 1.09],[1.11 1.11 1.32 1.09 1.32 1.32]
95,4,[1.22262195e-06 1.02647275e-07 2.49552179e-09 3.46050455e-09],[1.38 1.38 1.38 1.41 1.41 1.47],[1.5  1.68 1.65 1.69 1.72 1.83]
95,5,[7.11568715e-09 2.30650539e-07 4.36578715e-07 2.41131776e-05],[1.36 1.36 1.29 1.36 1.29 1.29],[1.6  1.68 1.59 1.57 1.49 1.45]
95,6,[2.32890438e-04 9.18845047e-04 3.96180505e-04 2.66993435e-05],[1.16 1.16 1.16 1.16 1.16 1.16],[1.2  1.23 1.3  1.21 1.29 1.31]
95,7,[5.09653953e-07 5.54325336e-06 3.74233442e-03 7.21409991e-04],[1.27 1.11 1.14 1.11 1.14 1.11],[1.42 1.37 1.38 1.3  1.3  1.17]
95,8,[0.00079041 0.00298644 0.00350804 0.0062153 ],[1.09 1.09 1.09 1.09 1.09 1.09],[1.12 1.12 1.12 1.1  1.1  1.1 ]
95,9,[3.86946076e-03 1.53462873e-03 1.39813401e-03 1.17977818e-06],[1.11 1.11 1.11 1.11 1.11 1.11],[1.12 1.14 1.34 1.15 1.34 1.35]
