3,0,[1.45741099e-04 1.10219199e-04 1.26114556e-05 3.46527431e-07],[1.23 1.23 1.23 1.23 1.23 1.24],[1.31 1.34 1.45 1.34 1.44 1.5 ]
3,1,[8.14300553e-04 9.70373482e-02 4.24397861e-07 2.69210608e-02],[1.   1.11 1.   1.   1.   1.  ],[1.11 1.35 1.11 1.35 1.   1.35]
3,2,[5.33768627e-03 3.21820035e-05 3.14367298e-04 5.43789903e-04],[1.1  1.1  1.1  1.14 1.14 1.14],[1.28 1.18 1.16 1.29 1.29 1.22]
3,3,[4.38558898e-02 4.21867169e-04 7.84984482e-07 1.70145798e-03],[1.01 1.01 1.01 1.13 1.11 1.11],[1.15 1.35 1.11 1.38 1.16 1.37]
3,4,[1.12582328e-03 1.68106048e-04 3.73128571e-04 4.61671532e-05],[1.16 1.16 1.16 1.16 1.16 1.16],[1.25 1.22 1.25 1.24 1.3  1.29]
3,5,[2.39788477e-07 1.70631339e-06 2.23130486e-03 5.66057441e-03],[1.31 1.1  1.1  1.1  1.1  1.1 ],[1.54 1.37 1.37 1.32 1.32 1.12]
3,6,[8.60164700e-05 1.39887049e-05 2.32177513e-02 8.01205394e-06],[1.21 1.04 1.21 1.04 1.24 1.04],[1.37 1.21 1.32 1.26 1.36 1.28]
3,7,[2.52646775e-02 5.61891416e-04 1.68932612e-03 4.31893489e-05],[1.04 1.04 1.04 1.11 1.13 1.11],[1.15 1.11 1.23 1.16 1.25 1.23]
3,8,[2.31784325e-05 1.39269620e-05 3.67999315e-03 9.07640353e-07],[1.24 1.11 1.24 1.11 1.24 1.11],[1.42 1.26 1.42 1.28 1.45 1.36]
3,9,[0.00011459 0.00336275 0.00205363 0.00033612],[1.12 1.12 1.14 1.12 1.12 1.12],[1.22 1.22 1.25 1.13 1.19 1.19]
1,0,[6.14949349e-06 4.74152638e-02 1.87118353e-04 1.50804502e-03],[1.01 1.16 1.11 1.01 1.01 1.11],[1.29 1.3  1.29 1.18 1.11 1.19]
1,1,[2.19863737e-03 5.34322941e-05 1.31927492e-03 2.66918211e-05],[1.13 1.13 1.13 1.13 1.2  1.13],[1.27 1.16 1.26 1.25 1.35 1.26]
1,2,[1.51306057e-03 2.62781550e-05 9.57066679e-07 3.40113143e-04],[1.15 1.15 1.15 1.22 1.16 1.16],[1.3  1.38 1.2  1.46 1.3  1.4 ]
1,3,[1.74181940e-03 1.56723184e-04 3.12720003e-02 5.56785691e-05],[1.11 1.03 1.11 1.03 1.17 1.03],[1.22 1.11 1.22 1.19 1.27 1.22]
1,4,[1.67149821e-02 4.09652007e-04 2.12066166e-02 1.45907730e-10],[1.02 1.02 1.02 1.02 1.14 1.02],[1.14 1.02 1.56 1.14 1.56 1.56]
1,5,[2.72552889e-06 6.80761393e-07 5.77922238e-04 1.16716636e-10],[1.31 1.18 1.31 1.18 1.33 1.18],[1.54 1.36 1.72 1.39 1.73 1.64]
1,6,[0.03128715 0.00062963 0.0002863  0.00011524],[1.03 1.03 1.03 1.14 1.14 1.15],[1.14 1.17 1.2  1.21 1.21 1.25]
1,7,[5.03798111e-05 1.29477966e-02 1.34454441e-02 6.63692319e-04],[1.04 1.04 1.12 1.04 1.04 1.04],[1.22 1.22 1.22 1.04 1.12 1.12]
1,8,[9.45474735e-04 2.58868128e-05 8.75935955e-02 1.62713649e-06],[1.13 1.   1.13 1.   1.22 1.  ],[1.28 1.13 1.32 1.24 1.4  1.32]
1,9,[3.64479587e-04 2.48233225e-05 5.74891854e-04 1.14947554e-03],[1.16 1.16 1.16 1.16 1.16 1.16],[1.33 1.22 1.2  1.29 1.28 1.2 ]
0,0,[1.64918470e-03 9.45798343e-06 8.27868926e-05 5.34933869e-04],[1.14 1.14 1.14 1.19 1.15 1.15],[1.33 1.24 1.19 1.35 1.34 1.24]
0,1,[3.43814678e-04 2.26344737e-05 8.21960522e-05 6.01023098e-09],[1.2  1.2  1.2  1.21 1.23 1.21],[1.35 1.28 1.51 1.33 1.56 1.52]
0,2,[7.76426030e-05 1.03027514e-02 1.36078274e-02 5.61733528e-06],[1.05 1.05 1.19 1.05 1.05 1.05],[1.2  1.2  1.31 1.05 1.27 1.27]
0,3,[5.12776996e-03 1.33266417e-04 1.13433920e-04 1.07323905e-05],[1.1  1.1  1.1  1.18 1.18 1.18],[1.23 1.21 1.28 1.27 1.34 1.31]
0,4,[4.02971711e-05 1.82003255e-04 4.33071092e-04 8.97869815e-04],[1.16 1.16 1.16 1.16 1.16 1.16],[1.34 1.28 1.28 1.25 1.23 1.21]
0,5,[1.09482867e-04 2.62778905e-07 1.62244869e-02 8.81324787e-05],[1.19 1.05 1.19 1.05 1.19 1.05],[1.48 1.2  1.27 1.38 1.43 1.21]
0,6,[5.86359308e-08 1.61183260e-03 5.47275174e-07 2.17315023e-07],[1.14 1.36 1.36 1.14 1.14 1.36],[1.49 1.62 1.61 1.38 1.41 1.53]
0,7,[0.0037357  0.00319788 0.00144519 0.0002354 ],[1.11 1.11 1.11 1.11 1.11 1.11],[1.13 1.13 1.18 1.13 1.18 1.18]
0,8,[4.35309009e-05 5.88825310e-05 1.05170148e-05 5.68766597e-02],[1.21 1.21 1.   1.21 1.   1.  ],[1.32 1.34 1.23 1.33 1.22 1.27]
0,9,[4.67455925e-06 1.57398362e-02 4.11365696e-03 4.04139311e-07],[1.06 1.08 1.28 1.06 1.06 1.08],[1.29 1.29 1.48 1.08 1.35 1.35]
4,0,[1.06087586e-05 3.66375173e-04 1.88192254e-03 2.86295635e-07],[1.16 1.14 1.25 1.14 1.16 1.14],[1.34 1.29 1.47 1.21 1.42 1.39]
4,1,[5.75937846e-06 3.39151322e-03 1.09775613e-03 9.38658312e-04],[1.12 1.12 1.12 1.12 1.12 1.12],[1.32 1.32 1.32 1.15 1.16 1.18]
4,2,[8.58017731e-02 4.00706971e-03 3.05288254e-03 1.69646733e-07],[1.   1.   1.   1.07 1.07 1.07],[1.08 1.09 1.36 1.09 1.36 1.36]
4,3,[2.55702380e-05 7.90593471e-05 1.56375386e-04 2.11703083e-04],[1.22 1.22 1.22 1.22 1.22 1.22],[1.38 1.32 1.32 1.29 1.3  1.27]
4,4,[6.95294651e-08 1.16250218e-03 1.79502425e-03 6.11753900e-05],[1.14 1.14 1.2  1.14 1.14 1.14],[1.48 1.45 1.48 1.16 1.25 1.25]
4,5,[3.89050215e-02 4.72273118e-02 5.05390470e-04 2.25297242e-06],[1.   1.   1.   1.   1.   1.13],[1.   1.13 1.3  1.13 1.3  1.32]
4,6,[6.18734670e-02 6.67929001e-08 3.11437174e-04 6.49220406e-04],[1.   1.   1.   1.15 1.14 1.14],[1.42 1.17 1.14 1.44 1.44 1.2 ]
4,7,[1.24745860e-06 9.25056729e-06 3.54262194e-04 9.09812060e-05],[1.25 1.2  1.2  1.2  1.2  1.2 ],[1.57 1.39 1.41 1.33 1.37 1.28]
4,8,[3.07538635e-04 8.17035479e-03 4.83111414e-03 5.81775030e-08],[1.08 1.08 1.15 1.08 1.08 1.08],[1.16 1.16 1.41 1.08 1.41 1.41]
4,9,[2.56469940e-05 4.08181660e-05 4.31068432e-03 8.78178759e-06],[1.23 1.11 1.23 1.11 1.23 1.11],[1.37 1.27 1.37 1.24 1.34 1.3 ]
18,0,[7.64108019e-04 1.66937982e-07 8.64581939e-03 5.58087564e-05],[1.13 1.08 1.13 1.08 1.2  1.08],[1.43 1.14 1.24 1.4  1.44 1.23]
18,1,[6.21612755e-04 2.55847751e-04 1.30260171e-04 1.37392890e-08],[1.18 1.18 1.18 1.18 1.18 1.18],[1.24 1.25 1.52 1.28 1.51 1.53]
18,2,[5.98292893e-05 8.60855444e-05 1.02889715e-03 3.08572852e-02],[1.18 1.13 1.03 1.13 1.03 1.03],[1.33 1.22 1.22 1.22 1.2  1.13]
18,3,[1.67606680e-05 6.60827524e-04 1.86797677e-02 4.16524135e-05],[1.14 1.05 1.21 1.05 1.14 1.05],[1.3  1.26 1.34 1.14 1.24 1.23]
18,4,[0.0016391  0.01330173 0.00072853 0.00025144],[1.06 1.11 1.11 1.06 1.06 1.12],[1.12 1.14 1.18 1.14 1.17 1.19]
18,5,[6.08559373e-05 1.15946276e-06 9.17312410e-07 9.01137121e-04],[1.22 1.22 1.16 1.31 1.16 1.16],[1.48 1.41 1.26 1.49 1.37 1.38]
18,6,[1.50736998e-05 1.83843934e-06 1.08067370e-05 2.19675770e-03],[1.25 1.25 1.13 1.25 1.13 1.13],[1.5  1.39 1.29 1.43 1.35 1.29]
18,7,[1.24961655e-03 8.03991992e-05 3.36403021e-04 1.12051256e-07],[1.15 1.15 1.15 1.16 1.19 1.16],[1.27 1.22 1.44 1.28 1.47 1.47]
18,8,[1.82219125e-03 1.46324953e-02 5.75112175e-06 6.50881278e-05],[1.06 1.1  1.1  1.06 1.06 1.2 ],[1.11 1.28 1.22 1.28 1.22 1.33]
18,9,[8.44408392e-03 2.60850624e-04 2.64132426e-05 8.16563522e-04],[1.08 1.08 1.08 1.15 1.13 1.13],[1.19 1.25 1.14 1.29 1.2  1.27]
12,0,[1.63166939e-06 1.56188837e-04 1.62332861e-05 9.24903223e-05],[1.22 1.24 1.22 1.22 1.22 1.22],[1.44 1.46 1.4  1.34 1.31 1.35]
12,1,[0.00175511 0.0011353  0.00019673 0.00049872],[1.14 1.14 1.14 1.14 1.14 1.14],[1.2  1.22 1.18 1.22 1.2  1.23]
12,2,[6.69241892e-05 2.84098470e-05 1.52236351e-01 6.55411575e-07],[1.21 1.   1.21 1.   1.22 1.  ],[1.36 1.21 1.4  1.24 1.4  1.35]
12,3,[1.17206695e-05 1.99463293e-01 3.01788468e-05 8.24726534e-08],[1.   1.24 1.25 1.   1.   1.24],[1.27 1.34 1.52 1.24 1.41 1.49]
12,4,[6.93649960e-02 1.07795568e-05 6.31614913e-05 2.52802512e-06],[1.   1.   1.   1.22 1.25 1.22],[1.27 1.22 1.32 1.34 1.41 1.38]
12,5,[1.76737641e-04 4.19041494e-07 9.19346953e-07 6.67849209e-04],[1.18 1.18 1.17 1.32 1.17 1.17],[1.49 1.39 1.24 1.54 1.41 1.38]
12,6,[5.89273641e-05 4.26492456e-03 2.89824889e-04 9.83789770e-04],[1.11 1.15 1.13 1.11 1.11 1.13],[1.25 1.27 1.25 1.18 1.15 1.2 ]
12,7,[3.20171664e-03 2.79289702e-04 3.43924889e-12 2.43494708e-06],[1.12 1.12 1.12 1.17 1.17 1.29],[1.21 1.7  1.33 1.7  1.34 1.77]
12,8,[3.84984393e-04 2.01864037e-09 1.66126520e-07 1.09355706e-03],[1.16 1.16 1.16 1.38 1.16 1.16],[1.58 1.42 1.21 1.68 1.53 1.42]
12,9,[3.86472667e-08 1.68916300e-01 3.28314720e-04 9.06326072e-04],[1.   1.14 1.13 1.   1.   1.13],[1.44 1.44 1.44 1.16 1.13 1.19]
2,0,[1.53263581e-05 4.67268271e-07 4.71062437e-04 3.78225656e-06],[1.26 1.19 1.26 1.19 1.28 1.19],[1.59 1.33 1.41 1.4  1.48 1.35]
2,1,[1.31208991e-05 8.91013839e-04 6.98081288e-02 5.96728755e-03],[1.11 1.   1.06 1.   1.06 1.  ],[1.28 1.25 1.25 1.12 1.12 1.06]
2,2,[4.50887503e-03 2.66218482e-06 4.55835636e-09 2.93300545e-05],[1.11 1.11 1.11 1.29 1.24 1.24],[1.36 1.5  1.25 1.59 1.41 1.56]
2,3,[2.45693625e-02 4.70501669e-07 1.39470169e-02 2.46535990e-03],[1.03 1.03 1.03 1.03 1.08 1.03],[1.33 1.03 1.08 1.33 1.33 1.08]
2,4,[7.74564780e-03 3.22876372e-05 1.09491978e-05 3.16804239e-05],[1.08 1.08 1.08 1.22 1.22 1.22],[1.27 1.28 1.24 1.37 1.33 1.36]
2,5,[1.44197203e-02 2.83916568e-06 1.02902033e-04 6.31711414e-07],[1.06 1.06 1.06 1.2  1.29 1.2 ],[1.33 1.2  1.36 1.36 1.48 1.4 ]
2,6,[1.70601316e-05 3.91593493e-07 3.55704655e-04 8.13521208e-03],[1.24 1.16 1.08 1.16 1.08 1.08],[1.49 1.28 1.27 1.39 1.38 1.17]
2,7,[8.30350425e-06 3.24463303e-03 3.87905543e-04 7.61746577e-04],[1.12 1.14 1.13 1.12 1.12 1.13],[1.3  1.31 1.3  1.18 1.16 1.19]
2,8,[1.52940578e-05 1.61380954e-04 2.84822586e-04 1.54358311e-03],[1.16 1.16 1.15 1.16 1.15 1.15],[1.34 1.31 1.29 1.26 1.23 1.2 ]
2,9,[1.15486769e-07 1.01256845e-02 1.73269059e-05 9.46682872e-07],[1.07 1.25 1.32 1.07 1.07 1.25],[1.43 1.46 1.55 1.25 1.34 1.42]
9,0,[6.03412570e-05 7.60249819e-04 4.50514485e-07 3.76872066e-03],[1.13 1.2  1.11 1.13 1.11 1.11],[1.27 1.42 1.25 1.38 1.15 1.38]
9,1,[2.95689034e-04 9.64806715e-08 7.87824882e-04 8.90808731e-06],[1.17 1.17 1.17 1.17 1.26 1.17],[1.5  1.23 1.34 1.43 1.5  1.32]
9,2,[1.34536138e-03 6.10142269e-04 3.33628543e-06 2.35307521e-03],[1.13 1.13 1.13 1.13 1.13 1.13],[1.19 1.33 1.15 1.33 1.17 1.33]
9,3,[1.40099712e-03 4.07584044e-06 2.60928125e-03 5.89880611e-09],[1.13 1.13 1.13 1.13 1.28 1.13],[1.35 1.16 1.49 1.32 1.56 1.49]
9,4,[9.75557866e-05 4.18663400e-05 2.73877904e-05 7.04566908e-06],[1.24 1.24 1.24 1.24 1.24 1.24],[1.37 1.33 1.35 1.35 1.4  1.41]
9,5,[4.48809766e-04 7.78972383e-03 2.42376563e-10 7.87942605e-05],[1.08 1.15 1.15 1.08 1.08 1.19],[1.17 1.58 1.24 1.58 1.22 1.6 ]
9,6,[4.34076389e-03 2.76757883e-06 5.00642138e-05 2.50390865e-02],[1.07 1.07 1.04 1.2  1.04 1.04],[1.31 1.21 1.07 1.38 1.31 1.21]
9,7,[1.36838667e-06 2.18651665e-03 4.58806158e-06 3.47192224e-06],[1.13 1.28 1.28 1.13 1.13 1.28],[1.38 1.45 1.51 1.32 1.32 1.43]
9,8,[9.68400341e-05 9.03211993e-07 1.59587899e-01 3.31219013e-02],[1.18 1.   1.   1.   1.   1.  ],[1.38 1.18 1.18 1.32 1.32 1.  ]
9,9,[3.25998966e-02 4.70939357e-05 2.57125017e-03 8.17398430e-05],[1.02 1.02 1.02 1.09 1.19 1.09],[1.22 1.09 1.21 1.22 1.29 1.21]
19,0,[3.16374646e-04 3.42257712e-04 3.31109603e-05 9.22224089e-03],[1.15 1.15 1.08 1.15 1.08 1.08],[1.24 1.27 1.17 1.26 1.17 1.24]
19,1,[1.44738646e-03 4.61627502e-02 1.83565986e-05 1.46947027e-02],[1.01 1.1  1.03 1.01 1.01 1.03],[1.1  1.23 1.1  1.23 1.03 1.23]
19,2,[7.85110142e-03 2.36180131e-05 2.34463633e-05 4.68502475e-07],[1.08 1.08 1.08 1.23 1.23 1.23],[1.27 1.25 1.37 1.36 1.46 1.45]
19,3,[1.99880742e-06 1.24714425e-03 4.33537502e-05 1.39429067e-02],[1.12 1.21 1.06 1.12 1.06 1.06],[1.35 1.37 1.33 1.23 1.12 1.23]
19,4,[3.01001462e-02 2.59739865e-04 2.52668546e-04 1.66779073e-05],[1.03 1.03 1.03 1.15 1.15 1.15],[1.17 1.17 1.26 1.22 1.28 1.3 ]
19,5,[2.11019265e-03 1.19691299e-07 4.47530517e-05 2.01481425e-03],[1.13 1.13 1.13 1.21 1.13 1.13],[1.45 1.24 1.14 1.48 1.43 1.24]
19,6,[1.39670531e-04 7.85400940e-08 8.10127254e-08 5.00447647e-05],[1.23 1.23 1.23 1.38 1.23 1.23],[1.54 1.48 1.3  1.62 1.51 1.52]
19,7,[2.77362932e-05 5.44288496e-06 3.08620018e-10 2.26018877e-04],[1.24 1.24 1.21 1.27 1.21 1.21],[1.44 1.65 1.31 1.66 1.34 1.61]
19,8,[8.11948976e-04 4.81650776e-04 1.68700070e-06 2.81813537e-05],[1.17 1.17 1.17 1.17 1.17 1.22],[1.24 1.36 1.29 1.38 1.29 1.44]
19,9,[1.43904975e-05 4.19925420e-04 6.15205598e-04 1.85955695e-04],[1.18 1.18 1.18 1.18 1.18 1.18],[1.34 1.32 1.33 1.22 1.24 1.24]
6,0,[3.05945873e-06 3.72696744e-06 1.42461027e-02 1.67375542e-02],[1.27 1.03 1.03 1.03 1.03 1.03],[1.49 1.29 1.29 1.28 1.28 1.03]
6,1,[4.62217906e-02 1.07539442e-03 3.00543827e-07 1.00357684e-03],[1.01 1.01 1.01 1.11 1.11 1.11],[1.12 1.37 1.12 1.37 1.15 1.37]
6,2,[2.02194248e-03 6.30107086e-07 2.95822364e-04 5.91116813e-04],[1.14 1.14 1.14 1.15 1.14 1.14],[1.41 1.2  1.18 1.41 1.4  1.22]
6,3,[1.28052903e-03 9.95400789e-05 6.46266152e-05 3.80092967e-05],[1.15 1.15 1.15 1.2  1.2  1.2 ],[1.27 1.25 1.26 1.32 1.32 1.34]
6,4,[1.13559570e-02 7.03317975e-05 8.28108920e-03 3.00021421e-05],[1.06 1.05 1.06 1.06 1.19 1.06],[1.2  1.05 1.22 1.2  1.29 1.22]
6,5,[2.91113584e-03 1.44609026e-03 1.78114024e-03 3.41740529e-05],[1.12 1.12 1.12 1.12 1.12 1.12],[1.16 1.14 1.25 1.15 1.25 1.25]
6,6,[8.55277587e-04 5.58049384e-09 1.92478644e-02 2.82245605e-05],[1.13 1.05 1.13 1.05 1.22 1.05],[1.55 1.13 1.25 1.5  1.54 1.24]
6,7,[1.28522224e-07 1.12085930e-03 3.63919384e-04 9.21746305e-05],[1.16 1.16 1.19 1.16 1.16 1.16],[1.48 1.46 1.47 1.21 1.24 1.28]
6,8,[1.79494363e-05 3.27696415e-04 1.28902178e-05 1.85348387e-07],[1.2  1.24 1.24 1.2  1.2  1.24],[1.37 1.4  1.47 1.31 1.44 1.52]
6,9,[1.43932892e-03 5.49657195e-04 1.25089553e-05 7.39680141e-05],[1.15 1.15 1.15 1.15 1.15 1.19],[1.21 1.29 1.25 1.33 1.27 1.34]
21,0,[2.42128062e-05 1.28764309e-03 6.27565534e-03 1.12526992e-02],[1.1  1.07 1.07 1.07 1.07 1.07],[1.27 1.23 1.23 1.11 1.11 1.07]
21,1,[7.06135303e-02 1.86432494e-02 2.94721737e-05 2.31793128e-02],[1. 1. 1. 1. 1. 1.],[1.   1.21 1.   1.21 1.   1.21]
21,2,[1.26441354e-02 1.09708221e-03 3.32180044e-03 2.92225607e-07],[1.07 1.07 1.07 1.08 1.1  1.08],[1.12 1.09 1.37 1.12 1.37 1.37]
21,3,[3.94869168e-03 2.72791363e-06 2.74279220e-04 1.94446616e-03],[1.11 1.11 1.11 1.15 1.11 1.11],[1.35 1.19 1.13 1.34 1.34 1.19]
21,4,[1.86785964e-03 2.25994867e-06 5.72064751e-09 5.08862019e-04],[1.14 1.14 1.14 1.3  1.15 1.15],[1.38 1.49 1.19 1.58 1.37 1.49]
21,5,[3.32672380e-06 3.50543723e-05 4.39706812e-02 1.12696532e-03],[1.22 1.01 1.12 1.01 1.12 1.01],[1.42 1.31 1.32 1.23 1.23 1.12]
21,6,[3.40365612e-06 4.37876446e-05 1.13417958e-05 3.09084286e-03],[1.23 1.25 1.12 1.23 1.12 1.12],[1.42 1.41 1.32 1.35 1.24 1.29]
21,7,[4.08353278e-08 1.91993949e-03 3.25841943e-04 3.28530021e-05],[1.14 1.16 1.22 1.14 1.14 1.16],[1.48 1.47 1.52 1.2  1.27 1.28]
21,8,[1.67218779e-05 4.97068863e-06 6.20883179e-05 7.91637866e-11],[1.26 1.25 1.26 1.25 1.27 1.25],[1.49 1.34 1.69 1.39 1.75 1.7 ]
21,9,[8.96464190e-05 9.47158273e-03 6.61016370e-05 1.69212423e-05],[1.08 1.2  1.2  1.08 1.08 1.2 ],[1.22 1.28 1.31 1.22 1.26 1.33]
10,0,[3.20255154e-07 2.79726786e-03 4.11161383e-05 1.02771705e-03],[1.12 1.21 1.12 1.12 1.12 1.12],[1.4  1.45 1.4  1.25 1.15 1.26]
10,1,[1.44710673e-03 4.20710529e-08 2.17080366e-02 2.44308866e-06],[1.11 1.04 1.11 1.04 1.3  1.04],[1.49 1.11 1.31 1.44 1.54 1.31]
10,2,[8.12736768e-06 5.05151375e-06 5.11063952e-04 1.16326513e-04],[1.26 1.18 1.2  1.18 1.2  1.18],[1.47 1.33 1.36 1.36 1.36 1.26]
10,3,[3.41738864e-08 2.16515532e-08 9.42366250e-04 4.10402781e-07],[1.41 1.16 1.37 1.16 1.37 1.16],[1.76 1.46 1.61 1.48 1.61 1.41]
10,4,[1.31064070e-05 4.62704758e-04 4.84958064e-04 1.11409197e-02],[1.13 1.13 1.07 1.13 1.07 1.07],[1.34 1.29 1.27 1.19 1.16 1.16]
10,5,[0.10903141 0.02292993 0.00967176 0.02774073],[1. 1. 1. 1. 1. 1.],[1.   1.01 1.   1.01 1.   1.01]
10,6,[6.25364249e-04 8.63740311e-05 2.60066239e-05 7.17269542e-05],[1.18 1.18 1.18 1.19 1.19 1.19],[1.29 1.29 1.26 1.34 1.3  1.35]
10,7,[3.18677208e-05 2.95030153e-05 1.19026608e-04 3.29431790e-03],[1.21 1.19 1.12 1.19 1.12 1.12],[1.36 1.3  1.25 1.29 1.26 1.22]
10,8,[1.00624985e-04 1.43073756e-06 3.42168538e-07 6.50210724e-05],[1.24 1.24 1.24 1.31 1.24 1.24],[1.46 1.45 1.31 1.54 1.42 1.46]
10,9,[1.67557356e-02 1.10052507e-08 1.98421578e-05 7.95280310e-07],[1.05 1.05 1.05 1.25 1.32 1.25],[1.5  1.25 1.35 1.55 1.6  1.43]
15,0,[6.07198540e-04 5.15569095e-04 1.64834294e-06 7.66531094e-06],[1.18 1.18 1.18 1.18 1.18 1.26],[1.24 1.36 1.32 1.36 1.34 1.47]
15,1,[1.68130394e-01 3.63582200e-03 1.35181792e-03 6.29377950e-09],[1.   1.   1.   1.08 1.08 1.1 ],[1.08 1.11 1.46 1.11 1.46 1.46]
15,2,[2.59718402e-05 3.35580459e-03 8.95113606e-03 5.73196679e-03],[1.08 1.08 1.08 1.08 1.08 1.08],[1.23 1.23 1.23 1.08 1.08 1.08]
15,3,[1.24140068e-04 1.39776233e-03 7.93598357e-04 4.75211939e-06],[1.15 1.15 1.18 1.15 1.15 1.15],[1.26 1.25 1.37 1.18 1.34 1.34]
15,4,[2.06788354e-07 3.29732409e-02 4.67885344e-04 3.18284442e-03],[1.02 1.13 1.08 1.02 1.02 1.08],[1.39 1.39 1.39 1.15 1.08 1.15]
15,5,[3.37624488e-04 8.18127986e-03 8.44390251e-04 4.24692117e-08],[1.08 1.13 1.14 1.08 1.08 1.13],[1.19 1.2  1.44 1.14 1.44 1.44]
15,6,[1.70111769e-04 3.84157750e-08 8.25408314e-04 1.31625954e-05],[1.18 1.17 1.18 1.17 1.24 1.17],[1.54 1.23 1.33 1.46 1.49 1.3 ]
15,7,[1.40841763e-05 4.37967640e-02 9.22359549e-04 6.67301918e-03],[1.01 1.11 1.06 1.01 1.01 1.06],[1.24 1.25 1.24 1.12 1.06 1.12]
15,8,[4.94111822e-07 4.89332522e-04 2.38408546e-06 1.15096456e-02],[1.15 1.3  1.07 1.15 1.07 1.07],[1.42 1.46 1.36 1.34 1.16 1.32]
15,9,[4.80190037e-06 3.66174146e-02 8.42332911e-04 3.21238953e-04],[1.02 1.13 1.14 1.02 1.02 1.13],[1.3  1.31 1.32 1.13 1.16 1.19]
11,0,[3.42721172e-03 1.27092523e-06 1.56436273e-05 1.14293294e-05],[1.12 1.12 1.12 1.25 1.25 1.25],[1.37 1.28 1.28 1.43 1.44 1.38]
11,1,[5.35454193e-05 4.34608528e-03 4.34350476e-05 2.21143241e-03],[1.11 1.19 1.11 1.11 1.11 1.11],[1.25 1.31 1.24 1.23 1.13 1.23]
11,2,[1.47659424e-02 1.35068325e-04 7.86522587e-06 6.13841880e-04],[1.06 1.06 1.06 1.17 1.14 1.14],[1.2  1.28 1.15 1.33 1.22 1.3 ]
11,3,[5.08677379e-05 4.28490724e-06 1.00613933e-05 4.91054832e-04],[1.22 1.22 1.19 1.25 1.19 1.19],[1.42 1.39 1.28 1.41 1.35 1.32]
11,4,[1.01759755e-03 1.77035764e-05 1.99524338e-04 1.24735008e-07],[1.16 1.16 1.16 1.18 1.23 1.18],[1.32 1.23 1.43 1.34 1.5  1.44]
11,5,[1.42414337e-03 1.21484518e-06 1.71014229e-05 1.48990448e-05],[1.15 1.15 1.15 1.24 1.24 1.24],[1.43 1.29 1.3  1.44 1.44 1.36]
11,6,[1.47369768e-08 6.44150367e-04 4.78952494e-04 1.12764693e-02],[1.13 1.13 1.07 1.13 1.07 1.07],[1.51 1.48 1.47 1.18 1.14 1.16]
11,7,[2.81914421e-08 6.14553561e-05 7.82105167e-06 3.19035734e-03],[1.22 1.26 1.12 1.22 1.12 1.12],[1.52 1.53 1.45 1.39 1.24 1.31]
11,8,[0.00010287 0.00117261 0.00430993 0.0102772 ],[1.1  1.07 1.07 1.07 1.07 1.07],[1.24 1.19 1.19 1.12 1.12 1.09]
11,9,[7.43562989e-10 4.46198486e-06 1.06236775e-09 4.70139834e-04],[1.3  1.5  1.18 1.3  1.18 1.18],[1.75 1.82 1.57 1.66 1.33 1.59]
26,0,[2.21734945e-05 1.25625625e-04 5.04841824e-04 2.06094416e-05],[1.2  1.19 1.22 1.19 1.2  1.19],[1.36 1.31 1.38 1.25 1.33 1.3 ]
26,1,[2.32221555e-03 3.49499494e-06 4.57753588e-08 2.20024576e-04],[1.13 1.13 1.13 1.28 1.18 1.18],[1.35 1.46 1.2  1.56 1.37 1.47]
26,2,[5.70144702e-03 2.74272612e-05 1.77471740e-05 4.56796302e-02],[1.06 1.06 1.01 1.22 1.01 1.01],[1.25 1.24 1.06 1.34 1.25 1.24]
26,3,[6.82166372e-03 1.60884650e-02 1.66063878e-03 9.15553027e-06],[1.05 1.06 1.06 1.05 1.05 1.09],[1.07 1.1  1.26 1.1  1.26 1.27]
26,4,[2.75617748e-05 1.13543300e-02 6.95443483e-03 1.10610321e-04],[1.07 1.07 1.18 1.07 1.07 1.07],[1.24 1.24 1.29 1.07 1.19 1.19]
26,5,[3.95317376e-07 2.35883048e-04 7.69527314e-04 4.50649837e-04],[1.17 1.17 1.17 1.17 1.17 1.17],[1.46 1.4  1.4  1.24 1.25 1.2 ]
26,6,[5.08654821e-02 8.80281725e-05 4.76735702e-03 3.63198229e-06],[1.   1.   1.   1.07 1.18 1.07],[1.19 1.07 1.29 1.19 1.35 1.29]
26,7,[1.79706028e-10 1.02127669e-02 1.50122590e-03 2.62986991e-03],[1.07 1.09 1.09 1.07 1.07 1.09],[1.56 1.56 1.56 1.12 1.1  1.13]
26,8,[2.96421314e-06 4.22866976e-02 7.23749606e-06 2.50999508e-04],[1.01 1.26 1.17 1.01 1.01 1.17],[1.31 1.42 1.34 1.28 1.17 1.31]
26,9,[2.41652556e-04 5.04238649e-08 9.24896417e-04 7.08866908e-03],[1.15 1.13 1.09 1.13 1.09 1.09],[1.5  1.2  1.18 1.42 1.42 1.14]
22,0,[0.0003152  0.00040685 0.01200971 0.00153003],[1.13 1.07 1.11 1.07 1.11 1.07],[1.22 1.17 1.17 1.16 1.17 1.12]
22,1,[2.00300734e-05 1.72045389e-04 5.85817502e-06 5.93391770e-05],[1.22 1.23 1.22 1.22 1.22 1.22],[1.36 1.39 1.35 1.34 1.31 1.4 ]
22,2,[7.82536485e-03 4.51744719e-02 2.31782333e-04 3.24686261e-07],[1.01 1.05 1.05 1.01 1.01 1.15],[1.05 1.16 1.35 1.16 1.35 1.37]
22,3,[3.92574843e-06 1.01086298e-06 2.89032658e-02 1.63485800e-03],[1.28 1.03 1.11 1.03 1.11 1.03],[1.48 1.3  1.3  1.34 1.34 1.11]
22,4,[5.23551072e-06 3.24487954e-04 3.65840589e-05 7.34430289e-07],[1.2  1.24 1.27 1.2  1.2  1.24],[1.39 1.38 1.47 1.29 1.41 1.44]
22,5,[7.12169235e-09 2.20512749e-05 4.97389016e-05 1.57330341e-04],[1.23 1.23 1.23 1.23 1.23 1.23],[1.66 1.56 1.56 1.36 1.33 1.3 ]
22,6,[3.11824895e-02 1.28948240e-05 1.32205280e-07 3.59146293e-04],[1.03 1.03 1.03 1.25 1.16 1.16],[1.27 1.4  1.16 1.51 1.29 1.42]
22,7,[3.02082875e-06 8.60411057e-06 2.45427919e-03 2.49388067e-06],[1.28 1.13 1.28 1.13 1.28 1.13],[1.51 1.32 1.46 1.3  1.43 1.34]
22,8,[1.64551180e-03 5.78192735e-05 6.00713171e-03 2.79896860e-03],[1.09 1.09 1.09 1.09 1.09 1.09],[1.24 1.12 1.12 1.22 1.22 1.11]
22,9,[1.52235043e-02 7.18268064e-05 1.10726370e-05 1.44552505e-01],[1.03 1.03 1.   1.19 1.   1.  ],[1.2  1.25 1.03 1.3  1.2  1.25]
20,0,[1.54897161e-05 8.01586419e-05 1.32356500e-06 8.37908654e-06],[1.25 1.26 1.26 1.25 1.25 1.26],[1.38 1.46 1.41 1.42 1.35 1.48]
20,1,[3.69189763e-04 2.28544464e-06 1.27721544e-08 2.86140238e-03],[1.16 1.16 1.12 1.3  1.12 1.12],[1.38 1.49 1.18 1.58 1.33 1.48]
20,2,[2.51762852e-04 4.73724426e-05 8.25232157e-05 1.58983613e-04],[1.21 1.21 1.21 1.21 1.21 1.21],[1.33 1.28 1.27 1.31 1.31 1.29]
20,3,[6.92933057e-03 4.50773727e-01 1.98951966e-13 9.37860567e-08],[1.   1.06 1.06 1.   1.   1.39],[1.06 1.75 1.39 1.75 1.39 1.89]
20,4,[9.48054664e-05 1.59003355e-03 3.32734217e-05 8.32744066e-06],[1.14 1.2  1.2  1.14 1.14 1.22],[1.27 1.33 1.37 1.26 1.31 1.39]
20,5,[6.64549471e-04 8.90891946e-06 4.19535084e-02 8.70375252e-05],[1.14 1.01 1.14 1.01 1.19 1.01],[1.33 1.14 1.23 1.28 1.31 1.21]
20,6,[1.11744901e-03 5.37152967e-03 1.76409838e-05 1.48372015e-05],[1.1  1.12 1.12 1.1  1.1  1.23],[1.15 1.27 1.27 1.26 1.27 1.36]
20,7,[0.00169525 0.0001878  0.01645184 0.00011248],[1.11 1.05 1.11 1.05 1.16 1.05],[1.2  1.11 1.21 1.18 1.24 1.2 ]
20,8,[7.84123846e-06 1.99305665e-03 1.42246720e-04 3.69963281e-05],[1.14 1.19 1.21 1.14 1.14 1.19],[1.35 1.35 1.38 1.22 1.26 1.29]
20,9,[1.57484994e-02 4.54555273e-06 1.97863144e-03 4.42802787e-03],[1.06 1.06 1.06 1.08 1.07 1.07],[1.28 1.1  1.08 1.28 1.28 1.1 ]
24,0,[3.95794418e-06 1.86525718e-04 1.74705606e-01 3.08035741e-02],[1.16 1.   1.   1.   1.   1.  ],[1.34 1.28 1.28 1.16 1.16 1.  ]
24,1,[6.19286075e-04 2.45457306e-03 3.51561050e-05 6.45349251e-05],[1.13 1.14 1.14 1.13 1.13 1.19],[1.19 1.27 1.27 1.25 1.25 1.31]
24,2,[3.08126578e-05 1.38433047e-03 1.36662140e-05 6.59069813e-07],[1.15 1.24 1.24 1.15 1.15 1.24],[1.3  1.36 1.44 1.29 1.39 1.45]
24,3,[1.53230464e-04 4.67129812e-05 6.81358594e-04 1.69892757e-04],[1.18 1.18 1.18 1.18 1.18 1.18],[1.33 1.23 1.25 1.27 1.3  1.24]
24,4,[7.63849018e-04 1.86370207e-03 2.17563316e-08 1.28762902e-04],[1.14 1.14 1.14 1.14 1.14 1.17],[1.18 1.45 1.24 1.45 1.23 1.5 ]
24,5,[1.36310523e-07 6.71209074e-05 3.37733586e-06 2.12122214e-02],[1.22 1.28 1.04 1.22 1.04 1.04],[1.52 1.5  1.4  1.36 1.22 1.31]
24,6,[9.20800663e-05 4.05455154e-06 3.09362158e-05 1.57857792e-02],[1.21 1.21 1.06 1.22 1.06 1.06],[1.4  1.31 1.21 1.37 1.3  1.24]
24,7,[3.27845566e-07 1.68897993e-02 1.52084086e-05 9.48260545e-04],[1.05 1.24 1.13 1.05 1.05 1.13],[1.38 1.48 1.38 1.26 1.13 1.27]
24,8,[3.26459831e-07 5.24825813e-05 2.73267335e-05 7.88826939e-03],[1.22 1.22 1.08 1.22 1.08 1.08],[1.49 1.45 1.38 1.32 1.23 1.25]
24,9,[3.64782699e-04 2.51658202e-07 3.91948726e-02 8.88997048e-04],[1.14 1.02 1.13 1.02 1.13 1.02],[1.47 1.16 1.19 1.38 1.39 1.13]
16,0,[2.78905591e-05 8.71036939e-06 5.05418517e-05 1.50890322e-06],[1.26 1.26 1.26 1.26 1.26 1.26],[1.47 1.35 1.42 1.36 1.44 1.44]
16,1,[6.01124765e-04 3.07829274e-06 2.75648654e-02 1.79257927e-07],[1.14 1.03 1.14 1.03 1.29 1.03],[1.38 1.14 1.4  1.31 1.48 1.4 ]
16,2,[1.35758839e-04 3.73026978e-07 1.43795497e-02 1.86501963e-04],[1.17 1.06 1.17 1.06 1.17 1.06],[1.44 1.19 1.25 1.37 1.41 1.19]
16,3,[9.09665693e-05 1.63760534e-06 5.87337610e-06 1.47261642e-03],[1.21 1.21 1.15 1.27 1.15 1.15],[1.45 1.35 1.23 1.44 1.35 1.32]
16,4,[1.73200112e-02 2.03066983e-07 8.08076452e-05 6.79679890e-08],[1.05 1.05 1.05 1.21 1.36 1.21],[1.4  1.21 1.42 1.43 1.57 1.47]
16,5,[1.39020232e-03 4.91937118e-07 5.69331602e-04 4.70740995e-04],[1.15 1.15 1.15 1.15 1.15 1.15],[1.41 1.18 1.2  1.41 1.42 1.22]
16,6,[1.70403557e-07 4.72563431e-03 6.28260298e-05 1.68754910e-02],[1.07 1.19 1.05 1.07 1.05 1.05],[1.41 1.42 1.4  1.2  1.07 1.2 ]
16,7,[1.38223681e-08 6.32508728e-04 5.86851186e-04 5.49159538e-05],[1.18 1.18 1.2  1.18 1.18 1.18],[1.52 1.49 1.52 1.21 1.28 1.27]
16,8,[1.64335388e-06 1.68509174e-01 1.34013379e-02 1.68925948e-04],[1.   1.03 1.17 1.   1.   1.03],[1.31 1.31 1.33 1.03 1.17 1.17]
16,9,[7.88718265e-05 8.19215222e-06 1.28797637e-04 1.48312547e-02],[1.19 1.19 1.06 1.19 1.06 1.06],[1.37 1.27 1.21 1.33 1.28 1.2 ]
36,0,[5.44903012e-10 1.22126436e-02 6.90387294e-04 1.55089851e-05],[1.07 1.14 1.24 1.07 1.07 1.14],[1.59 1.59 1.62 1.14 1.26 1.28]
36,1,[8.67297359e-04 8.75671129e-03 3.96856048e-06 6.03447086e-04],[1.08 1.12 1.12 1.08 1.08 1.12],[1.15 1.3  1.18 1.3  1.15 1.3 ]
36,2,[0.00077266 0.00119568 0.05466798 0.00065385],[1.11 1.   1.11 1.   1.11 1.  ],[1.18 1.13 1.18 1.12 1.16 1.14]
36,3,[1.39999349e-06 1.33300420e-03 5.52998296e-03 4.26138153e-03],[1.1 1.1 1.1 1.1 1.1 1.1],[1.34 1.32 1.32 1.12 1.12 1.1 ]
36,4,[1.65832924e-04 7.51638645e-04 4.28968430e-08 6.39281859e-04],[1.17 1.17 1.17 1.17 1.17 1.17],[1.26 1.47 1.23 1.45 1.21 1.45]
36,5,[9.34085319e-07 1.28554594e-04 3.67291236e-02 7.78324764e-04],[1.17 1.02 1.13 1.02 1.13 1.02],[1.4  1.34 1.34 1.19 1.21 1.13]
36,6,[3.19305187e-06 1.30842204e-05 1.62335326e-06 1.68872395e-03],[1.26 1.29 1.14 1.26 1.14 1.14],[1.47 1.45 1.33 1.41 1.31 1.36]
36,7,[3.76968047e-04 4.70106414e-06 1.78322187e-03 2.72595793e-02],[1.14 1.11 1.03 1.11 1.03 1.03],[1.34 1.17 1.16 1.29 1.29 1.11]
36,8,[2.90257539e-04 9.98153975e-03 2.43229533e-06 1.04869524e-03],[1.07 1.15 1.12 1.07 1.07 1.12],[1.18 1.34 1.19 1.32 1.13 1.32]
36,9,[0.00941766 0.00015866 0.00191553 0.00035964],[1.08 1.08 1.08 1.1  1.14 1.1 ],[1.2  1.11 1.16 1.2  1.22 1.17]
57,0,[1.17544350e-04 8.00388099e-02 5.49710255e-05 1.32022688e-02],[1.   1.18 1.03 1.   1.   1.03],[1.18 1.26 1.18 1.2  1.03 1.2 ]
57,1,[0.00027828 0.08858184 0.04382149 0.00039969],[1.   1.   1.14 1.   1.   1.  ],[1.15 1.15 1.19 1.   1.14 1.14]
57,2,[4.01847705e-05 9.15903488e-05 6.39945361e-03 1.23346791e-06],[1.2  1.09 1.21 1.09 1.2  1.09],[1.34 1.24 1.38 1.21 1.39 1.35]
57,3,[2.52690974e-05 2.40415292e-03 4.40816328e-04 6.69985743e-06],[1.13 1.15 1.23 1.13 1.13 1.15],[1.28 1.29 1.37 1.18 1.31 1.33]
57,4,[6.45780720e-04 1.03024992e-06 1.47544280e-04 7.77505958e-07],[1.17 1.17 1.17 1.19 1.31 1.19],[1.41 1.24 1.39 1.39 1.51 1.41]
57,5,[1.79167471e-02 1.64134406e-05 4.98456711e-06 3.16609012e-07],[1.05 1.05 1.05 1.26 1.26 1.27],[1.27 1.3  1.38 1.4  1.44 1.48]
57,6,[3.88559877e-02 1.14926048e-03 5.94902013e-05 5.54224454e-04],[1.02 1.02 1.02 1.12 1.12 1.13],[1.12 1.22 1.15 1.22 1.16 1.23]
57,7,[4.38499897e-07 4.37582911e-06 1.06181750e-07 1.00296628e-04],[1.3  1.35 1.24 1.3  1.24 1.24],[1.57 1.58 1.4  1.55 1.37 1.51]
57,8,[2.85085400e-09 1.85519840e-05 9.81931024e-02 7.66228923e-02],[1.23 1.   1.   1.   1.   1.  ],[1.59 1.49 1.49 1.23 1.23 1.  ]
57,9,[0.0062321  0.0310826  0.00021564 0.00075284],[1.03 1.06 1.06 1.03 1.03 1.12],[1.06 1.17 1.12 1.17 1.12 1.18]
5,0,[1.39211128e-03 4.66801826e-03 2.87858662e-02 6.08627203e-05],[1.07 1.03 1.1  1.03 1.07 1.03],[1.12 1.11 1.22 1.07 1.2  1.2 ]
5,1,[1.34464236e-03 3.47302666e-03 3.57032982e-05 3.88590937e-05],[1.11 1.11 1.11 1.11 1.11 1.2 ],[1.16 1.25 1.26 1.25 1.24 1.32]
5,2,[3.26409344e-10 1.99589823e-04 5.50733681e-10 1.55866970e-06],[1.21 1.53 1.33 1.21 1.21 1.33],[1.68 1.88 1.71 1.6  1.41 1.73]
5,3,[4.97926329e-03 5.12783016e-05 9.52873889e-05 8.89741250e-07],[1.1  1.1  1.1  1.2  1.21 1.2 ],[1.27 1.21 1.35 1.3  1.41 1.39]
5,4,[1.10512527e-03 2.09420730e-05 4.71609628e-04 6.94021224e-07],[1.16 1.16 1.16 1.16 1.23 1.16],[1.32 1.2  1.39 1.31 1.46 1.39]
5,5,[1.80710867e-02 2.91836411e-03 4.77451076e-04 3.35972651e-05],[1.05 1.05 1.05 1.09 1.09 1.13],[1.09 1.15 1.23 1.15 1.23 1.25]
5,6,[2.27108008e-03 4.34253011e-08 4.86538771e-05 1.14175120e-04],[1.13 1.13 1.13 1.21 1.2  1.2 ],[1.47 1.25 1.22 1.52 1.48 1.31]
5,7,[2.40366388e-06 1.74790246e-07 3.93717539e-06 1.96400791e-03],[1.3  1.3  1.14 1.3  1.14 1.14],[1.57 1.46 1.35 1.49 1.4  1.32]
5,8,[2.08431513e-03 6.07070499e-04 2.65632693e-03 1.10843016e-06],[1.12 1.12 1.12 1.12 1.12 1.12],[1.17 1.13 1.34 1.17 1.34 1.34]
5,9,[6.78808659e-07 1.51391435e-04 1.28210948e-07 2.40529290e-06],[1.22 1.33 1.32 1.22 1.22 1.32],[1.48 1.58 1.47 1.47 1.4  1.58]
45,0,[1.25575239e-05 2.03702750e-08 1.30281446e-05 6.97348192e-03],[1.25 1.25 1.09 1.25 1.09 1.09],[1.58 1.36 1.27 1.53 1.46 1.28]
45,1,[9.30194259e-05 1.11523641e-05 8.40803580e-04 6.37547028e-05],[1.2  1.17 1.2  1.17 1.2  1.17],[1.39 1.25 1.31 1.31 1.35 1.27]
45,2,[2.20830901e-02 1.58083185e-03 2.39205660e-08 6.96238731e-03],[1.04 1.04 1.04 1.09 1.06 1.06],[1.1  1.42 1.06 1.42 1.1  1.42]
45,3,[1.84399787e-02 6.20791165e-06 2.49118768e-06 6.10281886e-04],[1.05 1.05 1.05 1.27 1.14 1.14],[1.29 1.32 1.14 1.43 1.29 1.32]
45,4,[3.42479125e-03 1.77306296e-03 7.66561121e-08 2.76201079e-06],[1.12 1.12 1.12 1.12 1.12 1.29],[1.15 1.42 1.32 1.42 1.33 1.51]
45,5,[0.00640079 0.00068353 0.02562733 0.00148587],[1.06 1.03 1.06 1.03 1.09 1.03],[1.14 1.06 1.1  1.14 1.14 1.1 ]
45,6,[1.13604594e-02 1.81061182e-06 1.30053071e-06 3.08239225e-03],[1.07 1.07 1.07 1.3  1.09 1.09],[1.32 1.32 1.09 1.45 1.32 1.32]
45,7,[0.00074652 0.00176688 0.0018657  0.00010438],[1.14 1.14 1.14 1.14 1.14 1.14],[1.19 1.18 1.23 1.14 1.23 1.23]
45,8,[2.31147530e-04 5.12419440e-10 1.27586585e-02 4.72687375e-07],[1.17 1.06 1.17 1.06 1.35 1.06],[1.64 1.18 1.38 1.56 1.75 1.37]
45,9,[1.40058737e-05 5.43864463e-03 8.85739747e-05 2.94276324e-07],[1.1  1.2  1.24 1.1  1.1  1.2 ],[1.29 1.32 1.46 1.22 1.38 1.43]
33,0,[3.05419237e-03 5.60485431e-08 7.16372321e-07 5.58928497e-04],[1.12 1.12 1.12 1.33 1.15 1.15],[1.45 1.37 1.17 1.56 1.45 1.38]
33,1,[1.04346428e-02 2.37754905e-09 6.07753392e-05 2.82830843e-06],[1.07 1.07 1.07 1.22 1.29 1.22],[1.54 1.22 1.31 1.55 1.62 1.39]
33,2,[3.87397356e-05 2.13623438e-04 1.32046523e-03 1.04668050e-03],[1.16 1.15 1.15 1.15 1.15 1.15],[1.31 1.26 1.26 1.21 1.22 1.18]
33,3,[1.79610951e-04 1.78113724e-09 1.83331943e-03 1.13010438e-06],[1.19 1.14 1.19 1.14 1.32 1.14],[1.62 1.21 1.4  1.54 1.65 1.37]
33,4,[9.96789357e-04 3.67834405e-04 1.06653212e-06 6.75143643e-07],[1.16 1.16 1.16 1.16 1.16 1.31],[1.24 1.37 1.4  1.38 1.42 1.53]
33,5,[0.00113277 0.01176532 0.03130058 0.0007255 ],[1.04 1.03 1.1  1.03 1.04 1.03],[1.11 1.11 1.14 1.04 1.12 1.12]
33,6,[4.88442815e-05 1.12438776e-02 7.10487193e-05 5.97414993e-03],[1.07 1.19 1.07 1.07 1.07 1.07],[1.22 1.26 1.22 1.2  1.07 1.2 ]
33,7,[1.19238171e-04 1.37760755e-04 1.10320458e-05 2.49065834e-05],[1.23 1.23 1.23 1.23 1.23 1.23],[1.34 1.35 1.31 1.33 1.34 1.37]
33,8,[5.73124183e-05 2.95597727e-06 2.28559893e-01 1.96291440e-07],[1.22 1.   1.22 1.   1.29 1.  ],[1.42 1.22 1.43 1.31 1.51 1.39]
33,9,[5.96194687e-07 8.01818978e-02 9.25186387e-03 7.04017765e-04],[1.   1.05 1.12 1.   1.   1.05],[1.34 1.34 1.34 1.05 1.12 1.12]
25,0,[4.29998405e-06 4.88443238e-05 8.65658028e-07 1.04922579e-02],[1.22 1.28 1.07 1.22 1.07 1.07],[1.4  1.43 1.31 1.41 1.23 1.35]
25,1,[3.36853716e-04 6.12708283e-06 1.23416826e-01 1.43169089e-05],[1.16 1.   1.16 1.   1.24 1.  ],[1.36 1.16 1.28 1.29 1.38 1.26]
25,2,[1.37443230e-07 1.89916552e-04 6.99868117e-03 3.53151961e-05],[1.18 1.09 1.21 1.09 1.18 1.09],[1.51 1.4  1.45 1.19 1.28 1.25]
25,3,[4.15181879e-06 4.89233772e-02 3.82763153e-07 5.67315068e-04],[1.01 1.28 1.14 1.01 1.01 1.14],[1.3  1.47 1.33 1.37 1.14 1.37]
25,4,[5.10297844e-06 2.59637055e-04 3.76378292e-03 1.74484136e-08],[1.17 1.11 1.27 1.11 1.17 1.11],[1.4  1.31 1.54 1.19 1.46 1.46]
25,5,[1.88800790e-04 2.34480849e-07 3.38296141e-04 1.43567568e-02],[1.16 1.16 1.06 1.16 1.06 1.06],[1.47 1.22 1.18 1.39 1.39 1.17]
25,6,[1.51041135e-09 7.98737552e-02 9.17753424e-06 2.07669730e-03],[1.   1.25 1.1  1.   1.   1.1 ],[1.52 1.56 1.52 1.27 1.1  1.27]
25,7,[1.17085472e-03 5.01380557e-05 3.01422595e-05 7.01762553e-06],[1.15 1.15 1.15 1.22 1.22 1.22],[1.3  1.27 1.31 1.35 1.37 1.39]
25,8,[0.00271921 0.00116368 0.00050913 0.00312872],[1.12 1.12 1.12 1.12 1.12 1.12],[1.15 1.17 1.13 1.18 1.15 1.17]
25,9,[3.00405334e-06 7.39121791e-05 1.48672377e-04 8.65236496e-04],[1.19 1.19 1.17 1.19 1.17 1.17],[1.43 1.36 1.34 1.29 1.25 1.25]
14,0,[1.23433372e-05 4.58810311e-04 7.20225249e-04 6.90334556e-05],[1.17 1.17 1.19 1.17 1.17 1.17],[1.34 1.3  1.35 1.21 1.28 1.26]
14,1,[2.29127370e-03 8.77180442e-05 9.73045644e-10 5.60843657e-04],[1.13 1.13 1.13 1.18 1.15 1.15],[1.26 1.57 1.18 1.59 1.26 1.57]
14,2,[4.80642155e-02 2.82925495e-04 1.54222287e-02 4.93959320e-01],[1.   1.   1.   1.01 1.   1.  ],[1.14 1.01 1.   1.14 1.14 1.01]
14,3,[2.14039513e-05 1.68401400e-02 1.75492973e-05 4.38643106e-05],[1.05 1.22 1.22 1.05 1.05 1.22],[1.26 1.36 1.32 1.26 1.23 1.34]
14,4,[4.19684143e-08 1.09332326e-04 1.52199464e-04 9.43730389e-04],[1.18 1.18 1.16 1.18 1.16 1.16],[1.51 1.45 1.45 1.28 1.24 1.23]
14,5,[9.05791257e-07 6.35159419e-06 3.18449491e-05 1.71945091e-07],[1.29 1.28 1.33 1.28 1.29 1.28],[1.56 1.45 1.6  1.38 1.5  1.51]
14,6,[0.00037816 0.00232742 0.00136216 0.00240902],[1.13 1.13 1.13 1.13 1.13 1.13],[1.19 1.19 1.19 1.15 1.14 1.15]
14,7,[5.73300705e-05 4.14857210e-06 1.44900038e-03 3.33197999e-03],[1.2  1.12 1.12 1.12 1.12 1.12],[1.4  1.24 1.24 1.3  1.3  1.14]
14,8,[1.35754658e-03 2.94257560e-05 8.15854910e-05 5.53946154e-05],[1.15 1.15 1.15 1.2  1.2  1.2 ],[1.29 1.25 1.25 1.34 1.32 1.33]
14,9,[5.24598577e-06 2.06715189e-07 1.51462996e-03 9.25183158e-04],[1.27 1.15 1.15 1.15 1.15 1.15],[1.52 1.33 1.33 1.39 1.39 1.18]
8,0,[1.51659990e-07 5.00330922e-03 3.01483252e-04 7.94775339e-04],[1.1  1.15 1.13 1.1  1.1  1.13],[1.43 1.43 1.43 1.18 1.15 1.2 ]
8,1,[8.21444275e-04 2.58214234e-08 5.44261893e-03 2.18126677e-03],[1.11 1.1  1.1  1.1  1.1  1.1 ],[1.45 1.15 1.15 1.44 1.44 1.12]
8,2,[1.39506034e-04 9.20492041e-04 2.10177707e-04 9.95598670e-09],[1.16 1.17 1.17 1.16 1.16 1.17],[1.26 1.28 1.54 1.22 1.49 1.5 ]
8,3,[1.19890337e-03 1.21010727e-04 3.36994444e-05 4.62158184e-06],[1.15 1.15 1.15 1.19 1.19 1.22],[1.25 1.27 1.33 1.32 1.37 1.39]
8,4,[4.47030360e-03 1.50826929e-09 1.22593607e-06 8.88875051e-06],[1.11 1.11 1.11 1.31 1.28 1.28],[1.57 1.34 1.29 1.61 1.62 1.42]
8,5,[4.58434851e-06 3.36958459e-05 3.97913389e-07 7.41417359e-06],[1.28 1.28 1.28 1.28 1.28 1.28],[1.46 1.53 1.42 1.46 1.42 1.55]
8,6,[7.72492890e-05 1.03196672e-05 2.77965444e-04 5.54400853e-05],[1.2 1.2 1.2 1.2 1.2 1.2],[1.4  1.3  1.34 1.34 1.36 1.3 ]
8,7,[0.00010678 0.00065859 0.00060169 0.01923911],[1.12 1.12 1.05 1.12 1.05 1.05],[1.25 1.22 1.2  1.18 1.14 1.14]
8,8,[6.60893712e-04 1.27070356e-03 1.61229793e-05 2.45632173e-07],[1.15 1.15 1.15 1.15 1.15 1.24],[1.21 1.31 1.42 1.29 1.44 1.48]
8,9,[2.41261234e-02 4.35516430e-06 1.88178504e-05 3.19703361e-03],[1.04 1.04 1.04 1.23 1.08 1.08],[1.3  1.25 1.08 1.37 1.3  1.25]
32,0,[3.36244148e-06 7.09971694e-05 6.74635290e-04 2.06556899e-05],[1.21 1.18 1.23 1.18 1.21 1.18],[1.44 1.36 1.43 1.26 1.33 1.32]
32,1,[3.44169990e-06 4.92261710e-06 3.11983358e-04 3.56560116e-05],[1.27 1.2  1.23 1.2  1.23 1.2 ],[1.48 1.38 1.37 1.36 1.37 1.3 ]
32,2,[0.00321545 0.00012861 0.00323217 0.00172181],[1.12 1.12 1.12 1.12 1.12 1.12],[1.19 1.12 1.13 1.19 1.19 1.13]
32,3,[3.84012437e-01 8.76760397e-07 3.38997843e-03 1.25292322e-02],[1.   1.   1.   1.06 1.03 1.03],[1.32 1.07 1.03 1.32 1.32 1.07]
32,4,[1.29704303e-02 7.76016925e-05 6.24107048e-04 3.10485588e-04],[1.06 1.06 1.06 1.14 1.15 1.14],[1.22 1.14 1.17 1.24 1.26 1.21]
32,5,[0.00026223 0.00411527 0.00169943 0.0004291 ],[1.11 1.11 1.13 1.11 1.11 1.11],[1.2  1.21 1.23 1.14 1.17 1.17]
32,6,[1.57989408e-04 9.61173225e-06 1.90832843e-06 9.14475130e-04],[1.19 1.19 1.16 1.25 1.16 1.16],[1.38 1.38 1.23 1.45 1.32 1.36]
32,7,[1.14733244e-01 8.91648888e-09 2.44674366e-05 8.15602319e-07],[1.   1.   1.   1.25 1.33 1.25],[1.48 1.25 1.35 1.51 1.61 1.43]
32,8,[4.96201013e-06 1.11888958e-01 1.29269254e-03 3.67144149e-03],[1.   1.1  1.08 1.   1.   1.08],[1.28 1.28 1.28 1.12 1.08 1.12]
32,9,[1.47827511e-05 5.35214383e-07 6.61849727e-06 3.36482490e-04],[1.26 1.26 1.2  1.26 1.2  1.2 ],[1.54 1.4  1.33 1.51 1.41 1.35]
47,0,[1.47559958e-02 4.57253340e-04 3.76680297e-07 3.88059773e-04],[1.06 1.06 1.06 1.14 1.14 1.14],[1.16 1.37 1.16 1.39 1.2  1.4 ]
47,1,[9.57027059e-06 2.73535577e-03 6.69981337e-09 5.85180485e-05],[1.12 1.25 1.22 1.12 1.12 1.22],[1.33 1.55 1.36 1.49 1.24 1.54]
47,2,[9.54575574e-05 5.15925510e-05 2.82265456e-04 8.63027630e-01],[1.19 1.17 1.   1.17 1.   1.  ],[1.32 1.25 1.21 1.26 1.22 1.17]
47,3,[1.51315989e-05 1.33203416e-06 3.44350734e-05 2.23521381e-02],[1.24 1.23 1.04 1.23 1.04 1.04],[1.49 1.34 1.26 1.4  1.33 1.23]
47,4,[5.50586835e-03 2.95009897e-07 2.68364570e-05 2.30635159e-07],[1.1  1.1  1.1  1.24 1.35 1.24],[1.4  1.25 1.39 1.45 1.56 1.46]
47,5,[2.59638232e-04 2.41787728e-06 3.36764068e-02 9.30349433e-07],[1.17 1.02 1.17 1.02 1.3  1.02],[1.38 1.17 1.37 1.32 1.48 1.35]
47,6,[2.64537741e-02 9.60636453e-04 1.30835320e-09 3.37956006e-06],[1.03 1.03 1.03 1.13 1.13 1.29],[1.13 1.51 1.31 1.51 1.31 1.61]
47,7,[6.59439323e-05 1.58317484e-03 9.45211525e-03 3.68236760e-03],[1.09 1.08 1.08 1.08 1.08 1.08],[1.24 1.21 1.21 1.12 1.12 1.09]
47,8,[3.33723849e-06 1.83335466e-04 3.65984146e-05 3.84105164e-05],[1.22 1.22 1.22 1.22 1.22 1.22],[1.4  1.42 1.4  1.31 1.32 1.34]
47,9,[2.36714297e-03 1.83677051e-05 5.91398399e-05 3.73007910e-06],[1.13 1.13 1.13 1.22 1.23 1.22],[1.32 1.25 1.32 1.36 1.41 1.37]
29,0,[3.15284699e-05 1.14175075e-05 9.75599279e-04 2.71294366e-03],[1.21 1.12 1.12 1.12 1.12 1.12],[1.41 1.26 1.26 1.3  1.29 1.16]
29,1,[6.42256517e-06 1.87085683e-07 3.03454621e-03 1.87847729e-06],[1.29 1.12 1.29 1.12 1.3  1.12],[1.55 1.31 1.45 1.4  1.5  1.35]
29,2,[8.48413514e-07 8.50626068e-06 1.54901984e-02 9.55870886e-03],[1.26 1.05 1.05 1.05 1.05 1.05],[1.5  1.33 1.33 1.26 1.26 1.05]
29,3,[2.42802483e-08 1.78026279e-05 7.63843912e-06 9.80790635e-06],[1.29 1.29 1.29 1.29 1.29 1.29],[1.6  1.56 1.55 1.38 1.41 1.43]
29,4,[5.58699813e-06 4.23982744e-06 1.76924130e-07 2.06197199e-04],[1.28 1.28 1.21 1.28 1.21 1.21],[1.49 1.51 1.34 1.51 1.37 1.44]
29,5,[1.12506095e-04 2.94047748e-05 1.63259044e-05 6.22744283e-05],[1.24 1.24 1.24 1.24 1.24 1.24],[1.39 1.33 1.3  1.37 1.33 1.35]
29,6,[2.14839490e-06 5.80372890e-05 3.85489816e-03 9.82825887e-05],[1.2  1.11 1.2  1.11 1.2  1.11],[1.43 1.33 1.37 1.23 1.29 1.22]
29,7,[2.62774026e-03 5.70575615e-06 7.12550574e-09 1.04448895e-03],[1.13 1.13 1.13 1.27 1.13 1.13],[1.33 1.49 1.15 1.55 1.32 1.49]
29,8,[2.35541257e-05 1.58485953e-03 1.77634192e-04 3.16229114e-04],[1.15 1.16 1.16 1.15 1.15 1.16],[1.31 1.32 1.31 1.22 1.2  1.25]
29,9,[1.43351694e-05 2.84942671e-02 1.33849910e-02 2.16979955e-03],[1.03 1.03 1.08 1.03 1.03 1.03],[1.24 1.24 1.24 1.03 1.08 1.08]
30,0,[7.90379173e-08 1.15158210e-03 2.43370048e-04 8.39430623e-04],[1.15 1.15 1.15 1.15 1.15 1.15],[1.46 1.44 1.44 1.22 1.18 1.23]
30,1,[8.74142430e-06 8.11363425e-08 6.81792749e-08 3.38873314e-04],[1.28 1.28 1.2  1.38 1.2  1.2 ],[1.63 1.54 1.33 1.66 1.46 1.47]
30,2,[1.00371343e-04 7.00506555e-06 4.02267348e-05 1.49116197e-02],[1.21 1.21 1.06 1.21 1.06 1.06],[1.38 1.31 1.21 1.36 1.29 1.23]
30,3,[0.00038619 0.00102371 0.00030807 0.00052551],[1.16 1.16 1.16 1.16 1.16 1.16],[1.24 1.22 1.23 1.21 1.2  1.23]
30,4,[0.00160282 0.00086061 0.00189628 0.00536775],[1.1 1.1 1.1 1.1 1.1 1.1],[1.16 1.14 1.13 1.14 1.14 1.12]
30,5,[2.63817032e-05 1.86394198e-02 5.53051771e-06 1.41330843e-05],[1.05 1.24 1.24 1.05 1.05 1.24],[1.25 1.37 1.36 1.29 1.26 1.4 ]
30,6,[8.30500579e-06 4.70156660e-08 3.51719291e-04 1.16410473e-03],[1.26 1.16 1.15 1.16 1.15 1.15],[1.55 1.33 1.31 1.47 1.46 1.22]
30,7,[2.85727054e-07 9.12021831e-02 6.13677217e-04 3.61729973e-04],[1.   1.14 1.14 1.   1.   1.14],[1.38 1.38 1.38 1.14 1.16 1.2 ]
30,8,[9.05838327e-02 2.95962526e-05 9.14871314e-08 3.72067292e-05],[1.   1.   1.   1.22 1.22 1.22],[1.24 1.41 1.23 1.46 1.32 1.47]
30,9,[5.94068664e-03 2.09037065e-04 1.01280996e-06 1.45426303e-04],[1.09 1.09 1.09 1.17 1.17 1.17],[1.2  1.35 1.2  1.36 1.26 1.37]
23,0,[1.07359164e-07 3.75203704e-03 2.94375401e-04 8.04050527e-06],[1.11 1.17 1.26 1.11 1.11 1.17],[1.44 1.44 1.49 1.19 1.29 1.32]
23,1,[1.88205040e-04 2.56470875e-05 7.46682338e-04 6.03212417e-04],[1.17 1.17 1.17 1.17 1.17 1.17],[1.33 1.24 1.25 1.28 1.29 1.2 ]
23,2,[1.34608630e-05 2.21334092e-06 9.37286353e-05 3.46887556e-04],[1.24 1.2  1.2  1.2  1.2  1.2 ],[1.51 1.35 1.32 1.41 1.37 1.27]
23,3,[2.47827727e-02 1.22016889e-03 5.24327676e-06 3.77629751e-03],[1.04 1.04 1.04 1.1  1.08 1.08],[1.12 1.29 1.08 1.29 1.12 1.29]
23,4,[0.00034777 0.00248755 0.00103206 0.00099222],[1.13 1.13 1.13 1.13 1.13 1.13],[1.21 1.21 1.2  1.16 1.16 1.17]
23,5,[1.93553575e-05 2.21137212e-04 1.72924999e-02 4.96754318e-04],[1.16 1.05 1.15 1.05 1.15 1.05],[1.31 1.26 1.28 1.17 1.21 1.15]
23,6,[1.52616942e-06 1.99495593e-06 1.05023256e-04 1.68891010e-04],[1.29 1.22 1.22 1.22 1.22 1.22],[1.58 1.41 1.39 1.4  1.37 1.29]
23,7,[1.91472986e-04 5.57748102e-05 3.93072675e-06 2.64195759e-03],[1.18 1.18 1.12 1.2  1.12 1.12],[1.33 1.34 1.2  1.38 1.25 1.32]
23,8,[5.80806102e-03 1.43200426e-07 7.35022716e-05 2.02891651e-04],[1.1  1.1  1.1  1.19 1.18 1.18],[1.43 1.23 1.19 1.46 1.44 1.28]
23,9,[4.85138555e-03 8.95720730e-05 2.88665303e-07 4.43175364e-06],[1.1  1.1  1.1  1.2  1.2  1.28],[1.24 1.4  1.31 1.43 1.37 1.5 ]
7,0,[2.12017611e-06 6.20054366e-05 9.65363566e-05 5.42586414e-04],[1.2  1.2  1.18 1.2  1.18 1.18],[1.45 1.39 1.37 1.29 1.26 1.26]
7,1,[2.58926956e-05 5.08999765e-06 2.80534619e-06 8.22315591e-07],[1.28 1.28 1.28 1.29 1.29 1.29],[1.45 1.41 1.45 1.45 1.47 1.51]
7,2,[1.81797273e-05 4.76449495e-04 1.85632151e-03 2.85365816e-04],[1.15 1.14 1.15 1.14 1.15 1.14],[1.31 1.28 1.3  1.19 1.22 1.2 ]
7,3,[1.02695368e-06 3.73087252e-03 1.30103039e-10 1.86650029e-10],[1.11 1.34 1.34 1.11 1.11 1.55],[1.37 1.71 1.68 1.62 1.6  1.87]
7,4,[1.45172553e-03 2.59165211e-06 6.43723497e-09 2.40045924e-07],[1.15 1.15 1.15 1.31 1.31 1.36],[1.39 1.5  1.4  1.65 1.54 1.66]
7,5,[1.43966883e-05 5.80056861e-03 1.33371011e-04 6.76338802e-04],[1.1  1.17 1.14 1.1  1.1  1.14],[1.3  1.34 1.3  1.19 1.16 1.22]
7,6,[1.99356271e-03 2.19096444e-03 2.94815698e-05 6.05659272e-08],[1.13 1.13 1.13 1.13 1.13 1.22],[1.15 1.25 1.42 1.25 1.42 1.48]
7,7,[1.09774955e-03 5.43987703e-02 6.55194149e-05 6.15623160e-04],[1.   1.12 1.12 1.   1.   1.12],[1.12 1.22 1.16 1.22 1.14 1.24]
7,8,[6.02205966e-05 6.73984251e-06 8.37168538e-07 6.74219962e-04],[1.22 1.22 1.17 1.26 1.17 1.17],[1.42 1.43 1.28 1.49 1.34 1.39]
7,9,[6.36565525e-06 1.37005308e-04 6.75315284e-05 2.20737130e-07],[1.23 1.23 1.26 1.23 1.23 1.23],[1.4  1.39 1.5  1.31 1.46 1.47]
13,0,[4.02564604e-08 7.27683903e-03 2.81440931e-06 2.33139221e-03],[1.09 1.29 1.1  1.09 1.09 1.1 ],[1.43 1.53 1.43 1.31 1.11 1.31]
13,1,[2.89665702e-05 6.38687245e-05 2.19352777e-07 9.95484621e-07],[1.26 1.26 1.26 1.26 1.26 1.33],[1.37 1.5  1.46 1.46 1.43 1.54]
13,2,[9.01164711e-07 1.96136711e-04 5.86506389e-04 8.16556860e-04],[1.17 1.17 1.17 1.17 1.17 1.17],[1.43 1.38 1.39 1.24 1.23 1.2 ]
13,3,[2.18032770e-04 1.80457276e-05 2.00383487e-04 5.40353477e-03],[1.16 1.16 1.1  1.16 1.1  1.1 ],[1.34 1.25 1.19 1.28 1.26 1.2 ]
13,4,[6.50145262e-06 7.67399482e-05 2.02028229e-05 8.81534971e-06],[1.25 1.25 1.25 1.25 1.25 1.25],[1.43 1.4  1.4  1.35 1.36 1.42]
13,5,[4.94796536e-04 1.17070129e-08 5.92048590e-06 6.25710293e-06],[1.19 1.19 1.19 1.27 1.27 1.27],[1.58 1.34 1.35 1.55 1.61 1.45]
13,6,[5.97650247e-06 2.35004272e-05 9.32735733e-05 1.31764263e-04],[1.23 1.23 1.23 1.23 1.23 1.23],[1.44 1.37 1.36 1.34 1.34 1.3 ]
13,7,[6.22887968e-05 1.77664928e-03 8.31059372e-05 1.21868965e-02],[1.1  1.18 1.07 1.1  1.07 1.07],[1.24 1.27 1.22 1.21 1.11 1.21]
13,8,[5.49128645e-05 4.39999601e-04 3.73253161e-04 5.77608898e-08],[1.19 1.19 1.2  1.19 1.19 1.19],[1.33 1.27 1.51 1.24 1.47 1.47]
13,9,[2.82532731e-03 3.36076126e-04 2.35299202e-09 3.11384214e-06],[1.12 1.12 1.12 1.16 1.16 1.29],[1.22 1.53 1.32 1.55 1.36 1.61]
35,0,[0.00154515 0.00010095 0.000276   0.00015308],[1.15 1.15 1.15 1.17 1.17 1.17],[1.27 1.2  1.21 1.27 1.29 1.25]
35,1,[9.86441193e-08 3.38328790e-03 1.37428438e-05 4.82299732e-02],[1.08 1.24 1.01 1.08 1.01 1.01],[1.4  1.5  1.4  1.25 1.08 1.25]
35,2,[3.52371936e-03 4.56450433e-11 3.17261525e-04 1.01980893e-05],[1.12 1.12 1.12 1.16 1.25 1.16],[1.66 1.19 1.29 1.66 1.75 1.31]
35,3,[7.67470893e-03 1.10089268e-03 2.28505202e-03 7.80306308e-09],[1.08 1.08 1.08 1.1  1.1  1.1 ],[1.14 1.11 1.48 1.14 1.48 1.48]
35,4,[8.93149103e-07 1.24207227e-03 6.68964014e-07 6.28421986e-08],[1.15 1.33 1.33 1.15 1.15 1.33],[1.41 1.52 1.61 1.38 1.45 1.58]
35,5,[2.00709921e-07 5.08408839e-05 5.25390401e-03 3.78386530e-04],[1.2  1.1  1.16 1.1  1.16 1.1 ],[1.51 1.4  1.41 1.23 1.27 1.18]
35,6,[4.02585427e-04 2.92466700e-04 1.66660020e-06 1.63060787e-03],[1.15 1.15 1.14 1.15 1.14 1.14],[1.26 1.37 1.19 1.39 1.2  1.36]
35,7,[1.98024508e-09 9.60953802e-03 5.43489076e-05 6.18205451e-04],[1.08 1.2  1.14 1.08 1.08 1.14],[1.54 1.58 1.54 1.23 1.15 1.25]
35,8,[4.75857564e-07 7.47719626e-07 9.56889428e-05 2.19433428e-04],[1.33 1.21 1.21 1.21 1.21 1.21],[1.6  1.41 1.41 1.42 1.41 1.29]
35,9,[3.43833634e-03 1.09512828e-02 9.64746761e-07 5.14919815e-06],[1.07 1.08 1.08 1.07 1.07 1.27],[1.09 1.33 1.28 1.33 1.28 1.46]
51,0,[3.82285763e-05 2.17263240e-05 1.12665853e-07 3.47507526e-06],[1.27 1.27 1.27 1.27 1.27 1.28],[1.42 1.49 1.39 1.51 1.44 1.55]
51,1,[1.90957909e-03 3.70185599e-06 4.65157337e-04 3.43967272e-04],[1.14 1.14 1.14 1.14 1.14 1.14],[1.36 1.18 1.21 1.35 1.35 1.22]
51,2,[2.27167392e-05 1.10669760e-05 7.00693590e-08 5.31773648e-03],[1.25 1.25 1.1  1.25 1.1  1.1 ],[1.41 1.49 1.26 1.48 1.27 1.43]
51,3,[1.20939383e-06 4.72756730e-03 1.78195092e-02 6.44742956e-07],[1.07 1.05 1.31 1.05 1.07 1.05],[1.33 1.33 1.48 1.07 1.33 1.33]
51,4,[3.67105819e-06 5.27995620e-05 1.74814545e-05 5.89038261e-07],[1.26 1.26 1.28 1.26 1.26 1.26],[1.47 1.4  1.47 1.36 1.47 1.48]
51,5,[2.11385613e-05 3.00717588e-05 4.99365528e-02 7.06054186e-05],[1.22 1.01 1.21 1.01 1.21 1.01],[1.36 1.25 1.32 1.24 1.31 1.21]
51,6,[0.0013845  0.01367708 0.0008211  0.01948764],[1.03 1.1  1.03 1.03 1.03 1.03],[1.1  1.13 1.1  1.12 1.03 1.12]
51,7,[2.52166815e-04 2.86171381e-07 4.01462075e-03 4.30682324e-07],[1.17 1.11 1.17 1.11 1.34 1.11],[1.47 1.19 1.39 1.4  1.56 1.38]
51,8,[2.38134189e-04 3.19325640e-06 1.00648506e-03 5.37101337e-05],[1.18 1.16 1.18 1.16 1.2  1.16],[1.39 1.22 1.29 1.34 1.39 1.27]
51,9,[1.93013196e-03 1.14478059e-02 2.89205478e-03 4.34399296e-07],[1.07 1.08 1.08 1.07 1.07 1.08],[1.12 1.12 1.35 1.09 1.35 1.35]
52,0,[2.52259761e-03 4.91705082e-07 4.12898610e-05 9.02429304e-03],[1.09 1.09 1.08 1.21 1.08 1.08],[1.38 1.23 1.1  1.42 1.37 1.23]
52,1,[7.45832366e-03 4.91783135e-04 6.13326996e-05 1.22017097e-06],[1.09 1.09 1.09 1.15 1.15 1.2 ],[1.18 1.22 1.34 1.25 1.35 1.4 ]
52,2,[6.55233609e-04 5.69699326e-04 5.45861255e-06 2.08845578e-04],[1.17 1.17 1.17 1.17 1.17 1.17],[1.25 1.33 1.24 1.33 1.24 1.35]
52,3,[3.47204976e-09 1.61038781e-05 4.70171499e-07 4.49196247e-03],[1.26 1.35 1.1  1.26 1.1  1.1 ],[1.6  1.65 1.52 1.45 1.26 1.38]
52,4,[2.88798007e-04 8.01534552e-05 1.60530573e-05 1.00373090e-03],[1.17 1.17 1.16 1.19 1.16 1.16],[1.3  1.3  1.21 1.34 1.24 1.3 ]
52,5,[1.77014544e-06 6.81863034e-05 2.13415903e-08 3.58324217e-04],[1.22 1.3  1.2  1.22 1.2  1.2 ],[1.48 1.6  1.38 1.51 1.27 1.51]
52,6,[3.69023900e-06 1.24599255e-03 3.71480748e-04 2.08031392e-02],[1.12 1.14 1.04 1.12 1.04 1.04],[1.33 1.33 1.31 1.17 1.12 1.16]
52,7,[1.63731266e-08 1.20293190e-03 2.04486598e-04 9.85519523e-05],[1.15 1.18 1.19 1.15 1.15 1.18],[1.51 1.52 1.52 1.23 1.24 1.27]
52,8,[1.70493273e-03 6.22105845e-06 2.91478268e-06 5.06064343e-06],[1.14 1.14 1.14 1.27 1.27 1.27],[1.34 1.33 1.32 1.44 1.42 1.43]
52,9,[2.27763307e-02 1.67163947e-06 5.79879433e-09 9.45783240e-04],[1.04 1.04 1.04 1.3  1.13 1.13],[1.34 1.5  1.13 1.56 1.34 1.5 ]
28,0,[3.29084371e-03 2.32317452e-02 2.39375760e-05 2.82953825e-07],[1.04 1.08 1.08 1.04 1.04 1.23],[1.09 1.24 1.36 1.24 1.36 1.44]
28,1,[1.68073787e-02 4.18413812e-05 3.58418168e-04 3.99992446e-04],[1.05 1.05 1.05 1.14 1.14 1.14],[1.24 1.16 1.16 1.25 1.26 1.22]
28,2,[2.20061333e-04 4.85268793e-03 2.76042212e-05 8.35300250e-05],[1.1  1.18 1.18 1.1  1.1  1.19],[1.2  1.29 1.25 1.25 1.23 1.31]
28,3,[0.00060287 0.00350442 0.00307808 0.00265008],[1.12 1.12 1.12 1.12 1.12 1.12],[1.16 1.16 1.16 1.12 1.12 1.12]
28,4,[1.54670142e-07 1.54587013e-05 3.09777154e-05 2.61075828e-03],[1.24 1.24 1.13 1.24 1.13 1.13],[1.55 1.46 1.41 1.35 1.28 1.27]
28,5,[8.72864839e-05 8.41624007e-07 4.25130472e-06 3.52235282e-03],[1.21 1.21 1.11 1.28 1.11 1.11],[1.44 1.37 1.23 1.47 1.36 1.31]
28,6,[4.47544562e-04 1.03989529e-02 4.54010658e-04 2.77876755e-08],[1.07 1.13 1.13 1.07 1.07 1.13],[1.17 1.2  1.45 1.16 1.45 1.46]
28,7,[1.30591436e-04 1.31384701e-03 2.03257011e-04 4.59239038e-08],[1.15 1.17 1.17 1.15 1.15 1.17],[1.26 1.27 1.5  1.22 1.45 1.48]
28,8,[2.14262247e-05 8.28678391e-07 5.06849057e-04 1.77045307e-08],[1.25 1.19 1.25 1.19 1.32 1.19],[1.53 1.3  1.52 1.4  1.6  1.49]
28,9,[1.17339944e-03 9.90472322e-06 8.22831244e-06 1.78163986e-04],[1.16 1.16 1.16 1.25 1.18 1.18],[1.34 1.31 1.22 1.41 1.36 1.34]
38,0,[0.02079384 0.00566585 0.00792164 0.01135098],[1.04 1.04 1.04 1.04 1.04 1.04],[1.04 1.04 1.04 1.04 1.04 1.04]
38,1,[1.55997692e-02 1.77526345e-03 6.55958944e-05 1.77859305e-09],[1.06 1.06 1.06 1.11 1.11 1.2 ],[1.11 1.22 1.51 1.22 1.51 1.52]
38,2,[1.94692914e-04 2.20801912e-08 6.72752843e-04 2.58267015e-04],[1.18 1.18 1.18 1.18 1.18 1.18],[1.56 1.23 1.27 1.49 1.49 1.23]
38,3,[7.81370905e-04 1.79960953e-08 7.66153454e-07 4.69054079e-01],[1.13 1.13 1.   1.33 1.   1.  ],[1.5  1.36 1.13 1.59 1.46 1.35]
38,4,[2.30102581e-08 6.11880895e-05 3.26633318e-05 3.89263610e-04],[1.21 1.22 1.2  1.21 1.2  1.2 ],[1.57 1.53 1.49 1.34 1.28 1.3 ]
38,5,[1.31971560e-06 2.42731309e-05 9.91697330e-04 2.11511775e-05],[1.23 1.16 1.23 1.16 1.23 1.16],[1.48 1.36 1.41 1.29 1.35 1.28]
38,6,[2.07840986e-05 3.49816062e-03 2.11379904e-04 1.06468016e-03],[1.12 1.16 1.12 1.12 1.12 1.12],[1.28 1.32 1.29 1.19 1.15 1.21]
38,7,[1.15983113e-04 2.88411299e-08 8.65199491e-04 2.79573054e-05],[1.19 1.17 1.19 1.17 1.22 1.17],[1.56 1.24 1.32 1.48 1.51 1.29]
38,8,[7.07516076e-03 7.46123241e-03 2.52939232e-05 5.11493099e-08],[1.08 1.08 1.08 1.08 1.08 1.23],[1.08 1.24 1.41 1.24 1.41 1.48]
38,9,[0.0005388  0.00073041 0.00035274 0.00128319],[1.15 1.15 1.15 1.15 1.15 1.15],[1.23 1.22 1.2  1.23 1.19 1.22]
17,0,[2.24928611e-01 5.46648166e-05 2.71188002e-07 5.83156610e-05],[1.  1.  1.  1.2 1.2 1.2],[1.22 1.38 1.22 1.44 1.29 1.44]
17,1,[7.76119456e-05 3.80453199e-07 1.63608106e-03 2.04460507e-05],[1.21 1.14 1.21 1.14 1.23 1.14],[1.5  1.25 1.33 1.39 1.46 1.29]
17,2,[2.95033370e-05 1.09895902e-06 2.46488086e-03 5.66101127e-07],[1.24 1.13 1.24 1.13 1.31 1.13],[1.46 1.26 1.41 1.35 1.52 1.38]
17,3,[4.60414059e-05 5.61128876e-05 2.90627820e-06 1.81600496e-06],[1.26 1.26 1.26 1.26 1.26 1.29],[1.38 1.41 1.4  1.4  1.42 1.47]
17,4,[1.29564523e-05 2.42781764e-07 4.28038439e-05 1.12805581e-07],[1.27 1.27 1.27 1.27 1.36 1.27],[1.58 1.36 1.52 1.47 1.59 1.47]
17,5,[9.62596582e-04 6.00941186e-04 7.24578051e-04 8.24226713e-05],[1.16 1.16 1.16 1.16 1.16 1.16],[1.21 1.19 1.25 1.21 1.27 1.26]
17,6,[4.15197391e-03 2.91972380e-09 3.29174634e-03 1.09854826e-03],[1.11 1.11 1.11 1.11 1.11 1.11],[1.5  1.12 1.14 1.5  1.5  1.14]
17,7,[6.57525327e-07 5.74928156e-06 6.52151455e-04 8.44929752e-06],[1.27 1.18 1.27 1.18 1.27 1.18],[1.52 1.39 1.47 1.33 1.4  1.32]
17,8,[2.07751828e-04 1.02780828e-04 1.31442284e-05 9.07592898e-05],[1.22 1.22 1.22 1.22 1.22 1.22],[1.31 1.34 1.3  1.35 1.31 1.36]
17,9,[6.74103792e-04 1.03640905e-04 5.26507624e-06 1.67087589e-04],[1.17 1.17 1.17 1.18 1.18 1.18],[1.27 1.33 1.24 1.37 1.28 1.37]
37,0,[9.02439678e-03 6.51037069e-09 1.04051726e-05 1.83016668e-08],[1.08 1.08 1.08 1.28 1.43 1.28],[1.52 1.28 1.46 1.57 1.72 1.55]
37,1,[3.43884000e-06 1.98350156e-07 1.51141592e-02 8.19297829e-04],[1.29 1.06 1.13 1.06 1.13 1.06],[1.54 1.31 1.31 1.38 1.38 1.13]
37,2,[1.16805854e-02 2.55629090e-05 8.58356138e-04 1.09031207e-01],[1.04 1.04 1.   1.11 1.   1.  ],[1.23 1.11 1.04 1.25 1.23 1.11]
37,3,[7.83931114e-06 4.36628713e-05 2.12777130e-05 1.68426098e-04],[1.23 1.23 1.22 1.23 1.22 1.22],[1.45 1.39 1.33 1.37 1.32 1.33]
37,4,[2.59536280e-05 1.93765663e-06 1.31862349e-05 2.95531826e-04],[1.25 1.25 1.2  1.25 1.2  1.2 ],[1.45 1.39 1.29 1.44 1.39 1.33]
37,5,[9.84052531e-06 2.10363293e-06 2.93772955e-03 4.07128279e-04],[1.25 1.12 1.16 1.12 1.16 1.12],[1.46 1.3  1.32 1.33 1.33 1.18]
37,6,[6.09839264e-08 3.53675109e-03 4.72720929e-09 8.65937181e-04],[1.11 1.4  1.13 1.11 1.11 1.13],[1.46 1.68 1.45 1.51 1.15 1.51]
37,7,[1.17948809e-03 1.95857026e-03 4.75643962e-06 1.93063512e-05],[1.14 1.14 1.14 1.14 1.14 1.23],[1.18 1.32 1.29 1.32 1.28 1.4 ]
37,8,[6.57424735e-07 6.83714887e-05 2.49282230e-03 3.10036822e-05],[1.21 1.13 1.21 1.13 1.21 1.13],[1.44 1.37 1.43 1.24 1.31 1.26]
37,9,[4.56411970e-05 1.42429052e-04 1.38404825e-03 4.07841768e-05],[1.19 1.15 1.2  1.15 1.19 1.15],[1.33 1.26 1.33 1.23 1.3  1.26]
34,0,[2.44053792e-06 1.00034012e-03 7.21181892e-09 1.07768315e-06],[1.16 1.32 1.32 1.16 1.16 1.32],[1.37 1.65 1.48 1.52 1.37 1.62]
34,1,[2.25484435e-04 2.08638380e-01 2.19797201e-06 4.06813270e-07],[1.   1.18 1.18 1.   1.   1.3 ],[1.18 1.36 1.38 1.32 1.37 1.5 ]
34,2,[2.07936662e-02 2.87665554e-02 4.90632655e-03 3.61189114e-05],[1.01 1.01 1.01 1.01 1.01 1.05],[1.01 1.05 1.2  1.05 1.2  1.2 ]
34,3,[2.79772397e-05 1.91609054e-03 3.26307875e-05 1.13336717e-05],[1.14 1.22 1.22 1.14 1.14 1.22],[1.29 1.35 1.38 1.26 1.3  1.38]
34,4,[5.36448133e-04 1.79900701e-02 8.43137520e-03 5.12572385e-09],[1.05 1.05 1.13 1.05 1.05 1.05],[1.13 1.13 1.47 1.05 1.47 1.47]
34,5,[2.04917108e-06 2.78531840e-05 2.48322058e-05 3.91370947e-06],[1.28 1.28 1.28 1.28 1.28 1.28],[1.47 1.42 1.48 1.37 1.4  1.44]
34,6,[3.24506564e-03 5.52611936e-04 3.91653044e-05 3.57523148e-03],[1.11 1.11 1.11 1.13 1.11 1.11],[1.17 1.25 1.12 1.26 1.16 1.25]
34,7,[6.54888210e-09 2.00203582e-04 3.75820554e-07 2.18998839e-03],[1.18 1.35 1.13 1.18 1.13 1.13],[1.58 1.63 1.5  1.4  1.2  1.4 ]
34,8,[2.18472695e-03 2.31553723e-05 2.00800080e-06 1.55747881e-03],[1.13 1.13 1.13 1.23 1.13 1.13],[1.28 1.33 1.15 1.4  1.28 1.33]
34,9,[8.41303790e-05 2.96608819e-05 4.38243259e-06 9.59528644e-05],[1.24 1.24 1.24 1.24 1.24 1.24],[1.37 1.38 1.32 1.4  1.32 1.37]
27,0,[3.30278958e-06 2.51717495e-07 1.16796391e-03 1.02175760e-07],[1.3  1.16 1.3  1.16 1.36 1.16],[1.55 1.33 1.5  1.4  1.6  1.44]
27,1,[8.78447098e-03 1.11126256e-07 1.83651609e-04 5.86877949e-03],[1.08 1.08 1.08 1.16 1.08 1.08],[1.4  1.17 1.08 1.42 1.4  1.17]
27,2,[1.67029803e-07 3.64850431e-07 1.06479385e-05 8.29508201e-05],[1.35 1.27 1.25 1.27 1.25 1.25],[1.72 1.49 1.44 1.49 1.45 1.36]
27,3,[4.52648555e-05 7.16243733e-07 2.00975160e-03 3.84325943e-04],[1.21 1.13 1.16 1.13 1.16 1.13],[1.47 1.25 1.27 1.37 1.38 1.19]
27,4,[6.00463051e-06 4.97965561e-04 1.62436282e-04 2.15503786e-04],[1.18 1.18 1.18 1.18 1.18 1.18],[1.38 1.37 1.36 1.26 1.24 1.27]
27,5,[1.00669172e-03 1.06639681e-02 2.43916092e-02 4.18786867e-05],[1.04 1.04 1.11 1.04 1.04 1.04],[1.11 1.11 1.22 1.04 1.21 1.21]
27,6,[3.00498584e-03 8.24242994e-08 3.77333615e-05 5.94909020e-05],[1.12 1.12 1.12 1.22 1.22 1.22],[1.47 1.25 1.23 1.5  1.47 1.31]
27,7,[1.44462368e-06 2.27605685e-03 2.79530441e-04 1.59832525e-06],[1.13 1.17 1.3  1.13 1.13 1.17],[1.37 1.39 1.47 1.2  1.35 1.37]
27,8,[1.14425061e-03 4.35834671e-05 6.16505038e-03 2.92294988e-05],[1.12 1.09 1.12 1.09 1.21 1.09],[1.27 1.13 1.26 1.24 1.31 1.25]
27,9,[4.08229006e-11 4.51043149e-06 5.08356588e-03 4.58642536e-02],[1.28 1.07 1.01 1.07 1.01 1.01],[1.78 1.6  1.6  1.28 1.28 1.07]
50,0,[5.55913188e-06 2.76347156e-05 6.23868358e-04 3.75559730e-02],[1.22 1.14 1.02 1.14 1.02 1.02],[1.39 1.3  1.29 1.26 1.24 1.14]
50,1,[5.11370134e-06 1.88568886e-06 1.84718062e-04 4.71660135e-08],[1.3  1.22 1.3  1.22 1.3  1.22],[1.55 1.37 1.55 1.38 1.61 1.49]
50,2,[2.01126807e-05 3.84700078e-04 1.60154715e-03 5.62174239e-06],[1.16 1.14 1.23 1.14 1.16 1.14],[1.33 1.28 1.38 1.2  1.32 1.3 ]
50,3,[1.07097111e-03 1.67232988e-04 6.61311672e-03 7.15589947e-05],[1.12 1.09 1.12 1.09 1.16 1.09],[1.23 1.14 1.24 1.19 1.26 1.23]
50,4,[3.40147538e-05 3.47918975e-05 4.73010180e-03 4.01843590e-08],[1.22 1.1  1.22 1.1  1.22 1.1 ],[1.35 1.24 1.48 1.25 1.47 1.45]
50,5,[3.35773766e-05 4.12017669e-05 4.23134972e-04 1.36550053e-03],[1.2  1.15 1.15 1.15 1.15 1.15],[1.36 1.28 1.27 1.26 1.25 1.19]
50,6,[8.78173628e-06 2.93720278e-02 2.20027190e-07 6.32761157e-05],[1.03 1.25 1.22 1.03 1.03 1.22],[1.28 1.48 1.36 1.39 1.22 1.44]
50,7,[1.36111451e-04 6.68072676e-02 2.32487311e-05 4.02303707e-05],[1.   1.19 1.19 1.   1.   1.21],[1.19 1.29 1.29 1.25 1.23 1.33]
50,8,[2.27783055e-03 5.64366622e-06 4.55668581e-04 1.34402556e-06],[1.13 1.13 1.13 1.15 1.27 1.15],[1.33 1.19 1.35 1.33 1.44 1.38]
50,9,[1.71991090e-01 6.73480035e-05 5.76181879e-04 7.25365987e-04],[1.   1.   1.   1.13 1.13 1.13],[1.21 1.14 1.14 1.24 1.24 1.18]
41,0,[1.97514275e-01 3.18823103e-06 1.58830577e-06 2.70451575e-04],[1.   1.   1.   1.29 1.17 1.17],[1.31 1.33 1.17 1.44 1.34 1.37]
41,1,[6.61958815e-03 8.09317049e-02 1.95041069e-03 3.06995441e-07],[1.   1.06 1.06 1.   1.   1.08],[1.06 1.09 1.35 1.09 1.35 1.35]
41,2,[2.11067741e-03 1.31863095e-07 1.42839984e-03 1.89194372e-05],[1.13 1.13 1.13 1.13 1.24 1.13],[1.43 1.15 1.27 1.43 1.49 1.27]
41,3,[5.16041141e-05 5.26167538e-03 1.85528217e-05 2.05727318e-04],[1.1  1.2  1.18 1.1  1.1  1.18],[1.24 1.33 1.28 1.26 1.19 1.29]
41,4,[1.64280398e-06 2.66964724e-03 4.53484197e-04 5.99940274e-04],[1.13 1.13 1.13 1.13 1.13 1.13],[1.38 1.36 1.36 1.18 1.17 1.2 ]
41,5,[7.64792476e-06 3.35937010e-02 1.40891279e-03 4.59722009e-05],[1.02 1.12 1.21 1.02 1.02 1.12],[1.28 1.28 1.34 1.12 1.23 1.23]
41,6,[1.84345485e-04 1.02027091e-08 1.79254215e-05 2.22362040e-09],[1.22 1.22 1.22 1.25 1.45 1.25],[1.6  1.31 1.55 1.6  1.78 1.63]
41,7,[1.17955835e-04 7.53220778e-04 4.55643881e-06 7.94616237e-07],[1.17 1.2  1.2  1.17 1.17 1.27],[1.27 1.38 1.41 1.33 1.38 1.46]
41,8,[1.84212933e-05 2.50014078e-03 2.78299453e-03 1.54739657e-03],[1.12 1.12 1.12 1.12 1.12 1.12],[1.27 1.26 1.26 1.14 1.14 1.14]
41,9,[3.17007999e-03 9.79134527e-04 8.63530468e-05 2.11138964e-04],[1.12 1.12 1.12 1.13 1.13 1.16],[1.17 1.22 1.19 1.23 1.2  1.25]
31,0,[4.42732890e-06 4.99448757e-05 7.55897647e-04 1.90748954e-03],[1.2  1.14 1.14 1.14 1.14 1.14],[1.41 1.32 1.31 1.25 1.24 1.17]
31,1,[7.01550662e-09 6.56303923e-03 9.33090031e-07 1.55788678e-05],[1.09 1.32 1.26 1.09 1.09 1.26],[1.53 1.66 1.57 1.35 1.26 1.42]
31,2,[6.63546197e-04 2.87444449e-04 1.43566605e-05 3.70137440e-03],[1.14 1.14 1.11 1.15 1.11 1.11],[1.23 1.3  1.16 1.32 1.19 1.29]
31,3,[9.45732207e-05 7.18970284e-05 2.23405622e-05 1.51074262e-01],[1.19 1.19 1.   1.19 1.   1.  ],[1.31 1.3  1.2  1.34 1.21 1.25]
31,4,[5.49483405e-05 1.22748079e-07 6.17607536e-06 5.28106302e-07],[1.26 1.26 1.26 1.29 1.34 1.29],[1.53 1.37 1.45 1.55 1.62 1.5 ]
31,5,[7.21495370e-03 3.37968542e-10 5.51280156e-03 3.65668892e-04],[1.08 1.08 1.08 1.08 1.14 1.08],[1.55 1.08 1.15 1.55 1.55 1.15]
31,6,[2.85569523e-04 3.69503128e-05 3.05900497e-04 4.43324280e-04],[1.19 1.19 1.19 1.19 1.19 1.19],[1.35 1.23 1.24 1.31 1.29 1.23]
31,7,[2.26079782e-04 1.18248749e-05 1.57087608e-04 6.45648947e-05],[1.21 1.21 1.21 1.21 1.21 1.21],[1.37 1.27 1.29 1.35 1.34 1.3 ]
31,8,[1.10171348e-04 4.15480317e-10 1.15781207e-03 1.54355314e-04],[1.18 1.16 1.18 1.16 1.18 1.16],[1.68 1.24 1.27 1.58 1.59 1.22]
31,9,[4.88445591e-03 7.35583774e-06 7.29056338e-08 3.49849822e-06],[1.1  1.1  1.1  1.28 1.28 1.28],[1.3  1.43 1.32 1.51 1.42 1.51]
49,0,[1.21611367e-04 4.09983668e-05 1.09746237e-03 1.87642279e-03],[1.18 1.14 1.14 1.14 1.14 1.14],[1.32 1.23 1.24 1.25 1.25 1.16]
49,1,[6.88754207e-04 2.17599382e-05 2.69079314e-03 2.82323063e-02],[1.12 1.09 1.03 1.09 1.03 1.03],[1.29 1.15 1.14 1.24 1.24 1.09]
49,2,[2.40231281e-05 3.47363001e-05 3.24494483e-06 1.74694557e-03],[1.22 1.22 1.14 1.22 1.14 1.14],[1.37 1.39 1.27 1.4  1.26 1.33]
49,3,[2.24733997e-03 1.54396667e-06 5.15022581e-04 2.03153474e-02],[1.1  1.1  1.04 1.13 1.04 1.04],[1.36 1.15 1.1  1.35 1.33 1.15]
49,4,[0.00010541 0.00164411 0.00036512 0.00149657],[1.14 1.14 1.14 1.14 1.14 1.14],[1.25 1.24 1.23 1.2  1.16 1.2 ]
49,5,[2.77632123e-05 1.44606131e-04 9.00033417e-08 4.62644367e-10],[1.23 1.24 1.24 1.23 1.23 1.39],[1.36 1.51 1.63 1.46 1.62 1.77]
49,6,[2.60199890e-04 4.52918633e-04 4.72795308e-07 3.56095950e-02],[1.15 1.15 1.02 1.15 1.02 1.02],[1.24 1.38 1.17 1.37 1.15 1.37]
49,7,[3.47881220e-03 1.36179022e-04 5.95152218e-03 3.04144054e-05],[1.09 1.09 1.09 1.09 1.17 1.09],[1.21 1.1  1.23 1.2  1.28 1.23]
49,8,[7.16986037e-05 1.24676440e-05 1.64361413e-10 4.40176080e-04],[1.21 1.21 1.19 1.25 1.19 1.19],[1.4  1.65 1.28 1.69 1.31 1.65]
49,9,[0.00058419 0.00197643 0.01383374 0.01147848],[1.08 1.05 1.05 1.05 1.05 1.04],[1.15 1.12 1.12 1.09 1.09 1.04]
59,0,[1.64895988e-05 5.20756472e-04 1.06209583e-03 7.93998970e-04],[1.16 1.16 1.16 1.16 1.16 1.16],[1.31 1.28 1.28 1.2  1.22 1.19]
59,1,[2.66278160e-05 2.53899915e-05 1.21927246e-08 2.18065768e-03],[1.23 1.23 1.13 1.23 1.13 1.13],[1.41 1.55 1.27 1.54 1.26 1.5 ]
59,2,[1.88726468e-04 3.95053552e-03 9.49867599e-03 5.99345970e-07],[1.08 1.08 1.16 1.08 1.08 1.08],[1.19 1.18 1.35 1.08 1.34 1.34]
59,3,[0.00139197 0.00271991 0.0017621  0.00149042],[1.12 1.12 1.12 1.12 1.12 1.12],[1.17 1.16 1.16 1.14 1.14 1.16]
59,4,[0.00126775 0.00074835 0.08192095 0.00023901],[1.12 1.   1.12 1.   1.12 1.  ],[1.17 1.12 1.19 1.14 1.2  1.17]
59,5,[1.27746052e-06 5.19354503e-02 5.28842321e-04 9.36950498e-04],[1.   1.13 1.13 1.   1.   1.13],[1.34 1.34 1.34 1.15 1.13 1.17]
59,6,[1.18218628e-02 4.72065591e-04 4.53018334e-05 3.19384626e-04],[1.07 1.07 1.07 1.14 1.14 1.14],[1.16 1.23 1.17 1.25 1.2  1.26]
59,7,[9.98160932e-05 3.28859258e-04 2.68122104e-06 5.84200762e-02],[1.16 1.18 1.   1.16 1.   1.  ],[1.27 1.35 1.2  1.33 1.16 1.31]
59,8,[1.42291917e-05 1.21728874e-04 5.60385446e-07 1.16216513e-01],[1.19 1.24 1.   1.19 1.   1.  ],[1.34 1.43 1.26 1.39 1.19 1.36]
59,9,[1.23751205e-03 1.79225556e-05 4.66449738e-05 6.54260827e-04],[1.15 1.15 1.15 1.21 1.15 1.15],[1.32 1.25 1.19 1.35 1.3  1.26]
54,0,[3.70227278e-03 4.85102342e-05 3.29170462e-07 5.30506656e-03],[1.1 1.1 1.1 1.2 1.1 1.1],[1.23 1.37 1.11 1.41 1.23 1.37]
54,1,[2.42689473e-04 7.41627924e-03 4.47704278e-03 2.80101808e-09],[1.09 1.09 1.15 1.09 1.09 1.09],[1.17 1.17 1.5  1.09 1.5  1.5 ]
54,2,[3.41282713e-02 2.25635047e-06 1.40999758e-02 3.04435952e-07],[1.02 1.02 1.02 1.03 1.3  1.03],[1.3  1.03 1.36 1.3  1.47 1.36]
54,3,[2.37866551e-04 4.47817123e-03 3.34725559e-05 3.71578023e-04],[1.11 1.15 1.15 1.11 1.11 1.15],[1.2  1.29 1.24 1.26 1.18 1.29]
54,4,[1.68786995e-08 1.08181716e-05 4.60695009e-04 1.25461889e-03],[1.25 1.15 1.15 1.15 1.15 1.15],[1.57 1.48 1.47 1.31 1.31 1.2 ]
54,5,[3.52318887e-05 3.11994666e-08 7.27323013e-05 5.19451828e-03],[1.22 1.21 1.1  1.21 1.1  1.1 ],[1.52 1.3  1.25 1.49 1.45 1.23]
54,6,[2.59986342e-05 1.61313217e-06 7.34820319e-06 1.92642451e-03],[1.24 1.24 1.14 1.26 1.14 1.14],[1.48 1.38 1.28 1.44 1.34 1.31]
54,7,[1.96786159e-05 2.23786163e-07 5.65905989e-10 8.95491290e-07],[1.29 1.29 1.29 1.37 1.35 1.35],[1.55 1.66 1.47 1.76 1.54 1.7 ]
54,8,[1.54984440e-02 7.12723191e-04 5.41397149e-10 1.16620823e-03],[1.06 1.06 1.06 1.12 1.12 1.12],[1.14 1.56 1.12 1.56 1.16 1.56]
54,9,[1.92129129e-04 1.30025546e-10 2.50954675e-03 2.71451080e-02],[1.16 1.09 1.03 1.09 1.03 1.03],[1.67 1.19 1.18 1.57 1.57 1.09]
46,0,[2.01920924e-10 4.84097640e-04 6.01600305e-03 1.07758956e-05],[1.15 1.09 1.25 1.09 1.15 1.09],[1.65 1.59 1.62 1.17 1.3  1.28]
46,1,[8.20751941e-06 2.58739851e-05 3.82562703e-05 3.58321306e-09],[1.27 1.27 1.27 1.27 1.27 1.27],[1.47 1.37 1.61 1.35 1.57 1.61]
46,2,[1.26224134e-06 1.40988688e-04 4.67476920e-05 1.75484336e-03],[1.19 1.21 1.14 1.19 1.14 1.14],[1.41 1.4  1.35 1.28 1.22 1.26]
46,3,[1.73615389e-05 8.95374530e-09 1.22516744e-04 2.77848434e-05],[1.24 1.23 1.24 1.23 1.24 1.23],[1.64 1.34 1.38 1.54 1.59 1.35]
46,4,[1.60514667e-03 1.65016371e-05 1.89134344e-06 2.90156245e-04],[1.14 1.14 1.14 1.24 1.17 1.17],[1.32 1.36 1.19 1.4  1.33 1.36]
46,5,[8.78228341e-05 1.40790754e-02 6.53166997e-05 1.43264504e-06],[1.06 1.2  1.2  1.06 1.06 1.2 ],[1.22 1.28 1.36 1.22 1.33 1.4 ]
46,6,[4.87397851e-04 2.51756292e-07 4.98321455e-06 1.83294511e-01],[1.15 1.15 1.   1.27 1.   1.  ],[1.44 1.31 1.15 1.48 1.39 1.29]
46,7,[2.28767303e-03 1.40403226e-03 4.63300244e-06 1.01497216e-04],[1.13 1.13 1.13 1.13 1.13 1.18],[1.18 1.31 1.23 1.32 1.24 1.34]
46,8,[1.61048604e-04 3.73415831e-04 9.44893073e-06 5.20018414e-03],[1.16 1.17 1.1  1.16 1.1  1.1 ],[1.25 1.32 1.2  1.31 1.17 1.29]
46,9,[1.31835219e-04 1.13567542e-08 7.70105391e-04 1.31389678e-03],[1.17 1.15 1.15 1.15 1.15 1.15],[1.53 1.24 1.23 1.49 1.48 1.18]
39,0,[1.11352963e-06 3.33588284e-04 2.74980462e-04 1.37870597e-05],[1.2  1.2  1.24 1.2  1.2  1.2 ],[1.45 1.39 1.46 1.25 1.34 1.34]
39,1,[3.26268660e-05 5.26977707e-02 2.48406264e-05 4.98308602e-04],[1.   1.21 1.15 1.   1.   1.15],[1.24 1.3  1.27 1.24 1.15 1.27]
39,2,[4.50961226e-06 1.45177362e-03 2.57250963e-05 4.16016939e-04],[1.15 1.22 1.15 1.15 1.15 1.15],[1.35 1.42 1.34 1.28 1.2  1.3 ]
39,3,[4.73319832e-05 1.56787332e-04 3.80044852e-05 1.61541891e-11],[1.23 1.23 1.23 1.23 1.23 1.23],[1.36 1.32 1.76 1.33 1.68 1.73]
39,4,[1.84417654e-08 3.19979318e-04 1.05534104e-07 3.01003771e-04],[1.2  1.39 1.2  1.2  1.2  1.2 ],[1.54 1.67 1.51 1.45 1.25 1.47]
39,5,[1.71016413e-04 3.65226760e-05 7.59775894e-07 6.52293899e-03],[1.19 1.19 1.09 1.21 1.09 1.09],[1.31 1.39 1.2  1.4  1.24 1.35]
39,6,[0.00262319 0.00199337 0.00344011 0.00060094],[1.11 1.11 1.11 1.11 1.11 1.11],[1.14 1.13 1.16 1.13 1.16 1.16]
39,7,[3.71126401e-07 1.47397975e-02 7.26882099e-03 8.01652410e-03],[1.05 1.05 1.05 1.05 1.05 1.05],[1.34 1.34 1.34 1.05 1.05 1.05]
39,8,[9.32151634e-07 3.29804220e-05 2.97435978e-05 3.46752044e-03],[1.22 1.22 1.12 1.22 1.12 1.12],[1.47 1.42 1.36 1.33 1.25 1.26]
39,9,[4.52083412e-06 7.55711544e-04 3.09107732e-04 5.43709289e-05],[1.17 1.17 1.2  1.17 1.17 1.17],[1.37 1.34 1.39 1.23 1.27 1.29]
40,0,[2.32375636e-04 1.59546421e-05 2.41233582e-08 1.39950319e-06],[1.21 1.21 1.21 1.26 1.26 1.31],[1.38 1.5  1.4  1.55 1.45 1.62]
40,1,[4.10300353e-04 8.01328228e-07 9.28452119e-06 2.69817162e-06],[1.19 1.19 1.19 1.27 1.29 1.27],[1.44 1.31 1.39 1.47 1.49 1.44]
40,2,[5.21809262e-11 2.79584000e-03 1.38921601e-06 7.69095336e-08],[1.12 1.33 1.4  1.12 1.12 1.33],[1.68 1.72 1.86 1.34 1.43 1.55]
40,3,[0.00026458 0.02541661 0.01039354 0.00590102],[1.04 1.04 1.04 1.04 1.04 1.04],[1.14 1.14 1.14 1.04 1.05 1.05]
40,4,[3.80873133e-04 7.01119960e-08 1.73481477e-06 4.05892304e-05],[1.19 1.19 1.19 1.31 1.23 1.23],[1.52 1.38 1.31 1.56 1.51 1.42]
40,5,[8.30338900e-05 1.08991994e-05 1.17683584e-04 6.37563485e-05],[1.24 1.24 1.24 1.24 1.24 1.24],[1.4  1.29 1.31 1.38 1.35 1.31]
40,6,[0.00045571 0.00394819 0.0552364  0.00018657],[1.08 1.   1.13 1.   1.08 1.  ],[1.16 1.15 1.21 1.08 1.17 1.17]
40,7,[2.19196737e-03 1.20698531e-05 9.60976191e-04 1.37097840e-04],[1.13 1.13 1.13 1.13 1.17 1.13],[1.3  1.16 1.22 1.3  1.32 1.22]
40,8,[4.97620268e-04 2.52039986e-06 4.32674621e-04 6.79167895e-06],[1.19 1.19 1.19 1.19 1.26 1.19],[1.39 1.22 1.34 1.37 1.46 1.34]
40,9,[3.11821701e-03 2.30369703e-04 7.30377031e-05 4.23184988e-04],[1.12 1.12 1.12 1.16 1.15 1.15],[1.22 1.24 1.18 1.29 1.23 1.27]
58,0,[3.69251493e-06 1.14402558e-01 1.87550454e-05 5.82309911e-04],[1.   1.23 1.14 1.   1.   1.14],[1.3  1.39 1.31 1.25 1.14 1.28]
58,1,[3.13757522e-05 1.61407752e-04 2.77466337e-03 1.68154677e-04],[1.17 1.12 1.17 1.12 1.17 1.12],[1.32 1.25 1.28 1.21 1.27 1.21]
58,2,[3.63491237e-10 4.54377245e-03 6.00269736e-07 4.26702231e-04],[1.1  1.33 1.15 1.1  1.1  1.15],[1.61 1.69 1.59 1.36 1.17 1.37]
58,3,[5.14458401e-05 4.17035382e-05 3.20531564e-04 4.97005991e-04],[1.19 1.19 1.19 1.19 1.19 1.19],[1.35 1.28 1.27 1.29 1.29 1.22]
58,4,[6.95292353e-05 6.77872714e-09 1.00180975e-01 4.52496825e-05],[1.21 1.   1.21 1.   1.21 1.  ],[1.59 1.22 1.3  1.48 1.53 1.23]
58,5,[8.52970221e-03 4.57251805e-04 1.28498910e-01 1.88527727e-05],[1.05 1.   1.05 1.   1.13 1.  ],[1.14 1.05 1.23 1.14 1.25 1.23]
58,6,[3.61951454e-05 2.69472916e-03 1.49365409e-10 1.98538376e-06],[1.13 1.23 1.23 1.13 1.13 1.3 ],[1.27 1.63 1.44 1.6  1.34 1.69]
58,7,[1.80895409e-05 3.51498855e-03 7.00552568e-05 7.83103163e-05],[1.11 1.19 1.19 1.11 1.11 1.19],[1.31 1.35 1.35 1.23 1.22 1.29]
58,8,[1.08252860e-05 1.10429321e-04 1.02275135e-06 8.13547204e-06],[1.23 1.26 1.26 1.23 1.23 1.26],[1.4  1.43 1.41 1.42 1.34 1.46]
58,9,[3.93355887e-06 1.01790015e-03 3.36801344e-02 7.43266597e-04],[1.12 1.02 1.12 1.02 1.12 1.02],[1.35 1.3  1.31 1.12 1.16 1.14]
53,0,[4.58423081e-04 2.27615046e-03 4.69081548e-06 2.00476712e-03],[1.13 1.13 1.13 1.13 1.13 1.13],[1.19 1.33 1.19 1.31 1.14 1.31]
53,1,[4.17677255e-07 4.49605575e-05 8.23104676e-06 7.49784910e-02],[1.23 1.26 1.   1.23 1.   1.  ],[1.5  1.47 1.37 1.35 1.23 1.28]
53,2,[2.62976255e-04 2.25620658e-04 6.44135195e-06 6.61638230e-04],[1.18 1.18 1.18 1.18 1.18 1.18],[1.27 1.34 1.23 1.36 1.22 1.34]
53,3,[1.29181052e-06 7.42762874e-04 7.82732923e-03 1.04928817e-05],[1.14 1.08 1.25 1.08 1.14 1.08],[1.38 1.35 1.4  1.14 1.31 1.28]
53,4,[1.08355818e-05 1.35164092e-03 2.21732337e-03 8.81197570e-07],[1.13 1.13 1.25 1.13 1.13 1.13],[1.3  1.29 1.44 1.16 1.36 1.36]
53,5,[4.07012872e-03 6.69253988e-07 9.91664984e-03 4.90912605e-06],[1.08 1.07 1.08 1.07 1.27 1.07],[1.36 1.08 1.28 1.36 1.45 1.28]
53,6,[1.32063901e-03 1.24327786e-03 4.71586392e-06 3.43065775e-04],[1.15 1.15 1.15 1.15 1.15 1.15],[1.19 1.32 1.21 1.32 1.21 1.34]
53,7,[1.10417338e-02 3.44262729e-07 3.28067356e-04 2.33671565e-05],[1.07 1.07 1.07 1.16 1.22 1.16],[1.38 1.17 1.25 1.4  1.46 1.29]
53,8,[3.23483866e-05 6.24089299e-03 1.32875829e-05 1.37294837e-04],[1.09 1.22 1.19 1.09 1.09 1.19],[1.27 1.35 1.31 1.28 1.2  1.31]
53,9,[2.55675320e-04 4.02350419e-06 7.45271767e-05 9.38432649e-05],[1.21 1.21 1.21 1.21 1.21 1.21],[1.42 1.28 1.28 1.39 1.38 1.32]
43,0,[2.38573174e-03 1.89104123e-04 1.63143127e-03 4.41295579e-05],[1.13 1.13 1.13 1.13 1.16 1.13],[1.22 1.14 1.24 1.22 1.27 1.24]
43,1,[1.53204343e-06 3.19141668e-05 4.33939339e-05 8.61443500e-05],[1.25 1.25 1.25 1.25 1.25 1.25],[1.51 1.4  1.42 1.36 1.35 1.31]
43,2,[3.94935179e-04 4.79224765e-03 1.56450258e-05 2.56115541e-07],[1.1  1.16 1.16 1.1  1.1  1.24],[1.19 1.29 1.41 1.27 1.4  1.45]
43,3,[4.24951783e-05 6.73534276e-04 1.41729875e-03 2.26619503e-03],[1.13 1.13 1.13 1.13 1.13 1.13],[1.28 1.25 1.25 1.18 1.17 1.16]
43,4,[1.67650935e-04 4.89412912e-06 2.28303635e-02 1.02681545e-04],[1.18 1.04 1.18 1.04 1.18 1.04],[1.38 1.18 1.25 1.3  1.35 1.2 ]
43,5,[4.70066599e-08 2.63384305e-02 5.29615173e-03 1.69328338e-03],[1.03 1.07 1.09 1.03 1.03 1.07],[1.42 1.42 1.42 1.07 1.1  1.1 ]
43,6,[3.75603944e-04 1.33291488e-04 1.60044014e-05 2.22725722e-05],[1.19 1.19 1.19 1.19 1.19 1.23],[1.3  1.32 1.3  1.32 1.33 1.38]
43,7,[8.92494803e-08 6.57847529e-05 1.83666370e-06 4.88310984e-06],[1.25 1.3  1.29 1.25 1.25 1.29],[1.57 1.56 1.57 1.38 1.39 1.48]
43,8,[5.61051577e-06 4.15598693e-03 9.05460116e-08 9.65373550e-06],[1.11 1.27 1.27 1.11 1.11 1.27],[1.34 1.53 1.44 1.42 1.28 1.48]
43,9,[3.94710495e-04 2.11711648e-07 6.68012118e-05 8.41163586e-05],[1.19 1.19 1.19 1.2  1.2  1.2 ],[1.49 1.27 1.26 1.47 1.47 1.32]
60,0,[1.24372246e-09 3.31496441e-04 1.17186772e-07 4.36147815e-04],[1.19 1.38 1.19 1.19 1.19 1.19],[1.6  1.67 1.56 1.45 1.23 1.44]
60,1,[9.22353254e-05 1.76266981e-06 1.77564697e-06 8.91616441e-05],[1.24 1.24 1.24 1.29 1.24 1.24],[1.46 1.39 1.31 1.5  1.41 1.4 ]
60,2,[1.09727475e-05 7.98488298e-09 1.18472502e-01 3.37543916e-03],[1.25 1.   1.08 1.   1.08 1.  ],[1.6  1.26 1.26 1.47 1.47 1.08]
60,3,[4.42271901e-02 2.80550766e-05 3.54756257e-05 2.11549292e-03],[1.01 1.01 1.01 1.21 1.1  1.1 ],[1.24 1.23 1.1  1.31 1.25 1.23]
60,4,[1.64290373e-05 5.69473554e-05 1.33581715e-02 4.25033077e-05],[1.2  1.06 1.2  1.06 1.2  1.06],[1.36 1.26 1.34 1.22 1.31 1.23]
60,5,[1.37705579e-06 1.51893517e-03 4.97420330e-06 1.09257133e-05],[1.15 1.27 1.27 1.15 1.15 1.27],[1.4  1.47 1.48 1.31 1.3  1.44]
60,6,[2.49114097e-06 1.24546559e-02 5.90580691e-02 5.07610157e-03],[1.03 1.   1.05 1.   1.03 1.  ],[1.28 1.28 1.28 1.03 1.05 1.05]
60,7,[3.17756631e-06 1.42186108e-03 1.24710612e-04 1.36081052e-07],[1.15 1.19 1.29 1.15 1.15 1.19],[1.39 1.39 1.53 1.23 1.44 1.46]
60,8,[4.89439487e-04 1.38415737e-04 1.45950838e-04 4.13078010e-08],[1.19 1.19 1.19 1.19 1.19 1.19],[1.28 1.26 1.46 1.28 1.48 1.5 ]
60,9,[7.72448206e-05 8.91934617e-05 3.45679805e-03 9.41545504e-04],[1.18 1.12 1.13 1.12 1.13 1.12],[1.33 1.23 1.24 1.22 1.23 1.16]
56,0,[7.52400510e-05 2.51719776e-04 2.52155842e-04 2.42082817e-05],[1.21 1.21 1.21 1.21 1.21 1.21],[1.33 1.29 1.35 1.24 1.31 1.33]
56,1,[5.30681074e-04 9.75732756e-06 7.14807008e-07 4.80054740e-07],[1.18 1.18 1.18 1.27 1.27 1.33],[1.35 1.38 1.41 1.44 1.49 1.54]
56,2,[9.85316095e-09 2.38116163e-04 4.89033595e-04 3.25272025e-08],[1.19 1.19 1.42 1.19 1.19 1.19],[1.56 1.52 1.68 1.23 1.47 1.47]
56,3,[2.99559342e-08 7.01384490e-06 8.86033999e-03 2.02306257e-05],[1.26 1.08 1.25 1.08 1.25 1.08],[1.56 1.45 1.53 1.29 1.36 1.26]
56,4,[2.69515225e-06 1.96439044e-02 6.98510250e-05 1.91062387e-02],[1.02 1.19 1.02 1.02 1.02 1.02],[1.29 1.36 1.29 1.19 1.02 1.19]
56,5,[1.05053316e-05 2.06087140e-03 1.47551038e-09 2.19305986e-04],[1.13 1.25 1.18 1.13 1.13 1.18],[1.32 1.61 1.34 1.54 1.21 1.55]
56,6,[1.03321879e-05 2.38625519e-06 8.79569812e-06 1.26070754e-03],[1.26 1.26 1.15 1.26 1.15 1.15],[1.47 1.39 1.3  1.44 1.34 1.31]
56,7,[2.98601718e-04 2.10691483e-05 9.21189407e-06 4.95499480e-06],[1.2  1.2  1.2  1.25 1.25 1.25],[1.35 1.33 1.36 1.4  1.4  1.44]
56,8,[9.89007349e-04 1.90739164e-05 6.28535516e-05 2.57339078e-05],[1.16 1.16 1.16 1.22 1.22 1.22],[1.32 1.26 1.28 1.35 1.37 1.35]
56,9,[4.10066003e-03 2.19826681e-05 3.74251990e-03 4.34567776e-04],[1.11 1.11 1.11 1.11 1.14 1.11],[1.26 1.11 1.16 1.26 1.28 1.16]
42,0,[1.60948166e-09 4.76590998e-04 2.38035174e-06 8.49610547e-05],[1.19 1.29 1.21 1.19 1.19 1.21],[1.6  1.63 1.59 1.36 1.26 1.41]
42,1,[1.26104564e-04 5.85009849e-04 1.67091784e-03 7.43411183e-05],[1.14 1.14 1.18 1.14 1.14 1.14],[1.27 1.22 1.3  1.18 1.25 1.24]
42,2,[4.38625591e-06 1.34752890e-07 2.94265543e-08 1.94093682e-05],[1.3  1.3  1.29 1.37 1.29 1.29],[1.58 1.55 1.4  1.71 1.47 1.52]
42,3,[1.46174494e-03 2.46747677e-06 4.95291432e-05 1.89796042e-02],[1.11 1.11 1.05 1.2  1.05 1.05],[1.33 1.22 1.11 1.37 1.31 1.22]
42,4,[3.93137018e-04 2.23758425e-04 3.54976733e-05 8.43617622e-08],[1.19 1.19 1.19 1.19 1.19 1.21],[1.3  1.3  1.47 1.3  1.46 1.49]
42,5,[1.79070269e-03 1.39986313e-02 2.21928856e-03 2.53914738e-06],[1.06 1.09 1.09 1.06 1.06 1.09],[1.12 1.12 1.31 1.1  1.31 1.31]
42,6,[1.67351887e-04 7.65426257e-06 7.99372090e-06 1.34067135e-03],[1.18 1.18 1.15 1.25 1.15 1.15],[1.38 1.33 1.22 1.39 1.31 1.32]
42,7,[1.08112110e-02 2.13648352e-04 3.31019090e-05 3.72791225e-04],[1.07 1.07 1.07 1.16 1.16 1.16],[1.19 1.24 1.16 1.29 1.21 1.28]
42,8,[6.82025690e-04 1.63023734e-07 2.01239871e-08 1.04555119e-04],[1.17 1.17 1.17 1.37 1.2  1.2 ],[1.47 1.49 1.24 1.64 1.46 1.51]
42,9,[6.53544541e-05 1.67179557e-03 2.33461212e-04 2.76497339e-06],[1.14 1.18 1.19 1.14 1.14 1.18],[1.27 1.3  1.39 1.2  1.34 1.36]
48,0,[9.91580988e-05 2.33669686e-03 3.79662645e-03 5.00342423e-08],[1.11 1.11 1.18 1.11 1.11 1.11],[1.23 1.22 1.46 1.12 1.42 1.42]
48,1,[6.75670631e-11 7.60492440e-07 1.66390481e-05 2.29208467e-04],[1.33 1.26 1.21 1.26 1.21 1.21],[1.79 1.69 1.64 1.45 1.4  1.31]
48,2,[2.44678254e-05 4.99668871e-07 6.96137764e-05 6.65029517e-04],[1.23 1.21 1.17 1.21 1.17 1.17],[1.51 1.33 1.29 1.43 1.4  1.27]
48,3,[2.70604126e-02 2.65904538e-05 4.87713066e-04 3.03181258e-10],[1.03 1.03 1.03 1.15 1.23 1.15],[1.25 1.15 1.57 1.28 1.6  1.57]
48,4,[1.39223178e-06 3.27073316e-03 5.67513354e-06 5.85972161e-03],[1.1  1.27 1.1  1.1  1.1  1.1 ],[1.35 1.45 1.34 1.29 1.1  1.29]
48,5,[3.99510486e-04 2.14606977e-09 8.80052050e-03 1.20378352e-04],[1.16 1.08 1.16 1.08 1.18 1.08],[1.55 1.17 1.23 1.53 1.54 1.2 ]
48,6,[3.36957515e-05 3.78224382e-06 1.82522717e-07 1.77691910e-07],[1.27 1.27 1.27 1.3  1.3  1.36],[1.46 1.47 1.49 1.55 1.54 1.63]
48,7,[3.59557397e-03 6.41907053e-04 9.69292689e-05 4.55426200e-05],[1.11 1.11 1.11 1.14 1.14 1.19],[1.18 1.21 1.24 1.24 1.26 1.29]
48,8,[1.15420935e-03 1.72516754e-07 1.07149307e-04 4.60228058e-08],[1.16 1.16 1.16 1.2  1.37 1.2 ],[1.46 1.25 1.44 1.45 1.6  1.5 ]
48,9,[1.43655995e-02 4.44482075e-04 2.38520563e-04 7.37917719e-05],[1.06 1.06 1.06 1.15 1.15 1.16],[1.16 1.18 1.21 1.21 1.26 1.26]
55,0,[6.35972519e-09 1.17658156e-03 4.80160232e-07 4.12886858e-03],[1.12 1.34 1.11 1.12 1.11 1.11],[1.52 1.64 1.52 1.37 1.14 1.37]
55,1,[3.21563303e-05 1.00521569e-05 2.54048373e-04 1.56907664e-03],[1.22 1.17 1.15 1.17 1.15 1.15],[1.41 1.3  1.27 1.33 1.3  1.21]
55,2,[5.93874945e-04 1.78631277e-02 1.19752925e-06 1.60265383e-04],[1.05 1.14 1.14 1.05 1.05 1.17],[1.15 1.35 1.21 1.34 1.19 1.36]
55,3,[6.91192581e-07 1.61365731e-03 9.10515906e-06 6.17507525e-04],[1.14 1.26 1.14 1.14 1.14 1.14],[1.39 1.46 1.38 1.31 1.18 1.31]
55,4,[5.16236261e-04 1.77112239e-05 1.59273384e-03 1.55417178e-04],[1.15 1.14 1.15 1.14 1.17 1.14],[1.34 1.2  1.24 1.29 1.32 1.22]
55,5,[4.03204774e-04 8.06694860e-08 1.08630815e-03 1.06171696e-07],[1.16 1.16 1.16 1.16 1.38 1.16],[1.49 1.21 1.43 1.45 1.64 1.43]
55,6,[6.60038562e-04 4.42319169e-05 2.62235806e-03 4.50495063e-03],[1.12 1.11 1.11 1.11 1.11 1.11],[1.26 1.16 1.16 1.22 1.22 1.12]
55,7,[9.74819966e-07 1.15449611e-06 2.22192010e-05 3.59414702e-04],[1.31 1.25 1.2  1.25 1.2  1.2 ],[1.58 1.45 1.4  1.43 1.38 1.29]
55,8,[1.97408506e-06 4.14030849e-06 1.94589302e-05 3.12085927e-03],[1.28 1.25 1.12 1.25 1.12 1.12],[1.5  1.43 1.34 1.39 1.31 1.27]
55,9,[6.91659760e-04 1.14930358e-06 4.43792547e-03 2.42650605e-05],[1.14 1.11 1.14 1.11 1.22 1.11],[1.39 1.16 1.27 1.35 1.42 1.26]
44,0,[2.08901368e-05 3.15287110e-04 7.56067851e-07 4.38094065e-04],[1.19 1.23 1.19 1.19 1.19 1.19],[1.36 1.44 1.3  1.41 1.23 1.42]
44,1,[4.76049912e-06 6.55973566e-05 7.89382002e-07 3.13350849e-06],[1.25 1.28 1.28 1.25 1.25 1.28],[1.43 1.48 1.47 1.43 1.4  1.5 ]
44,2,[7.49050155e-10 1.48215432e-05 2.86600401e-07 1.33245013e-08],[1.3  1.38 1.44 1.3  1.3  1.38],[1.67 1.72 1.79 1.5  1.57 1.67]
44,3,[6.31298785e-05 1.25871222e-04 9.66796406e-04 1.78619572e-04],[1.18 1.16 1.18 1.16 1.18 1.16],[1.32 1.25 1.28 1.23 1.28 1.23]
44,4,[8.18826787e-07 8.92857482e-07 7.84316088e-07 3.84915040e-07],[1.39 1.39 1.39 1.39 1.39 1.39],[1.62 1.52 1.59 1.53 1.57 1.58]
44,5,[1.50577746e-02 1.38887313e-04 1.62885248e-05 6.83099623e-05],[1.06 1.06 1.06 1.19 1.19 1.19],[1.2  1.26 1.21 1.3  1.27 1.32]
44,6,[3.06113871e-02 4.63486151e-06 3.04976112e-03 2.68541814e-04],[1.03 1.03 1.03 1.09 1.15 1.09],[1.29 1.09 1.17 1.29 1.32 1.17]
44,7,[2.54131445e-05 3.38249191e-03 1.01806577e-06 1.94400679e-03],[1.12 1.22 1.12 1.12 1.12 1.12],[1.27 1.41 1.26 1.35 1.13 1.35]
44,8,[2.76182564e-04 7.82502363e-03 1.47964647e-07 2.17559833e-04],[1.08 1.16 1.16 1.08 1.08 1.16],[1.19 1.41 1.24 1.41 1.19 1.43]
44,9,[2.24649614e-03 2.64218575e-05 1.04928821e-03 4.19965573e-03],[1.11 1.11 1.11 1.11 1.11 1.11],[1.28 1.15 1.12 1.27 1.26 1.15]
61,0,[1.93329575e-10 1.14533337e-03 2.99568204e-05 5.56861011e-04],[1.16 1.22 1.16 1.16 1.16 1.16],[1.63 1.62 1.6  1.28 1.19 1.29]
61,1,[1.03387478e-06 7.23556408e-06 4.61474762e-06 8.51041782e-05],[1.28 1.28 1.24 1.28 1.24 1.24],[1.53 1.48 1.43 1.42 1.35 1.38]
61,2,[7.82601698e-03 3.84239577e-02 1.54705163e-05 9.39507235e-03],[1.02 1.03 1.03 1.02 1.02 1.03],[1.04 1.23 1.04 1.23 1.04 1.23]
61,3,[5.29005113e-08 7.51920268e-05 3.32857993e-03 2.79640864e-04],[1.19 1.12 1.17 1.12 1.17 1.12],[1.52 1.43 1.44 1.23 1.26 1.19]
61,4,[7.48478012e-07 3.11438900e-06 5.82755030e-06 1.73650299e-03],[1.29 1.29 1.14 1.29 1.14 1.14],[1.53 1.46 1.38 1.39 1.33 1.3 ]
61,5,[4.14170724e-04 1.41495479e-06 8.06422710e-03 2.47329554e-03],[1.14 1.08 1.09 1.08 1.09 1.08],[1.36 1.15 1.15 1.33 1.33 1.11]
61,6,[3.63481469e-07 9.90026434e-03 1.00085487e-05 9.06385754e-05],[1.07 1.25 1.21 1.07 1.07 1.21],[1.39 1.45 1.42 1.27 1.21 1.34]
61,7,[2.19177230e-03 1.29772099e-07 1.55043196e-03 9.48061385e-09],[1.13 1.13 1.13 1.13 1.38 1.13],[1.44 1.15 1.48 1.43 1.64 1.48]
61,8,[0.00101936 0.00505372 0.00065277 0.00289956],[1.1  1.11 1.1  1.1  1.1  1.1 ],[1.14 1.17 1.14 1.15 1.1  1.15]
61,9,[1.49518098e-05 2.07960866e-04 2.52049249e-04 9.40908504e-03],[1.16 1.16 1.08 1.16 1.08 1.08],[1.36 1.3  1.27 1.22 1.18 1.18]
64,0,[1.49273930e-02 1.83570474e-05 1.03918385e-04 3.78528838e-04],[1.06 1.06 1.06 1.18 1.16 1.16],[1.27 1.2  1.16 1.31 1.29 1.24]
64,1,[3.09599240e-04 2.25185202e-03 6.32494794e-06 1.64858013e-04],[1.13 1.17 1.17 1.13 1.13 1.17],[1.23 1.35 1.26 1.31 1.21 1.34]
64,2,[1.51439186e-02 3.33912906e-03 2.97102591e-06 4.27782084e-07],[1.06 1.06 1.06 1.08 1.08 1.29],[1.09 1.31 1.35 1.31 1.35 1.46]
64,3,[1.56967652e-08 1.77129930e-04 1.20207823e-04 1.16848962e-06],[1.22 1.22 1.31 1.22 1.22 1.22],[1.55 1.51 1.6  1.28 1.4  1.41]
64,4,[1.81648898e-03 1.41694110e-04 7.68549521e-06 8.85524048e-07],[1.14 1.14 1.14 1.19 1.19 1.26],[1.27 1.3  1.37 1.35 1.41 1.45]
64,5,[3.38601686e-03 3.21305102e-05 9.19689436e-09 9.27181837e-07],[1.12 1.12 1.12 1.24 1.24 1.32],[1.28 1.49 1.35 1.55 1.4  1.61]
64,6,[1.97506101e-02 2.53992449e-08 9.42421313e-05 8.60213721e-07],[1.05 1.05 1.05 1.21 1.32 1.21],[1.46 1.21 1.35 1.49 1.56 1.38]
64,7,[6.28123898e-03 8.87383167e-04 3.46374725e-05 6.76976008e-06],[1.09 1.09 1.09 1.13 1.13 1.22],[1.15 1.25 1.29 1.25 1.31 1.37]
64,8,[2.07488015e-06 3.56893194e-02 6.23309037e-03 1.41764928e-05],[1.02 1.06 1.24 1.02 1.02 1.06],[1.31 1.31 1.38 1.06 1.24 1.24]
64,9,[1.51396733e-03 6.45701151e-07 7.51891403e-06 4.23847106e-04],[1.15 1.15 1.15 1.26 1.15 1.15],[1.41 1.31 1.2  1.47 1.41 1.34]
62,0,[3.85850420e-05 1.19796517e-04 4.36641542e-06 2.69740453e-03],[1.2  1.21 1.13 1.2  1.13 1.13],[1.33 1.36 1.25 1.35 1.22 1.31]
62,1,[1.92553327e-01 1.13631976e-03 1.20208620e-06 8.56650000e-05],[1.   1.   1.   1.12 1.12 1.18],[1.12 1.34 1.2  1.34 1.21 1.38]
62,2,[6.03655851e-04 1.70471910e-04 2.17683873e-07 2.06687860e-01],[1.14 1.14 1.   1.17 1.   1.  ],[1.24 1.39 1.14 1.41 1.18 1.39]
62,3,[1.58524883e-04 1.05360418e-04 1.27970337e-02 1.76938843e-06],[1.18 1.06 1.18 1.06 1.18 1.06],[1.28 1.19 1.35 1.2  1.37 1.33]
62,4,[1.04333464e-04 1.15203654e-04 8.12132358e-06 7.51906910e-07],[1.24 1.24 1.24 1.24 1.24 1.26],[1.32 1.35 1.43 1.35 1.42 1.5 ]
62,5,[1.38729370e-07 1.30800091e-06 2.45064787e-04 1.11899561e-01],[1.32 1.17 1.   1.17 1.   1.  ],[1.59 1.43 1.4  1.36 1.34 1.17]
62,6,[3.40869430e-04 4.04975303e-06 3.31885408e-10 7.24654002e-04],[1.17 1.17 1.17 1.28 1.17 1.17],[1.37 1.59 1.22 1.65 1.35 1.59]
62,7,[4.55366633e-10 8.53673861e-05 1.67670474e-06 1.25234552e-05],[1.25 1.31 1.27 1.25 1.25 1.27],[1.68 1.7  1.63 1.39 1.37 1.52]
62,8,[7.69620214e-06 4.45349565e-06 4.02681081e-05 6.09319960e-03],[1.26 1.23 1.09 1.23 1.09 1.09],[1.47 1.35 1.29 1.38 1.31 1.24]
62,9,[5.98370910e-04 2.37178849e-05 3.22836099e-05 4.08310674e-09],[1.18 1.18 1.18 1.23 1.23 1.23],[1.32 1.29 1.54 1.36 1.61 1.58]
76,0,[6.43887250e-04 5.81434847e-04 7.54987000e-03 8.38321470e-06],[1.13 1.09 1.13 1.09 1.13 1.09],[1.21 1.15 1.28 1.16 1.31 1.28]
76,1,[1.73797341e-06 2.13002060e-09 1.24325335e-04 3.54397712e-04],[1.3 1.2 1.2 1.2 1.2 1.2],[1.73 1.41 1.36 1.57 1.57 1.26]
76,2,[2.85167265e-08 3.72584131e-01 1.35720804e-03 1.85347097e-04],[1.   1.12 1.16 1.   1.   1.12],[1.44 1.44 1.47 1.12 1.18 1.19]
76,3,[1.30859551e-05 2.97268644e-04 3.93269306e-05 3.36310004e-08],[1.2  1.23 1.24 1.2  1.2  1.23],[1.37 1.37 1.55 1.29 1.5  1.54]
76,4,[4.19942387e-06 3.92175260e-02 1.42797351e-04 8.48620400e-03],[1.02 1.17 1.05 1.02 1.02 1.05],[1.28 1.31 1.28 1.18 1.05 1.18]
76,5,[4.16200423e-04 1.01689999e-02 3.18506795e-04 7.97907124e-06],[1.07 1.14 1.14 1.07 1.07 1.14],[1.17 1.21 1.33 1.17 1.28 1.31]
76,6,[5.12106293e-03 6.77363866e-07 8.20136427e-03 1.31069145e-04],[1.08 1.08 1.08 1.08 1.17 1.08],[1.37 1.08 1.18 1.36 1.4  1.18]
76,7,[2.50841406e-03 1.09413692e-04 6.85527612e-09 4.18126923e-07],[1.13 1.13 1.13 1.2  1.2  1.34],[1.24 1.51 1.39 1.52 1.43 1.62]
76,8,[4.41237837e-08 7.39550172e-01 5.78989228e-03 1.70354841e-10],[1.   1.06 1.41 1.   1.   1.06],[1.42 1.42 1.74 1.06 1.57 1.57]
76,9,[2.74789174e-07 3.08592000e-02 8.12610331e-05 8.09393327e-06],[1.03 1.21 1.26 1.03 1.03 1.21],[1.38 1.42 1.45 1.21 1.28 1.35]
63,0,[1.05456918e-01 3.71041944e-06 1.85416430e-04 1.55633481e-03],[1.   1.   1.   1.16 1.11 1.11],[1.3  1.18 1.11 1.33 1.3  1.19]
63,1,[8.36212877e-09 8.90366219e-03 1.21100200e-05 2.93363464e-05],[1.08 1.25 1.24 1.08 1.08 1.24],[1.52 1.55 1.57 1.27 1.24 1.38]
63,2,[0.00027265 0.00066241 0.00032182 0.0018233 ],[1.14 1.14 1.14 1.14 1.14 1.14],[1.24 1.23 1.2  1.21 1.17 1.2 ]
63,3,[1.19617272e-03 1.14406742e-03 2.44384378e-06 6.56871375e-07],[1.15 1.15 1.15 1.15 1.15 1.3 ],[1.2  1.35 1.38 1.34 1.39 1.48]
63,4,[3.21130130e-02 3.57383605e-06 3.96922935e-03 1.49332802e-04],[1.03 1.03 1.03 1.08 1.17 1.08],[1.3  1.08 1.19 1.3  1.35 1.19]
63,5,[0.00630662 0.00061597 0.00054926 0.03785726],[1.06 1.06 1.02 1.11 1.02 1.02],[1.15 1.13 1.06 1.17 1.14 1.13]
63,6,[2.93915306e-04 5.08557985e-03 6.09126839e-02 8.97205102e-05],[1.07 1.   1.15 1.   1.07 1.  ],[1.17 1.17 1.22 1.07 1.19 1.19]
63,7,[1.18925339e-03 1.91228738e-04 2.27956660e-04 3.44575192e-06],[1.15 1.15 1.15 1.16 1.16 1.16],[1.25 1.21 1.34 1.26 1.38 1.37]
63,8,[2.37879486e-03 1.83561130e-06 1.02972331e-04 1.21221331e-05],[1.13 1.13 1.13 1.2  1.25 1.2 ],[1.38 1.23 1.3  1.4  1.44 1.34]
63,9,[1.47295288e-06 1.21667298e-05 6.22155388e-02 9.18474487e-04],[1.24 1.   1.13 1.   1.13 1.  ],[1.47 1.33 1.33 1.27 1.27 1.13]
83,0,[0.00115328 0.00017251 0.00250727 0.00436035],[1.11 1.11 1.11 1.11 1.11 1.11],[1.22 1.14 1.14 1.19 1.19 1.12]
83,1,[2.97279717e-02 2.29763824e-05 1.74822236e-05 1.33086836e-05],[1.03 1.03 1.03 1.23 1.23 1.23],[1.25 1.26 1.27 1.32 1.35 1.36]
83,2,[2.95851813e-04 1.57895931e-06 7.92018500e-04 1.21059297e-07],[1.17 1.17 1.17 1.17 1.31 1.17],[1.41 1.22 1.44 1.37 1.56 1.44]
83,3,[3.05289127e-12 3.02978629e-02 5.41545595e-04 7.60647106e-03],[1.03 1.13 1.05 1.03 1.03 1.05],[1.69 1.69 1.69 1.13 1.05 1.13]
83,4,[1.51411642e-03 5.66699718e-03 1.54386755e-05 5.44129726e-03],[1.09 1.1  1.09 1.09 1.09 1.09],[1.12 1.24 1.12 1.24 1.09 1.24]
83,5,[7.16589186e-07 6.51107218e-04 9.30932302e-03 2.87927506e-05],[1.14 1.08 1.22 1.08 1.14 1.08],[1.4  1.36 1.41 1.15 1.25 1.25]
83,6,[5.65775947e-02 7.25369964e-09 1.48231483e-03 1.01252277e-01],[1.   1.   1.   1.09 1.   1.  ],[1.46 1.09 1.   1.46 1.46 1.09]
83,7,[2.35103803e-09 8.50035707e-04 4.52685129e-02 2.41299336e-09],[1.13 1.01 1.48 1.01 1.13 1.01],[1.57 1.51 1.75 1.13 1.53 1.52]
83,8,[1.70572765e-04 1.23089255e-01 5.80492663e-02 2.22379970e-05],[1.   1.   1.17 1.   1.   1.  ],[1.17 1.17 1.27 1.   1.23 1.23]
83,9,[2.63338594e-05 9.35349133e-02 1.81420061e-08 1.36300366e-03],[1.   1.22 1.11 1.   1.   1.11],[1.24 1.51 1.25 1.45 1.11 1.46]
66,0,[2.98714534e-03 2.67199687e-06 1.15364595e-02 1.59510292e-01],[1.07 1.04 1.   1.04 1.   1.  ],[1.31 1.07 1.07 1.29 1.29 1.04]
66,1,[2.24385856e-07 1.40974200e-02 1.36873124e-02 8.41973850e-04],[1.04 1.04 1.11 1.04 1.04 1.04],[1.37 1.37 1.38 1.04 1.11 1.11]
66,2,[8.32062268e-05 1.33543959e-03 3.93726696e-07 2.76246820e-05],[1.15 1.21 1.21 1.15 1.15 1.22],[1.29 1.44 1.35 1.38 1.27 1.44]
66,3,[2.51974517e-04 9.38589449e-05 5.59781970e-03 4.08005753e-06],[1.17 1.1  1.17 1.1  1.18 1.1 ],[1.27 1.19 1.34 1.22 1.37 1.31]
66,4,[1.41838981e-05 6.16673876e-03 1.07045720e-02 2.03476353e-07],[1.07 1.07 1.24 1.07 1.07 1.07],[1.27 1.27 1.46 1.07 1.37 1.37]
66,5,[4.06278258e-06 2.34866246e-05 7.68436142e-07 3.56586295e-05],[1.27 1.28 1.27 1.27 1.27 1.27],[1.49 1.5  1.39 1.43 1.36 1.44]
66,6,[5.81541713e-06 1.32126259e-03 8.82690847e-07 9.11321742e-05],[1.15 1.27 1.21 1.15 1.15 1.21],[1.35 1.49 1.36 1.37 1.24 1.42]
66,7,[1.50636788e-06 5.73673935e-07 4.86268803e-08 1.06994990e-02],[1.33 1.33 1.07 1.34 1.07 1.07],[1.53 1.53 1.33 1.56 1.36 1.44]
66,8,[1.10675117e-03 9.12581370e-03 8.28177047e-07 1.82561122e-04],[1.08 1.12 1.12 1.08 1.08 1.17],[1.15 1.35 1.2  1.35 1.19 1.36]
66,9,[4.22531359e-07 3.82042704e-06 3.69059019e-08 4.28037900e-02],[1.3  1.34 1.01 1.3  1.01 1.01],[1.53 1.56 1.37 1.51 1.3  1.44]
69,0,[6.65545847e-02 1.82863746e-05 1.12799714e-06 3.12878871e-05],[1.   1.   1.   1.24 1.24 1.24],[1.26 1.34 1.24 1.41 1.34 1.43]
69,1,[7.23587592e-05 1.70828259e-06 1.36113343e-12 2.81690990e-07],[1.25 1.25 1.25 1.33 1.33 1.36],[1.47 1.78 1.46 1.86 1.51 1.85]
69,2,[4.15600212e-05 1.84462589e-03 8.07919931e-04 2.53256241e-04],[1.14 1.14 1.15 1.14 1.14 1.14],[1.28 1.27 1.3  1.17 1.21 1.21]
69,3,[2.50900138e-04 6.99834749e-05 2.18665001e-05 2.27802799e-08],[1.21 1.21 1.21 1.21 1.21 1.23],[1.32 1.32 1.49 1.36 1.53 1.55]
69,4,[2.97978499e-07 3.12189182e-03 1.22371275e-06 2.68376725e-04],[1.12 1.31 1.17 1.12 1.12 1.17],[1.42 1.54 1.42 1.35 1.19 1.37]
69,5,[5.46404010e-05 1.34953604e-02 1.02122832e-05 1.25412204e-04],[1.06 1.2  1.19 1.06 1.06 1.19],[1.23 1.33 1.27 1.27 1.19 1.33]
69,6,[6.34149909e-05 2.42842486e-05 7.10437840e-04 1.02593864e-05],[1.22 1.17 1.22 1.17 1.22 1.17],[1.37 1.26 1.35 1.29 1.39 1.32]
69,7,[4.71536366e-03 1.61908865e-06 2.84220319e-06 4.40260944e-03],[1.1  1.1  1.1  1.29 1.1  1.1 ],[1.34 1.3  1.1  1.44 1.34 1.3 ]
69,8,[0.00017339 0.00146222 0.00478369 0.00792344],[1.09 1.08 1.08 1.08 1.08 1.08],[1.2  1.17 1.17 1.11 1.11 1.09]
69,9,[3.38638308e-02 5.63842902e-05 2.47935271e-03 7.65070099e-04],[1.02 1.02 1.02 1.09 1.12 1.09],[1.22 1.09 1.14 1.22 1.24 1.14]
74,0,[1.40492931e-05 1.99750351e-07 2.98093338e-02 1.72773390e-05],[1.25 1.03 1.25 1.03 1.25 1.03],[1.51 1.27 1.36 1.39 1.48 1.26]
74,1,[5.34773392e-05 1.59693783e-05 1.38753558e-05 3.13000967e-03],[1.22 1.22 1.12 1.23 1.12 1.12],[1.37 1.32 1.23 1.35 1.28 1.28]
74,2,[0.00145143 0.00409303 0.00491466 0.00043136],[1.1 1.1 1.1 1.1 1.1 1.1],[1.14 1.13 1.17 1.1  1.15 1.15]
74,3,[2.05407732e-07 2.46347949e-02 1.93427456e-05 1.67822114e-03],[1.04 1.23 1.11 1.04 1.04 1.11],[1.4  1.42 1.4  1.26 1.11 1.26]
74,4,[4.36031156e-03 4.26190038e-07 1.98732558e-05 2.79578022e-03],[1.11 1.11 1.11 1.23 1.11 1.11],[1.38 1.26 1.12 1.45 1.38 1.26]
74,5,[1.93401190e-07 6.28325191e-06 1.95538500e-02 5.83368731e-09],[1.29 1.05 1.37 1.05 1.29 1.05],[1.51 1.39 1.69 1.3  1.57 1.49]
74,6,[4.92177439e-08 5.64616476e-06 3.04283420e-02 1.21999524e-04],[1.27 1.03 1.19 1.03 1.19 1.03],[1.58 1.44 1.47 1.29 1.33 1.19]
74,7,[2.31539232e-11 1.28671424e-02 7.12571190e-04 4.34429494e-05],[1.06 1.14 1.21 1.06 1.06 1.14],[1.65 1.65 1.65 1.14 1.23 1.27]
74,8,[2.71693925e-05 2.83538506e-06 7.75573658e-05 6.21250604e-03],[1.22 1.21 1.09 1.21 1.09 1.09],[1.43 1.32 1.25 1.38 1.32 1.22]
74,9,[2.04884323e-03 7.92447209e-06 3.59052083e-04 6.20595344e-03],[1.1  1.1  1.09 1.14 1.09 1.09],[1.32 1.18 1.12 1.3  1.29 1.17]
70,0,[4.82010230e-03 1.47728760e-04 4.66972167e-03 7.82022933e-06],[1.1  1.1  1.1  1.1  1.17 1.1 ],[1.21 1.1  1.28 1.21 1.31 1.28]
70,1,[1.11157510e-02 7.43196887e-04 1.65825403e-05 6.82252110e-05],[1.07 1.07 1.07 1.14 1.14 1.19],[1.15 1.26 1.22 1.28 1.23 1.32]
70,2,[6.14813653e-05 6.45435590e-04 5.01180724e-02 4.53235423e-08],[1.14 1.   1.2  1.   1.14 1.  ],[1.27 1.22 1.47 1.14 1.44 1.43]
70,3,[3.86719837e-07 3.06989425e-08 1.71319212e-05 1.51237400e-06],[1.35 1.29 1.33 1.29 1.33 1.29],[1.7  1.5  1.53 1.57 1.6  1.47]
70,4,[9.52002964e-03 8.54149450e-06 1.25525216e-04 1.09601088e-05],[1.08 1.08 1.08 1.19 1.24 1.19],[1.29 1.2  1.28 1.34 1.38 1.33]
70,5,[0.00041844 0.00019025 0.00220667 0.00026432],[1.15 1.13 1.15 1.13 1.15 1.13],[1.27 1.19 1.23 1.21 1.25 1.21]
70,6,[3.01408345e-06 3.11594151e-06 3.71257456e-04 9.15755948e-05],[1.27 1.2  1.2  1.2  1.2  1.2 ],[1.52 1.36 1.39 1.36 1.38 1.26]
70,7,[2.11818818e-08 5.06318323e-03 5.70999280e-04 3.11825117e-01],[1.07 1.13 1.   1.07 1.   1.  ],[1.45 1.45 1.45 1.14 1.07 1.14]
70,8,[1.69123049e-02 1.81896954e-03 3.10042942e-06 2.71157559e-04],[1.05 1.05 1.05 1.11 1.11 1.15],[1.11 1.29 1.17 1.29 1.17 1.32]
70,9,[8.79285343e-07 1.80328616e-05 7.40711290e-05 2.09952765e-04],[1.24 1.21 1.21 1.21 1.21 1.21],[1.52 1.42 1.41 1.34 1.33 1.3 ]
81,0,[4.10887451e-05 3.06752338e-04 1.92710871e-04 2.01022517e-05],[1.2  1.2  1.21 1.2  1.2  1.2 ],[1.32 1.31 1.35 1.24 1.31 1.32]
81,1,[2.34238553e-05 1.46051841e-02 5.38252466e-04 1.00511334e-03],[1.06 1.13 1.12 1.06 1.06 1.12],[1.26 1.26 1.26 1.15 1.13 1.17]
81,2,[1.75935886e-04 1.83810465e-06 2.74063034e-02 2.75741452e-06],[1.18 1.03 1.18 1.03 1.29 1.03],[1.4  1.18 1.34 1.32 1.45 1.31]
81,3,[4.57403693e-04 5.17255854e-04 2.02986076e-06 6.63010928e-05],[1.19 1.19 1.19 1.19 1.19 1.19],[1.24 1.36 1.28 1.37 1.26 1.42]
81,4,[9.52024816e-03 1.04712968e-06 7.00806746e-10 2.68576332e-03],[1.08 1.08 1.08 1.32 1.09 1.09],[1.34 1.54 1.1  1.66 1.34 1.54]
81,5,[3.32728853e-02 2.96111513e-03 4.15396239e-06 8.01300073e-02],[1.   1.   1.   1.07 1.   1.  ],[1.07 1.27 1.   1.27 1.07 1.27]
81,6,[4.62187009e-05 1.72792244e-03 3.14125697e-04 3.26260851e-07],[1.14 1.16 1.21 1.14 1.14 1.16],[1.29 1.29 1.45 1.19 1.41 1.43]
81,7,[1.40598727e-05 2.55416872e-06 1.24931177e-10 2.09053765e-03],[1.27 1.27 1.13 1.29 1.13 1.13],[1.49 1.68 1.3  1.68 1.34 1.62]
81,8,[1.29232032e-05 1.45093821e-03 5.47036462e-04 1.48934053e-05],[1.15 1.15 1.23 1.15 1.15 1.15],[1.34 1.32 1.36 1.2  1.29 1.3 ]
81,9,[1.33064753e-05 2.97496095e-04 1.89484062e-07 1.04591928e-02],[1.17 1.24 1.07 1.17 1.07 1.07],[1.32 1.47 1.27 1.41 1.17 1.39]
67,0,[1.06071224e-04 5.11674597e-06 3.36284560e-07 5.67166841e-04],[1.2  1.2  1.18 1.27 1.18 1.18],[1.4  1.43 1.25 1.49 1.34 1.43]
67,1,[8.77149990e-05 2.73017302e-02 1.08438226e-05 5.12508423e-06],[1.03 1.21 1.21 1.03 1.03 1.25],[1.21 1.33 1.34 1.27 1.29 1.42]
67,2,[9.76225769e-05 3.98037932e-03 1.75912672e-05 4.96599368e-04],[1.11 1.18 1.15 1.11 1.11 1.15],[1.24 1.33 1.25 1.27 1.17 1.28]
67,3,[6.31109980e-04 9.33117246e-08 6.30082837e-05 2.86151103e-04],[1.18 1.18 1.18 1.2  1.18 1.18],[1.48 1.27 1.23 1.48 1.45 1.29]
67,4,[1.14791722e-03 1.93677516e-08 4.10568586e-05 1.00367267e-05],[1.16 1.16 1.16 1.23 1.25 1.23],[1.54 1.27 1.31 1.52 1.59 1.36]
67,5,[1.14394392e-08 3.05077645e-05 1.21132081e-04 6.35560871e-09],[1.24 1.23 1.44 1.23 1.24 1.23],[1.59 1.55 1.73 1.31 1.56 1.55]
67,6,[0.00031093 0.00011693 0.01238344 0.00388796],[1.15 1.07 1.08 1.07 1.08 1.07],[1.24 1.16 1.16 1.19 1.19 1.08]
67,7,[6.99438493e-04 2.12293473e-04 2.72579817e-02 1.10037758e-06],[1.14 1.03 1.14 1.03 1.16 1.03],[1.23 1.14 1.35 1.18 1.36 1.34]
67,8,[3.08415888e-05 1.06833404e-06 1.18207013e-08 1.07283737e-03],[1.24 1.24 1.16 1.32 1.16 1.16],[1.5  1.51 1.27 1.63 1.38 1.49]
67,9,[4.72015560e-06 6.02695230e-04 3.84218911e-03 5.64595246e-03],[1.13 1.1  1.1  1.1  1.1  1.1 ],[1.33 1.28 1.28 1.15 1.15 1.1 ]
80,0,[5.93881186e-04 1.60555514e-04 7.66469170e-05 7.74421620e-06],[1.18 1.18 1.18 1.19 1.19 1.19],[1.27 1.27 1.31 1.29 1.35 1.36]
80,1,[5.29990700e-04 1.27716286e-05 4.41006367e-05 7.63988230e-07],[1.18 1.18 1.18 1.23 1.24 1.23],[1.35 1.28 1.38 1.37 1.5  1.44]
80,2,[2.15642894e-05 1.04721234e-05 4.78584832e-07 1.63777848e-04],[1.25 1.25 1.22 1.25 1.22 1.22],[1.43 1.47 1.31 1.51 1.33 1.41]
80,3,[5.75714276e-09 2.10243154e-01 1.80221293e-06 1.53069664e-02],[1.   1.3  1.03 1.   1.   1.03],[1.46 1.55 1.46 1.31 1.03 1.31]
80,4,[1.30049429e-08 9.81519115e-05 1.61632666e-05 8.65231518e-06],[1.24 1.26 1.26 1.24 1.24 1.26],[1.61 1.57 1.56 1.34 1.36 1.4 ]
80,5,[8.70652274e-04 3.58852658e-05 7.66783437e-07 1.03719569e-04],[1.17 1.17 1.17 1.21 1.2  1.2 ],[1.29 1.41 1.24 1.44 1.32 1.44]
80,6,[5.69084640e-02 7.19868231e-07 2.70450333e-03 3.36941947e-06],[1.   1.   1.   1.09 1.29 1.09],[1.34 1.09 1.3  1.34 1.41 1.3 ]
80,7,[2.43218810e-04 7.99826264e-05 7.76060105e-03 5.18939120e-07],[1.17 1.08 1.17 1.08 1.19 1.08],[1.28 1.18 1.39 1.22 1.43 1.37]
80,8,[5.48962262e-04 2.65493786e-06 2.52861954e-10 9.24619720e-02],[1.15 1.15 1.   1.29 1.   1.  ],[1.37 1.56 1.15 1.63 1.31 1.56]
80,9,[1.71049473e-04 6.08530119e-03 2.48691845e-06 1.43330398e-03],[1.09 1.17 1.11 1.09 1.09 1.11],[1.21 1.35 1.21 1.32 1.13 1.32]
79,0,[2.62333321e-01 1.44931638e-05 5.03076542e-03 4.63664496e-03],[1.   1.   1.   1.05 1.05 1.05],[1.23 1.07 1.07 1.23 1.23 1.07]
79,1,[5.07532942e-07 1.80650271e-05 6.46262489e-04 9.54701812e-07],[1.26 1.18 1.32 1.18 1.26 1.18],[1.49 1.38 1.53 1.3  1.45 1.38]
79,2,[0.00021582 0.04350171 0.00063433 0.0012165 ],[1.01 1.12 1.12 1.01 1.01 1.12],[1.18 1.21 1.19 1.14 1.12 1.16]
79,3,[6.84907489e-05 1.08109231e-05 1.10175440e-03 2.60152791e-05],[1.22 1.16 1.22 1.16 1.22 1.16],[1.39 1.25 1.32 1.29 1.35 1.28]
79,4,[1.69092194e-02 1.17104033e-04 1.38333749e-07 4.46951955e-06],[1.05 1.05 1.05 1.2  1.2  1.27],[1.2  1.4  1.29 1.44 1.35 1.5 ]
79,5,[2.30833919e-08 2.72509434e-05 2.90883404e-06 4.19709138e-05],[1.27 1.29 1.27 1.27 1.27 1.27],[1.63 1.61 1.54 1.41 1.34 1.42]
79,6,[4.81327328e-05 2.24443463e-02 2.53552142e-08 1.39648565e-02],[1.03 1.2  1.03 1.03 1.03 1.03],[1.21 1.48 1.21 1.42 1.03 1.42]
79,7,[7.88945676e-05 2.16621767e-05 7.56948288e-04 5.42150989e-07],[1.21 1.17 1.21 1.17 1.23 1.17],[1.35 1.26 1.44 1.29 1.44 1.4 ]
79,8,[1.81474623e-03 3.74591235e-05 1.46156765e-02 3.02034548e-06],[1.1  1.06 1.1  1.06 1.21 1.06],[1.25 1.11 1.31 1.23 1.38 1.31]
79,9,[3.82397840e-04 2.07969099e-03 2.10757257e-06 5.01521065e-05],[1.13 1.16 1.16 1.13 1.13 1.2 ],[1.21 1.37 1.28 1.34 1.25 1.4 ]
97,0,[4.44722055e-04 1.27596449e-07 3.14360042e-04 1.47755514e-04],[1.19 1.19 1.19 1.19 1.19 1.19],[1.47 1.24 1.25 1.44 1.48 1.28]
97,1,[6.19637829e-03 1.03261471e-05 1.04409412e-04 3.01298048e-04],[1.09 1.09 1.09 1.18 1.17 1.17],[1.3  1.21 1.17 1.33 1.32 1.24]
97,2,[2.21409606e-04 1.60189557e-05 9.31855390e-06 2.88109771e-03],[1.17 1.17 1.12 1.24 1.12 1.12],[1.34 1.32 1.2  1.39 1.27 1.29]
97,3,[1.02751775e-05 8.00864632e-03 4.81890750e-09 2.70232378e-03],[1.08 1.25 1.09 1.08 1.08 1.09],[1.27 1.53 1.27 1.48 1.1  1.48]
97,4,[2.67028339e-02 3.94076722e-07 2.74409139e-06 1.06737202e-03],[1.03 1.03 1.03 1.29 1.12 1.12],[1.38 1.32 1.12 1.49 1.38 1.32]
97,5,[1.1376657e-05 1.0985322e-03 3.2215765e-03 5.2094756e-03],[1.1 1.1 1.1 1.1 1.1 1.1],[1.29 1.27 1.27 1.13 1.13 1.11]
97,6,[1.49782122e-04 8.85516152e-04 3.14392377e-06 9.29186571e-05],[1.16 1.18 1.18 1.16 1.16 1.18],[1.26 1.38 1.29 1.33 1.25 1.39]
97,7,[9.84003161e-02 1.97996680e-03 8.15203089e-04 1.52260306e-06],[1.   1.   1.   1.1  1.1  1.11],[1.1  1.13 1.32 1.14 1.32 1.32]
97,8,[3.48738414e-08 4.59290173e-02 5.17585376e-05 1.28105405e-03],[1.01 1.2  1.12 1.01 1.01 1.12],[1.42 1.47 1.42 1.22 1.12 1.23]
97,9,[0.00759517 0.00160943 0.00113529 0.0002274 ],[1.09 1.09 1.09 1.1  1.1  1.1 ],[1.14 1.13 1.18 1.15 1.19 1.19]
72,0,[3.32114579e-06 7.96554481e-05 1.01961286e-04 3.14231189e-02],[1.19 1.19 1.03 1.19 1.03 1.03],[1.39 1.36 1.31 1.28 1.21 1.2 ]
72,1,[2.30021531e-04 1.13693519e-05 1.96650933e-04 1.07165202e-06],[1.21 1.21 1.21 1.21 1.25 1.21],[1.37 1.25 1.39 1.34 1.46 1.41]
72,2,[5.51099365e-04 3.26180633e-04 2.14355151e-03 7.35013705e-05],[1.14 1.13 1.14 1.13 1.14 1.13],[1.24 1.17 1.25 1.19 1.27 1.24]
72,3,[2.78848417e-05 6.00782690e-03 2.83112386e-02 4.34812518e-07],[1.06 1.03 1.22 1.03 1.06 1.03],[1.24 1.24 1.43 1.06 1.34 1.34]
72,4,[2.73164398e-05 4.93265462e-05 3.66390438e-06 3.28407616e-05],[1.26 1.26 1.26 1.26 1.26 1.26],[1.41 1.44 1.36 1.39 1.33 1.4 ]
72,5,[2.99991711e-03 1.71279700e-03 6.91574985e-05 6.68681177e-09],[1.12 1.12 1.12 1.12 1.12 1.19],[1.16 1.24 1.5  1.25 1.5  1.52]
72,6,[2.05152174e-06 4.58185776e-03 2.51722554e-05 1.21869049e-06],[1.1  1.25 1.3  1.1  1.1  1.25],[1.35 1.4  1.48 1.26 1.34 1.42]
72,7,[1.52602104e-07 2.38715383e-03 1.22806109e-02 6.82180809e-04],[1.1  1.07 1.12 1.07 1.1  1.07],[1.41 1.4  1.4  1.1  1.14 1.14]
72,8,[1.43171270e-06 8.49848955e-05 2.46674014e-03 8.16235782e-03],[1.19 1.1  1.08 1.1  1.08 1.08],[1.41 1.32 1.32 1.21 1.21 1.11]
72,9,[3.86800236e-09 7.25714734e-02 7.66461314e-08 6.97652795e-07],[1.   1.39 1.35 1.   1.   1.35],[1.51 1.65 1.65 1.41 1.35 1.54]
82,0,[1.32268196e-10 1.60339425e-03 3.62364549e-06 6.46642884e-07],[1.14 1.31 1.33 1.14 1.14 1.31],[1.66 1.7  1.74 1.33 1.37 1.5 ]
82,1,[1.69133128e-03 9.65176909e-05 1.46649108e-02 8.09094163e-05],[1.11 1.06 1.11 1.06 1.18 1.06],[1.23 1.11 1.21 1.21 1.27 1.21]
82,2,[8.38401856e-02 6.00911872e-06 3.57363263e-05 9.03780134e-06],[1.   1.   1.   1.23 1.25 1.23],[1.29 1.23 1.27 1.36 1.39 1.36]
82,3,[9.02992247e-06 4.62339244e-06 1.63894978e-04 6.76998755e-07],[1.28 1.22 1.28 1.22 1.28 1.22],[1.51 1.36 1.46 1.37 1.5  1.44]
82,4,[1.56439812e-05 6.06666729e-02 8.45658933e-04 7.49726370e-09],[1.   1.13 1.24 1.   1.   1.13],[1.26 1.27 1.52 1.13 1.49 1.49]
82,5,[4.44975263e-08 6.15790011e-04 2.10403239e-04 6.29591114e-03],[1.14 1.16 1.09 1.14 1.09 1.09],[1.46 1.47 1.44 1.2  1.16 1.18]
82,6,[1.52449238e-04 4.08974125e-02 7.30306244e-04 9.29851463e-06],[1.01 1.14 1.17 1.01 1.01 1.14],[1.19 1.21 1.31 1.14 1.27 1.29]
82,7,[6.70879736e-03 6.50181564e-07 2.13157790e-03 4.55932228e-04],[1.09 1.09 1.09 1.1  1.13 1.1 ],[1.35 1.11 1.16 1.35 1.35 1.16]
82,8,[1.42973532e-04 1.21716099e-05 1.27899364e-05 4.11092506e-05],[1.23 1.23 1.23 1.23 1.23 1.23],[1.38 1.33 1.31 1.4  1.37 1.39]
82,9,[1.67924139e-06 2.38737240e-02 4.24350143e-07 2.48375009e-09],[1.04 1.33 1.33 1.04 1.04 1.34],[1.34 1.52 1.61 1.37 1.51 1.64]
68,0,[3.75834422e-06 1.02364898e-07 1.20970712e-06 2.06860535e-03],[1.3  1.3  1.13 1.32 1.13 1.13],[1.58 1.44 1.32 1.56 1.45 1.37]
68,1,[4.59069692e-03 3.01576908e-04 1.28606015e-11 3.35213068e-04],[1.1  1.1  1.1  1.15 1.15 1.15],[1.19 1.66 1.18 1.68 1.23 1.67]
68,2,[4.79744944e-08 5.70267989e-04 4.74988842e-03 6.81543100e-06],[1.15 1.1  1.26 1.1  1.15 1.1 ],[1.49 1.44 1.52 1.17 1.32 1.3 ]
68,3,[6.59686917e-03 3.88018513e-07 5.75524940e-05 1.87321628e-02],[1.06 1.06 1.05 1.2  1.05 1.05],[1.37 1.2  1.06 1.42 1.37 1.2 ]
68,4,[3.63727071e-05 1.19695419e-04 3.63207184e-04 2.79356883e-05],[1.2  1.2  1.21 1.2  1.2  1.2 ],[1.35 1.3  1.36 1.26 1.32 1.31]
68,5,[7.92615624e-03 2.28253492e-08 7.97001789e-05 1.20107606e-07],[1.08 1.08 1.08 1.21 1.38 1.21],[1.47 1.21 1.4  1.5  1.67 1.45]
68,6,[2.70419441e-07 5.96234823e-04 9.43390959e-05 1.68905923e-04],[1.18 1.18 1.18 1.18 1.18 1.18],[1.44 1.47 1.43 1.25 1.24 1.27]
68,7,[6.70700771e-04 4.71399578e-06 2.56523204e-06 3.00206955e-01],[1.14 1.14 1.   1.27 1.   1.  ],[1.34 1.33 1.14 1.43 1.29 1.31]
68,8,[1.54949385e-03 1.74902848e-05 1.65737344e-06 6.39737056e-05],[1.14 1.14 1.14 1.24 1.22 1.22],[1.31 1.37 1.25 1.46 1.34 1.41]
68,9,[1.07598656e-05 4.20752662e-05 5.24659269e-07 5.53368379e-03],[1.23 1.25 1.1  1.23 1.1  1.1 ],[1.38 1.45 1.28 1.4  1.24 1.37]
71,0,[3.67515352e-03 6.08941027e-06 6.67067497e-03 7.71539275e-04],[1.09 1.09 1.09 1.09 1.12 1.09],[1.31 1.1  1.13 1.3  1.3  1.13]
71,1,[1.62478698e-04 1.01073698e-08 1.56093475e-05 1.89416520e-05],[1.22 1.22 1.22 1.24 1.24 1.24],[1.6  1.32 1.33 1.6  1.59 1.4 ]
71,2,[4.66203108e-04 3.10289448e-04 7.24517875e-05 2.95299630e-02],[1.15 1.15 1.03 1.15 1.03 1.03],[1.22 1.23 1.15 1.25 1.17 1.21]
71,3,[5.45866182e-05 1.40025812e-03 7.06834135e-03 6.19671215e-05],[1.11 1.09 1.19 1.09 1.11 1.09],[1.25 1.24 1.31 1.12 1.24 1.23]
71,4,[3.25571567e-04 8.46537475e-07 7.57549864e-05 3.47168535e-04],[1.2 1.2 1.2 1.2 1.2 1.2],[1.43 1.28 1.23 1.41 1.38 1.28]
71,5,[0.0002787  0.00100322 0.00083095 0.00015033],[1.16 1.16 1.16 1.16 1.16 1.16],[1.25 1.22 1.26 1.19 1.23 1.24]
71,6,[2.63252482e-04 5.98362419e-04 4.77254747e-07 8.44615971e-05],[1.18 1.18 1.18 1.18 1.18 1.19],[1.25 1.42 1.28 1.42 1.26 1.45]
71,7,[5.59839311e-05 2.51362011e-03 1.54711586e-05 7.95717638e-05],[1.13 1.2  1.2  1.13 1.13 1.2 ],[1.26 1.36 1.32 1.28 1.23 1.33]
71,8,[5.79184365e-06 2.02144241e-03 6.86685810e-07 9.91023993e-03],[1.1  1.27 1.07 1.1  1.07 1.07],[1.31 1.44 1.3  1.35 1.11 1.35]
71,9,[5.65022907e-04 2.80535232e-07 1.38149006e-08 2.51585110e-04],[1.18 1.18 1.18 1.36 1.18 1.18],[1.46 1.5  1.24 1.67 1.42 1.53]
85,0,[1.49286743e-02 8.43270184e-05 3.71890898e-05 1.80054133e-05],[1.06 1.06 1.06 1.21 1.21 1.21],[1.22 1.23 1.26 1.29 1.32 1.34]
85,1,[9.96389262e-04 3.44834727e-03 2.09372445e-04 2.10824913e-10],[1.12 1.13 1.13 1.12 1.12 1.16],[1.17 1.22 1.57 1.19 1.57 1.58]
85,2,[2.68583851e-06 2.40913226e-04 1.05832476e-05 4.17294054e-05],[1.21 1.25 1.23 1.21 1.21 1.23],[1.41 1.43 1.41 1.34 1.3  1.37]
85,3,[7.80441307e-05 1.37434940e-03 7.44549012e-07 1.36536617e-04],[1.15 1.19 1.19 1.15 1.15 1.19],[1.29 1.42 1.3  1.38 1.23 1.42]
85,4,[6.00094609e-03 3.50971892e-03 4.95634933e-07 2.22934587e-04],[1.09 1.09 1.09 1.09 1.09 1.16],[1.11 1.36 1.18 1.36 1.18 1.37]
85,5,[1.58296424e-07 1.19899457e-05 4.85777655e-05 4.05377469e-05],[1.26 1.26 1.26 1.26 1.26 1.26],[1.6  1.48 1.48 1.36 1.37 1.35]
85,6,[7.86823251e-04 2.98037258e-02 2.85858290e-06 6.23897945e-03],[1.03 1.11 1.06 1.03 1.03 1.06],[1.13 1.3  1.13 1.29 1.06 1.29]
85,7,[1.17126897e-07 1.35152271e-06 9.73276353e-04 2.13979523e-05],[1.31 1.16 1.25 1.16 1.25 1.16],[1.58 1.43 1.5  1.37 1.42 1.28]
85,8,[8.17159803e-07 1.62976030e-03 2.66154284e-05 6.05829166e-02],[1.11 1.22 1.   1.11 1.   1.  ],[1.38 1.41 1.35 1.25 1.11 1.24]
85,9,[6.04568401e-04 8.22442827e-07 2.21334955e-04 1.98088703e-07],[1.18 1.18 1.18 1.18 1.32 1.18],[1.43 1.23 1.41 1.39 1.51 1.41]
89,0,[4.59751452e-04 4.23382673e-03 1.35250292e-04 2.21209752e-05],[1.11 1.15 1.15 1.11 1.11 1.17],[1.19 1.23 1.29 1.21 1.27 1.31]
89,1,[7.04075465e-10 3.22216483e-01 1.10341123e-06 9.41425618e-03],[1.   1.32 1.04 1.   1.   1.04],[1.53 1.6  1.53 1.32 1.04 1.32]
89,2,[3.00090836e-04 3.38747228e-03 1.81098840e-05 2.78446452e-05],[1.12 1.16 1.16 1.12 1.12 1.22],[1.21 1.31 1.3  1.27 1.26 1.35]
89,3,[2.98091949e-04 6.35852576e-06 1.87213562e-04 2.36963039e-04],[1.2 1.2 1.2 1.2 1.2 1.2],[1.36 1.27 1.25 1.35 1.34 1.27]
89,4,[6.85463988e-04 1.37567864e-04 4.79274265e-07 1.13087251e-09],[1.18 1.18 1.18 1.19 1.19 1.34],[1.29 1.4  1.58 1.43 1.58 1.69]
89,5,[1.09800409e-03 6.44068796e-08 1.85946095e-02 7.11710774e-02],[1.1  1.02 1.   1.02 1.   1.  ],[1.43 1.1  1.1  1.39 1.39 1.02]
89,6,[5.74703214e-05 1.02489205e-07 5.24646632e-06 3.78334134e-04],[1.22 1.22 1.2  1.27 1.2  1.2 ],[1.56 1.38 1.28 1.51 1.46 1.36]
89,7,[5.65779564e-03 1.57692759e-08 1.14196146e-07 1.76407260e-03],[1.1  1.1  1.1  1.38 1.11 1.11],[1.47 1.42 1.12 1.62 1.47 1.42]
89,8,[2.24217563e-04 1.75328004e-05 2.49927911e-02 1.12765560e-02],[1.16 1.04 1.04 1.04 1.04 1.04],[1.31 1.16 1.16 1.24 1.24 1.04]
89,9,[1.13759050e-03 7.14257542e-11 7.36107182e-03 2.19490497e-08],[1.12 1.08 1.12 1.08 1.43 1.08],[1.65 1.14 1.45 1.62 1.8  1.45]
91,0,[4.05933885e-02 1.47781731e-07 7.00535665e-04 5.95586570e-05],[1.01 1.01 1.01 1.14 1.2  1.14],[1.4  1.14 1.22 1.4  1.46 1.24]
91,1,[4.43003127e-03 3.63482731e-07 1.09302118e-06 4.20075516e-04],[1.1  1.1  1.1  1.32 1.16 1.16],[1.42 1.35 1.18 1.51 1.42 1.37]
91,2,[0.00044938 0.00010123 0.01327551 0.00612227],[1.14 1.06 1.06 1.06 1.06 1.06],[1.23 1.14 1.14 1.19 1.19 1.07]
91,3,[2.09582196e-07 1.31014265e-04 1.37958583e-05 3.82454567e-07],[1.23 1.26 1.34 1.23 1.23 1.26],[1.51 1.47 1.57 1.35 1.43 1.48]
91,4,[5.95254619e-05 2.01178039e-03 5.92030748e-03 8.39755648e-05],[1.1  1.09 1.19 1.09 1.1  1.09],[1.24 1.23 1.3  1.12 1.22 1.22]
91,5,[1.30292932e-07 3.80641295e-03 7.28444804e-05 2.42734320e-04],[1.11 1.19 1.17 1.11 1.11 1.17],[1.43 1.46 1.45 1.24 1.19 1.27]
91,6,[9.89065250e-05 4.89999412e-04 1.65428773e-06 6.06034388e-07],[1.19 1.2  1.2  1.19 1.19 1.31],[1.3  1.42 1.42 1.37 1.39 1.48]
91,7,[8.81385960e-05 5.49681906e-04 6.58040322e-06 3.32195729e-03],[1.15 1.18 1.12 1.15 1.12 1.12],[1.27 1.35 1.22 1.31 1.17 1.31]
91,8,[3.76789963e-03 5.84396428e-04 1.31446599e-04 2.52198796e-06],[1.11 1.11 1.11 1.14 1.14 1.17],[1.19 1.21 1.33 1.24 1.35 1.36]
91,9,[4.52945491e-04 1.15404246e-05 2.51297749e-03 5.89268512e-04],[1.13 1.13 1.13 1.13 1.13 1.13],[1.31 1.19 1.21 1.28 1.29 1.17]
78,0,[3.07527635e-05 2.41514127e-03 2.82705050e-05 3.76911737e-03],[1.11 1.21 1.11 1.11 1.11 1.11],[1.27 1.33 1.25 1.25 1.13 1.25]
78,1,[5.60595411e-03 1.54614075e-07 2.08427967e-04 4.48941981e-03],[1.1  1.1  1.1  1.16 1.1  1.1 ],[1.41 1.17 1.1  1.41 1.41 1.17]
78,2,[2.29073032e-04 3.68679279e-04 4.03169414e-06 1.01346228e-03],[1.16 1.16 1.16 1.16 1.16 1.16],[1.27 1.36 1.23 1.34 1.21 1.35]
78,3,[0.00086213 0.00067422 0.00497334 0.0008252 ],[1.11 1.1  1.11 1.1  1.11 1.1 ],[1.2  1.15 1.17 1.16 1.17 1.15]
78,4,[6.13869576e-04 4.82034452e-08 1.44985457e-04 1.58500530e-05],[1.18 1.18 1.18 1.19 1.24 1.19],[1.5  1.26 1.31 1.47 1.51 1.33]
78,5,[0.00019762 0.00050786 0.00067058 0.00023883],[1.17 1.17 1.17 1.17 1.17 1.17],[1.26 1.23 1.25 1.21 1.25 1.23]
78,6,[0.00063343 0.00190487 0.00140222 0.0338377 ],[1.1  1.1  1.02 1.1  1.02 1.02],[1.17 1.16 1.14 1.13 1.1  1.11]
78,7,[1.15940349e-01 1.64829851e-06 5.13591933e-05 1.72201675e-08],[1.   1.   1.   1.22 1.31 1.22],[1.33 1.22 1.47 1.38 1.56 1.53]
78,8,[2.11510088e-03 8.51876605e-08 7.82620389e-04 3.22499716e-05],[1.13 1.13 1.13 1.13 1.22 1.13],[1.47 1.17 1.26 1.46 1.5  1.27]
78,9,[6.50020194e-05 1.00127111e-04 5.83192522e-03 2.66563588e-04],[1.18 1.1  1.17 1.1  1.17 1.1 ],[1.31 1.23 1.26 1.21 1.25 1.18]
87,0,[2.12431988e-05 4.98737918e-04 3.40298445e-03 4.41530499e-08],[1.15 1.12 1.23 1.12 1.15 1.12],[1.31 1.27 1.48 1.18 1.45 1.45]
87,1,[8.76774558e-05 1.29704304e-02 1.49274938e-05 1.92733362e-04],[1.06 1.19 1.18 1.06 1.06 1.18],[1.23 1.33 1.26 1.26 1.18 1.3 ]
87,2,[1.04711636e-04 4.76608017e-08 1.08282349e-03 3.08257736e-03],[1.18 1.12 1.12 1.12 1.12 1.12],[1.51 1.22 1.22 1.44 1.44 1.16]
87,3,[5.32641437e-05 1.72432198e-03 2.36767430e-05 3.17685739e-06],[1.14 1.22 1.22 1.14 1.14 1.22],[1.27 1.33 1.38 1.28 1.33 1.42]
87,4,[5.01930466e-04 7.92234027e-04 4.72672721e-04 7.63070451e-09],[1.17 1.17 1.17 1.17 1.17 1.17],[1.22 1.23 1.51 1.2  1.5  1.5 ]
87,5,[1.76852805e-02 1.68779758e-07 1.27371205e-04 4.13001204e-08],[1.05 1.05 1.05 1.2  1.37 1.2 ],[1.42 1.2  1.43 1.45 1.66 1.46]
87,6,[2.61737699e-05 5.45237558e-04 2.67231183e-06 1.48020742e-03],[1.15 1.22 1.15 1.15 1.15 1.15],[1.32 1.39 1.27 1.35 1.18 1.34]
87,7,[6.82082406e-04 1.57372842e-05 2.07916140e-04 3.07609854e-04],[1.17 1.17 1.17 1.17 1.17 1.17],[1.34 1.24 1.22 1.31 1.32 1.24]
87,8,[0.00027476 0.0053421  0.21201063 0.0225544 ],[1.05 1.   1.01 1.   1.01 1.  ],[1.16 1.15 1.15 1.05 1.05 1.01]
87,9,[1.28760292e-06 2.67024313e-02 3.30918240e-02 3.31316000e-05],[1.   1.   1.22 1.   1.   1.  ],[1.32 1.32 1.37 1.   1.22 1.22]
65,0,[1.83045348e-05 1.88559404e-04 2.37117774e-04 2.93640832e-07],[1.21 1.21 1.23 1.21 1.21 1.21],[1.36 1.33 1.48 1.26 1.45 1.44]
65,1,[9.01439382e-04 1.47507201e-05 6.66078893e-05 5.91705454e-08],[1.16 1.16 1.16 1.22 1.24 1.22],[1.34 1.27 1.46 1.34 1.54 1.51]
65,2,[1.97049661e-07 2.54528884e-03 4.46427282e-05 1.56074468e-03],[1.13 1.21 1.13 1.13 1.13 1.13],[1.41 1.46 1.41 1.24 1.14 1.24]
65,3,[3.36640624e-04 6.61168435e-05 9.76287613e-04 1.18749975e-05],[1.16 1.16 1.16 1.16 1.19 1.16],[1.3  1.21 1.33 1.25 1.34 1.32]
65,4,[9.04887432e-04 5.06698303e-08 7.16435795e-08 1.11090170e-04],[1.16 1.16 1.16 1.39 1.2  1.2 ],[1.52 1.44 1.24 1.63 1.49 1.45]
65,5,[5.27354156e-05 2.42473078e-03 1.89584495e-02 1.50178463e-05],[1.1  1.05 1.2  1.05 1.1  1.05],[1.24 1.22 1.34 1.1  1.26 1.26]
65,6,[9.87163116e-05 3.94228717e-05 1.32589151e-04 4.13804679e-09],[1.23 1.23 1.23 1.23 1.23 1.23],[1.36 1.3  1.59 1.31 1.57 1.56]
65,7,[5.59792918e-03 1.46320867e-05 3.85088843e-04 1.17578595e-06],[1.1  1.1  1.1  1.16 1.24 1.16],[1.3  1.17 1.34 1.31 1.44 1.36]
65,8,[3.34266759e-07 1.87389564e-05 1.84509856e-04 2.97566717e-04],[1.24 1.2  1.2  1.2  1.2  1.2 ],[1.52 1.44 1.43 1.32 1.3  1.26]
65,9,[6.02288019e-08 6.01639882e-08 2.48019026e-05 7.87946224e-05],[1.39 1.25 1.25 1.25 1.25 1.25],[1.73 1.53 1.49 1.54 1.49 1.36]
73,0,[1.16198387e-05 6.27197430e-06 1.52644774e-07 2.44776552e-05],[1.28 1.28 1.28 1.28 1.28 1.28],[1.49 1.49 1.39 1.53 1.42 1.47]
73,1,[4.02700899e-08 7.18460380e-04 5.61559688e-11 7.28554652e-08],[1.17 1.41 1.41 1.17 1.17 1.41],[1.53 1.85 1.67 1.64 1.44 1.78]
73,2,[1.97199501e-04 3.46706845e-04 8.92566005e-02 8.24727641e-06],[1.16 1.   1.16 1.   1.16 1.  ],[1.26 1.18 1.32 1.16 1.3  1.28]
73,3,[5.10099461e-04 3.77425482e-04 5.50773776e-07 6.30770831e-05],[1.18 1.18 1.18 1.18 1.18 1.2 ],[1.27 1.41 1.27 1.41 1.27 1.45]
73,4,[1.15969877e-06 2.20704424e-06 1.07711151e-03 4.94084318e-04],[1.3  1.16 1.16 1.16 1.16 1.16],[1.55 1.36 1.37 1.35 1.36 1.21]
73,5,[0.00031791 0.00086712 0.00143776 0.00122815],[1.15 1.15 1.15 1.15 1.15 1.15],[1.22 1.2  1.2  1.18 1.18 1.18]
73,6,[3.18845345e-05 2.97957260e-05 3.83377882e-03 1.80528259e-07],[1.22 1.11 1.22 1.11 1.22 1.11],[1.36 1.25 1.44 1.25 1.47 1.4 ]
73,7,[3.32648544e-05 8.51875844e-03 2.81324252e-05 1.66271582e-02],[1.05 1.21 1.05 1.05 1.05 1.05],[1.23 1.3  1.23 1.22 1.05 1.22]
73,8,[1.19727485e-04 6.08119697e-05 1.29627315e-04 2.34387294e-02],[1.18 1.18 1.04 1.18 1.04 1.04],[1.3  1.26 1.2  1.3  1.22 1.19]
73,9,[2.79533049e-03 4.16904000e-08 4.61374360e-05 2.03063897e-03],[1.12 1.12 1.12 1.21 1.12 1.12],[1.43 1.23 1.13 1.49 1.43 1.23]
98,0,[9.53239322e-03 8.28726701e-05 5.12049564e-04 1.93913280e-05],[1.08 1.08 1.08 1.15 1.19 1.15],[1.22 1.16 1.26 1.23 1.32 1.28]
98,1,[1.03991681e-02 4.08254539e-08 2.88969284e-05 6.50657034e-03],[1.07 1.07 1.07 1.22 1.07 1.07],[1.43 1.22 1.07 1.48 1.43 1.22]
98,2,[1.42881223e-05 7.40411095e-08 1.61046707e-04 2.11808094e-05],[1.24 1.22 1.24 1.22 1.24 1.22],[1.55 1.35 1.39 1.47 1.5  1.33]
98,3,[3.58112948e-08 7.63301627e-04 1.32517327e-03 3.77198401e-06],[1.15 1.15 1.28 1.15 1.15 1.15],[1.51 1.46 1.54 1.18 1.35 1.33]
98,4,[2.49933901e-07 1.26890572e-02 1.80348278e-05 4.59798366e-06],[1.06 1.26 1.28 1.06 1.06 1.26],[1.41 1.47 1.48 1.26 1.3  1.38]
98,5,[2.92396182e-05 9.91402377e-05 2.86059901e-04 9.89226286e-04],[1.18 1.17 1.16 1.17 1.16 1.16],[1.37 1.3  1.28 1.27 1.25 1.22]
98,6,[4.14622011e-06 6.61100727e-05 3.17915844e-02 4.74547279e-05],[1.2  1.03 1.2  1.03 1.2  1.03],[1.42 1.3  1.37 1.22 1.29 1.22]
98,7,[2.27229878e-04 9.22288579e-09 1.00272446e-08 2.73869675e-03],[1.17 1.17 1.12 1.44 1.12 1.12],[1.56 1.51 1.21 1.69 1.49 1.49]
98,8,[6.39971910e-05 1.07009496e-05 8.80890121e-07 1.16581804e-03],[1.22 1.22 1.16 1.25 1.16 1.16],[1.38 1.4  1.26 1.46 1.31 1.38]
98,9,[1.43282980e-02 2.76767829e-03 9.06515580e-05 1.06146686e-04],[1.06 1.06 1.06 1.09 1.09 1.17],[1.1  1.2  1.2  1.2  1.2  1.26]
92,0,[1.75732017e-03 7.06278763e-07 4.52867752e-03 1.33515875e-05],[1.11 1.1  1.11 1.1  1.24 1.1 ],[1.37 1.13 1.28 1.35 1.43 1.27]
92,1,[2.40406796e-04 1.41070191e-05 3.99229109e-05 2.25676751e-03],[1.17 1.17 1.13 1.21 1.13 1.13],[1.33 1.29 1.21 1.33 1.28 1.25]
92,2,[2.31657359e-05 4.40000735e-06 3.08116757e-08 7.67995930e-07],[1.28 1.28 1.28 1.3  1.3  1.33],[1.46 1.57 1.43 1.56 1.48 1.66]
92,3,[1.70361376e-05 4.22078414e-04 9.87246404e-06 3.56689891e-07],[1.19 1.25 1.25 1.19 1.19 1.25],[1.36 1.39 1.51 1.33 1.42 1.49]
92,4,[2.28274068e-03 2.58777279e-06 9.72111525e-05 4.93916410e-04],[1.13 1.13 1.13 1.18 1.15 1.15],[1.37 1.23 1.18 1.39 1.37 1.26]
92,5,[1.08800904e-05 1.74756813e-02 3.03636845e-04 7.62476879e-06],[1.05 1.16 1.24 1.05 1.05 1.16],[1.28 1.3  1.4  1.16 1.28 1.31]
92,6,[5.40676522e-05 1.47383423e-03 1.18923185e-02 1.56153965e-04],[1.11 1.07 1.17 1.07 1.11 1.07],[1.24 1.22 1.28 1.12 1.19 1.19]
92,7,[2.94478104e-03 1.11493655e-04 6.59084902e-05 6.31852146e-06],[1.12 1.12 1.12 1.2  1.2  1.2 ],[1.25 1.24 1.31 1.3  1.35 1.36]
92,8,[3.96829583e-04 3.74267386e-03 9.00375037e-05 3.55196477e-04],[1.11 1.14 1.14 1.11 1.11 1.14],[1.2  1.25 1.23 1.22 1.18 1.25]
92,9,[2.56864404e-05 6.92722168e-06 2.82356287e-05 1.09141514e-02],[1.22 1.22 1.07 1.22 1.07 1.07],[1.48 1.34 1.25 1.37 1.29 1.24]
77,0,[2.93725579e-05 1.99129091e-05 2.48501007e-06 8.11520730e-05],[1.25 1.25 1.25 1.25 1.25 1.25],[1.42 1.41 1.34 1.41 1.34 1.4 ]
77,1,[1.45866217e-03 1.85132376e-05 8.51020441e-07 2.34763929e-06],[1.15 1.15 1.15 1.25 1.25 1.29],[1.34 1.37 1.36 1.45 1.42 1.5 ]
77,2,[1.80325136e-01 1.22476938e-06 6.57404163e-03 8.29271177e-06],[1.   1.   1.   1.06 1.26 1.06],[1.32 1.06 1.26 1.32 1.4  1.26]
77,3,[4.37310727e-07 1.11412662e-04 5.64035440e-06 1.18113920e-04],[1.23 1.27 1.23 1.23 1.23 1.23],[1.47 1.51 1.43 1.37 1.3  1.38]
77,4,[5.48553269e-09 1.08590201e-03 2.62674230e-02 2.37077510e-04],[1.12 1.03 1.15 1.03 1.12 1.03],[1.52 1.5  1.52 1.12 1.19 1.17]
77,5,[0.00553967 0.00021296 0.00056841 0.00396076],[1.1  1.1  1.1  1.13 1.1  1.1 ],[1.19 1.15 1.1  1.21 1.19 1.15]
77,6,[3.15440426e-07 1.59216645e-05 3.86942229e-08 8.89543280e-03],[1.26 1.36 1.08 1.26 1.08 1.08],[1.54 1.57 1.38 1.5  1.27 1.44]
77,7,[7.99685777e-07 1.40272931e-04 4.60097569e-04 5.88577613e-08],[1.19 1.18 1.33 1.18 1.19 1.18],[1.45 1.38 1.59 1.27 1.5  1.49]
77,8,[1.90094782e-04 2.38916784e-06 2.07455242e-06 6.44263003e-04],[1.18 1.18 1.18 1.29 1.18 1.18],[1.42 1.39 1.25 1.47 1.36 1.36]
77,9,[1.82171396e-08 1.70930199e-03 2.23550655e-06 3.03520300e-03],[1.12 1.29 1.12 1.12 1.12 1.12],[1.5  1.57 1.47 1.32 1.14 1.32]
95,0,[0.00266551 0.01896866 0.00073934 0.00041472],[1.05 1.09 1.09 1.05 1.05 1.12],[1.1  1.14 1.15 1.14 1.15 1.17]
95,1,[1.04077998e-07 5.45273134e-02 1.80663287e-02 4.40870997e-06],[1.   1.02 1.28 1.   1.   1.02],[1.39 1.39 1.47 1.02 1.28 1.28]
95,2,[9.45873698e-04 5.28108720e-04 1.45862612e-06 5.14992840e-06],[1.16 1.16 1.16 1.16 1.16 1.27],[1.22 1.37 1.35 1.38 1.32 1.46]
95,3,[5.47148484e-03 3.15278087e-06 7.27430145e-03 1.69492836e-06],[1.09 1.09 1.09 1.09 1.29 1.09],[1.31 1.09 1.32 1.31 1.41 1.32]
95,4,[1.06558463e-07 8.48401696e-03 6.11962458e-09 4.13808809e-09],[1.08 1.41 1.41 1.08 1.08 1.45],[1.44 1.64 1.68 1.49 1.5  1.75]
95,5,[2.01004474e-07 2.07788786e-02 8.54801987e-07 3.31315501e-05],[1.04 1.33 1.24 1.04 1.04 1.24],[1.4  1.52 1.45 1.35 1.24 1.39]
95,6,[9.18845047e-04 7.22064355e-05 3.96180505e-04 2.66993435e-05],[1.16 1.16 1.16 1.16 1.19 1.16],[1.3  1.21 1.29 1.27 1.33 1.31]
95,7,[5.31927510e-06 2.28369405e-03 8.94652923e-03 1.16092609e-03],[1.1  1.08 1.1  1.08 1.1  1.08],[1.3  1.29 1.3  1.11 1.13 1.13]
95,8,[2.98644392e-03 6.65932151e-06 3.50804488e-03 6.21530260e-03],[1.09 1.09 1.09 1.09 1.09 1.09],[1.28 1.1  1.1  1.28 1.28 1.1 ]
95,9,[1.53462873e-03 2.68113344e-06 1.39813401e-03 1.17977818e-06],[1.14 1.14 1.14 1.14 1.29 1.14],[1.36 1.17 1.37 1.33 1.45 1.37]
84,0,[5.38043113e-02 7.88640363e-05 5.23005435e-04 2.55641982e-03],[1.   1.   1.   1.13 1.09 1.09],[1.21 1.15 1.09 1.22 1.21 1.15]
84,1,[2.81932304e-06 3.18151358e-06 3.40203465e-06 1.53678039e-06],[1.35 1.35 1.35 1.35 1.35 1.35],[1.5  1.47 1.48 1.49 1.48 1.48]
84,2,[2.02282940e-06 4.04500696e-04 4.17693509e-07 3.04006263e-02],[1.16 1.3  1.03 1.16 1.03 1.03],[1.37 1.51 1.32 1.38 1.16 1.37]
84,3,[4.02800515e-03 9.82404812e-05 8.39617054e-04 2.52768377e-06],[1.11 1.11 1.11 1.13 1.18 1.13],[1.23 1.16 1.32 1.23 1.37 1.34]
84,4,[7.71528815e-04 6.45120135e-03 2.36390842e-05 4.88516403e-05],[1.09 1.14 1.14 1.09 1.09 1.2 ],[1.16 1.27 1.27 1.26 1.23 1.32]
84,5,[1.98614109e-05 5.87219429e-04 5.05806698e-05 2.84876190e-04],[1.18 1.2  1.18 1.18 1.18 1.18],[1.34 1.35 1.31 1.28 1.23 1.28]
84,6,[2.49222945e-04 3.47144555e-05 1.90819883e-02 1.44240312e-03],[1.15 1.05 1.11 1.05 1.11 1.05],[1.29 1.18 1.18 1.23 1.23 1.11]
84,7,[3.55278761e-07 4.26630700e-04 6.88269468e-08 2.57466725e-03],[1.16 1.35 1.13 1.16 1.13 1.13],[1.45 1.58 1.39 1.44 1.18 1.44]
84,8,[4.74653190e-05 9.99204464e-03 1.60647488e-03 3.09431585e-06],[1.07 1.11 1.21 1.07 1.07 1.11],[1.24 1.24 1.36 1.11 1.31 1.31]
84,9,[8.51238936e-06 2.04973579e-03 8.76078099e-10 1.15814201e-06],[1.14 1.28 1.28 1.14 1.14 1.32],[1.33 1.59 1.45 1.55 1.35 1.68]
94,0,[1.14143830e-08 6.84232149e-02 2.80621154e-07 2.41206262e-05],[1.   1.35 1.25 1.   1.   1.25],[1.48 1.64 1.53 1.38 1.25 1.47]
94,1,[7.02729550e-08 9.51210240e-04 2.36019491e-05 3.62464316e-05],[1.16 1.23 1.23 1.16 1.16 1.23],[1.5  1.51 1.5  1.29 1.27 1.35]
94,2,[8.83453234e-05 4.88397611e-09 2.54543863e-07 4.24176166e-06],[1.24 1.24 1.24 1.36 1.3  1.3 ],[1.62 1.44 1.38 1.67 1.61 1.53]
94,3,[1.23966333e-02 1.77819579e-06 1.34255074e-09 1.19152049e-02],[1.05 1.05 1.05 1.31 1.05 1.05],[1.31 1.5  1.05 1.61 1.31 1.5 ]
94,4,[1.78532765e-03 4.79103986e-07 8.60667233e-04 2.16875090e-04],[1.14 1.14 1.14 1.14 1.16 1.14],[1.4  1.17 1.21 1.4  1.41 1.23]
94,5,[3.22831752e-06 1.75648262e-02 8.91463875e-03 5.31222942e-05],[1.05 1.05 1.2  1.05 1.05 1.05],[1.29 1.29 1.34 1.05 1.2  1.2 ]
94,6,[7.99880161e-06 2.27929209e-05 3.96039685e-08 7.56485779e-06],[1.28 1.28 1.28 1.28 1.28 1.28],[1.44 1.55 1.43 1.53 1.41 1.58]
94,7,[3.14232038e-04 1.33246126e-02 5.04881192e-05 8.51754674e-02],[1.03 1.15 1.   1.03 1.   1.  ],[1.15 1.24 1.15 1.2  1.03 1.2 ]
94,8,[1.65561837e-05 2.30511786e-04 2.98605385e-06 3.76445649e-03],[1.17 1.24 1.11 1.17 1.11 1.11],[1.33 1.42 1.27 1.35 1.19 1.34]
94,9,[3.29934752e-04 7.86528264e-05 5.36806173e-07 3.15737792e-03],[1.16 1.16 1.12 1.19 1.12 1.12],[1.29 1.39 1.19 1.43 1.24 1.38]
90,0,[3.60779037e-04 8.36694487e-08 1.12665449e-03 2.11344115e-05],[1.16 1.16 1.16 1.16 1.23 1.16],[1.47 1.22 1.3  1.43 1.49 1.3 ]
90,1,[1.24794152e-04 6.76746235e-05 5.57405857e-05 5.58541729e-03],[1.19 1.19 1.1  1.19 1.1  1.1 ],[1.32 1.29 1.21 1.31 1.23 1.23]
90,2,[9.78449641e-08 1.47778853e-04 1.35126066e-08 7.95760839e-04],[1.19 1.39 1.17 1.19 1.17 1.17],[1.49 1.64 1.44 1.52 1.23 1.51]
90,3,[1.06865972e-06 8.37274532e-05 2.20031958e-03 1.04256113e-06],[1.21 1.13 1.31 1.13 1.21 1.13],[1.46 1.36 1.48 1.23 1.4  1.35]
90,4,[1.87492593e-05 3.46060845e-06 8.03871233e-05 6.11075245e-04],[1.23 1.21 1.18 1.21 1.18 1.18],[1.45 1.33 1.29 1.39 1.34 1.26]
90,5,[2.93097641e-05 8.26061649e-07 1.56998283e-05 3.50048469e-06],[1.28 1.28 1.28 1.28 1.29 1.28],[1.52 1.36 1.41 1.5  1.5  1.43]
90,6,[2.55386481e-02 4.82206063e-03 6.55935337e-03 3.60394461e-06],[1.04 1.04 1.04 1.05 1.05 1.05],[1.07 1.06 1.28 1.07 1.28 1.28]
90,7,[3.24022972e-06 2.34543530e-04 5.28438369e-04 7.86312689e-03],[1.15 1.15 1.08 1.15 1.08 1.08],[1.37 1.33 1.32 1.2  1.18 1.16]
90,8,[4.20840771e-04 8.26665413e-04 3.07476523e-06 1.57895562e-04],[1.17 1.17 1.17 1.17 1.17 1.17],[1.24 1.35 1.26 1.34 1.24 1.37]
90,9,[2.79737310e-02 2.03323429e-03 1.11499250e-07 5.37810360e-03],[1.03 1.03 1.03 1.08 1.06 1.06],[1.1  1.38 1.06 1.38 1.1  1.38]
93,0,[4.63345261e-07 2.92517916e-03 1.22804990e-04 1.90429683e-03],[1.12 1.18 1.12 1.12 1.12 1.12],[1.37 1.38 1.37 1.21 1.13 1.21]
93,1,[2.31132955e-07 1.31191140e-04 3.50206614e-04 7.04760708e-05],[1.2 1.2 1.2 1.2 1.2 1.2],[1.51 1.44 1.46 1.26 1.3  1.29]
93,2,[3.92769057e-05 1.35955111e-03 9.39658915e-08 7.16603952e-05],[1.15 1.21 1.21 1.15 1.15 1.21],[1.29 1.47 1.34 1.42 1.25 1.45]
93,3,[1.92840095e-04 4.30015424e-03 1.05528172e-01 2.59707550e-05],[1.07 1.   1.16 1.   1.07 1.  ],[1.18 1.18 1.28 1.07 1.23 1.23]
93,4,[1.91717577e-05 4.13656974e-03 6.20610107e-04 1.16686729e-04],[1.11 1.14 1.17 1.11 1.11 1.14],[1.3  1.31 1.33 1.16 1.21 1.23]
93,5,[1.68075996e-06 3.69246736e-06 4.58304463e-05 1.59431092e-03],[1.28 1.23 1.14 1.23 1.14 1.14],[1.52 1.39 1.35 1.39 1.33 1.26]
93,6,[3.38632275e-03 1.47450253e-06 1.86274280e-02 3.98658484e-09],[1.08 1.05 1.08 1.05 1.31 1.05],[1.33 1.08 1.49 1.33 1.6  1.49]
93,7,[7.99355307e-06 3.38439318e-03 2.54342460e-03 1.25013709e-07],[1.12 1.12 1.26 1.12 1.12 1.12],[1.3  1.3  1.49 1.13 1.41 1.41]
93,8,[2.46981307e-08 9.99708881e-05 7.32599184e-04 3.78960804e-05],[1.2  1.17 1.21 1.17 1.2  1.17],[1.54 1.47 1.5  1.25 1.33 1.29]
93,9,[2.49033021e-03 5.11912204e-05 3.31770065e-03 5.33912944e-05],[1.12 1.12 1.12 1.12 1.19 1.12],[1.25 1.12 1.23 1.24 1.31 1.23]
86,0,[2.47438314e-09 7.26427245e-04 9.16269539e-04 3.91835744e-05],[1.16 1.16 1.21 1.16 1.16 1.16],[1.58 1.55 1.61 1.19 1.27 1.28]
86,1,[6.29717580e-06 3.46996688e-01 2.22988399e-06 7.40530162e-02],[1.   1.27 1.   1.   1.   1.  ],[1.27 1.42 1.27 1.3  1.   1.3 ]
86,2,[6.17330420e-08 9.61863691e-05 2.11601872e-05 2.42736328e-07],[1.24 1.25 1.36 1.24 1.24 1.25],[1.58 1.52 1.62 1.34 1.46 1.47]
86,3,[2.28474037e-06 2.48732297e-04 1.16659853e-07 5.10665657e-05],[1.21 1.29 1.22 1.21 1.21 1.22],[1.41 1.59 1.4  1.46 1.29 1.52]
86,4,[1.74638880e-03 9.38869461e-05 9.06078135e-06 6.19202680e-05],[1.14 1.14 1.14 1.2  1.2  1.2 ],[1.26 1.3  1.25 1.37 1.32 1.34]
86,5,[1.29665196e-05 3.35719019e-04 5.21232037e-04 5.75169735e-03],[1.14 1.14 1.1  1.14 1.1  1.1 ],[1.33 1.29 1.27 1.2  1.18 1.17]
86,6,[2.89780746e-02 4.91227307e-04 2.50797047e-04 4.78120824e-06],[1.03 1.03 1.03 1.15 1.15 1.15],[1.15 1.17 1.3  1.2  1.31 1.34]
86,7,[6.33919108e-08 2.63355028e-02 6.03697662e-04 7.88298141e-06],[1.03 1.14 1.26 1.03 1.03 1.14],[1.43 1.44 1.5  1.14 1.28 1.3 ]
86,8,[1.48275679e-03 2.22362590e-06 1.71789597e-03 7.68085465e-05],[1.14 1.14 1.14 1.14 1.19 1.14],[1.36 1.16 1.24 1.34 1.38 1.24]
86,9,[1.99106093e-06 8.50701697e-06 8.81787611e-04 9.56384284e-04],[1.26 1.16 1.16 1.16 1.16 1.16],[1.45 1.34 1.34 1.31 1.31 1.19]
75,0,[4.45354671e-07 2.75302148e-05 5.88664363e-05 2.07926516e-07],[1.26 1.26 1.35 1.26 1.26 1.26],[1.52 1.43 1.57 1.34 1.49 1.47]
75,1,[2.27175273e-04 7.19872341e-07 6.78825240e-07 4.97743136e-09],[1.21 1.21 1.21 1.33 1.33 1.33],[1.47 1.44 1.55 1.54 1.69 1.66]
75,2,[5.04030117e-02 1.89971404e-04 1.83169186e-05 2.97257383e-04],[1.   1.   1.   1.16 1.16 1.16],[1.18 1.25 1.17 1.28 1.23 1.29]
75,3,[3.56789804e-04 4.92294546e-07 1.36014250e-05 1.27496477e-03],[1.16 1.16 1.15 1.24 1.15 1.15],[1.45 1.32 1.2  1.47 1.39 1.3 ]
75,4,[3.08190203e-04 1.52890102e-03 3.42970169e-05 1.24765071e-05],[1.14 1.17 1.17 1.14 1.14 1.22],[1.23 1.3  1.31 1.27 1.29 1.35]
75,5,[1.34724889e-05 4.82337755e-07 9.03290175e-05 9.57453614e-05],[1.24 1.24 1.24 1.24 1.24 1.24],[1.57 1.36 1.35 1.43 1.43 1.3 ]
75,6,[7.08946007e-07 2.89909602e-06 5.30007066e-04 1.62424272e-04],[1.29 1.18 1.19 1.18 1.19 1.18],[1.54 1.39 1.42 1.36 1.38 1.25]
75,7,[2.29872110e-05 2.88607684e-04 2.12616878e-04 2.89317297e-05],[1.2  1.2  1.21 1.2  1.2  1.2 ],[1.34 1.3  1.35 1.25 1.3  1.31]
75,8,[3.85965814e-04 3.18544613e-05 1.73943398e-03 3.28610084e-06],[1.16 1.14 1.16 1.14 1.21 1.14],[1.31 1.19 1.35 1.27 1.41 1.34]
75,9,[2.27385429e-05 1.33622569e-05 1.37548584e-04 1.74720581e-06],[1.24 1.23 1.24 1.23 1.24 1.23],[1.42 1.34 1.42 1.35 1.43 1.4 ]
96,0,[4.14206092e-04 2.64425950e-06 7.51419076e-06 5.44228944e-05],[1.19 1.19 1.19 1.26 1.22 1.22],[1.39 1.32 1.28 1.43 1.4  1.37]
96,1,[1.34696091e-04 5.27144499e-05 9.88694403e-04 3.09353667e-03],[1.17 1.13 1.12 1.13 1.12 1.12],[1.32 1.21 1.21 1.25 1.25 1.15]
96,2,[6.70843540e-05 1.45919655e-04 9.40147353e-07 6.02239600e-05],[1.23 1.23 1.23 1.23 1.23 1.23],[1.33 1.44 1.32 1.38 1.29 1.42]
96,3,[1.82472856e-06 4.92590166e-03 8.50776827e-06 7.45423622e-05],[1.1  1.26 1.21 1.1  1.1  1.21],[1.37 1.45 1.43 1.3  1.23 1.35]
96,4,[1.92766914e-10 1.00076548e-02 3.14683168e-10 6.52965538e-05],[1.07 1.54 1.22 1.07 1.07 1.22],[1.6  1.86 1.62 1.58 1.22 1.63]
96,5,[1.60122743e-05 2.19277454e-03 4.97208768e-06 9.75539052e-02],[1.1  1.24 1.   1.1  1.   1.  ],[1.27 1.36 1.26 1.28 1.1  1.28]
96,6,[9.06002122e-03 1.60504111e-07 4.33814572e-07 4.33796548e-04],[1.08 1.08 1.08 1.35 1.15 1.15],[1.43 1.38 1.16 1.59 1.43 1.39]
96,7,[2.19297430e-06 5.18547411e-05 5.49581317e-05 1.42507919e-04],[1.23 1.23 1.23 1.23 1.23 1.23],[1.45 1.42 1.4  1.32 1.32 1.29]
96,8,[3.48067875e-08 3.31786602e-05 8.00367674e-08 2.01789434e-05],[1.27 1.39 1.27 1.27 1.27 1.27],[1.59 1.66 1.53 1.5  1.37 1.55]
96,9,[1.61739010e-07 2.59093308e-01 7.32763234e-04 2.28685400e-06],[1.   1.14 1.29 1.   1.   1.14],[1.39 1.39 1.48 1.14 1.32 1.32]
88,0,[3.04396145e-03 1.28829560e-03 1.60876070e-04 5.21054732e-06],[1.12 1.12 1.12 1.12 1.12 1.17],[1.17 1.21 1.3  1.22 1.3  1.32]
88,1,[6.88074394e-03 9.57642744e-06 1.16794451e-04 8.86022093e-05],[1.09 1.09 1.09 1.19 1.19 1.19],[1.31 1.21 1.21 1.34 1.33 1.27]
88,2,[3.76500976e-06 1.94259698e-05 5.58667934e-05 1.15831958e-02],[1.23 1.22 1.07 1.22 1.07 1.07],[1.46 1.35 1.31 1.33 1.26 1.23]
88,3,[0.00351422 0.00011118 0.00121029 0.00011058],[1.11 1.11 1.11 1.12 1.17 1.12],[1.23 1.15 1.21 1.23 1.28 1.21]
88,4,[0.00133149 0.0002738  0.00054361 0.00038519],[1.15 1.15 1.15 1.15 1.15 1.15],[1.24 1.2  1.2  1.23 1.23 1.24]
88,5,[2.15108431e-04 1.51350710e-10 1.11904189e-04 8.43756335e-05],[1.21 1.21 1.21 1.21 1.21 1.21],[1.7  1.28 1.28 1.65 1.66 1.31]
88,6,[1.07035333e-04 1.03704914e-08 9.55077713e-04 4.42032135e-07],[1.2  1.16 1.2  1.16 1.34 1.16],[1.56 1.24 1.42 1.51 1.61 1.4 ]
88,7,[5.42485759e-04 1.56362780e-05 6.49981566e-05 1.99720764e-05],[1.18 1.18 1.18 1.21 1.23 1.21],[1.35 1.27 1.29 1.35 1.4  1.34]
88,8,[1.37804943e-05 6.07108514e-04 2.09810368e-04 5.43884826e-09],[1.18 1.18 1.24 1.18 1.18 1.18],[1.34 1.33 1.6  1.23 1.53 1.55]
88,9,[5.29709267e-03 6.96657064e-06 1.82421858e-03 1.12660151e-04],[1.1  1.1  1.1  1.1  1.18 1.1 ],[1.31 1.13 1.21 1.31 1.34 1.21]
99,0,[1.24235651e-03 6.08501572e-04 4.54229229e-04 2.96581863e-05],[1.15 1.15 1.15 1.15 1.15 1.15],[1.2  1.2  1.27 1.22 1.28 1.28]
99,1,[7.21642285e-03 5.42431025e-05 4.49435131e-04 1.17483307e-03],[1.09 1.09 1.09 1.13 1.12 1.12],[1.24 1.16 1.13 1.26 1.24 1.18]
99,2,[2.53239470e-05 1.95088224e-06 2.58473076e-06 8.23284752e-04],[1.24 1.24 1.17 1.29 1.17 1.17],[1.47 1.4  1.29 1.46 1.38 1.36]
99,3,[5.95966009e-05 9.89564466e-07 2.13699939e-03 5.20323884e-07],[1.22 1.13 1.22 1.13 1.32 1.13],[1.45 1.25 1.44 1.36 1.49 1.38]
99,4,[0.00986907 0.0007078  0.00025562 0.00048076],[1.07 1.07 1.07 1.13 1.13 1.13],[1.15 1.18 1.16 1.21 1.19 1.22]
99,5,[9.71816572e-03 1.11036142e-07 5.64973067e-05 5.89480557e-04],[1.08 1.08 1.08 1.2  1.14 1.14],[1.41 1.22 1.15 1.43 1.41 1.25]
99,6,[7.73774622e-04 4.57411886e-14 1.38063288e-06 7.03987981e-05],[1.17 1.17 1.17 1.31 1.21 1.21],[1.9  1.36 1.26 1.93 1.9  1.4 ]
99,7,[5.82193060e-05 2.78955900e-04 1.56189751e-02 2.40539493e-04],[1.15 1.06 1.15 1.06 1.15 1.06],[1.28 1.22 1.27 1.17 1.22 1.17]
99,8,[0.00062071 0.00026217 0.00010721 0.00014851],[1.18 1.18 1.18 1.18 1.18 1.18],[1.26 1.25 1.24 1.29 1.27 1.3 ]
99,9,[5.54260812e-07 7.64359687e-11 5.53517223e-06 4.72409202e-04],[1.33 1.29 1.19 1.29 1.19 1.19],[1.87 1.49 1.4  1.68 1.65 1.34]
