14,0,[1.92353245e-05 3.44707978e-05 4.05636733e-07 1.15587797e-03],[1.23 1.23 1.16 1.23 1.16 1.16],[1.35 1.43 1.29 1.45 1.27 1.37]
14,1,[4.27543183e-03 2.46535417e-05 5.98612493e-10 3.17100106e-06],[1.11 1.11 1.11 1.25 1.25 1.29],[1.27 1.56 1.31 1.61 1.4  1.59]
14,2,[3.73105964e-03 6.98339847e-06 2.43700531e-01 4.55639437e-03],[1.06 1.   1.06 1.   1.06 1.  ],[1.26 1.08 1.08 1.26 1.26 1.07]
14,3,[3.46253067e-04 5.09841080e-03 5.00135154e-06 2.31195047e-06],[1.1  1.16 1.16 1.1  1.1  1.27],[1.18 1.32 1.34 1.3  1.33 1.41]
14,4,[5.16603602e-04 7.29765126e-05 9.40689261e-03 6.22574083e-04],[1.13 1.08 1.13 1.08 1.13 1.08],[1.23 1.15 1.18 1.22 1.22 1.14]
14,5,[0.00013355 0.00405953 0.00015086 0.00032842],[1.11 1.16 1.16 1.11 1.11 1.16],[1.21 1.27 1.25 1.21 1.19 1.22]
14,6,[5.00618547e-09 9.14151569e-06 2.02850860e-02 6.36011107e-03],[1.25 1.04 1.06 1.04 1.06 1.04],[1.53 1.47 1.47 1.26 1.26 1.06]
14,7,[4.21179633e-01 1.68427969e-05 2.70115977e-05 3.16997042e-05],[1.   1.   1.   1.22 1.22 1.22],[1.25 1.24 1.24 1.34 1.35 1.3 ]
14,8,[1.29011602e-02 2.37271908e-06 6.85137697e-03 1.15643027e-06],[1.06 1.06 1.06 1.06 1.29 1.06],[1.3  1.07 1.32 1.3  1.45 1.32]
14,9,[0.00020446 0.0001421  0.02487903 0.00262929],[1.16 1.04 1.09 1.04 1.09 1.04],[1.24 1.18 1.19 1.19 1.19 1.09]
2,0,[1.06183234e-03 5.73109536e-05 4.14036005e-03 5.03511478e-04],[1.12 1.11 1.12 1.11 1.13 1.11],[1.23 1.15 1.16 1.23 1.25 1.15]
2,1,[6.35518165e-03 5.43917228e-07 2.37095060e-02 5.55776259e-06],[1.06 1.04 1.06 1.04 1.27 1.04],[1.34 1.06 1.28 1.34 1.45 1.28]
2,2,[3.15076996e-05 3.03546337e-03 2.43226743e-08 5.75820550e-04],[1.12 1.22 1.15 1.12 1.12 1.15],[1.25 1.49 1.26 1.44 1.17 1.44]
2,3,[0.09425542 0.01051274 0.0617789  0.00563983],[1.   1.   1.   1.   1.02 1.  ],[1.02 1.   1.04 1.02 1.04 1.04]
2,4,[5.51149032e-04 1.13874364e-03 2.83451591e-08 2.04584689e-06],[1.16 1.16 1.16 1.16 1.16 1.3 ],[1.2  1.48 1.37 1.48 1.37 1.5 ]
2,5,[6.32080802e-05 1.79651043e-02 5.00828950e-04 1.03552477e-04],[1.05 1.15 1.18 1.05 1.05 1.15],[1.22 1.25 1.29 1.15 1.2  1.21]
2,6,[0.00011085 0.0004014  0.00060902 0.03519736],[1.14 1.14 1.02 1.14 1.02 1.02],[1.25 1.22 1.2  1.19 1.16 1.14]
2,7,[5.72531337e-05 2.91680849e-06 3.07254263e-02 3.46821158e-04],[1.2  1.03 1.16 1.03 1.16 1.03],[1.36 1.22 1.25 1.31 1.34 1.16]
2,8,[2.74454315e-06 2.16830723e-06 5.09977773e-03 4.07305163e-04],[1.28 1.1  1.16 1.1  1.16 1.1 ],[1.43 1.31 1.33 1.32 1.34 1.17]
2,9,[2.50051555e-04 4.00983149e-07 2.26128154e-07 6.44394059e-07],[1.21 1.21 1.21 1.34 1.34 1.34],[1.41 1.44 1.41 1.57 1.51 1.5 ]
0,0,[4.62659618e-02 7.31384275e-04 1.65905716e-03 6.16279827e-05],[1.01 1.01 1.01 1.11 1.12 1.11],[1.14 1.11 1.2  1.15 1.22 1.2 ]
0,1,[8.81834835e-03 7.21433415e-08 9.12029950e-05 1.10028841e-03],[1.08 1.08 1.08 1.18 1.12 1.12],[1.42 1.2  1.13 1.46 1.42 1.2 ]
0,2,[5.40301674e-03 7.17391150e-07 1.76611772e-03 3.15551452e-04],[1.1  1.1  1.1  1.11 1.14 1.11],[1.34 1.13 1.16 1.34 1.34 1.16]
0,3,[1.82625456e-05 4.04983359e-04 1.08426419e-04 1.95495936e-05],[1.19 1.2  1.22 1.19 1.19 1.2 ],[1.3  1.34 1.36 1.27 1.31 1.3 ]
0,4,[8.62146759e-04 6.19926841e-03 9.91549223e-03 7.40817658e-05],[1.07 1.07 1.11 1.07 1.07 1.07],[1.12 1.12 1.21 1.07 1.19 1.19]
0,5,[5.68758109e-04 3.04048287e-03 7.25598876e-05 4.26281527e-03],[1.11 1.12 1.11 1.11 1.11 1.11],[1.15 1.22 1.15 1.21 1.11 1.21]
0,6,[1.59019464e-10 4.44590288e-05 1.00474279e-06 2.76788869e-07],[1.26 1.34 1.36 1.26 1.26 1.34],[1.64 1.75 1.75 1.44 1.48 1.5 ]
0,7,[5.91137370e-04 2.21217388e-05 9.46472173e-04 3.09243582e-06],[1.16 1.16 1.16 1.16 1.23 1.16],[1.28 1.19 1.33 1.28 1.37 1.33]
0,8,[3.92747530e-07 6.89865037e-05 1.17400993e-03 3.71416898e-02],[1.19 1.12 1.02 1.12 1.02 1.02],[1.42 1.38 1.37 1.23 1.21 1.12]
0,9,[2.31135949e-03 4.45152310e-06 1.41957070e-06 4.03388237e-04],[1.13 1.13 1.13 1.28 1.16 1.16],[1.31 1.35 1.2  1.44 1.33 1.35]
13,0,[2.72918928e-07 2.45444519e-04 1.23526490e-02 3.98899742e-06],[1.17 1.07 1.28 1.07 1.17 1.07],[1.39 1.38 1.47 1.17 1.33 1.3 ]
13,1,[0.0015369  0.00010852 0.00204982 0.00012845],[1.14 1.14 1.14 1.14 1.17 1.14],[1.22 1.15 1.21 1.22 1.26 1.21]
13,2,[1.16760944e-05 9.36124371e-05 6.49763305e-02 4.90658036e-04],[1.18 1.   1.15 1.   1.15 1.  ],[1.32 1.27 1.31 1.2  1.23 1.15]
13,3,[2.08347986e-03 3.22101771e-04 7.74654830e-06 1.42357313e-04],[1.13 1.13 1.13 1.16 1.16 1.17],[1.2  1.31 1.23 1.34 1.27 1.32]
13,4,[3.13556956e-05 7.40108293e-02 3.06724208e-03 1.51332925e-06],[1.   1.09 1.22 1.   1.   1.09],[1.23 1.23 1.35 1.09 1.31 1.31]
13,5,[4.02539232e-04 3.57888710e-02 5.11784983e-08 5.46450656e-03],[1.02 1.14 1.07 1.02 1.02 1.07],[1.15 1.41 1.15 1.41 1.07 1.41]
13,6,[1.44171342e-11 4.58528928e-04 1.79357649e-08 3.98642386e-06],[1.19 1.44 1.3  1.19 1.19 1.3 ],[1.7  1.87 1.75 1.49 1.35 1.54]
13,7,[6.41249081e-05 4.56453548e-04 1.64923547e-05 7.37023081e-04],[1.17 1.2  1.17 1.17 1.17 1.17],[1.27 1.34 1.26 1.29 1.2  1.28]
13,8,[2.22990246e-04 1.96651762e-05 4.02798108e-07 4.31818386e-04],[1.19 1.19 1.19 1.23 1.19 1.19],[1.32 1.4  1.24 1.43 1.3  1.38]
13,9,[2.41758126e-05 3.39193507e-03 4.00129556e-08 2.98939664e-05],[1.12 1.23 1.23 1.12 1.12 1.23],[1.26 1.48 1.33 1.44 1.26 1.44]
17,0,[2.35995255e-02 2.07156722e-03 1.70242894e-05 9.11004555e-05],[1.04 1.04 1.04 1.1  1.1  1.19],[1.1  1.25 1.21 1.25 1.21 1.29]
17,1,[4.50453524e-04 9.16642777e-03 9.97896676e-07 1.47745663e-07],[1.08 1.15 1.15 1.08 1.08 1.32],[1.16 1.36 1.41 1.35 1.4  1.47]
17,2,[0.00181818 0.00079631 0.00048272 0.00010335],[1.14 1.14 1.14 1.14 1.14 1.14],[1.17 1.18 1.22 1.2  1.23 1.22]
17,3,[2.47024676e-03 7.23827447e-06 9.25762436e-06 2.64301589e-05],[1.13 1.13 1.13 1.25 1.24 1.24],[1.29 1.3  1.26 1.4  1.37 1.34]
17,4,[6.29567922e-03 4.83049355e-05 2.06674444e-06 3.76590873e-04],[1.09 1.09 1.09 1.21 1.16 1.16],[1.23 1.32 1.17 1.37 1.25 1.32]
17,5,[0.00032707 0.00122752 0.02674164 0.00645229],[1.1  1.03 1.06 1.03 1.06 1.03],[1.17 1.15 1.15 1.11 1.11 1.06]
17,6,[0.00749682 0.02548578 0.00189586 0.01120699],[1.04 1.04 1.04 1.04 1.04 1.04],[1.04 1.08 1.04 1.08 1.04 1.08]
17,7,[6.56049071e-08 9.91336782e-08 3.22026268e-03 5.79394066e-04],[1.38 1.12 1.14 1.12 1.14 1.12],[1.57 1.43 1.44 1.42 1.42 1.16]
17,8,[8.51026488e-03 1.07534045e-05 7.44805998e-06 4.90125354e-05],[1.08 1.08 1.08 1.25 1.23 1.23],[1.28 1.29 1.24 1.39 1.36 1.32]
17,9,[4.32957286e-03 9.95520333e-10 2.29846895e-04 1.52086061e-05],[1.11 1.11 1.11 1.18 1.24 1.18],[1.55 1.19 1.27 1.57 1.61 1.28]
6,0,[2.30138797e-10 3.98149042e-04 5.76142867e-04 5.48417758e-03],[1.14 1.14 1.1  1.14 1.1  1.1 ],[1.59 1.58 1.58 1.19 1.17 1.15]
6,1,[2.90840837e-04 8.48129618e-03 1.09644913e-04 4.75411498e-06],[1.08 1.17 1.17 1.08 1.08 1.18],[1.17 1.25 1.33 1.2  1.31 1.32]
6,2,[2.14178429e-04 2.21053320e-03 1.92336389e-05 3.93282810e-05],[1.13 1.18 1.18 1.13 1.13 1.21],[1.21 1.3  1.28 1.27 1.26 1.31]
6,3,[1.60740245e-03 3.49244884e-04 3.07441892e-05 9.27219228e-06],[1.14 1.14 1.14 1.16 1.16 1.22],[1.2  1.27 1.3  1.28 1.32 1.34]
6,4,[3.78512561e-04 1.90525679e-05 9.03580914e-02 2.17913363e-05],[1.16 1.   1.16 1.   1.22 1.  ],[1.28 1.16 1.27 1.25 1.34 1.25]
6,5,[6.72987444e-04 1.14096316e-02 1.38552929e-06 4.07580459e-04],[1.07 1.14 1.14 1.07 1.07 1.14],[1.14 1.33 1.19 1.32 1.16 1.32]
6,6,[2.16612117e-01 1.65724576e-04 3.93827119e-06 9.94895054e-05],[1.   1.   1.   1.18 1.18 1.18],[1.19 1.3  1.2  1.32 1.24 1.31]
6,7,[3.28561135e-02 3.62514314e-08 6.99716980e-08 5.10432352e-05],[1.02 1.02 1.02 1.39 1.22 1.22],[1.44 1.42 1.22 1.62 1.49 1.43]
6,8,[9.97368120e-04 1.74425169e-03 2.03726839e-07 2.45649485e-08],[1.14 1.14 1.14 1.14 1.14 1.37],[1.17 1.4  1.45 1.4  1.45 1.54]
6,9,[2.89913308e-04 4.51517799e-08 3.96769439e-05 4.72733359e-05],[1.2  1.2  1.2  1.21 1.21 1.21],[1.46 1.3  1.3  1.47 1.49 1.31]
1,0,[1.74387015e-05 5.88393249e-07 1.16990913e-04 3.70500586e-06],[1.26 1.23 1.26 1.23 1.28 1.23],[1.46 1.33 1.39 1.42 1.47 1.34]
1,1,[2.03379141e-05 4.48815170e-04 7.41832588e-05 6.08971739e-05],[1.19 1.2  1.2  1.19 1.19 1.2 ],[1.31 1.32 1.34 1.27 1.29 1.28]
1,2,[7.62328605e-06 9.97121450e-03 1.87871122e-04 4.90562803e-05],[1.07 1.18 1.2  1.07 1.07 1.18],[1.29 1.32 1.34 1.18 1.23 1.26]
1,3,[7.45083892e-05 1.89604718e-06 9.73476405e-04 3.20940762e-02],[1.19 1.13 1.03 1.13 1.03 1.03],[1.38 1.23 1.21 1.33 1.32 1.13]
1,4,[2.67401926e-03 6.73300464e-03 1.59460528e-03 4.32695770e-06],[1.09 1.09 1.09 1.09 1.09 1.09],[1.11 1.13 1.27 1.12 1.27 1.27]
1,5,[6.36273084e-05 1.21720829e-02 8.85473219e-08 4.15370910e-06],[1.07 1.22 1.22 1.07 1.07 1.28],[1.22 1.46 1.37 1.41 1.3  1.48]
1,6,[2.91866472e-03 5.99937777e-06 3.61467325e-05 2.59660146e-03],[1.12 1.12 1.12 1.21 1.12 1.12],[1.29 1.23 1.12 1.34 1.29 1.23]
1,7,[2.36748946e-06 1.97524363e-04 1.66948999e-05 3.35635638e-03],[1.18 1.24 1.12 1.18 1.12 1.12],[1.36 1.42 1.33 1.29 1.2  1.26]
1,8,[6.47470472e-06 4.37763522e-04 4.32134131e-06 5.89169801e-05],[1.19 1.26 1.22 1.19 1.19 1.22],[1.34 1.42 1.37 1.34 1.3  1.36]
1,9,[6.53833343e-03 9.65257730e-05 2.40972150e-04 8.68638338e-04],[1.09 1.09 1.09 1.15 1.13 1.13],[1.22 1.18 1.14 1.24 1.22 1.18]
31,0,[1.92108673e-05 1.03767826e-05 3.45854567e-03 1.85970999e-04],[1.23 1.11 1.18 1.11 1.18 1.11],[1.38 1.28 1.29 1.3  1.33 1.19]
31,1,[2.38303137e-05 7.09174071e-08 3.66394412e-06 2.74381111e-06],[1.28 1.28 1.28 1.29 1.29 1.29],[1.49 1.45 1.42 1.53 1.58 1.42]
31,2,[1.01214874e-07 1.98290143e-02 2.21087902e-04 1.47776214e-06],[1.05 1.18 1.31 1.05 1.05 1.18],[1.41 1.43 1.52 1.18 1.33 1.34]
31,3,[7.21380475e-06 9.32813331e-05 1.12978099e-01 9.89813775e-02],[1.18 1.   1.   1.   1.   1.  ],[1.31 1.26 1.26 1.18 1.18 1.  ]
31,4,[5.87167197e-05 7.00048411e-04 7.57811298e-06 9.19039880e-03],[1.14 1.2  1.08 1.14 1.08 1.08],[1.24 1.33 1.23 1.28 1.14 1.28]
31,5,[0.00118397 0.00791832 0.00011281 0.00020264],[1.08 1.12 1.12 1.08 1.08 1.16],[1.13 1.21 1.19 1.21 1.18 1.24]
31,6,[8.65363851e-02 2.56083867e-05 5.48792192e-03 1.34358956e-02],[1.   1.   1.   1.05 1.03 1.03],[1.21 1.05 1.03 1.21 1.21 1.05]
31,7,[1.07594312e-04 1.36766733e-04 3.55262809e-05 1.56492297e-08],[1.23 1.23 1.23 1.23 1.23 1.23],[1.28 1.35 1.52 1.31 1.53 1.5 ]
31,8,[1.85503962e-05 1.34570549e-01 4.12038195e-04 5.78136943e-05],[1.   1.16 1.2  1.   1.   1.16],[1.26 1.28 1.33 1.16 1.22 1.23]
31,9,[4.05368054e-03 1.18991120e-03 7.28814179e-07 8.38562153e-06],[1.11 1.11 1.11 1.12 1.12 1.26],[1.14 1.35 1.29 1.35 1.29 1.41]
45,0,[2.04793741e-06 4.29519026e-02 1.71627339e-05 5.37097907e-04],[1.01 1.23 1.15 1.01 1.01 1.15],[1.32 1.39 1.34 1.25 1.15 1.26]
45,1,[2.93174650e-05 2.34385034e-03 5.82742896e-05 1.12816919e-03],[1.13 1.2  1.13 1.13 1.13 1.13],[1.26 1.31 1.27 1.22 1.16 1.22]
45,2,[8.25660271e-03 4.37232135e-03 5.51803565e-04 4.54249749e-10],[1.08 1.08 1.08 1.08 1.08 1.13],[1.09 1.14 1.52 1.14 1.52 1.52]
45,3,[4.87663690e-03 2.66475223e-04 6.20350667e-03 4.22540658e-06],[1.09 1.09 1.09 1.09 1.15 1.09],[1.16 1.09 1.28 1.16 1.32 1.28]
45,4,[1.70221124e-05 6.50696500e-04 2.58349150e-07 3.53904437e-05],[1.18 1.24 1.23 1.18 1.18 1.23],[1.3  1.45 1.34 1.42 1.28 1.43]
45,5,[0.00099982 0.00049978 0.00252839 0.02661684],[1.11 1.09 1.03 1.09 1.03 1.03],[1.17 1.14 1.13 1.16 1.15 1.09]
45,6,[0.03760314 0.0004875  0.00046602 0.00035434],[1.02 1.02 1.02 1.13 1.13 1.13],[1.15 1.15 1.16 1.2  1.2  1.18]
45,7,[2.77592403e-05 1.27186293e-02 6.31443658e-04 5.41956474e-04],[1.06 1.13 1.13 1.06 1.06 1.13],[1.24 1.25 1.25 1.15 1.15 1.17]
45,8,[0.00950383 0.00051113 0.00378135 0.0004381 ],[1.08 1.08 1.08 1.08 1.12 1.08],[1.14 1.09 1.14 1.14 1.17 1.14]
45,9,[1.50945070e-05 7.89275867e-06 3.81488390e-03 7.20189838e-06],[1.25 1.11 1.25 1.11 1.25 1.11],[1.38 1.27 1.37 1.29 1.38 1.29]
29,0,[1.70979323e-03 1.13898419e-05 8.92127298e-05 2.55361022e-03],[1.12 1.12 1.12 1.19 1.12 1.12],[1.27 1.21 1.15 1.32 1.27 1.21]
29,1,[4.04122436e-04 5.53307634e-03 1.87265940e-07 1.57529623e-03],[1.1  1.14 1.11 1.1  1.1  1.11],[1.18 1.4  1.18 1.37 1.13 1.37]
29,2,[2.65723099e-05 6.22771124e-04 7.97552865e-02 2.55753068e-01],[1.13 1.   1.   1.   1.   1.  ],[1.24 1.22 1.22 1.13 1.13 1.  ]
29,3,[1.75187996e-05 4.52944448e-07 5.89680430e-05 5.85963466e-07],[1.25 1.25 1.25 1.25 1.33 1.25],[1.47 1.35 1.46 1.47 1.54 1.42]
29,4,[1.01203158e-07 4.06498077e-05 4.45539200e-02 2.47924503e-04],[1.21 1.01 1.17 1.01 1.17 1.01],[1.44 1.41 1.42 1.23 1.27 1.17]
29,5,[1.09015736e-02 4.96510756e-06 2.05176109e-06 2.06266621e-05],[1.07 1.07 1.07 1.27 1.25 1.25],[1.29 1.32 1.25 1.44 1.38 1.36]
29,6,[5.94819007e-05 4.41679538e-04 2.04560523e-05 1.35498067e-05],[1.19 1.22 1.22 1.19 1.19 1.23],[1.27 1.34 1.36 1.3  1.32 1.34]
29,7,[6.83243143e-04 2.02425448e-03 9.27158277e-07 3.07980412e-08],[1.13 1.14 1.14 1.13 1.13 1.32],[1.17 1.37 1.45 1.37 1.45 1.52]
29,8,[1.13481030e-03 3.03328096e-09 5.63541536e-03 2.97253504e-02],[1.1  1.06 1.03 1.06 1.03 1.03],[1.49 1.11 1.11 1.49 1.49 1.06]
29,9,[2.21437741e-03 4.53548387e-06 3.75112802e-04 1.00306135e-01],[1.1  1.1  1.   1.14 1.   1.  ],[1.29 1.16 1.1  1.31 1.29 1.16]
39,0,[2.98835557e-06 4.37386348e-06 1.11749846e-02 1.89378168e-06],[1.29 1.07 1.29 1.07 1.29 1.07],[1.44 1.31 1.44 1.3  1.43 1.33]
39,1,[7.64344053e-04 4.70389989e-03 9.30181100e-05 8.76913319e-02],[1.07 1.12 1.   1.07 1.   1.  ],[1.13 1.21 1.13 1.19 1.07 1.19]
39,2,[1.25841879e-04 5.57554749e-03 1.22605007e-03 4.51057274e-06],[1.1  1.12 1.18 1.1  1.1  1.12],[1.21 1.21 1.32 1.13 1.29 1.29]
39,3,[1.93279241e-05 1.03880975e-08 1.90610416e-10 4.64773524e-05],[1.27 1.27 1.27 1.45 1.27 1.27],[1.57 1.67 1.37 1.75 1.54 1.6 ]
39,4,[2.37119395e-06 8.61338743e-07 1.04111658e-04 1.51768283e-06],[1.31 1.23 1.31 1.23 1.31 1.23],[1.52 1.37 1.48 1.42 1.5  1.38]
39,5,[1.48946400e-04 4.65279801e-03 2.78834658e-04 1.81110128e-06],[1.1  1.17 1.17 1.1  1.1  1.17],[1.2  1.24 1.36 1.18 1.33 1.33]
39,6,[0.00177535 0.00258424 0.00559432 0.00041404],[1.1 1.1 1.1 1.1 1.1 1.1],[1.12 1.12 1.16 1.12 1.16 1.16]
39,7,[1.14795992e-07 3.20967562e-02 8.05192981e-02 3.04885046e-05],[1.   1.   1.22 1.   1.   1.  ],[1.38 1.38 1.41 1.   1.22 1.22]
39,8,[2.48983617e-06 1.69204740e-05 2.10775531e-02 1.80902202e-05],[1.24 1.04 1.24 1.04 1.24 1.04],[1.39 1.32 1.4  1.26 1.35 1.26]
39,9,[8.25416557e-05 3.78690141e-04 2.39403462e-03 1.05007307e-03],[1.14 1.13 1.13 1.13 1.13 1.13],[1.25 1.23 1.23 1.18 1.18 1.15]
28,0,[1.06884420e-03 3.58048675e-05 1.44165346e-09 4.18374161e-03],[1.12 1.12 1.11 1.21 1.11 1.11],[1.25 1.52 1.14 1.55 1.25 1.52]
28,1,[5.36986741e-05 7.66190112e-06 1.55400205e-05 1.17319435e-07],[1.26 1.26 1.26 1.26 1.26 1.26],[1.4  1.37 1.49 1.41 1.51 1.47]
28,2,[1.13831298e-05 6.76722911e-03 7.38971032e-06 1.93913483e-02],[1.06 1.25 1.05 1.06 1.05 1.05],[1.26 1.35 1.26 1.26 1.06 1.26]
28,3,[6.45888638e-04 1.67725096e-07 2.57878844e-03 1.04985215e-01],[1.12 1.09 1.   1.09 1.   1.  ],[1.39 1.14 1.14 1.39 1.39 1.09]
28,4,[5.52127010e-07 1.97166371e-07 1.79612090e-02 1.02718572e-05],[1.34 1.05 1.27 1.05 1.27 1.05],[1.56 1.36 1.44 1.39 1.46 1.27]
28,5,[4.10415508e-06 2.66885107e-03 7.43802266e-05 7.68182537e-06],[1.12 1.21 1.26 1.12 1.12 1.21],[1.32 1.36 1.42 1.24 1.3  1.33]
28,6,[2.51339170e-07 4.89532515e-02 1.53666500e-04 2.24598118e-11],[1.01 1.19 1.36 1.01 1.01 1.19],[1.39 1.4  1.73 1.19 1.63 1.63]
28,7,[1.84443172e-06 1.03507067e-04 2.54241855e-03 2.65895759e-06],[1.2  1.13 1.29 1.13 1.2  1.13],[1.39 1.34 1.46 1.23 1.36 1.32]
28,8,[1.19891753e-06 3.33009019e-02 9.35096617e-05 3.18033334e-07],[1.02 1.2  1.32 1.02 1.02 1.2 ],[1.34 1.38 1.48 1.2  1.37 1.38]
28,9,[5.58228478e-04 8.40139406e-06 3.91211683e-05 2.12153750e-07],[1.18 1.18 1.18 1.23 1.26 1.23],[1.32 1.27 1.42 1.38 1.49 1.42]
8,0,[4.13832806e-07 6.06386794e-08 2.84804624e-09 7.15825838e-04],[1.37 1.37 1.17 1.41 1.17 1.17],[1.63 1.64 1.41 1.68 1.46 1.52]
8,1,[1.67812213e-02 3.55479793e-05 1.06926497e-05 3.89968917e-04],[1.05 1.05 1.05 1.21 1.16 1.16],[1.24 1.27 1.16 1.36 1.27 1.29]
8,2,[3.74440260e-04 1.06645029e-04 1.47730375e-06 2.04567556e-04],[1.19 1.19 1.19 1.19 1.19 1.19],[1.26 1.38 1.27 1.4  1.29 1.37]
8,3,[2.63032968e-04 7.39489202e-03 5.66252531e-06 7.24427223e-05],[1.09 1.17 1.17 1.09 1.09 1.19],[1.18 1.32 1.26 1.3  1.22 1.33]
8,4,[2.38897143e-05 9.29809710e-01 2.97030473e-07 1.33897328e-05],[1.   1.24 1.24 1.   1.   1.24],[1.24 1.44 1.35 1.38 1.26 1.42]
8,5,[5.11764677e-06 9.61028206e-03 2.19133822e-10 6.35576106e-05],[1.08 1.27 1.22 1.08 1.08 1.22],[1.3  1.62 1.35 1.58 1.22 1.58]
8,6,[4.0619360e-05 3.4528111e-06 7.5279079e-04 5.7911345e-03],[1.21 1.14 1.1  1.14 1.1  1.1 ],[1.37 1.25 1.24 1.31 1.31 1.15]
8,7,[4.95272819e-04 8.54097857e-06 1.31294631e-03 2.27460333e-02],[1.13 1.12 1.04 1.12 1.04 1.04],[1.29 1.17 1.15 1.28 1.28 1.12]
8,8,[1.46148935e-08 1.51700189e-03 2.78666074e-04 2.24297600e-06],[1.14 1.17 1.3  1.14 1.14 1.17],[1.47 1.47 1.55 1.21 1.34 1.34]
8,9,[4.20265080e-05 1.03323792e-03 3.80056108e-05 4.39586282e-05],[1.16 1.2  1.2  1.16 1.16 1.2 ],[1.27 1.32 1.31 1.27 1.26 1.29]
3,0,[7.50863522e-05 9.36106723e-07 8.09554533e-05 1.56512706e-05],[1.25 1.25 1.25 1.25 1.25 1.25],[1.42 1.33 1.36 1.41 1.46 1.33]
3,1,[8.62925036e-06 9.75840456e-06 4.54012911e-03 8.07218717e-04],[1.24 1.1  1.13 1.1  1.13 1.1 ],[1.38 1.29 1.29 1.28 1.29 1.14]
3,2,[5.92927328e-03 1.22407476e-06 1.63859636e-03 1.96520040e-06],[1.09 1.09 1.09 1.11 1.3  1.11],[1.34 1.13 1.31 1.34 1.45 1.31]
3,3,[5.27320265e-04 1.91510128e-04 4.44410395e-06 1.51878168e-04],[1.18 1.18 1.18 1.18 1.18 1.18],[1.26 1.34 1.25 1.35 1.26 1.35]
3,4,[1.04359226e-07 1.90785932e-03 2.96045016e-06 1.90672010e-04],[1.14 1.29 1.18 1.14 1.14 1.18],[1.43 1.54 1.44 1.34 1.22 1.34]
3,5,[0.01840228 0.00056371 0.00060518 0.00899509],[1.05 1.05 1.05 1.11 1.05 1.05],[1.13 1.12 1.05 1.17 1.13 1.12]
3,6,[3.29233181e-04 2.40989063e-04 1.21854957e-07 8.88889337e-04],[1.17 1.17 1.17 1.17 1.17 1.17],[1.26 1.44 1.21 1.42 1.23 1.41]
3,7,[0.00080659 0.0003453  0.00078313 0.12134448],[1.12 1.12 1.   1.12 1.   1.  ],[1.19 1.17 1.13 1.18 1.16 1.14]
3,8,[3.51407701e-06 6.38151832e-04 1.60710889e-05 1.22041502e-05],[1.18 1.25 1.25 1.18 1.18 1.25],[1.35 1.41 1.43 1.3  1.31 1.35]
3,9,[0.00165108 0.00017    0.00016684 0.00022347],[1.14 1.14 1.14 1.15 1.15 1.15],[1.22 1.22 1.21 1.26 1.26 1.23]
30,0,[2.22524935e-06 5.97819783e-06 1.03146954e-04 1.21941258e-03],[1.27 1.2  1.15 1.2  1.15 1.15],[1.43 1.38 1.34 1.34 1.32 1.22]
30,1,[7.58956682e-03 3.03825659e-05 1.39673650e-03 1.91831494e-05],[1.09 1.09 1.09 1.11 1.22 1.11],[1.24 1.12 1.24 1.24 1.32 1.24]
30,2,[6.46321773e-05 3.11514056e-05 3.04863014e-02 4.34616486e-05],[1.21 1.03 1.21 1.03 1.21 1.03],[1.31 1.22 1.3  1.24 1.34 1.23]
30,3,[3.89578756e-04 2.79626336e-04 1.76233213e-06 5.81513356e-04],[1.17 1.17 1.17 1.17 1.17 1.17],[1.23 1.35 1.23 1.34 1.21 1.34]
30,4,[8.39776793e-05 3.02410138e-04 4.63775110e-02 1.01995656e-04],[1.16 1.01 1.18 1.01 1.16 1.01],[1.24 1.21 1.27 1.16 1.25 1.2 ]
30,5,[1.42792427e-04 1.89777000e-06 2.33947139e-06 1.89954855e-05],[1.23 1.23 1.23 1.28 1.25 1.25],[1.39 1.39 1.34 1.47 1.44 1.39]
30,6,[4.88761935e-05 2.11938109e-05 5.45615290e-05 2.56260472e-03],[1.2  1.2  1.13 1.2  1.13 1.13],[1.35 1.32 1.25 1.33 1.27 1.24]
30,7,[4.57087479e-06 4.39661640e-11 1.53210878e-03 1.10270495e-03],[1.28 1.14 1.14 1.14 1.14 1.14],[1.68 1.31 1.31 1.63 1.63 1.15]
30,8,[9.44369778e-02 2.55844528e-04 6.04118875e-08 6.39729603e-09],[1.   1.   1.   1.17 1.17 1.4 ],[1.17 1.43 1.49 1.45 1.51 1.61]
30,9,[5.80347556e-03 3.95725511e-03 2.43311844e-06 5.13437294e-05],[1.1 1.1 1.1 1.1 1.1 1.2],[1.1  1.31 1.21 1.31 1.21 1.34]
19,0,[2.04668800e-03 4.13226746e-03 1.52117898e-05 7.68839025e-04],[1.11 1.11 1.11 1.11 1.11 1.12],[1.12 1.25 1.15 1.25 1.15 1.25]
19,1,[2.04039089e-06 1.70954960e-06 6.59843964e-03 6.49843693e-07],[1.31 1.09 1.31 1.09 1.31 1.09],[1.46 1.34 1.46 1.34 1.47 1.36]
19,2,[4.21939276e-05 3.56165908e-04 8.64829658e-05 3.85169899e-06],[1.2  1.21 1.21 1.2  1.2  1.21],[1.29 1.32 1.42 1.26 1.35 1.35]
19,3,[3.22501549e-05 1.60163261e-03 1.84923818e-03 6.60487418e-03],[1.09 1.09 1.09 1.09 1.09 1.09],[1.24 1.24 1.24 1.13 1.12 1.11]
19,4,[7.50096886e-04 2.46263586e-04 9.01337760e-06 1.28278210e-05],[1.17 1.17 1.17 1.17 1.17 1.24],[1.23 1.33 1.3  1.35 1.33 1.37]
19,5,[2.18747737e-04 5.74620961e-02 3.17110469e-04 2.37973664e-05],[1.   1.16 1.16 1.   1.   1.16],[1.18 1.22 1.28 1.16 1.25 1.25]
19,6,[1.33087766e-03 1.80224104e-02 2.72394299e-06 3.73220300e-05],[1.05 1.12 1.12 1.05 1.05 1.21],[1.12 1.31 1.23 1.31 1.23 1.34]
19,7,[6.76812063e-03 1.01352865e-05 1.94299318e-05 1.80611703e-03],[1.09 1.09 1.09 1.23 1.11 1.11],[1.27 1.25 1.12 1.34 1.27 1.25]
19,8,[2.07500432e-03 1.85965677e-05 5.24225959e-04 3.07860348e-08],[1.14 1.14 1.14 1.15 1.23 1.15],[1.28 1.18 1.44 1.29 1.49 1.44]
19,9,[1.83561072e-04 1.09939795e-03 1.90875382e-07 3.23417020e-04],[1.16 1.16 1.16 1.16 1.16 1.16],[1.23 1.43 1.25 1.4  1.22 1.4 ]
4,0,[1.41266111e-02 2.47909844e-08 4.68317207e-07 2.61048021e-06],[1.06 1.06 1.06 1.34 1.31 1.31],[1.45 1.36 1.31 1.57 1.53 1.45]
4,1,[2.03108378e-05 8.66937127e-05 9.66530808e-03 8.04529990e-07],[1.2  1.08 1.23 1.08 1.2  1.08],[1.34 1.25 1.43 1.21 1.39 1.35]
4,2,[1.73596839e-04 7.82202947e-05 8.22930357e-06 7.45079977e-07],[1.22 1.22 1.22 1.22 1.22 1.26],[1.28 1.35 1.44 1.37 1.45 1.43]
4,3,[8.84475388e-05 1.25085524e-06 4.17815331e-06 1.93442979e-05],[1.24 1.24 1.24 1.28 1.25 1.25],[1.41 1.37 1.35 1.49 1.45 1.38]
4,4,[9.25203787e-06 1.29116871e-04 2.49347444e-04 2.04022475e-03],[1.18 1.17 1.13 1.17 1.13 1.13],[1.33 1.3  1.3  1.25 1.23 1.18]
4,5,[6.24640486e-02 2.01457925e-06 4.23787035e-04 8.06295547e-05],[1.   1.   1.   1.16 1.19 1.16],[1.32 1.16 1.21 1.35 1.37 1.22]
4,6,[0.00063085 0.06029209 0.00011441 0.00084916],[1.   1.12 1.12 1.   1.   1.12],[1.14 1.21 1.17 1.2  1.13 1.2 ]
4,7,[3.97920283e-08 1.65839167e-03 2.96507707e-10 5.20495427e-06],[1.14 1.41 1.29 1.14 1.14 1.29],[1.45 1.73 1.53 1.58 1.32 1.58]
4,8,[2.75535816e-06 1.24071577e-04 6.62694787e-06 2.75466207e-04],[1.21 1.27 1.21 1.21 1.21 1.21],[1.38 1.45 1.37 1.35 1.25 1.32]
4,9,[0.00565248 0.00014692 0.07789783 0.0001139 ],[1.06 1.   1.06 1.   1.17 1.  ],[1.18 1.06 1.18 1.18 1.25 1.18]
27,0,[1.06367648e-05 8.39440024e-06 9.29678602e-06 1.17205587e-04],[1.24 1.24 1.23 1.24 1.23 1.23],[1.41 1.41 1.34 1.42 1.35 1.33]
27,1,[1.20135082e-01 3.41903753e-05 5.25605277e-03 3.40405768e-05],[1.   1.   1.   1.07 1.2  1.07],[1.22 1.07 1.22 1.22 1.3  1.22]
27,2,[1.48999807e-05 5.96197095e-04 3.98059984e-04 6.30749348e-03],[1.14 1.14 1.09 1.14 1.09 1.09],[1.27 1.29 1.27 1.19 1.15 1.16]
27,3,[7.64378035e-02 1.92054936e-06 2.14549204e-02 5.50911084e-03],[1.   1.   1.   1.01 1.05 1.01],[1.29 1.01 1.05 1.29 1.29 1.05]
27,4,[5.22603960e-10 1.17542669e-04 3.10475968e-07 7.14076116e-05],[1.23 1.35 1.23 1.23 1.23 1.23],[1.63 1.72 1.64 1.43 1.31 1.42]
27,5,[8.40686398e-04 7.32020222e-09 1.22080482e-03 4.35692091e-04],[1.15 1.15 1.15 1.15 1.15 1.15],[1.48 1.18 1.19 1.48 1.49 1.18]
27,6,[0.0004413  0.00054444 0.00566472 0.0019636 ],[1.12 1.1  1.1  1.1  1.1  1.1 ],[1.19 1.17 1.17 1.16 1.16 1.11]
27,7,[9.58491191e-08 9.98594483e-06 1.02728580e-06 3.87084782e-05],[1.28 1.32 1.27 1.28 1.27 1.27],[1.53 1.57 1.49 1.47 1.39 1.41]
27,8,[5.64487306e-04 2.66443422e-06 2.88699576e-04 1.15983365e-05],[1.18 1.18 1.18 1.18 1.25 1.18],[1.36 1.23 1.31 1.36 1.41 1.3 ]
27,9,[8.79301764e-06 2.35934408e-06 1.72043989e-03 2.52322481e-02],[1.26 1.11 1.04 1.11 1.04 1.04],[1.4  1.28 1.28 1.32 1.32 1.11]
11,0,[4.12096813e-04 4.46501762e-05 5.67408430e-04 6.21386183e-06],[1.18 1.18 1.18 1.18 1.2  1.18],[1.29 1.21 1.32 1.29 1.37 1.31]
11,1,[1.96999327e-05 2.02950535e-06 3.32680168e-04 7.67296897e-08],[1.25 1.2  1.25 1.2  1.3  1.2 ],[1.44 1.3  1.48 1.38 1.54 1.43]
11,2,[1.13761547e-03 2.61538453e-04 1.78800166e-03 7.24835113e-05],[1.14 1.14 1.14 1.14 1.15 1.14],[1.21 1.16 1.23 1.2  1.25 1.22]
11,3,[1.62738940e-04 1.57269253e-06 1.07484380e-02 3.35277603e-04],[1.17 1.07 1.16 1.07 1.16 1.07],[1.36 1.19 1.23 1.33 1.36 1.16]
11,4,[1.55050445e-04 5.44246174e-04 6.02485840e-06 5.25093711e-04],[1.18 1.18 1.18 1.18 1.18 1.18],[1.25 1.33 1.24 1.31 1.22 1.31]
11,5,[8.40507311e-05 8.28612747e-04 2.08135144e-05 5.11205022e-06],[1.17 1.21 1.21 1.17 1.17 1.23],[1.24 1.34 1.37 1.29 1.32 1.35]
11,6,[1.65516891e-08 1.98442728e-07 1.94022788e-01 1.50953757e-02],[1.37 1.   1.03 1.   1.03 1.  ],[1.61 1.44 1.44 1.37 1.37 1.03]
11,7,[2.22432269e-03 8.00577864e-08 5.06234457e-04 3.76544183e-02],[1.1  1.1  1.02 1.13 1.02 1.02],[1.4  1.15 1.1  1.4  1.4  1.15]
11,8,[5.16171943e-06 8.14680636e-04 2.37709002e-07 5.12197229e-02],[1.13 1.27 1.   1.13 1.   1.  ],[1.3  1.49 1.29 1.38 1.13 1.38]
11,9,[3.58762854e-06 9.90444487e-05 5.39873926e-08 4.04246118e-07],[1.24 1.3  1.3  1.24 1.24 1.35],[1.39 1.59 1.5  1.49 1.44 1.54]
16,0,[1.22171409e-06 4.64654470e-04 1.54682715e-03 7.83848640e-06],[1.15 1.15 1.26 1.15 1.15 1.15],[1.38 1.38 1.43 1.2  1.3  1.29]
16,1,[2.31758583e-01 3.13231110e-04 1.16597255e-05 3.93567068e-04],[1.   1.   1.   1.14 1.14 1.14],[1.16 1.27 1.16 1.28 1.2  1.27]
16,2,[2.49622982e-07 8.36757349e-02 5.47017654e-04 1.63261048e-01],[1.   1.13 1.   1.   1.   1.  ],[1.36 1.36 1.36 1.13 1.   1.13]
16,3,[8.39543638e-06 8.98425274e-05 1.84828637e-05 2.49996278e-03],[1.21 1.23 1.13 1.21 1.13 1.13],[1.34 1.38 1.3  1.31 1.22 1.26]
16,4,[1.92265140e-01 2.08803665e-05 8.79590205e-06 4.82328249e-06],[1.   1.   1.   1.25 1.25 1.26],[1.25 1.28 1.29 1.36 1.37 1.36]
16,5,[1.88785992e-03 7.47054807e-05 5.02835174e-04 1.00188749e-04],[1.14 1.14 1.14 1.15 1.18 1.15],[1.25 1.18 1.23 1.26 1.27 1.23]
16,6,[6.80511690e-05 1.34344913e-09 2.99104246e-04 8.69401420e-03],[1.19 1.17 1.08 1.17 1.08 1.08],[1.56 1.25 1.22 1.57 1.54 1.17]
16,7,[1.22785629e-05 6.28762691e-06 6.17393012e-05 4.03174771e-04],[1.25 1.21 1.19 1.21 1.19 1.19],[1.39 1.34 1.32 1.36 1.33 1.26]
16,8,[2.32463436e-05 2.17368945e-06 1.97294971e-02 5.72483036e-07],[1.25 1.05 1.25 1.05 1.3  1.05],[1.39 1.25 1.41 1.32 1.48 1.36]
16,9,[8.39697578e-04 3.03663021e-05 1.09864020e-03 1.09625241e-04],[1.16 1.16 1.16 1.16 1.18 1.16],[1.28 1.19 1.23 1.27 1.31 1.22]
26,0,[6.70045937e-05 2.39988633e-06 1.55336500e-06 5.85295756e-03],[1.21 1.21 1.1  1.29 1.1  1.1 ],[1.36 1.37 1.23 1.47 1.33 1.33]
26,1,[2.29780534e-06 4.04395831e-05 2.97112145e-04 8.80000905e-03],[1.21 1.17 1.08 1.17 1.08 1.08],[1.38 1.34 1.32 1.26 1.24 1.17]
26,2,[0.00150463 0.00091883 0.00289049 0.00019682],[1.12 1.12 1.12 1.12 1.12 1.12],[1.16 1.14 1.2  1.16 1.21 1.19]
26,3,[3.38936508e-04 1.71454916e-05 1.73353189e-05 3.29745603e-03],[1.16 1.16 1.12 1.22 1.12 1.12],[1.3  1.29 1.18 1.36 1.27 1.26]
26,4,[2.48597477e-05 3.76163827e-04 3.62823994e-04 1.39634827e-03],[1.15 1.15 1.15 1.15 1.15 1.15],[1.31 1.28 1.28 1.22 1.21 1.18]
26,5,[3.22133620e-06 7.10075714e-03 3.36760663e-05 9.79873053e-04],[1.09 1.22 1.13 1.09 1.09 1.13],[1.3  1.36 1.3  1.23 1.14 1.23]
26,6,[1.72223007e-03 6.29741751e-05 1.92782089e-03 3.65921201e-05],[1.14 1.14 1.14 1.14 1.2  1.14],[1.24 1.15 1.23 1.24 1.29 1.23]
26,7,[6.27650176e-05 1.10296193e-06 2.55039255e-04 1.02960838e-04],[1.21 1.21 1.21 1.21 1.21 1.21],[1.42 1.29 1.31 1.38 1.38 1.27]
26,8,[7.50769682e-06 1.36578242e-08 4.89038039e-05 5.41461514e-07],[1.28 1.26 1.28 1.26 1.34 1.26],[1.56 1.39 1.49 1.53 1.63 1.42]
26,9,[0.01375548 0.01611059 0.00046797 0.00383265],[1.03 1.04 1.04 1.04 1.04 1.06],[1.03 1.12 1.06 1.12 1.06 1.12]
12,0,[2.28636412e-06 5.40353979e-06 5.24459377e-05 4.68170829e-08],[1.29 1.26 1.3  1.26 1.29 1.26],[1.46 1.39 1.55 1.38 1.55 1.47]
12,1,[5.20064666e-04 2.66329936e-06 4.61112725e-05 3.65244583e-02],[1.15 1.15 1.02 1.21 1.02 1.02],[1.32 1.25 1.15 1.37 1.31 1.23]
12,2,[8.92573376e-07 9.97896123e-03 4.31714022e-03 8.96073993e-04],[1.07 1.07 1.11 1.07 1.07 1.07],[1.34 1.34 1.34 1.08 1.12 1.12]
12,3,[1.91986792e-07 1.50930424e-07 7.48761364e-09 2.58703554e-05],[1.38 1.38 1.29 1.38 1.29 1.29],[1.61 1.68 1.51 1.68 1.48 1.54]
12,4,[6.83044045e-03 2.18517190e-01 2.36380817e-08 2.19390095e-03],[1.   1.06 1.06 1.   1.   1.08],[1.06 1.41 1.09 1.41 1.09 1.41]
12,5,[5.44073842e-05 4.22966414e-02 3.60473091e-05 2.01632862e-03],[1.01 1.2  1.1  1.01 1.01 1.1 ],[1.22 1.27 1.22 1.22 1.1  1.22]
12,6,[3.25061392e-05 4.70363067e-05 2.59299883e-04 1.93550355e-05],[1.22 1.21 1.22 1.21 1.22 1.21],[1.35 1.3  1.34 1.31 1.35 1.28]
12,7,[5.29411835e-05 3.49747512e-04 7.08799357e-08 3.03126836e-06],[1.2  1.22 1.22 1.2  1.2  1.29],[1.28 1.49 1.41 1.45 1.36 1.5 ]
12,8,[4.25790120e-04 5.99320719e-04 2.31567739e-03 2.76040431e-07],[1.13 1.13 1.13 1.13 1.13 1.13],[1.2  1.18 1.4  1.18 1.39 1.39]
12,9,[4.78407203e-09 1.98399040e-07 1.89171872e-06 2.62186698e-04],[1.37 1.32 1.21 1.32 1.21 1.21],[1.67 1.61 1.56 1.49 1.43 1.34]
40,0,[2.40681666e-04 2.01603433e-03 2.47068743e-09 8.45864699e-06],[1.14 1.17 1.17 1.14 1.14 1.26],[1.2  1.53 1.33 1.53 1.3  1.55]
40,1,[4.70744609e-03 7.74039621e-03 6.05309689e-05 3.63796562e-06],[1.08 1.08 1.08 1.08 1.08 1.2 ],[1.08 1.21 1.3  1.21 1.3  1.32]
40,2,[2.66197624e-04 2.36356703e-08 2.22004797e-07 2.84683942e-07],[1.21 1.21 1.21 1.36 1.36 1.36],[1.49 1.45 1.45 1.66 1.62 1.53]
40,3,[2.27222865e-08 3.13382118e-04 4.99627015e-06 5.34318145e-03],[1.16 1.28 1.1  1.16 1.1  1.1 ],[1.47 1.53 1.46 1.31 1.18 1.3 ]
40,4,[9.44854761e-07 1.39465047e-04 9.06467931e-04 3.40974020e-05],[1.19 1.16 1.22 1.16 1.19 1.16],[1.4  1.38 1.44 1.24 1.3  1.25]
40,5,[3.83744491e-01 3.83322092e-04 6.32992008e-07 4.46421495e-05],[1.   1.   1.   1.16 1.16 1.21],[1.16 1.36 1.23 1.36 1.25 1.39]
40,6,[6.83045031e-06 2.10126443e-04 6.67078453e-03 3.60613325e-05],[1.18 1.09 1.21 1.09 1.18 1.09],[1.33 1.29 1.36 1.19 1.28 1.23]
40,7,[1.28938208e-03 3.17802289e-03 1.77715383e-07 3.78420932e-03],[1.11 1.11 1.11 1.11 1.11 1.11],[1.13 1.37 1.13 1.37 1.11 1.37]
40,8,[2.10657120e-01 3.72345598e-06 9.33037156e-03 9.93099261e-04],[1.   1.   1.   1.04 1.11 1.04],[1.28 1.04 1.11 1.28 1.29 1.11]
40,9,[7.96048891e-08 4.48299956e-03 1.41040272e-03 2.20707022e-08],[1.1  1.11 1.4  1.1  1.1  1.11],[1.43 1.43 1.63 1.14 1.44 1.44]
15,0,[2.40055445e-05 8.83475188e-05 5.99472009e-06 6.33934807e-04],[1.2  1.23 1.18 1.2  1.18 1.18],[1.35 1.37 1.29 1.35 1.25 1.31]
15,1,[8.55811055e-04 2.00719862e-02 1.20930948e-04 9.22648050e-06],[1.05 1.13 1.13 1.05 1.05 1.17],[1.13 1.22 1.28 1.19 1.28 1.28]
15,2,[1.51910739e-02 7.71232555e-07 1.12066327e-05 1.15201827e-03],[1.06 1.06 1.06 1.25 1.12 1.12],[1.35 1.26 1.12 1.42 1.35 1.26]
15,3,[0.00079293 0.0006071  0.00432995 0.00025785],[1.12 1.11 1.12 1.11 1.12 1.11],[1.18 1.14 1.19 1.17 1.21 1.18]
15,4,[8.28561223e-05 1.65684661e-05 2.68359952e-03 1.05141566e-03],[1.19 1.12 1.13 1.12 1.13 1.12],[1.31 1.23 1.23 1.27 1.27 1.14]
15,5,[6.44560509e-04 3.05942570e-05 2.11826620e-05 1.07416485e-06],[1.18 1.18 1.18 1.23 1.23 1.23],[1.28 1.29 1.37 1.34 1.42 1.39]
15,6,[5.10527953e-04 1.25008272e-04 1.60020659e-06 1.96967359e-05],[1.18 1.18 1.18 1.2  1.2  1.23],[1.25 1.39 1.3  1.41 1.33 1.41]
15,7,[1.12955171e-07 1.81739999e-07 2.54137755e-04 3.95962020e-03],[1.37 1.17 1.11 1.17 1.11 1.11],[1.6  1.42 1.41 1.41 1.4  1.18]
15,8,[6.87157314e-05 7.14318954e-04 4.95593363e-04 5.96224550e-04],[1.17 1.17 1.17 1.17 1.17 1.17],[1.25 1.25 1.25 1.2  1.2  1.2 ]
15,9,[7.80868990e-03 7.33040495e-08 6.47510698e-04 2.74933047e-04],[1.08 1.08 1.08 1.14 1.15 1.14],[1.42 1.15 1.18 1.43 1.43 1.18]
37,0,[2.51115011e-01 2.13044521e-04 3.36218547e-04 7.85741231e-04],[1.   1.   1.   1.14 1.13 1.13],[1.18 1.16 1.13 1.22 1.2  1.17]
37,1,[1.49579693e-05 1.97642211e-06 8.17032347e-03 2.37752127e-03],[1.24 1.08 1.1  1.08 1.1  1.08],[1.39 1.26 1.26 1.31 1.31 1.1 ]
37,2,[2.28150830e-05 3.87062028e-05 6.51320133e-04 4.39543651e-02],[1.21 1.14 1.01 1.14 1.01 1.01],[1.34 1.27 1.25 1.24 1.23 1.14]
37,3,[1.99518850e-03 4.41463239e-04 2.43021812e-05 5.01885350e-07],[1.13 1.13 1.13 1.15 1.15 1.23],[1.19 1.26 1.37 1.27 1.38 1.39]
37,4,[5.83293907e-05 1.59141667e-03 1.64480906e-03 6.26036129e-07],[1.14 1.14 1.2  1.14 1.14 1.14],[1.24 1.24 1.39 1.15 1.36 1.36]
37,5,[1.96857453e-05 8.01613687e-02 3.93787106e-02 8.19970207e-03],[1.   1.   1.03 1.   1.   1.  ],[1.22 1.22 1.22 1.   1.03 1.03]
37,6,[6.12731333e-05 2.46697240e-09 2.32747030e-06 2.08608329e-04],[1.22 1.22 1.21 1.3  1.21 1.21],[1.56 1.38 1.29 1.61 1.57 1.35]
37,7,[1.27634753e-03 8.61724048e-04 8.18338833e-05 2.72632184e-07],[1.15 1.15 1.15 1.15 1.15 1.19],[1.18 1.25 1.4  1.25 1.4  1.4 ]
37,8,[1.19969390e-02 2.44993594e-07 1.51432312e-06 9.26974033e-03],[1.06 1.06 1.05 1.31 1.06 1.06],[1.36 1.31 1.05 1.49 1.36 1.31]
37,9,[1.33851810e-04 2.97803452e-07 8.11498132e-03 8.37566508e-04],[1.17 1.08 1.13 1.08 1.13 1.08],[1.4  1.2  1.21 1.38 1.38 1.14]
20,0,[7.90404299e-05 3.11840171e-04 5.71785256e-05 8.52517562e-02],[1.17 1.19 1.   1.17 1.   1.  ],[1.25 1.29 1.21 1.25 1.17 1.22]
20,1,[3.66636115e-05 2.68590533e-04 3.60265333e-08 6.30632493e-05],[1.21 1.21 1.21 1.21 1.21 1.21],[1.3  1.5  1.33 1.48 1.29 1.47]
20,2,[2.45993365e-05 3.24086624e-03 8.43822544e-07 2.16934723e-03],[1.12 1.23 1.12 1.12 1.12 1.12],[1.26 1.4  1.26 1.34 1.13 1.34]
20,3,[1.00660046e-07 2.92882178e-05 4.30239792e-07 1.60585620e-08],[1.28 1.37 1.38 1.28 1.28 1.37],[1.49 1.58 1.66 1.44 1.56 1.61]
20,4,[3.95854323e-05 7.45747874e-05 1.07252343e-08 2.58618180e-04],[1.21 1.21 1.21 1.21 1.21 1.21],[1.34 1.51 1.3  1.53 1.29 1.48]
20,5,[3.90905106e-05 4.72575704e-02 1.14926466e-03 3.56058544e-03],[1.01 1.1  1.08 1.01 1.01 1.08],[1.23 1.23 1.23 1.11 1.08 1.11]
20,6,[2.12106872e-08 5.13574736e-04 1.03792633e-05 5.99427471e-04],[1.18 1.25 1.18 1.18 1.18 1.18],[1.49 1.55 1.49 1.31 1.21 1.3 ]
20,7,[1.90749812e-04 1.15960284e-06 1.21182442e-01 1.16905515e-04],[1.18 1.   1.18 1.   1.18 1.  ],[1.38 1.18 1.27 1.34 1.37 1.2 ]
20,8,[3.67448044e-06 9.39487330e-05 1.30193182e-03 1.38552700e-07],[1.2  1.15 1.28 1.15 1.2  1.15],[1.36 1.33 1.5  1.25 1.43 1.4 ]
20,9,[0.01325447 0.00687786 0.00390317 0.04004617],[1.03 1.03 1.02 1.04 1.02 1.02],[1.04 1.05 1.03 1.05 1.04 1.05]
25,0,[2.09083780e-03 3.48019541e-05 6.89781152e-02 6.91637550e-05],[1.1 1.  1.1 1.  1.2 1. ],[1.23 1.1  1.21 1.23 1.28 1.21]
25,1,[3.39120895e-03 8.81596980e-04 1.00222216e-03 1.70809831e-05],[1.12 1.12 1.12 1.12 1.12 1.12],[1.16 1.15 1.25 1.17 1.25 1.25]
25,2,[4.77043267e-06 3.98956291e-04 3.01788977e-02 1.45132565e-03],[1.14 1.03 1.11 1.03 1.11 1.03],[1.31 1.29 1.29 1.16 1.17 1.11]
25,3,[1.12941264e-05 3.83569308e-06 1.19931263e-08 3.46387136e-05],[1.27 1.27 1.27 1.28 1.27 1.27],[1.4  1.57 1.4  1.58 1.4  1.5 ]
25,4,[0.09068036 0.00020339 0.0001399  0.00176268],[1.   1.   1.   1.16 1.1  1.1 ],[1.18 1.18 1.1  1.23 1.19 1.18]
25,5,[0.00043157 0.00033337 0.00029034 0.00133916],[1.15 1.15 1.15 1.15 1.15 1.15],[1.23 1.21 1.19 1.23 1.2  1.19]
25,6,[5.63544587e-07 2.38875249e-06 9.11785491e-04 2.76503687e-08],[1.32 1.17 1.33 1.17 1.32 1.17],[1.49 1.38 1.59 1.34 1.53 1.44]
25,7,[9.62388234e-05 7.39647271e-06 3.94087936e-04 2.63111263e-04],[1.19 1.19 1.19 1.19 1.19 1.19],[1.38 1.28 1.27 1.33 1.33 1.22]
25,8,[6.13502366e-07 4.99948253e-05 1.19830160e-01 1.47117441e-04],[1.21 1.   1.19 1.   1.19 1.  ],[1.4  1.35 1.39 1.23 1.29 1.19]
25,9,[0.02148756 0.01447749 0.0795878  0.00120606],[1.01 1.   1.01 1.   1.01 1.  ],[1.01 1.01 1.09 1.01 1.09 1.09]
9,0,[4.67559962e-08 4.15449322e-02 1.20954904e-02 3.31134315e-05],[1.01 1.03 1.22 1.01 1.01 1.03],[1.41 1.41 1.49 1.03 1.22 1.22]
9,1,[5.29062527e-02 5.73048463e-04 2.47216231e-07 7.81932806e-05],[1.   1.   1.   1.14 1.14 1.19],[1.14 1.38 1.21 1.41 1.24 1.4 ]
9,2,[1.23922730e-05 1.91012003e-03 4.33398299e-05 5.07721439e-06],[1.14 1.23 1.25 1.14 1.14 1.23],[1.3  1.36 1.4  1.26 1.33 1.35]
9,3,[1.07279379e-05 1.72248085e-02 2.22162852e-04 2.06991313e-10],[1.05 1.18 1.25 1.05 1.05 1.18],[1.28 1.31 1.62 1.18 1.57 1.57]
9,4,[1.87662926e-05 1.90260971e-04 1.00966317e-05 3.42905979e-08],[1.22 1.25 1.25 1.22 1.22 1.25],[1.33 1.38 1.5  1.36 1.49 1.5 ]
9,5,[2.16280818e-08 3.74388969e-07 5.44366249e-06 2.82251915e-05],[1.35 1.29 1.28 1.29 1.28 1.28],[1.63 1.57 1.53 1.51 1.47 1.37]
9,6,[1.92719653e-05 2.36530601e-05 1.43432038e-04 7.62635198e-05],[1.23 1.23 1.23 1.23 1.23 1.23],[1.37 1.33 1.33 1.32 1.34 1.28]
9,7,[3.12260113e-05 2.18833587e-08 7.21330788e-08 5.63842345e-07],[1.28 1.28 1.28 1.4  1.36 1.36],[1.52 1.51 1.48 1.68 1.59 1.53]
9,8,[2.24435531e-06 4.00204039e-03 5.95142575e-02 4.34722588e-03],[1.06 1.   1.06 1.   1.06 1.  ],[1.29 1.29 1.29 1.08 1.08 1.07]
9,9,[0.0011804  0.00016018 0.02620335 0.0020834 ],[1.1  1.03 1.1  1.03 1.1  1.03],[1.2  1.12 1.14 1.19 1.19 1.1 ]
23,0,[3.68805284e-07 8.26590669e-08 8.82367308e-05 7.53505445e-06],[1.35 1.24 1.28 1.24 1.28 1.24],[1.61 1.45 1.48 1.46 1.54 1.35]
23,1,[4.67347875e-04 6.14931585e-04 3.51623378e-06 1.56299853e-05],[1.18 1.18 1.18 1.18 1.18 1.24],[1.21 1.35 1.32 1.35 1.3  1.4 ]
23,2,[7.83503068e-04 3.07257179e-05 2.25537132e-04 1.32729624e-03],[1.15 1.15 1.15 1.16 1.15 1.15],[1.28 1.21 1.18 1.28 1.27 1.19]
23,3,[1.58783378e-08 3.44341193e-05 7.29567347e-06 2.04947564e-02],[1.24 1.26 1.04 1.24 1.04 1.04],[1.54 1.54 1.46 1.35 1.24 1.28]
23,4,[1.44468764e-06 2.66977728e-06 4.06130343e-08 1.75344556e-02],[1.31 1.31 1.05 1.31 1.05 1.05],[1.43 1.54 1.33 1.53 1.31 1.44]
23,5,[1.17654597e-04 2.68242753e-06 4.31397505e-04 2.96168379e-02],[1.18 1.15 1.03 1.15 1.03 1.03],[1.36 1.23 1.2  1.34 1.31 1.15]
23,6,[7.01116228e-07 4.66807158e-07 4.28614627e-03 2.39378228e-08],[1.34 1.11 1.34 1.11 1.34 1.11],[1.53 1.37 1.57 1.37 1.59 1.44]
23,7,[2.57042587e-04 5.97685457e-06 6.07515181e-06 1.67991469e-02],[1.17 1.17 1.05 1.25 1.05 1.05],[1.32 1.31 1.17 1.41 1.29 1.29]
23,8,[4.26240608e-02 6.00184253e-03 4.88814287e-04 1.89821559e-05],[1.01 1.01 1.01 1.06 1.06 1.13],[1.06 1.14 1.24 1.14 1.24 1.24]
23,9,[3.31477510e-05 1.71501760e-03 7.13601514e-07 2.89260119e-06],[1.14 1.24 1.24 1.14 1.14 1.29],[1.26 1.42 1.39 1.38 1.34 1.42]
10,0,[4.97712973e-05 2.20425859e-06 3.08659262e-05 7.24690756e-04],[1.22 1.22 1.17 1.22 1.17 1.17],[1.41 1.32 1.27 1.4  1.36 1.26]
10,1,[9.46882218e-03 4.13010830e-04 1.99544203e-09 1.62094125e-04],[1.08 1.08 1.08 1.15 1.15 1.17],[1.16 1.5  1.19 1.51 1.22 1.5 ]
10,2,[7.21254170e-06 1.38269734e-03 4.12783126e-03 3.19216646e-03],[1.11 1.11 1.11 1.11 1.11 1.11],[1.27 1.27 1.27 1.12 1.12 1.11]
10,3,[2.71017298e-04 1.92377422e-04 1.26382436e-05 2.45845767e-06],[1.2  1.2  1.2  1.2  1.2  1.25],[1.26 1.33 1.37 1.35 1.37 1.39]
10,4,[1.69661618e-10 1.02139892e-03 5.42608754e-03 8.77555335e-04],[1.11 1.1  1.11 1.1  1.11 1.1 ],[1.57 1.57 1.57 1.14 1.16 1.14]
10,5,[0.00186844 0.00016065 0.00059657 0.11358236],[1.11 1.11 1.   1.12 1.   1.  ],[1.19 1.16 1.11 1.2  1.19 1.14]
10,6,[2.01636688e-04 5.82491912e-05 1.34262399e-04 4.23204823e-04],[1.19 1.19 1.19 1.19 1.19 1.19],[1.3  1.27 1.24 1.29 1.28 1.24]
10,7,[4.84508016e-08 3.63546032e-03 1.51757638e-03 9.46140364e-03],[1.08 1.09 1.08 1.08 1.08 1.08],[1.41 1.41 1.41 1.11 1.09 1.11]
10,8,[8.89847221e-07 1.31601829e-03 6.41759812e-08 3.00390593e-06],[1.15 1.32 1.31 1.15 1.15 1.31],[1.37 1.56 1.49 1.44 1.34 1.5 ]
10,9,[2.98206886e-03 1.48582372e-03 3.54496368e-08 1.19581113e-06],[1.12 1.12 1.12 1.12 1.12 1.31],[1.14 1.44 1.35 1.44 1.35 1.5 ]
32,0,[5.81036472e-05 5.30199196e-04 4.81106948e-04 1.88027563e-04],[1.18 1.18 1.18 1.18 1.18 1.18],[1.29 1.28 1.3  1.22 1.24 1.22]
32,1,[0.00040486 0.00058255 0.0010745  0.00313513],[1.12 1.12 1.12 1.12 1.12 1.12],[1.2  1.19 1.17 1.18 1.18 1.15]
32,2,[1.38021115e-08 1.06285542e-01 1.29751583e-02 1.11147876e-02],[1.   1.02 1.02 1.   1.   1.02],[1.42 1.42 1.42 1.02 1.02 1.02]
32,3,[0.02196822 0.012775   0.12211362 0.01621307],[1. 1. 1. 1. 1. 1.],[1. 1. 1. 1. 1. 1.]
32,4,[3.59865511e-04 6.15684172e-04 1.21204289e-07 1.34004177e-02],[1.14 1.14 1.06 1.14 1.06 1.06],[1.2  1.41 1.16 1.41 1.14 1.4 ]
32,5,[2.62345778e-04 1.26594779e-09 2.32661811e-01 4.00488337e-06],[1.17 1.   1.17 1.   1.28 1.  ],[1.53 1.17 1.34 1.53 1.65 1.3 ]
32,6,[6.34420568e-03 6.61020069e-04 1.32224119e-05 2.60409498e-08],[1.09 1.09 1.09 1.14 1.14 1.24],[1.15 1.27 1.45 1.28 1.45 1.46]
32,7,[6.52773785e-03 2.60952778e-04 5.48368481e-06 8.52518922e-09],[1.09 1.09 1.09 1.17 1.17 1.27],[1.18 1.3  1.48 1.33 1.48 1.5 ]
32,8,[2.88157682e-08 8.84062541e-07 1.55043993e-03 2.10558976e-04],[1.33 1.14 1.18 1.14 1.18 1.14],[1.6  1.47 1.48 1.37 1.39 1.2 ]
32,9,[6.86694168e-06 1.32613142e-02 2.77377116e-06 1.03785213e-05],[1.06 1.26 1.26 1.06 1.06 1.26],[1.29 1.44 1.4  1.31 1.27 1.38]
24,0,[4.67598545e-03 9.21243465e-07 2.54691706e-05 6.51451385e-02],[1.07 1.07 1.   1.23 1.   1.  ],[1.34 1.24 1.07 1.38 1.34 1.24]
24,1,[1.58794814e-05 5.49558545e-04 3.97165975e-06 3.03108012e-05],[1.18 1.24 1.24 1.18 1.18 1.24],[1.3  1.41 1.37 1.35 1.29 1.38]
24,2,[2.12567411e-05 1.00274249e-03 1.56813909e-04 6.25523744e-05],[1.16 1.19 1.2  1.16 1.16 1.19],[1.27 1.3  1.32 1.23 1.25 1.27]
24,3,[6.57383572e-08 9.42410831e-04 2.62362244e-03 3.12147216e-07],[1.13 1.12 1.35 1.12 1.13 1.12],[1.43 1.43 1.52 1.16 1.36 1.36]
24,4,[2.83764992e-05 2.58050658e-06 1.61367234e-03 6.52738651e-06],[1.24 1.14 1.24 1.14 1.26 1.14],[1.42 1.26 1.36 1.34 1.43 1.3 ]
24,5,[2.36128315e-04 1.44369460e-03 2.57766850e-05 4.59078429e-04],[1.15 1.15 1.15 1.15 1.15 1.15],[1.22 1.28 1.23 1.27 1.19 1.27]
24,6,[4.99814425e-03 1.75356554e-05 3.97657906e-05 9.73888686e-06],[1.1  1.1  1.1  1.23 1.24 1.23],[1.28 1.24 1.28 1.34 1.37 1.33]
24,7,[2.06590030e-06 4.30426944e-07 2.12069280e-04 1.28605280e-03],[1.3  1.18 1.15 1.18 1.15 1.15],[1.51 1.35 1.34 1.42 1.41 1.2 ]
24,8,[9.30101599e-07 1.77281823e-05 2.46568120e-06 5.67959117e-02],[1.26 1.3  1.   1.26 1.   1.  ],[1.43 1.46 1.34 1.39 1.26 1.32]
24,9,[6.18775389e-04 2.28571612e-04 1.88009707e-05 1.95935325e-04],[1.18 1.18 1.18 1.18 1.18 1.18],[1.23 1.29 1.24 1.31 1.26 1.28]
41,0,[1.03447993e-04 5.95883155e-03 1.18258089e-06 2.80698345e-07],[1.09 1.2  1.2  1.09 1.09 1.32],[1.22 1.38 1.42 1.35 1.4  1.46]
41,1,[4.90721817e-05 2.06291524e-02 2.35879734e-06 3.41966683e-06],[1.04 1.22 1.22 1.04 1.04 1.28],[1.22 1.38 1.39 1.32 1.31 1.39]
41,2,[2.98725401e-02 1.04381814e-03 8.11586245e-04 1.20152735e-06],[1.03 1.03 1.03 1.12 1.12 1.12],[1.13 1.13 1.33 1.16 1.33 1.33]
41,3,[6.32994274e-05 6.75713860e-06 4.14865319e-04 2.94554916e-03],[1.2  1.16 1.12 1.16 1.12 1.12],[1.34 1.25 1.24 1.32 1.31 1.18]
41,4,[7.47404121e-06 1.94324312e-05 1.27449767e-04 3.32460301e-03],[1.23 1.19 1.12 1.19 1.12 1.12],[1.37 1.32 1.29 1.31 1.27 1.2 ]
41,5,[2.27523133e-07 1.97492848e-04 3.40859972e-03 7.55557666e-04],[1.16 1.12 1.13 1.12 1.13 1.12],[1.4  1.39 1.39 1.2  1.2  1.15]
41,6,[1.82205452e-05 1.85438708e-03 1.46574365e-07 2.02803498e-08],[1.14 1.25 1.25 1.14 1.14 1.38],[1.29 1.48 1.51 1.41 1.47 1.57]
41,7,[4.25153465e-03 6.67619986e-06 3.50799771e-05 3.63646438e-07],[1.11 1.11 1.11 1.24 1.26 1.24],[1.29 1.25 1.38 1.36 1.48 1.41]
41,8,[2.22817520e-06 1.51294132e-07 2.63833702e-02 2.13998586e-01],[1.3 1.  1.  1.  1.  1. ],[1.46 1.3  1.3  1.38 1.38 1.  ]
41,9,[2.07393842e-05 8.52877915e-03 8.29621466e-05 1.85784786e-02],[1.05 1.19 1.05 1.05 1.05 1.05],[1.23 1.3  1.23 1.19 1.05 1.19]
5,0,[3.06933301e-07 1.02196819e-03 1.80350808e-07 4.98769332e-05],[1.16 1.35 1.23 1.16 1.16 1.23],[1.41 1.59 1.48 1.43 1.27 1.43]
5,1,[2.57902867e-04 2.56291363e-05 1.78379680e-05 1.61774524e-03],[1.17 1.17 1.14 1.22 1.14 1.14],[1.3  1.3  1.21 1.34 1.26 1.26]
5,2,[2.22778893e-05 1.73107852e-05 1.05271858e-09 3.27514460e-10],[1.28 1.28 1.28 1.28 1.28 1.5 ],[1.38 1.61 1.65 1.64 1.64 1.83]
5,3,[7.94179040e-04 1.13410978e-05 2.26741691e-05 3.27206258e-08],[1.17 1.17 1.17 1.25 1.25 1.25],[1.31 1.29 1.47 1.39 1.52 1.47]
5,4,[4.62515797e-04 3.46383685e-02 3.79334244e-08 2.95053044e-04],[1.02 1.15 1.15 1.02 1.02 1.15],[1.15 1.42 1.21 1.42 1.17 1.42]
5,5,[5.65165405e-05 3.95848025e-06 1.33935449e-05 8.56711338e-06],[1.26 1.26 1.26 1.26 1.26 1.26],[1.39 1.35 1.37 1.42 1.43 1.37]
5,6,[4.59958999e-01 2.43464434e-04 7.52792154e-05 1.48697533e-05],[1.   1.   1.   1.17 1.17 1.19],[1.17 1.21 1.26 1.24 1.29 1.3 ]
5,7,[0.00065537 0.00275467 0.00108245 0.00591776],[1.09 1.1  1.09 1.09 1.09 1.09],[1.15 1.16 1.15 1.14 1.11 1.13]
5,8,[3.33359621e-03 9.72851417e-04 5.42560920e-03 1.23771097e-07],[1.1  1.1  1.1  1.1  1.11 1.1 ],[1.13 1.1  1.38 1.13 1.38 1.38]
5,9,[1.30739386e-04 1.15264867e-04 2.86423770e-07 7.48939800e-07],[1.23 1.23 1.23 1.23 1.23 1.33],[1.3  1.42 1.39 1.45 1.42 1.5 ]
38,0,[3.93610851e-03 4.57597473e-05 2.90101758e-02 8.95430887e-04],[1.08 1.03 1.08 1.03 1.11 1.03],[1.21 1.08 1.13 1.21 1.22 1.13]
38,1,[3.06082793e-03 2.54115846e-04 2.03586907e-04 5.01458874e-10],[1.12 1.12 1.12 1.16 1.16 1.16],[1.19 1.2  1.56 1.24 1.57 1.56]
38,2,[2.75786402e-04 2.60384161e-03 1.87798275e-03 2.16201497e-05],[1.13 1.13 1.15 1.13 1.13 1.13],[1.19 1.19 1.28 1.14 1.24 1.24]
38,3,[0.00301361 0.00323078 0.00481315 0.00822562],[1.08 1.08 1.08 1.08 1.08 1.08],[1.09 1.09 1.09 1.09 1.09 1.08]
38,4,[2.01828596e-05 4.20064687e-04 1.66238316e-05 2.67898672e-07],[1.19 1.24 1.24 1.19 1.19 1.24],[1.31 1.36 1.48 1.3  1.42 1.45]
38,5,[1.49601200e-04 1.64639855e-05 3.94313199e-07 1.91209215e-05],[1.23 1.23 1.23 1.24 1.24 1.24],[1.32 1.43 1.32 1.47 1.38 1.45]
38,6,[1.12600064e-04 7.27081141e-07 1.25969404e-03 7.54032781e-06],[1.2  1.15 1.2  1.15 1.26 1.15],[1.42 1.24 1.35 1.38 1.48 1.3 ]
38,7,[2.08294188e-03 5.58014454e-03 2.25864543e-07 1.77182548e-07],[1.1  1.1  1.1  1.1  1.1  1.36],[1.12 1.38 1.38 1.38 1.38 1.47]
38,8,[3.97191285e-03 2.86708029e-03 3.81401306e-05 9.64605680e-03],[1.08 1.08 1.08 1.08 1.08 1.08],[1.09 1.21 1.09 1.21 1.09 1.21]
38,9,[4.02511754e-05 2.52303320e-05 5.86408664e-06 1.02687822e-03],[1.23 1.23 1.16 1.23 1.16 1.16],[1.36 1.36 1.28 1.37 1.28 1.31]
33,0,[5.93741080e-03 2.46745845e-03 1.82543432e-06 7.26489379e-07],[1.09 1.09 1.09 1.09 1.09 1.3 ],[1.12 1.32 1.34 1.32 1.34 1.43]
33,1,[3.08051753e-04 3.54768110e-02 4.72191956e-06 2.37696033e-04],[1.02 1.16 1.16 1.02 1.02 1.16],[1.17 1.32 1.21 1.29 1.18 1.3 ]
33,2,[7.67442449e-03 2.33525246e-06 1.24827425e-04 2.80402635e-03],[1.08 1.08 1.08 1.17 1.09 1.09],[1.31 1.18 1.1  1.36 1.31 1.18]
33,3,[2.84974635e-04 8.49766056e-06 6.93918382e-03 5.24384983e-05],[1.17 1.09 1.17 1.09 1.2  1.09],[1.31 1.18 1.26 1.28 1.33 1.22]
33,4,[6.51278737e-03 1.93652167e-06 8.26976598e-09 1.75801131e-07],[1.09 1.09 1.09 1.32 1.32 1.37],[1.33 1.49 1.4  1.59 1.51 1.57]
33,5,[4.68182232e-05 1.78116595e-04 9.71838161e-04 5.31198495e-05],[1.18 1.16 1.19 1.16 1.18 1.16],[1.31 1.27 1.32 1.23 1.29 1.24]
33,6,[7.01811013e-03 7.96895376e-08 1.58703928e-04 6.87752862e-04],[1.09 1.09 1.09 1.17 1.14 1.14],[1.41 1.19 1.15 1.43 1.41 1.19]
33,7,[8.24097623e-03 2.86211000e-06 3.04591825e-04 3.42705084e-08],[1.08 1.08 1.08 1.16 1.29 1.16],[1.31 1.17 1.43 1.35 1.53 1.43]
33,8,[8.96838825e-06 2.41911946e-03 1.40301627e-04 5.96225466e-04],[1.13 1.17 1.14 1.13 1.13 1.14],[1.3  1.31 1.3  1.22 1.18 1.22]
33,9,[8.19548873e-11 3.92100990e-05 1.87276405e-06 1.24683801e-05],[1.27 1.3  1.27 1.27 1.27 1.27],[1.7  1.72 1.69 1.44 1.38 1.4 ]
18,0,[8.29699355e-05 6.36114691e-04 5.94828571e-05 5.11719470e-05],[1.18 1.19 1.19 1.18 1.18 1.19],[1.25 1.31 1.31 1.26 1.27 1.29]
18,1,[1.03518072e-05 2.08202345e-06 2.11992758e-04 3.72964410e-06],[1.27 1.22 1.27 1.22 1.28 1.22],[1.44 1.34 1.43 1.37 1.47 1.35]
18,2,[1.92056948e-02 1.52574620e-09 4.27141175e-05 7.26431206e-03],[1.05 1.05 1.05 1.21 1.05 1.05],[1.51 1.21 1.05 1.57 1.51 1.21]
18,3,[4.86227470e-06 3.41417181e-07 3.38061916e-03 9.02600776e-07],[1.29 1.12 1.29 1.12 1.33 1.12],[1.5  1.31 1.47 1.39 1.51 1.35]
18,4,[7.25241327e-03 2.23882024e-10 1.49966552e-04 3.68045646e-06],[1.09 1.09 1.09 1.19 1.28 1.19],[1.59 1.2  1.31 1.59 1.61 1.31]
18,5,[2.47585870e-03 4.68828085e-03 3.00793502e-05 2.31309416e-05],[1.1  1.1  1.1  1.1  1.1  1.21],[1.12 1.24 1.24 1.24 1.24 1.29]
18,6,[4.06503877e-05 5.91623642e-02 1.25681461e-03 4.16318191e-04],[1.   1.12 1.14 1.   1.   1.12],[1.23 1.23 1.26 1.12 1.15 1.16]
18,7,[6.30802000e-06 1.30939385e-02 1.21576174e-04 1.59158886e-09],[1.06 1.2  1.27 1.06 1.06 1.2 ],[1.29 1.34 1.59 1.2  1.52 1.52]
18,8,[9.64498044e-06 1.26795353e-05 8.16847347e-06 1.01779746e-05],[1.31 1.31 1.31 1.31 1.31 1.31],[1.4  1.4  1.4  1.4  1.4  1.37]
18,9,[2.63425862e-04 4.87031673e-08 4.74994291e-04 1.80947339e-06],[1.19 1.19 1.19 1.19 1.3  1.19],[1.48 1.24 1.37 1.46 1.56 1.35]
21,0,[5.62685732e-03 9.19336996e-06 1.92873114e-03 2.07340502e-02],[1.06 1.06 1.04 1.08 1.04 1.04],[1.26 1.1  1.07 1.26 1.26 1.1 ]
21,1,[2.44479003e-02 4.14151222e-05 3.45537383e-04 9.34971034e-04],[1.04 1.04 1.04 1.14 1.13 1.13],[1.23 1.16 1.13 1.25 1.24 1.17]
21,2,[3.66948706e-04 7.55666913e-03 7.95140495e-07 1.52458005e-07],[1.08 1.16 1.16 1.08 1.08 1.33],[1.17 1.37 1.44 1.36 1.41 1.5 ]
21,3,[7.40203525e-03 3.23688155e-04 1.47538776e-06 3.79112918e-05],[1.09 1.09 1.09 1.16 1.16 1.22],[1.17 1.34 1.24 1.37 1.29 1.36]
21,4,[1.85207336e-03 3.38557934e-03 2.58384758e-06 5.23049014e-06],[1.12 1.12 1.12 1.12 1.12 1.27],[1.13 1.31 1.29 1.31 1.29 1.37]
21,5,[4.87438074e-05 7.45652597e-04 6.76618006e-05 1.05591437e-04],[1.17 1.19 1.19 1.17 1.17 1.19],[1.27 1.35 1.33 1.28 1.25 1.28]
21,6,[6.96756208e-03 4.61043086e-06 1.74095312e-02 3.02946986e-04],[1.06 1.05 1.06 1.05 1.15 1.05],[1.28 1.06 1.15 1.28 1.3  1.15]
21,7,[4.82813283e-05 7.19778197e-08 2.21619140e-04 5.69186205e-06],[1.22 1.21 1.22 1.21 1.27 1.21],[1.49 1.29 1.39 1.48 1.52 1.33]
21,8,[1.42890557e-05 5.04063039e-04 7.36667505e-09 2.69379830e-09],[1.18 1.26 1.26 1.18 1.18 1.47],[1.31 1.56 1.58 1.52 1.54 1.67]
21,9,[4.09266670e-07 5.82030694e-06 8.76182182e-07 3.25409661e-04],[1.29 1.33 1.2  1.29 1.2  1.2 ],[1.49 1.54 1.42 1.46 1.34 1.38]
43,0,[3.18156909e-05 4.38388824e-04 2.86139686e-02 4.41559275e-05],[1.15 1.03 1.2  1.03 1.15 1.03],[1.25 1.24 1.31 1.15 1.25 1.23]
43,1,[3.70209307e-05 2.84742198e-05 1.58533482e-05 1.48108062e-06],[1.27 1.27 1.27 1.27 1.27 1.27],[1.34 1.34 1.44 1.35 1.41 1.4 ]
43,2,[2.50269817e-03 1.16406964e-06 2.85919269e-04 1.35174255e-02],[1.09 1.09 1.06 1.15 1.06 1.06],[1.32 1.17 1.1  1.34 1.32 1.17]
43,3,[5.95604379e-06 1.36154390e-05 2.53780742e-03 3.40193309e-05],[1.25 1.13 1.24 1.13 1.24 1.13],[1.4  1.31 1.37 1.28 1.33 1.25]
43,4,[4.35471289e-04 1.70211201e-05 5.85287392e-05 3.10477692e-04],[1.19 1.19 1.19 1.2  1.19 1.19],[1.31 1.27 1.23 1.33 1.31 1.25]
43,5,[1.51168552e-07 2.08363524e-06 2.10516047e-02 1.42804362e-02],[1.3  1.03 1.03 1.03 1.03 1.03],[1.49 1.37 1.37 1.3  1.3  1.03]
43,6,[1.08759003e-05 1.11899553e-02 1.42700740e-02 9.94169254e-06],[1.05 1.05 1.24 1.05 1.05 1.05],[1.25 1.25 1.34 1.05 1.25 1.25]
43,7,[1.83607496e-05 4.18516990e-05 1.92951063e-07 5.24472206e-04],[1.23 1.23 1.18 1.23 1.18 1.18],[1.36 1.46 1.31 1.48 1.28 1.4 ]
43,8,[2.00460029e-08 1.26809248e-06 7.32675680e-06 9.48621808e-07],[1.33 1.33 1.33 1.33 1.33 1.33],[1.59 1.58 1.65 1.49 1.51 1.41]
43,9,[3.41984708e-02 3.01486185e-05 1.69830585e-04 4.01098325e-03],[1.02 1.02 1.02 1.17 1.08 1.08],[1.23 1.17 1.08 1.26 1.23 1.17]
44,0,[3.88240703e-04 1.22355100e-02 1.06349779e-05 4.28251233e-07],[1.07 1.16 1.16 1.07 1.07 1.25],[1.16 1.29 1.38 1.27 1.36 1.41]
44,1,[7.55981795e-05 1.06654980e-05 7.35863090e-05 8.45596612e-06],[1.25 1.25 1.25 1.25 1.25 1.25],[1.35 1.32 1.38 1.36 1.41 1.36]
44,2,[2.14466919e-03 4.76439243e-04 9.25362897e-10 1.91401471e-05],[1.13 1.13 1.13 1.15 1.15 1.23],[1.18 1.54 1.27 1.54 1.28 1.56]
44,3,[2.01002659e-03 1.46734291e-05 3.58426281e-04 1.13689639e-04],[1.14 1.14 1.14 1.16 1.18 1.16],[1.28 1.19 1.23 1.3  1.31 1.23]
44,4,[2.19110907e-06 2.21731539e-05 5.72395602e-08 1.01646174e-04],[1.25 1.29 1.24 1.25 1.24 1.24],[1.43 1.54 1.42 1.52 1.34 1.46]
44,5,[4.28889684e-05 4.76456212e-03 5.43585650e-04 1.25721335e-07],[1.1  1.15 1.21 1.1  1.1  1.15],[1.24 1.26 1.43 1.17 1.4  1.4 ]
44,6,[3.53434517e-06 9.45035868e-03 3.51524912e-03 4.63051642e-04],[1.08 1.08 1.13 1.08 1.08 1.08],[1.29 1.29 1.31 1.09 1.14 1.14]
44,7,[2.07935663e-03 8.21754953e-09 4.15902349e-05 4.15694959e-06],[1.13 1.13 1.13 1.23 1.28 1.23],[1.5  1.25 1.31 1.52 1.57 1.34]
44,8,[2.07921950e-03 7.38231358e-07 2.66933558e-06 3.79063847e-09],[1.13 1.13 1.13 1.31 1.33 1.31],[1.37 1.33 1.51 1.47 1.61 1.55]
44,9,[0.00064425 0.01717134 0.00014407 0.00010179],[1.05 1.14 1.14 1.05 1.05 1.17],[1.14 1.21 1.23 1.19 1.2  1.23]
42,0,[1.14703549e-05 2.13582085e-06 4.51478551e-04 1.61375813e-06],[1.27 1.19 1.27 1.19 1.29 1.19],[1.45 1.32 1.43 1.36 1.45 1.35]
42,1,[1.01503219e-05 3.09878172e-03 3.40022992e-05 1.03536369e-05],[1.12 1.24 1.24 1.12 1.12 1.24],[1.29 1.36 1.4  1.26 1.29 1.33]
42,2,[6.83281975e-02 1.44016249e-04 9.70901463e-07 2.92170613e-05],[1.   1.   1.   1.19 1.19 1.22],[1.19 1.34 1.24 1.36 1.28 1.39]
42,3,[1.01022107e-06 1.12020121e-03 5.61858057e-03 8.10520198e-02],[1.1  1.06 1.   1.06 1.   1.  ],[1.32 1.32 1.32 1.11 1.11 1.06]
42,4,[1.25247203e-07 1.14587757e-04 8.74902768e-07 6.65100041e-05],[1.23 1.32 1.23 1.23 1.23 1.23],[1.46 1.58 1.49 1.4  1.31 1.36]
42,5,[1.99763150e-05 3.31309888e-04 8.32660672e-05 3.04197464e-02],[1.16 1.19 1.03 1.16 1.03 1.03],[1.29 1.31 1.25 1.24 1.16 1.21]
42,6,[2.28396875e-04 5.69785599e-04 1.28371914e-07 2.91089838e-02],[1.14 1.16 1.03 1.14 1.03 1.03],[1.21 1.43 1.18 1.41 1.14 1.41]
42,7,[1.50057361e-03 5.98406042e-05 3.39063643e-04 5.25403520e-03],[1.11 1.11 1.1  1.14 1.1  1.1 ],[1.23 1.18 1.12 1.25 1.23 1.17]
42,8,[2.03387732e-03 5.06153137e-05 4.70220605e-05 1.44165353e-04],[1.14 1.14 1.14 1.19 1.19 1.19],[1.25 1.26 1.22 1.32 1.29 1.28]
42,9,[1.16688833e-02 8.76942867e-07 6.96323757e-04 6.80062011e-08],[1.07 1.07 1.07 1.14 1.33 1.14],[1.35 1.14 1.4  1.36 1.57 1.4 ]
47,0,[3.16411320e-06 3.52134865e-04 2.13638600e-05 1.18573366e-06],[1.2  1.25 1.29 1.2  1.2  1.25],[1.37 1.43 1.49 1.3  1.4  1.42]
47,1,[1.40298417e-06 3.05921617e-05 8.83042151e-08 2.48376315e-06],[1.28 1.31 1.31 1.28 1.28 1.31],[1.44 1.61 1.49 1.51 1.4  1.5 ]
47,2,[2.24709199e-03 6.13584313e-06 2.26934355e-01 3.94701586e-02],[1.08 1.   1.   1.   1.   1.  ],[1.26 1.08 1.08 1.26 1.26 1.  ]
47,3,[1.98574642e-06 1.31744915e-03 8.67227300e-04 1.90983612e-04],[1.15 1.15 1.16 1.15 1.15 1.15],[1.34 1.34 1.36 1.18 1.21 1.21]
47,4,[4.40904219e-04 2.49105329e-03 1.21597433e-04 3.45959558e-06],[1.13 1.15 1.15 1.13 1.13 1.18],[1.18 1.24 1.34 1.22 1.33 1.33]
47,5,[8.90501857e-02 8.81859817e-05 2.30630253e-04 5.37435726e-05],[1.   1.   1.   1.18 1.19 1.18],[1.21 1.18 1.22 1.25 1.28 1.24]
47,6,[1.64016622e-06 2.54564004e-02 1.52608262e-06 7.20820990e-07],[1.04 1.31 1.31 1.04 1.04 1.31],[1.33 1.46 1.49 1.33 1.35 1.45]
47,7,[1.23070136e-04 5.39224707e-03 1.85890719e-05 5.00031555e-06],[1.1  1.19 1.19 1.1  1.1  1.23],[1.21 1.3  1.34 1.26 1.31 1.35]
47,8,[3.77904037e-07 2.00505319e-03 7.74281928e-05 1.65692607e-04],[1.14 1.19 1.19 1.14 1.14 1.19],[1.38 1.41 1.41 1.23 1.22 1.26]
47,9,[7.25902608e-04 5.25235206e-02 1.24319151e-05 2.27677330e-08],[1.   1.14 1.14 1.   1.   1.24],[1.14 1.28 1.45 1.27 1.45 1.47]
46,0,[3.43191746e-06 7.53007736e-06 4.40651356e-04 2.43754070e-06],[1.28 1.19 1.28 1.19 1.28 1.19],[1.41 1.35 1.43 1.32 1.43 1.33]
46,1,[2.34160808e-03 1.11375286e-05 1.33545269e-05 4.01133641e-06],[1.13 1.13 1.13 1.25 1.25 1.25],[1.29 1.3  1.32 1.38 1.38 1.37]
46,2,[2.04615135e-05 3.53745760e-05 1.32358162e-04 1.27044024e-03],[1.21 1.19 1.15 1.19 1.15 1.15],[1.34 1.32 1.28 1.3  1.26 1.22]
46,3,[7.80088133e-04 3.10811058e-04 7.86800193e-05 1.83520452e-07],[1.17 1.17 1.17 1.17 1.17 1.19],[1.23 1.25 1.42 1.27 1.43 1.42]
46,4,[1.05927743e-07 4.15323751e-02 8.23437390e-05 3.69369302e-06],[1.01 1.21 1.28 1.01 1.01 1.21],[1.41 1.44 1.48 1.21 1.3  1.32]
46,5,[2.76143067e-04 4.94426072e-05 1.03733940e-03 3.50722331e-04],[1.16 1.16 1.16 1.16 1.16 1.16],[1.28 1.21 1.22 1.26 1.27 1.19]
46,6,[2.03431921e-04 4.87085685e-03 1.19851305e-03 2.93548537e-05],[1.1  1.12 1.16 1.1  1.1  1.12],[1.2  1.2  1.27 1.14 1.24 1.24]
46,7,[9.68756472e-03 1.68672037e-04 1.15534431e-04 6.42202311e-08],[1.08 1.08 1.08 1.18 1.18 1.18],[1.19 1.2  1.4  1.24 1.41 1.4 ]
46,8,[2.44406157e-04 9.84214889e-04 2.03785354e-03 5.58901526e-06],[1.13 1.13 1.15 1.13 1.13 1.13],[1.22 1.2  1.32 1.16 1.29 1.29]
46,9,[4.79987947e-05 1.03939833e-03 4.32346802e-03 2.22835742e-03],[1.11 1.11 1.11 1.11 1.11 1.11],[1.23 1.23 1.23 1.14 1.14 1.11]
22,0,[3.27763695e-03 6.17470103e-04 2.74280859e-06 4.80593097e-03],[1.1  1.1  1.1  1.12 1.1  1.1 ],[1.15 1.3  1.11 1.31 1.15 1.3 ]
22,1,[5.09586234e-05 1.65347061e-03 9.35187843e-07 7.38238276e-04],[1.14 1.2  1.14 1.14 1.14 1.14],[1.25 1.39 1.25 1.36 1.17 1.36]
22,2,[4.70256396e-05 6.96423646e-05 1.58528145e-06 8.36073425e-03],[1.21 1.21 1.08 1.21 1.08 1.08],[1.29 1.41 1.23 1.38 1.22 1.33]
22,3,[4.03391048e-03 2.38644246e-03 8.26908250e-05 1.92806405e-03],[1.11 1.11 1.11 1.11 1.11 1.11],[1.13 1.19 1.13 1.19 1.13 1.19]
22,4,[3.37238551e-05 1.10743962e-03 7.68525414e-05 1.19335058e-05],[1.16 1.21 1.22 1.16 1.16 1.21],[1.27 1.32 1.33 1.25 1.29 1.32]
22,5,[4.85597994e-05 5.15682287e-06 7.95836781e-05 8.74407960e-05],[1.24 1.24 1.24 1.24 1.24 1.24],[1.37 1.32 1.33 1.37 1.38 1.28]
22,6,[5.72890015e-04 1.04158001e-03 1.52445119e-04 6.39201971e-05],[1.16 1.16 1.16 1.16 1.16 1.17],[1.2  1.24 1.28 1.22 1.25 1.27]
22,7,[2.94017651e-02 6.67653954e-09 2.86944547e-02 3.84339545e-08],[1.   1.   1.   1.   1.42 1.  ],[1.46 1.   1.42 1.46 1.63 1.42]
22,8,[1.10840834e-04 5.67272569e-05 1.89653685e-04 1.01579377e-04],[1.22 1.22 1.22 1.22 1.22 1.22],[1.31 1.28 1.3  1.3  1.32 1.26]
22,9,[0.00036783 0.00029248 0.05869154 0.00098044],[1.13 1.   1.13 1.   1.13 1.  ],[1.22 1.16 1.18 1.17 1.19 1.13]
54,0,[2.65180777e-04 3.78210484e-05 6.18162956e-03 1.77556247e-03],[1.15 1.09 1.11 1.09 1.11 1.09],[1.27 1.18 1.18 1.23 1.23 1.12]
54,1,[7.68549806e-03 2.29995505e-05 6.31648758e-07 2.74996960e-06],[1.09 1.09 1.09 1.25 1.25 1.29],[1.25 1.36 1.31 1.42 1.38 1.43]
54,2,[2.49366642e-04 2.37843991e-03 1.30415713e-04 6.59507427e-06],[1.13 1.17 1.17 1.13 1.13 1.17],[1.2  1.25 1.31 1.22 1.3  1.3 ]
54,3,[1.29881957e-06 8.74785566e-05 3.86219083e-03 4.29498039e-02],[1.19 1.08 1.01 1.08 1.01 1.01],[1.36 1.32 1.32 1.19 1.19 1.08]
54,4,[3.73660187e-08 2.90078290e-02 4.62389654e-07 6.41791151e-02],[1.   1.34 1.   1.   1.   1.  ],[1.41 1.53 1.41 1.34 1.   1.34]
54,5,[7.39857104e-04 2.10839380e-07 4.05478250e-04 1.89212860e-01],[1.14 1.14 1.   1.14 1.   1.  ],[1.4  1.18 1.14 1.4  1.39 1.16]
54,6,[1.41779488e-03 7.70554470e-05 1.31759018e-04 1.19388954e-06],[1.15 1.15 1.15 1.19 1.19 1.19],[1.24 1.23 1.36 1.29 1.39 1.36]
54,7,[7.39913959e-02 4.45450230e-05 1.50278535e-06 1.31431332e-08],[1.   1.   1.   1.23 1.23 1.31],[1.23 1.33 1.47 1.38 1.52 1.54]
54,8,[1.94933845e-03 5.17436089e-03 6.67421030e-07 3.54334570e-07],[1.1  1.1  1.1  1.1  1.1  1.33],[1.12 1.35 1.37 1.35 1.37 1.47]
54,9,[0.00061276 0.0134072  0.01266483 0.02700098],[1.02 1.02 1.02 1.02 1.02 1.02],[1.11 1.11 1.11 1.02 1.02 1.02]
34,0,[1.12094382e-04 3.07646872e-04 5.90057301e-05 8.95263191e-06],[1.2 1.2 1.2 1.2 1.2 1.2],[1.26 1.3  1.35 1.28 1.34 1.34]
34,1,[5.83192140e-06 7.28706677e-07 3.83120389e-05 2.17327064e-04],[1.27 1.23 1.21 1.23 1.21 1.21],[1.48 1.38 1.35 1.44 1.42 1.28]
34,2,[2.39539028e-06 1.87385108e-03 8.70347396e-03 5.07847036e-07],[1.1  1.08 1.3  1.08 1.1  1.08],[1.31 1.31 1.46 1.12 1.35 1.35]
34,3,[1.63323190e-03 1.28048104e-05 1.63564943e-04 1.36409897e-08],[1.14 1.14 1.14 1.18 1.24 1.18],[1.3  1.22 1.48 1.33 1.54 1.48]
34,4,[4.07079037e-04 1.94606131e-04 1.14468570e-07 3.32211612e-07],[1.19 1.19 1.19 1.19 1.19 1.35],[1.24 1.46 1.42 1.45 1.43 1.54]
34,5,[6.61928348e-04 2.22528753e-03 3.06069273e-03 1.01716356e-05],[1.12 1.12 1.12 1.12 1.12 1.12],[1.17 1.17 1.27 1.13 1.26 1.26]
34,6,[1.16350423e-04 1.33827021e-05 4.91553102e-03 1.63013182e-04],[1.18 1.1  1.18 1.1  1.18 1.1 ],[1.33 1.22 1.26 1.28 1.33 1.19]
34,7,[9.59732738e-10 1.16749932e-08 8.36609891e-04 5.05091454e-06],[1.45 1.17 1.29 1.17 1.29 1.17],[1.78 1.58 1.63 1.51 1.55 1.31]
34,8,[2.48681079e-05 1.34552538e-02 8.46012813e-06 1.86226346e-05],[1.06 1.24 1.24 1.06 1.06 1.24],[1.25 1.36 1.35 1.28 1.26 1.35]
34,9,[2.36723189e-04 5.94112322e-07 8.60574295e-04 9.55074327e-05],[1.17 1.17 1.17 1.17 1.18 1.17],[1.4  1.23 1.27 1.4  1.41 1.23]
52,0,[2.49929722e-05 4.73969774e-07 3.56597057e-02 1.29343346e-02],[1.23 1.02 1.03 1.02 1.03 1.02],[1.4  1.23 1.23 1.34 1.34 1.03]
52,1,[5.17774386e-05 1.21151005e-04 2.61096034e-03 6.40272391e-06],[1.19 1.13 1.2  1.13 1.19 1.13],[1.3  1.25 1.36 1.22 1.32 1.29]
52,2,[8.44610659e-05 4.75204303e-02 4.60995382e-05 2.06988323e-04],[1.01 1.19 1.18 1.01 1.01 1.18],[1.21 1.29 1.26 1.22 1.18 1.24]
52,3,[1.78554492e-06 1.64193604e-06 3.40158358e-04 2.78193922e-01],[1.3  1.16 1.   1.16 1.   1.  ],[1.45 1.36 1.32 1.34 1.33 1.16]
52,4,[1.80405389e-02 8.46215920e-09 2.67350557e-06 1.05547830e-03],[1.05 1.05 1.05 1.3  1.12 1.12],[1.47 1.3  1.12 1.57 1.47 1.3 ]
52,5,[2.71626672e-05 4.54035019e-04 3.69948994e-04 1.18829871e-07],[1.19 1.19 1.22 1.19 1.19 1.19],[1.3  1.31 1.47 1.24 1.42 1.42]
52,6,[1.55223859e-06 3.71439716e-06 2.27213140e-05 5.51978184e-04],[1.28 1.25 1.18 1.25 1.18 1.18],[1.47 1.43 1.38 1.41 1.35 1.28]
52,7,[6.15032909e-05 2.39232880e-07 2.31499390e-05 1.26468951e-05],[1.26 1.26 1.26 1.26 1.26 1.26],[1.45 1.34 1.36 1.46 1.51 1.37]
52,8,[1.60727096e-02 9.67365674e-07 5.95165791e-06 8.78600404e-07],[1.05 1.05 1.05 1.29 1.31 1.29],[1.34 1.29 1.35 1.43 1.48 1.41]
52,9,[4.13467794e-04 1.89627244e-04 4.41133820e-05 6.26558700e-08],[1.19 1.19 1.19 1.19 1.19 1.21],[1.26 1.28 1.46 1.31 1.46 1.45]
7,0,[1.49308217e-07 8.08013851e-05 8.65705430e-07 1.96565589e-05],[1.25 1.33 1.25 1.25 1.25 1.25],[1.46 1.57 1.52 1.44 1.34 1.41]
7,1,[3.15618275e-04 9.90125480e-06 6.78869066e-05 6.32140844e-06],[1.2  1.2  1.2  1.21 1.25 1.21],[1.33 1.28 1.35 1.38 1.42 1.35]
7,2,[1.28264244e-04 1.02606537e-05 1.25473748e-06 2.93784202e-02],[1.19 1.19 1.03 1.25 1.03 1.03],[1.31 1.39 1.19 1.43 1.27 1.34]
7,3,[1.32544603e-05 2.47561108e-04 6.55165173e-08 5.91730209e-08],[1.21 1.26 1.26 1.21 1.21 1.38],[1.31 1.5  1.5  1.45 1.47 1.6 ]
7,4,[7.15712018e-06 3.91441902e-04 6.46549215e-06 4.70873531e-07],[1.19 1.26 1.26 1.19 1.19 1.26],[1.34 1.41 1.48 1.32 1.4  1.43]
7,5,[1.78884200e-07 1.16394126e-04 3.87146504e-07 8.18984162e-05],[1.24 1.35 1.24 1.24 1.24 1.24],[1.45 1.56 1.47 1.43 1.31 1.41]
7,6,[3.54113377e-05 2.35623771e-06 1.52524936e-04 1.26508204e-05],[1.23 1.23 1.23 1.23 1.24 1.23],[1.42 1.32 1.38 1.39 1.43 1.33]
7,7,[1.69944555e-03 2.91434487e-06 4.40533044e-04 2.28081770e-03],[1.13 1.13 1.13 1.13 1.13 1.13],[1.32 1.17 1.14 1.32 1.32 1.17]
7,8,[5.69862977e-04 2.99155523e-04 7.33863752e-05 8.41035878e-04],[1.17 1.17 1.17 1.17 1.17 1.17],[1.22 1.25 1.21 1.27 1.21 1.24]
7,9,[4.77517479e-07 3.16674792e-04 7.41147532e-05 1.71274140e-06],[1.2  1.21 1.3  1.2  1.2  1.21],[1.41 1.43 1.52 1.27 1.39 1.39]
48,0,[1.02150869e-05 3.88402501e-04 2.14790803e-07 1.89069798e-02],[1.16 1.26 1.05 1.16 1.05 1.05],[1.3  1.48 1.28 1.41 1.16 1.39]
48,1,[1.39733025e-06 2.26272192e-02 2.05849649e-05 1.42618277e-03],[1.04 1.23 1.11 1.04 1.04 1.11],[1.32 1.4  1.32 1.24 1.11 1.24]
48,2,[2.77422725e-05 4.62624859e-05 3.63660406e-07 8.29376910e-04],[1.22 1.22 1.17 1.22 1.17 1.17],[1.33 1.44 1.28 1.43 1.26 1.39]
48,3,[5.67523873e-03 4.58113527e-03 1.03907712e-07 5.52325164e-06],[1.09 1.09 1.09 1.09 1.09 1.27],[1.09 1.39 1.28 1.39 1.28 1.43]
48,4,[1.52787178e-07 1.14971214e-07 3.74158552e-04 5.72046724e-05],[1.36 1.2  1.22 1.2  1.22 1.2 ],[1.59 1.45 1.47 1.44 1.47 1.26]
48,5,[1.40029069e-05 1.24672600e-02 2.08913441e-02 8.55869380e-04],[1.03 1.03 1.11 1.03 1.03 1.03],[1.24 1.24 1.25 1.03 1.12 1.12]
48,6,[4.91684595e-05 2.03349040e-04 4.34752063e-05 3.06489079e-09],[1.22 1.22 1.22 1.22 1.22 1.22],[1.3  1.33 1.56 1.3  1.53 1.53]
48,7,[0.0025286  0.00081148 0.00012542 0.00014723],[1.13 1.13 1.13 1.13 1.13 1.16],[1.16 1.22 1.22 1.23 1.22 1.25]
48,8,[5.83433866e-05 1.74042511e-04 2.84915162e-05 6.91901001e-08],[1.22 1.22 1.22 1.22 1.22 1.22],[1.31 1.36 1.48 1.33 1.5  1.49]
48,9,[0.00076874 0.00970136 0.00101272 0.00013749],[1.08 1.11 1.11 1.08 1.08 1.11],[1.14 1.15 1.2  1.13 1.19 1.19]
53,0,[3.34994173e-04 1.01116668e-04 4.85006540e-03 3.66427725e-05],[1.16 1.1  1.16 1.1  1.18 1.1 ],[1.25 1.18 1.27 1.21 1.3  1.24]
53,1,[2.70231000e-03 8.74742507e-05 6.45986605e-07 2.52244872e-02],[1.09 1.09 1.04 1.19 1.04 1.04],[1.2  1.35 1.09 1.38 1.2  1.35]
53,2,[9.85936856e-05 6.07856687e-06 3.99545183e-03 2.62234412e-08],[1.2  1.11 1.2  1.11 1.27 1.11],[1.35 1.23 1.48 1.3  1.51 1.45]
53,3,[1.08642693e-06 1.37114542e-04 3.61185081e-06 7.49837639e-05],[1.23 1.28 1.23 1.23 1.23 1.23],[1.41 1.44 1.39 1.38 1.31 1.35]
53,4,[2.21717592e-03 7.30721983e-05 2.83772636e-04 2.76693990e-07],[1.13 1.13 1.13 1.17 1.19 1.17],[1.24 1.2  1.39 1.26 1.42 1.39]
53,5,[1.11883131e-02 2.14299623e-05 4.53186167e-04 2.94756762e-06],[1.07 1.07 1.07 1.15 1.23 1.15],[1.26 1.15 1.3  1.27 1.36 1.3 ]
53,6,[0.0001241  0.02192824 0.00011727 0.00021032],[1.04 1.17 1.17 1.04 1.04 1.17],[1.2  1.27 1.25 1.2  1.18 1.23]
53,7,[9.49864084e-04 1.23243495e-02 6.45651566e-06 1.80228495e-06],[1.07 1.13 1.13 1.07 1.07 1.27],[1.13 1.29 1.33 1.29 1.33 1.39]
53,8,[2.55656676e-04 3.57921672e-05 7.07858195e-07 8.29687913e-07],[1.21 1.21 1.21 1.24 1.24 1.32],[1.3  1.4  1.4  1.44 1.43 1.47]
53,9,[4.67776236e-02 5.45083713e-06 1.14715343e-03 3.72894796e-03],[1.01 1.01 1.01 1.1  1.08 1.08],[1.27 1.11 1.08 1.27 1.27 1.11]
49,0,[4.58660168e-04 1.10507542e-04 3.58109769e-05 8.53804753e-05],[1.19 1.19 1.19 1.19 1.19 1.19],[1.26 1.29 1.28 1.32 1.3  1.3 ]
49,1,[1.06286596e-06 3.07538931e-03 1.31537111e-02 3.48189834e-03],[1.07 1.06 1.07 1.06 1.07 1.06],[1.31 1.31 1.31 1.09 1.1  1.08]
49,2,[4.96728636e-06 7.41061171e-07 4.81221312e-05 3.85593336e-06],[1.28 1.27 1.28 1.27 1.28 1.27],[1.48 1.39 1.45 1.42 1.48 1.37]
49,3,[9.52108070e-05 8.01992130e-05 6.36894532e-03 4.22799553e-07],[1.19 1.09 1.19 1.09 1.19 1.09],[1.28 1.22 1.39 1.22 1.41 1.37]
49,4,[1.65390736e-05 3.08372404e-06 2.50425626e-04 2.96306741e-04],[1.24 1.2  1.2  1.2  1.2  1.2 ],[1.41 1.32 1.32 1.35 1.35 1.23]
49,5,[1.18233765e-02 1.15817220e-03 1.56238271e-08 9.32507997e-08],[1.07 1.07 1.07 1.12 1.12 1.39],[1.13 1.46 1.4  1.46 1.4  1.6 ]
49,6,[2.55252607e-04 6.26785351e-04 1.92979219e-05 4.64365863e-04],[1.18 1.18 1.18 1.18 1.18 1.18],[1.23 1.3  1.23 1.3  1.21 1.28]
49,7,[2.82103044e-04 6.61397031e-05 4.76988699e-02 1.28591825e-03],[1.15 1.01 1.12 1.01 1.12 1.01],[1.26 1.17 1.18 1.21 1.22 1.12]
49,8,[2.48385247e-04 2.69560588e-04 3.66448005e-09 6.83586900e-05],[1.21 1.21 1.21 1.21 1.21 1.21],[1.26 1.55 1.3  1.55 1.28 1.54]
49,9,[9.56894260e-04 1.09022527e-05 5.59316318e-04 3.98823761e-03],[1.13 1.13 1.11 1.13 1.11 1.11],[1.27 1.17 1.15 1.29 1.27 1.16]
35,0,[0.09354348 0.00212678 0.0010788  0.00148262],[1.   1.   1.   1.09 1.09 1.09],[1.1  1.12 1.11 1.13 1.12 1.13]
35,1,[3.09836925e-04 9.06697455e-08 1.56796060e-02 4.22444369e-04],[1.15 1.06 1.15 1.06 1.15 1.06],[1.43 1.17 1.21 1.42 1.44 1.16]
35,2,[2.26290992e-03 4.07794517e-03 2.49276064e-06 7.51452208e-06],[1.11 1.11 1.11 1.11 1.11 1.26],[1.13 1.31 1.28 1.31 1.28 1.37]
35,3,[1.31667963e-02 4.89940302e-05 6.80858681e-05 3.59943151e-06],[1.06 1.06 1.06 1.2  1.2  1.2 ],[1.23 1.22 1.31 1.3  1.37 1.34]
35,4,[2.89871802e-05 3.90162567e-05 1.71017907e-06 1.61237952e-07],[1.27 1.27 1.27 1.27 1.27 1.31],[1.35 1.41 1.5  1.43 1.47 1.51]
35,5,[4.03560162e-05 1.46147219e-04 4.59447149e-06 4.23647087e-03],[1.19 1.21 1.11 1.19 1.11 1.11],[1.29 1.35 1.25 1.34 1.21 1.3 ]
35,6,[2.83558205e-06 5.58686769e-06 2.01856476e-02 2.79770509e-05],[1.27 1.04 1.24 1.04 1.24 1.04],[1.42 1.31 1.37 1.29 1.39 1.24]
35,7,[2.69938294e-10 2.33238806e-08 2.43394352e-07 5.26846956e-06],[1.43 1.38 1.33 1.38 1.33 1.33],[1.81 1.78 1.69 1.65 1.59 1.46]
35,8,[1.03358603e-05 1.16904090e-03 2.55835899e-04 1.82527991e-04],[1.15 1.16 1.16 1.15 1.15 1.16],[1.31 1.32 1.32 1.22 1.21 1.24]
35,9,[6.55594177e-05 2.49423168e-05 1.36179287e-07 2.04858895e-04],[1.22 1.22 1.22 1.23 1.22 1.22],[1.35 1.47 1.28 1.47 1.3  1.44]
51,0,[1.92219597e-04 2.97896477e-04 7.89262689e-06 4.99315659e-03],[1.16 1.16 1.1  1.16 1.1  1.1 ],[1.23 1.3  1.19 1.3  1.18 1.28]
51,1,[0.00496326 0.00043907 0.00012318 0.00158067],[1.1  1.1  1.1  1.14 1.11 1.11],[1.17 1.2  1.13 1.22 1.17 1.2 ]
51,2,[1.25025278e-03 3.17602316e-03 9.02813537e-06 1.90455280e-05],[1.12 1.12 1.12 1.12 1.12 1.23],[1.14 1.3  1.26 1.3  1.26 1.33]
51,3,[1.04315375e-05 6.87728178e-07 1.75440500e-05 3.81274881e-04],[1.25 1.25 1.2  1.25 1.2  1.2 ],[1.48 1.38 1.33 1.42 1.4  1.29]
51,4,[4.59912250e-04 1.00385321e-06 1.96962493e-06 4.65823561e-05],[1.19 1.19 1.19 1.3  1.23 1.23],[1.39 1.36 1.27 1.47 1.4  1.36]
51,5,[0.00051149 0.00010763 0.04136702 0.00978366],[1.13 1.01 1.04 1.01 1.04 1.01],[1.2  1.13 1.13 1.18 1.18 1.04]
51,6,[3.79195779e-04 9.51126289e-10 1.10695002e-02 2.09054798e-03],[1.14 1.07 1.1  1.07 1.1  1.07],[1.55 1.16 1.17 1.53 1.53 1.1 ]
51,7,[1.07469630e-04 2.64266815e-03 1.68470076e-07 5.27580827e-05],[1.12 1.2  1.2  1.12 1.12 1.2 ],[1.22 1.43 1.28 1.4  1.24 1.41]
51,8,[1.74785571e-04 2.58109530e-04 8.02201683e-09 4.59812085e-03],[1.17 1.17 1.11 1.17 1.11 1.11],[1.23 1.5  1.2  1.5  1.19 1.49]
51,9,[1.38650160e-07 4.28910196e-09 1.19415124e-04 1.65868226e-08],[1.41 1.23 1.41 1.23 1.45 1.23],[1.7  1.46 1.65 1.56 1.77 1.5 ]
36,0,[9.47424419e-08 2.50397128e-06 1.06330685e-05 2.01285507e-05],[1.29 1.29 1.29 1.29 1.29 1.29],[1.54 1.54 1.51 1.46 1.43 1.35]
36,1,[5.44188771e-06 2.69498162e-06 1.21867056e-04 9.15581956e-07],[1.29 1.23 1.29 1.23 1.29 1.23],[1.44 1.36 1.48 1.39 1.49 1.39]
36,2,[2.80345353e-02 1.82639902e-05 1.24795538e-02 5.51930630e-05],[1.03 1.03 1.03 1.03 1.2  1.03],[1.23 1.03 1.2  1.23 1.29 1.2 ]
36,3,[3.21142438e-05 2.69010762e-06 1.30045702e-02 1.28595111e-04],[1.22 1.06 1.19 1.06 1.19 1.06],[1.38 1.24 1.28 1.31 1.36 1.19]
36,4,[3.78025060e-06 2.44799597e-01 1.76971385e-06 2.65323639e-06],[1.   1.29 1.29 1.   1.   1.29],[1.31 1.43 1.4  1.33 1.31 1.41]
36,5,[5.99342485e-05 1.05361513e-05 2.03993826e-01 2.16290038e-03],[1.2 1.  1.1 1.  1.1 1. ],[1.32 1.21 1.21 1.27 1.27 1.1 ]
36,6,[3.03137649e-04 1.06302757e-02 8.04401458e-04 1.08352826e-05],[1.07 1.13 1.15 1.07 1.07 1.13],[1.17 1.19 1.28 1.14 1.26 1.26]
36,7,[1.04332118e-05 2.23505437e-03 2.45111004e-03 2.10936919e-03],[1.13 1.13 1.13 1.13 1.13 1.13],[1.27 1.27 1.27 1.13 1.13 1.13]
36,8,[1.86068738e-06 2.03885453e-05 1.01904330e-07 1.54187863e-06],[1.29 1.31 1.31 1.29 1.29 1.31],[1.43 1.57 1.5  1.52 1.43 1.52]
36,9,[0.00506995 0.00030322 0.00013136 0.00040793],[1.1  1.1  1.1  1.14 1.14 1.14],[1.18 1.21 1.17 1.23 1.22 1.21]
55,0,[1.42712953e-09 1.05228255e-05 2.17869229e-04 6.00287835e-04],[1.25 1.18 1.18 1.18 1.18 1.18],[1.64 1.58 1.58 1.33 1.32 1.22]
55,1,[1.90693750e-06 1.96933382e-05 7.60136119e-06 2.52818233e-04],[1.25 1.26 1.21 1.25 1.21 1.21],[1.44 1.44 1.38 1.38 1.33 1.31]
55,2,[6.03201749e-05 1.62434050e-04 1.46914126e-07 1.25729266e-03],[1.19 1.2  1.15 1.19 1.15 1.15],[1.28 1.45 1.25 1.42 1.23 1.4 ]
55,3,[1.21704919e-06 1.84954739e-07 8.21756158e-07 8.79908873e-03],[1.33 1.33 1.08 1.33 1.08 1.08],[1.51 1.5  1.34 1.54 1.39 1.35]
55,4,[1.88038907e-03 1.09622712e-05 3.47411997e-03 9.16044272e-05],[1.12 1.12 1.12 1.12 1.19 1.12],[1.28 1.13 1.2  1.28 1.34 1.2 ]
55,5,[6.55528842e-05 3.26328923e-04 7.50802213e-07 1.14980133e-04],[1.2 1.2 1.2 1.2 1.2 1.2],[1.28 1.41 1.31 1.4  1.27 1.38]
55,6,[1.91832345e-07 4.67217387e-03 1.61748404e-02 6.12364374e-04],[1.07 1.05 1.12 1.05 1.07 1.05],[1.37 1.37 1.38 1.07 1.14 1.14]
55,7,[0.00013421 0.06533746 0.00632778 0.00043605],[1.   1.06 1.14 1.   1.   1.06],[1.18 1.18 1.21 1.06 1.14 1.14]
55,8,[5.47655274e-07 6.64850861e-06 2.43113863e-04 1.74892232e-03],[1.26 1.18 1.14 1.18 1.14 1.14],[1.46 1.39 1.38 1.33 1.32 1.19]
55,9,[0.00754035 0.00438641 0.00026641 0.00086057],[1.09 1.09 1.09 1.09 1.09 1.11],[1.09 1.16 1.13 1.16 1.13 1.16]
50,0,[1.65189508e-05 4.33012948e-07 5.17472295e-03 4.80038943e-03],[1.24 1.09 1.09 1.09 1.09 1.08],[1.43 1.25 1.25 1.35 1.35 1.08]
50,1,[4.76002689e-04 3.34169823e-08 6.44825397e-06 3.80130089e-07],[1.19 1.19 1.19 1.29 1.35 1.29],[1.48 1.32 1.42 1.56 1.63 1.44]
50,2,[1.84741294e-04 3.19442751e-04 2.07324644e-03 4.83284644e-07],[1.16 1.13 1.16 1.13 1.16 1.13],[1.23 1.21 1.39 1.19 1.37 1.37]
50,3,[6.77627172e-04 5.32865526e-06 4.93641233e-05 3.94807092e-03],[1.14 1.14 1.11 1.2  1.11 1.11],[1.33 1.25 1.16 1.37 1.32 1.23]
50,4,[7.21076276e-05 5.78842729e-09 5.73176397e-05 3.60974443e-05],[1.25 1.25 1.25 1.25 1.25 1.25],[1.58 1.33 1.32 1.56 1.56 1.31]
50,5,[8.46035149e-05 1.16413049e-02 3.55584500e-05 1.54523599e-04],[1.07 1.19 1.19 1.07 1.07 1.19],[1.21 1.31 1.25 1.24 1.19 1.26]
50,6,[7.97057725e-04 1.61344675e-08 2.61332840e-05 1.64147426e-03],[1.14 1.14 1.14 1.22 1.14 1.14],[1.47 1.28 1.18 1.52 1.47 1.26]
50,7,[1.45361253e-05 2.05657429e-05 1.81389078e-06 2.02168860e-04],[1.24 1.24 1.22 1.24 1.22 1.22],[1.38 1.43 1.34 1.41 1.32 1.35]
50,8,[1.41472289e-02 5.02195296e-05 2.45819796e-08 5.23674833e-06],[1.06 1.06 1.06 1.23 1.23 1.27],[1.23 1.46 1.29 1.52 1.36 1.52]
50,9,[1.54967416e-04 3.14594928e-01 4.94986095e-07 2.80197043e-04],[1.   1.17 1.17 1.   1.   1.17],[1.19 1.38 1.22 1.36 1.17 1.37]
56,0,[2.71301186e-05 4.85969299e-03 1.44954218e-07 4.53146336e-06],[1.1  1.24 1.24 1.1  1.1  1.28],[1.26 1.49 1.38 1.41 1.31 1.45]
56,1,[9.67529515e-04 1.92823182e-06 2.08077151e-06 5.00861641e-04],[1.16 1.16 1.16 1.29 1.16 1.16],[1.35 1.34 1.2  1.48 1.35 1.34]
56,2,[3.55987479e-03 1.36848700e-07 3.45007753e-04 2.19881761e-05],[1.11 1.11 1.11 1.16 1.23 1.16],[1.41 1.19 1.26 1.42 1.46 1.27]
56,3,[2.33888242e-10 1.27583832e-09 1.24731971e-05 1.56119582e-04],[1.51 1.27 1.22 1.27 1.22 1.22],[1.86 1.68 1.64 1.6  1.57 1.32]
56,4,[1.26060515e-05 1.07255903e-06 2.87809960e-02 1.86789970e-06],[1.26 1.03 1.26 1.03 1.3  1.03],[1.42 1.26 1.43 1.34 1.49 1.32]
56,5,[1.69492618e-05 7.05893890e-07 1.40405042e-02 3.29147102e-05],[1.24 1.06 1.24 1.06 1.24 1.06],[1.42 1.26 1.34 1.35 1.41 1.24]
56,6,[2.34901844e-03 1.36922780e-08 1.58226483e-03 6.60181429e-04],[1.13 1.13 1.13 1.13 1.13 1.13],[1.45 1.15 1.16 1.45 1.45 1.16]
56,7,[5.24566863e-04 4.72807595e-04 5.46687698e-03 4.80162481e-05],[1.13 1.1  1.13 1.1  1.13 1.1 ],[1.2  1.16 1.26 1.16 1.25 1.23]
56,8,[1.24652650e-05 1.86581514e-03 2.00209678e-05 5.66688156e-07],[1.14 1.25 1.25 1.14 1.14 1.25],[1.3  1.38 1.46 1.28 1.38 1.41]
56,9,[0.00114262 0.00111226 0.02823528 0.02186187],[1.09 1.01 1.01 1.01 1.01 1.01],[1.13 1.1  1.1  1.1  1.1  1.01]
57,0,[4.88105281e-06 1.14490836e-05 1.28258772e-02 9.77903119e-04],[1.25 1.06 1.13 1.06 1.13 1.06],[1.4  1.29 1.29 1.28 1.28 1.13]
57,1,[4.27283700e-05 6.10367907e-05 3.31650074e-04 4.44160090e-02],[1.2  1.16 1.01 1.16 1.01 1.01],[1.3  1.26 1.23 1.25 1.22 1.16]
57,2,[1.67732148e-03 3.88724456e-04 8.71381571e-06 9.49151450e-05],[1.14 1.14 1.14 1.16 1.16 1.18],[1.2  1.3  1.23 1.31 1.25 1.32]
57,3,[4.22420840e-05 2.29503214e-06 1.81276174e-06 7.38892979e-03],[1.23 1.23 1.09 1.29 1.09 1.09],[1.4  1.37 1.23 1.46 1.32 1.32]
57,4,[6.15312918e-02 2.89371378e-06 4.79773723e-08 8.81678851e-07],[1.   1.   1.   1.31 1.31 1.32],[1.31 1.43 1.34 1.57 1.45 1.52]
57,5,[3.95520424e-02 3.94824362e-07 9.83335160e-08 1.33620620e-06],[1.02 1.02 1.02 1.35 1.34 1.34],[1.37 1.41 1.34 1.56 1.48 1.49]
57,6,[4.43197179e-06 2.29095089e-04 6.31534149e-05 7.87090346e-05],[1.21 1.21 1.21 1.21 1.21 1.21],[1.35 1.38 1.4  1.3  1.3  1.28]
57,7,[4.69791452e-06 7.33443015e-04 1.68542732e-07 3.26490612e-04],[1.17 1.28 1.17 1.17 1.17 1.17],[1.33 1.5  1.32 1.41 1.21 1.41]
57,8,[3.32542549e-05 1.28287902e-05 2.35108178e-04 2.10774223e-03],[1.22 1.18 1.13 1.18 1.13 1.13],[1.36 1.28 1.26 1.31 1.29 1.19]
57,9,[1.71400755e-02 2.08585206e-07 3.89181841e-03 1.23615779e-02],[1.04 1.04 1.04 1.06 1.04 1.04],[1.35 1.06 1.04 1.35 1.35 1.06]
59,0,[5.57774807e-06 8.84955250e-03 3.67776438e-01 1.83777060e-03],[1.05 1.   1.09 1.   1.05 1.  ],[1.26 1.26 1.26 1.05 1.09 1.09]
59,1,[2.35975866e-05 7.07908367e-02 9.22421431e-05 2.43606936e-07],[1.   1.21 1.23 1.   1.   1.21],[1.25 1.31 1.44 1.21 1.38 1.38]
59,2,[9.72287705e-05 8.54448211e-03 1.93903172e-07 9.70518959e-04],[1.08 1.18 1.13 1.08 1.08 1.13],[1.21 1.4  1.21 1.38 1.13 1.38]
59,3,[6.36364161e-09 3.21182840e-02 4.00294301e-07 4.76676937e-05],[1.02 1.35 1.22 1.02 1.02 1.22],[1.49 1.64 1.53 1.37 1.22 1.38]
59,4,[1.55827649e-03 1.32557010e-09 1.42081800e-03 1.83028745e-04],[1.15 1.15 1.15 1.15 1.16 1.15],[1.53 1.16 1.2  1.53 1.53 1.2 ]
59,5,[7.49955539e-04 1.36330334e-07 2.20236449e-07 7.96186244e-02],[1.14 1.14 1.   1.36 1.   1.  ],[1.4  1.38 1.14 1.55 1.4  1.38]
59,6,[1.68322763e-04 2.58267103e-04 2.38649765e-06 1.53876873e-05],[1.21 1.21 1.21 1.21 1.21 1.24],[1.26 1.38 1.34 1.38 1.31 1.4 ]
59,7,[3.81729179e-04 4.81934565e-06 4.25741795e-02 8.53722978e-05],[1.16 1.01 1.16 1.01 1.19 1.01],[1.32 1.16 1.25 1.3  1.34 1.21]
59,8,[4.48963834e-05 1.95483186e-06 2.60444353e-01 5.65897848e-06],[1.23 1.   1.23 1.   1.27 1.  ],[1.4  1.23 1.35 1.32 1.42 1.3 ]
59,9,[0.00363082 0.00916969 0.00058439 0.00015783],[1.08 1.08 1.08 1.08 1.08 1.13],[1.09 1.14 1.18 1.14 1.18 1.19]
71,0,[7.23085665e-03 7.49696002e-07 9.88403214e-05 4.02760103e-02],[1.05 1.05 1.01 1.18 1.01 1.01],[1.33 1.18 1.05 1.37 1.33 1.18]
71,1,[2.04422047e-02 7.35193026e-05 1.08796688e-05 1.45181522e-07],[1.04 1.04 1.04 1.21 1.21 1.25],[1.21 1.27 1.4  1.32 1.43 1.44]
71,2,[8.23203778e-03 5.50842501e-08 6.98363935e-04 1.28614674e-09],[1.08 1.08 1.08 1.14 1.4  1.14],[1.43 1.15 1.51 1.43 1.67 1.51]
71,3,[1.71530813e-05 3.39922311e-03 3.42490745e-02 6.28787661e-07],[1.08 1.02 1.24 1.02 1.08 1.02],[1.25 1.25 1.43 1.08 1.35 1.35]
71,4,[5.66630500e-02 5.87843366e-05 1.90406984e-04 2.41445881e-05],[1.   1.   1.   1.18 1.2  1.18],[1.22 1.18 1.25 1.27 1.32 1.26]
71,5,[2.14403384e-10 1.85914058e-03 6.27392832e-04 1.00912961e-05],[1.14 1.14 1.25 1.14 1.14 1.14],[1.59 1.59 1.61 1.18 1.28 1.28]
71,6,[4.31107744e-06 1.44203787e-06 7.78325519e-03 2.56273851e-08],[1.3  1.08 1.3  1.08 1.31 1.08],[1.45 1.31 1.54 1.33 1.58 1.45]
71,7,[3.44474998e-07 3.71000887e-04 3.25105759e-03 6.09323466e-07],[1.16 1.12 1.33 1.12 1.16 1.12],[1.38 1.38 1.53 1.18 1.38 1.36]
71,8,[3.42718919e-03 1.30628918e-07 3.76314522e-04 9.96063714e-08],[1.12 1.12 1.12 1.16 1.37 1.16],[1.41 1.18 1.41 1.43 1.58 1.41]
71,9,[7.18717521e-04 1.43707279e-02 8.41509134e-05 8.65463741e-05],[1.06 1.14 1.14 1.06 1.06 1.17],[1.14 1.24 1.23 1.21 1.21 1.24]
58,0,[2.59151345e-03 1.04118570e-05 7.48945411e-05 6.05883322e-03],[1.09 1.09 1.09 1.19 1.09 1.09],[1.27 1.21 1.11 1.32 1.27 1.21]
58,1,[3.01320696e-04 9.13087393e-04 2.41353701e-05 2.93125524e-05],[1.16 1.17 1.17 1.16 1.16 1.21],[1.21 1.29 1.29 1.28 1.27 1.33]
58,2,[5.81548213e-07 6.43307785e-09 3.24900020e-07 8.82227523e-07],[1.39 1.39 1.39 1.39 1.39 1.39],[1.64 1.54 1.51 1.7  1.65 1.49]
58,3,[3.23899005e-05 1.37273438e-04 1.60522314e-03 1.09425150e-05],[1.19 1.14 1.22 1.14 1.19 1.14],[1.29 1.27 1.35 1.22 1.32 1.28]
58,4,[2.80987320e-02 3.40899982e-03 2.65240029e-05 8.00989044e-04],[1.03 1.03 1.03 1.08 1.08 1.11],[1.08 1.22 1.13 1.22 1.13 1.22]
58,5,[5.32714015e-05 1.46046429e-03 4.26470053e-03 1.10702029e-02],[1.09 1.07 1.07 1.07 1.07 1.07],[1.22 1.21 1.21 1.11 1.11 1.08]
58,6,[4.36094652e-03 1.84818862e-07 2.94987406e-06 1.14302060e-06],[1.11 1.11 1.11 1.31 1.32 1.31],[1.4  1.32 1.36 1.53 1.53 1.44]
58,7,[7.30944963e-07 1.93812371e-08 3.79198000e-05 6.64509338e-07],[1.33 1.27 1.33 1.27 1.33 1.27],[1.62 1.45 1.55 1.53 1.61 1.39]
58,8,[1.07641483e-04 2.23445752e-05 1.04236722e-06 3.52006249e-05],[1.24 1.24 1.24 1.24 1.24 1.24],[1.32 1.44 1.32 1.44 1.34 1.4 ]
58,9,[7.17063891e-05 2.39548992e-04 1.06289680e-06 1.15909119e-04],[1.21 1.21 1.21 1.21 1.21 1.21],[1.3  1.41 1.29 1.39 1.29 1.37]
72,0,[3.06383097e-09 1.60946984e-02 3.32117845e-03 1.37141277e-05],[1.06 1.08 1.24 1.06 1.06 1.08],[1.5  1.5  1.54 1.09 1.25 1.25]
72,1,[5.86113784e-04 2.47538804e-04 2.24990852e-06 3.67672229e-03],[1.14 1.14 1.11 1.15 1.11 1.11],[1.21 1.33 1.16 1.34 1.19 1.32]
72,2,[1.16788513e-05 1.08081914e-02 8.55999193e-03 2.63073690e-02],[1.03 1.03 1.03 1.03 1.03 1.03],[1.23 1.23 1.23 1.04 1.04 1.04]
72,3,[1.12353735e-03 6.45283439e-07 5.27960786e-10 9.48323843e-02],[1.12 1.12 1.   1.33 1.   1.  ],[1.36 1.54 1.12 1.66 1.36 1.54]
72,4,[4.11816870e-07 2.21484444e-03 3.00770314e-05 4.71312680e-07],[1.13 1.24 1.33 1.13 1.13 1.24],[1.38 1.46 1.54 1.27 1.39 1.41]
72,5,[1.09956894e-05 6.84040029e-08 1.63243175e-09 1.39094969e-05],[1.31 1.31 1.31 1.4  1.31 1.31],[1.52 1.62 1.4  1.71 1.55 1.58]
72,6,[8.71889597e-05 4.31031515e-03 1.19084523e-07 2.37393823e-06],[1.11 1.21 1.21 1.11 1.11 1.3 ],[1.22 1.45 1.36 1.41 1.32 1.48]
72,7,[8.37380509e-08 4.14750301e-06 1.20483326e-02 8.41312714e-02],[1.28 1.03 1.   1.03 1.   1.  ],[1.48 1.4  1.4  1.28 1.28 1.03]
72,8,[2.14545441e-08 5.99566932e-02 1.61460892e-05 9.37158276e-04],[1.   1.24 1.13 1.   1.   1.13],[1.45 1.51 1.46 1.25 1.13 1.25]
72,9,[3.15373487e-07 2.74610084e-08 4.73332290e-07 2.28024121e-05],[1.35 1.35 1.29 1.35 1.29 1.29],[1.59 1.56 1.49 1.64 1.53 1.45]
73,0,[4.61682184e-03 1.05066487e-05 1.49766423e-05 3.04496807e-05],[1.1  1.1  1.1  1.23 1.23 1.23],[1.27 1.27 1.25 1.37 1.34 1.31]
73,1,[9.29484913e-08 2.40500968e-03 1.34083387e-06 6.97384671e-06],[1.13 1.31 1.28 1.13 1.13 1.28],[1.42 1.56 1.51 1.36 1.3  1.4 ]
73,2,[0.00080201 0.00016967 0.00243381 0.00133214],[1.13 1.13 1.13 1.13 1.13 1.13],[1.22 1.16 1.16 1.21 1.21 1.14]
73,3,[8.76102279e-04 1.56209823e-02 3.55074534e-08 4.98146304e-06],[1.06 1.13 1.13 1.06 1.06 1.27],[1.13 1.44 1.3  1.44 1.3  1.46]
73,4,[1.71142139e-04 4.18673392e-04 2.09257005e-03 9.02373850e-05],[1.16 1.14 1.16 1.14 1.16 1.14],[1.24 1.21 1.26 1.19 1.24 1.21]
73,5,[2.63381439e-02 2.14622533e-07 3.34718590e-03 1.03187992e-03],[1.03 1.03 1.03 1.08 1.11 1.08],[1.36 1.08 1.12 1.36 1.36 1.12]
73,6,[1.72042380e-11 2.63736147e-02 1.13228011e-03 9.49276519e-05],[1.03 1.12 1.18 1.03 1.03 1.12],[1.63 1.63 1.64 1.12 1.2  1.2 ]
73,7,[3.79845619e-04 7.08204307e-04 9.13256209e-04 3.12688299e-05],[1.17 1.17 1.17 1.17 1.17 1.17],[1.23 1.21 1.28 1.19 1.26 1.26]
73,8,[0.00054221 0.00023948 0.02262798 0.00044838],[1.13 1.04 1.13 1.04 1.13 1.04],[1.21 1.15 1.18 1.17 1.21 1.15]
73,9,[9.97933957e-02 4.91170221e-06 1.34540912e-01 2.48791700e-05],[1.   1.   1.   1.   1.23 1.  ],[1.27 1.   1.23 1.27 1.36 1.23]
79,0,[0.00960239 0.00186095 0.02118688 0.07528697],[1.03 1.01 1.   1.01 1.   1.  ],[1.07 1.03 1.03 1.07 1.07 1.01]
79,1,[9.73539707e-03 1.23692044e-06 5.54478544e-04 1.88578629e-06],[1.07 1.07 1.07 1.14 1.3  1.14],[1.34 1.15 1.32 1.35 1.43 1.32]
79,2,[4.72640416e-08 2.13777361e-06 3.87532187e-05 6.91319884e-05],[1.3  1.25 1.25 1.25 1.25 1.25],[1.56 1.51 1.52 1.41 1.41 1.31]
79,3,[5.34827388e-04 1.32059882e-06 1.13418795e-03 4.58395371e-05],[1.16 1.16 1.16 1.16 1.21 1.16],[1.36 1.2  1.26 1.37 1.39 1.24]
79,4,[3.50935334e-05 8.92252844e-04 6.33230149e-06 1.36085443e-04],[1.16 1.21 1.19 1.16 1.16 1.19],[1.27 1.36 1.3  1.32 1.23 1.33]
79,5,[5.43150343e-05 2.25696302e-06 1.12191731e-04 8.32120950e-09],[1.24 1.24 1.24 1.24 1.3  1.24],[1.41 1.32 1.55 1.41 1.61 1.5 ]
79,6,[6.22801774e-05 3.62320086e-03 2.62007994e-04 1.91409339e-07],[1.11 1.17 1.2  1.11 1.11 1.17],[1.24 1.26 1.42 1.19 1.39 1.39]
79,7,[1.75438457e-02 8.64694138e-06 3.09533869e-04 2.14492832e-06],[1.05 1.05 1.05 1.16 1.25 1.16],[1.28 1.17 1.32 1.31 1.41 1.33]
79,8,[4.12019835e-03 1.13506382e-03 3.53174622e-02 1.01500856e-06],[1.07 1.02 1.07 1.02 1.1  1.02],[1.12 1.07 1.33 1.12 1.33 1.33]
79,9,[3.04387360e-06 1.30314367e-04 4.63650504e-03 1.37340307e-04],[1.17 1.1  1.17 1.1  1.17 1.1 ],[1.35 1.32 1.36 1.21 1.26 1.19]
63,0,[1.53843764e-04 2.43813327e-01 6.20751840e-05 3.12117113e-02],[1.   1.17 1.   1.   1.   1.  ],[1.17 1.25 1.17 1.2  1.   1.2 ]
63,1,[9.39724540e-05 1.21702932e-07 7.54423157e-06 1.02739856e-07],[1.24 1.24 1.24 1.28 1.37 1.28],[1.49 1.37 1.49 1.53 1.62 1.47]
63,2,[9.73025332e-06 3.88710472e-04 7.48536457e-03 2.28039233e-04],[1.16 1.09 1.16 1.09 1.16 1.09],[1.3  1.29 1.31 1.17 1.22 1.18]
63,3,[5.15872802e-05 1.46541030e-04 1.19644680e-07 2.20101309e-05],[1.23 1.23 1.23 1.23 1.23 1.23],[1.29 1.47 1.36 1.48 1.33 1.44]
63,4,[0.02076544 0.01482612 0.00052187 0.00014794],[1.03 1.03 1.03 1.03 1.03 1.13],[1.03 1.13 1.17 1.13 1.17 1.18]
63,5,[8.97926451e-05 5.19269881e-05 1.62164404e-02 9.89749911e-03],[1.18 1.04 1.04 1.04 1.04 1.04],[1.28 1.19 1.19 1.2  1.2  1.04]
63,6,[1.40223679e-04 1.09601670e-04 4.08202080e-05 1.75951519e-04],[1.22 1.22 1.22 1.22 1.22 1.22],[1.29 1.31 1.26 1.33 1.27 1.28]
63,7,[5.82454316e-03 1.05656709e-05 1.06263253e-05 3.20027347e-06],[1.09 1.09 1.09 1.25 1.25 1.25],[1.28 1.28 1.32 1.39 1.4  1.36]
63,8,[2.38822152e-03 9.92048522e-02 1.94535263e-03 1.15681033e-06],[1.   1.08 1.08 1.   1.   1.08],[1.09 1.11 1.32 1.1  1.32 1.32]
63,9,[1.57464913e-01 7.56871855e-07 9.82666018e-03 4.54563187e-02],[1.   1.   1.   1.03 1.   1.  ],[1.31 1.03 1.   1.31 1.31 1.03]
80,0,[1.74725756e-06 4.75647296e-02 5.84442030e-06 1.00893470e-02],[1.01 1.26 1.04 1.01 1.01 1.04],[1.3  1.41 1.3  1.26 1.04 1.26]
80,1,[5.49706586e-02 1.24775805e-04 1.81957765e-06 6.41552979e-04],[1.   1.   1.   1.18 1.14 1.14],[1.2  1.31 1.14 1.35 1.22 1.31]
80,2,[3.07254074e-05 9.37983382e-06 4.87687603e-06 1.03782186e-04],[1.24 1.24 1.24 1.25 1.24 1.24],[1.37 1.42 1.32 1.4  1.36 1.34]
80,3,[8.28258395e-09 8.45861114e-06 2.96410929e-04 7.66426637e-07],[1.28 1.2  1.32 1.2  1.28 1.2 ],[1.63 1.54 1.62 1.33 1.45 1.37]
80,4,[3.31921615e-07 4.57793516e-04 2.95637000e-07 5.18636224e-05],[1.19 1.34 1.22 1.19 1.19 1.22],[1.41 1.54 1.44 1.41 1.28 1.4 ]
80,5,[1.76856889e-05 2.74357071e-02 6.67449457e-04 1.29151902e-03],[1.03 1.12 1.12 1.03 1.03 1.12],[1.26 1.26 1.26 1.14 1.12 1.15]
80,6,[2.32217959e-03 2.45859198e-04 6.90779021e-04 5.44020246e-06],[1.13 1.13 1.13 1.14 1.15 1.14],[1.2  1.19 1.31 1.23 1.34 1.3 ]
80,7,[1.55486164e-05 1.38931469e-07 1.44016114e-05 1.03450954e-03],[1.24 1.24 1.16 1.24 1.16 1.16],[1.47 1.36 1.3  1.47 1.42 1.28]
80,8,[2.56335270e-03 1.06686345e-05 5.52047312e-06 7.93099109e-08],[1.13 1.13 1.13 1.27 1.27 1.27],[1.29 1.31 1.44 1.41 1.48 1.47]
80,9,[2.10978076e-03 1.04070329e-04 8.06292010e-04 2.52636794e-05],[1.13 1.13 1.13 1.13 1.18 1.13],[1.23 1.17 1.27 1.24 1.3  1.27]
70,0,[1.14809928e-02 1.04179446e-05 5.44278028e-06 1.47127153e-02],[1.04 1.04 1.04 1.25 1.04 1.04],[1.26 1.27 1.04 1.36 1.26 1.27]
70,1,[1.02526276e-04 1.80812349e-07 6.22299356e-04 1.07264154e-02],[1.18 1.14 1.07 1.14 1.07 1.07],[1.41 1.22 1.2  1.39 1.39 1.14]
70,2,[2.23225678e-04 1.46097062e-07 2.94244188e-04 3.76207110e-05],[1.2  1.2  1.2  1.2  1.21 1.2 ],[1.44 1.26 1.3  1.44 1.47 1.27]
70,3,[1.05624070e-05 2.52555557e-04 3.92050904e-05 3.40423717e-05],[1.21 1.22 1.22 1.21 1.21 1.22],[1.34 1.37 1.38 1.3  1.31 1.32]
70,4,[1.74483312e-02 3.70948823e-03 6.73034651e-04 4.58849921e-06],[1.05 1.05 1.05 1.08 1.08 1.12],[1.08 1.13 1.29 1.13 1.29 1.29]
70,5,[1.77470389e-05 1.23554106e-02 2.33904609e-04 4.74445824e-06],[1.07 1.17 1.23 1.07 1.07 1.17],[1.26 1.3  1.37 1.18 1.29 1.29]
70,6,[2.03639188e-05 1.65125899e-05 1.11290564e-06 1.95472343e-02],[1.24 1.24 1.05 1.24 1.05 1.05],[1.33 1.43 1.25 1.42 1.26 1.34]
70,7,[3.10999248e-04 7.73196208e-07 1.14398571e-01 7.61976514e-04],[1.15 1.   1.14 1.   1.14 1.  ],[1.36 1.17 1.2  1.35 1.35 1.14]
70,8,[2.27809094e-05 2.81404698e-04 2.76746733e-06 6.26123703e-05],[1.2  1.23 1.22 1.2  1.2  1.22],[1.3  1.44 1.36 1.38 1.29 1.36]
70,9,[7.92526787e-04 4.90889680e-04 4.19413188e-06 4.46780175e-05],[1.17 1.17 1.17 1.17 1.17 1.21],[1.21 1.34 1.27 1.35 1.27 1.36]
90,0,[0.00753669 0.00079885 0.00021151 0.00117772],[1.09 1.09 1.09 1.11 1.11 1.11],[1.15 1.19 1.13 1.2  1.17 1.19]
90,1,[2.28071396e-04 1.46445486e-06 2.94799341e-04 1.86119615e-02],[1.15 1.15 1.05 1.15 1.05 1.05],[1.36 1.22 1.18 1.36 1.33 1.17]
90,2,[5.42194931e-03 4.67662258e-05 1.53848045e-11 5.21175429e-04],[1.1  1.1  1.1  1.2  1.15 1.15],[1.24 1.64 1.16 1.65 1.25 1.64]
90,3,[4.13046290e-04 6.64825615e-05 7.57425271e-03 1.12414908e-05],[1.16 1.08 1.16 1.08 1.19 1.08],[1.23 1.16 1.29 1.22 1.33 1.27]
90,4,[3.02661070e-05 3.24142720e-06 1.22148928e-04 1.61496537e-05],[1.24 1.23 1.24 1.23 1.24 1.23],[1.41 1.32 1.36 1.37 1.41 1.31]
90,5,[2.68975761e-03 2.70334601e-08 6.09701103e-05 1.98421920e-04],[1.12 1.12 1.12 1.2  1.18 1.18],[1.45 1.24 1.2  1.46 1.46 1.25]
90,6,[2.18737814e-05 7.65100004e-04 7.54169396e-03 5.69160984e-05],[1.13 1.08 1.2  1.08 1.13 1.08],[1.27 1.25 1.32 1.14 1.24 1.22]
90,7,[3.78990542e-03 2.14462762e-05 5.74594397e-04 5.27409236e-03],[1.1  1.1  1.1  1.13 1.1  1.1 ],[1.24 1.15 1.1  1.26 1.24 1.15]
90,8,[5.40615432e-08 3.56065277e-05 1.83913095e-05 3.57347705e-03],[1.23 1.23 1.11 1.23 1.11 1.11],[1.49 1.49 1.45 1.35 1.25 1.25]
90,9,[1.40636633e-04 1.11294869e-04 3.84221113e-03 1.82052939e-08],[1.18 1.11 1.18 1.11 1.18 1.11],[1.28 1.21 1.49 1.22 1.5  1.45]
65,0,[2.26292642e-05 7.93535662e-05 1.00012940e-03 4.25019096e-04],[1.19 1.16 1.16 1.16 1.16 1.16],[1.33 1.28 1.28 1.25 1.26 1.19]
65,1,[3.32965409e-05 4.78435102e-04 1.50393751e-03 6.54125309e-07],[1.15 1.15 1.22 1.15 1.15 1.15],[1.3  1.27 1.43 1.19 1.38 1.35]
65,2,[9.53966392e-05 4.95133043e-07 2.79557757e-02 5.58886001e-02],[1.18 1.   1.   1.   1.   1.  ],[1.38 1.18 1.18 1.34 1.34 1.  ]
65,3,[3.52807561e-05 4.82309894e-04 1.67861633e-04 2.16417712e-06],[1.19 1.19 1.22 1.19 1.19 1.19],[1.3  1.32 1.42 1.26 1.36 1.36]
65,4,[4.79135637e-02 1.56107253e-02 4.17322023e-04 3.04903856e-06],[1.01 1.01 1.01 1.02 1.02 1.14],[1.02 1.14 1.28 1.14 1.28 1.28]
65,5,[3.39512885e-05 3.09440803e-04 1.65025758e-03 3.29328020e-05],[1.16 1.14 1.2  1.14 1.16 1.14],[1.29 1.26 1.33 1.2  1.27 1.24]
65,6,[2.61874145e-07 4.86182264e-05 7.71992454e-07 3.54404551e-07],[1.27 1.34 1.34 1.27 1.27 1.34],[1.46 1.57 1.63 1.45 1.48 1.51]
65,7,[1.60275244e-03 1.45999541e-03 6.31728290e-04 4.81148046e-05],[1.14 1.14 1.14 1.14 1.14 1.14],[1.16 1.18 1.23 1.18 1.23 1.23]
65,8,[5.14983157e-05 9.75020029e-07 4.68569230e-06 5.09741714e-04],[1.22 1.22 1.18 1.28 1.18 1.18],[1.42 1.39 1.28 1.48 1.39 1.32]
65,9,[3.91515292e-07 2.15023941e-04 1.52209347e-03 2.03844474e-05],[1.18 1.15 1.23 1.15 1.18 1.15],[1.43 1.4  1.45 1.21 1.3  1.27]
74,0,[4.23797312e-04 7.40672505e-04 8.73409524e-06 1.36980745e-05],[1.17 1.17 1.17 1.17 1.17 1.24],[1.21 1.32 1.32 1.31 1.31 1.38]
74,1,[1.67441571e-04 3.49980678e-04 6.02298514e-05 3.22177850e-05],[1.2 1.2 1.2 1.2 1.2 1.2],[1.24 1.29 1.29 1.29 1.29 1.31]
74,2,[1.09161804e-03 5.10153579e-07 5.31618839e-06 7.95893799e-03],[1.12 1.12 1.08 1.27 1.08 1.08],[1.36 1.31 1.14 1.44 1.36 1.3 ]
74,3,[5.34408906e-07 1.08438767e-03 4.80209875e-06 2.78751833e-03],[1.12 1.27 1.12 1.12 1.12 1.12],[1.36 1.44 1.36 1.3  1.15 1.29]
74,4,[3.24966002e-03 2.94108831e-04 1.32165101e-02 1.37633412e-05],[1.08 1.06 1.08 1.06 1.15 1.06],[1.16 1.09 1.26 1.16 1.28 1.26]
74,5,[2.57234668e-02 6.05898672e-05 8.09806416e-07 2.28552030e-04],[1.03 1.03 1.03 1.2  1.18 1.18],[1.22 1.35 1.18 1.38 1.26 1.37]
74,6,[4.70560180e-02 1.05137155e-05 5.25497480e-04 2.19604767e-02],[1.01 1.01 1.01 1.13 1.01 1.01],[1.25 1.13 1.01 1.28 1.25 1.13]
74,7,[1.44751644e-05 1.94803507e-10 1.01617479e-04 7.84370736e-04],[1.24 1.2  1.17 1.2  1.17 1.17],[1.68 1.33 1.29 1.62 1.62 1.23]
74,8,[1.02027962e-06 2.97992979e-03 1.23143200e-04 6.02511814e-03],[1.09 1.17 1.09 1.09 1.09 1.09],[1.34 1.37 1.34 1.19 1.11 1.19]
74,9,[7.41293259e-04 1.44366898e-07 3.90627955e-04 2.50044654e-04],[1.17 1.17 1.17 1.17 1.17 1.17],[1.43 1.22 1.23 1.45 1.45 1.21]
81,0,[5.57527770e-03 5.20053961e-05 9.24667409e-08 1.04013447e-01],[1.06 1.06 1.   1.2  1.   1.  ],[1.21 1.39 1.06 1.45 1.21 1.39]
81,1,[8.84236897e-06 1.54041352e-07 7.00803408e-04 3.86719146e-04],[1.25 1.17 1.17 1.17 1.17 1.17],[1.49 1.32 1.32 1.42 1.42 1.2 ]
81,2,[3.69906962e-03 1.80942350e-05 2.68894095e-06 1.53201120e-05],[1.11 1.11 1.11 1.24 1.24 1.24],[1.27 1.32 1.27 1.41 1.36 1.36]
81,3,[2.78164798e-04 2.21206540e-04 1.07588660e-03 4.84383044e-07],[1.16 1.16 1.16 1.16 1.16 1.16],[1.26 1.21 1.4  1.22 1.38 1.38]
81,4,[1.26041380e-04 2.79338204e-05 5.28660684e-06 5.62345999e-04],[1.19 1.19 1.18 1.22 1.18 1.18],[1.33 1.38 1.27 1.37 1.29 1.31]
81,5,[3.84984953e-03 1.94878165e-01 1.40292435e-05 3.01365895e-02],[1.   1.06 1.   1.   1.   1.  ],[1.06 1.23 1.06 1.23 1.   1.23]
81,6,[1.95016679e-04 1.51517504e-06 4.02555703e-04 1.44953781e-06],[1.2 1.2 1.2 1.2 1.3 1.2],[1.4  1.23 1.37 1.4  1.48 1.36]
81,7,[2.20656211e-07 1.23216338e-01 6.36020294e-07 1.25793784e-08],[1.   1.36 1.37 1.   1.   1.36],[1.39 1.52 1.66 1.36 1.47 1.54]
81,8,[1.57728435e-06 2.15516826e-04 2.44286793e-05 1.38827191e-05],[1.21 1.24 1.24 1.21 1.21 1.24],[1.38 1.41 1.42 1.3  1.34 1.34]
81,9,[1.22078183e-04 7.04881213e-06 4.38140859e-05 1.45259675e-02],[1.2  1.2  1.06 1.21 1.06 1.06],[1.32 1.29 1.2  1.36 1.28 1.23]
62,0,[1.81580222e-05 3.49341214e-06 2.26751264e-03 1.20193771e-05],[1.24 1.13 1.24 1.13 1.24 1.13],[1.39 1.28 1.35 1.33 1.39 1.27]
62,1,[1.63405026e-02 6.07993822e-02 1.53456584e-03 1.30738507e-07],[1.   1.02 1.02 1.   1.   1.09],[1.02 1.09 1.36 1.09 1.36 1.36]
62,2,[1.95456769e-04 5.06027887e-03 7.51751379e-05 1.75015238e-02],[1.07 1.16 1.05 1.07 1.05 1.05],[1.17 1.26 1.17 1.2  1.07 1.2 ]
62,3,[8.50127343e-06 2.59807721e-06 1.80494079e-04 2.01203498e-10],[1.28 1.22 1.28 1.22 1.29 1.22],[1.45 1.35 1.65 1.38 1.67 1.6 ]
62,4,[1.12248140e-05 8.96057134e-04 3.32897546e-05 2.54250652e-04],[1.16 1.22 1.17 1.16 1.16 1.17],[1.31 1.37 1.32 1.28 1.22 1.28]
62,5,[5.62391290e-03 8.95201691e-11 1.90472687e-03 1.46266043e-04],[1.1  1.1  1.1  1.1  1.17 1.1 ],[1.6  1.13 1.19 1.6  1.62 1.19]
62,6,[7.44555329e-09 1.78948794e-04 7.79824167e-08 1.49122588e-04],[1.22 1.4  1.22 1.22 1.22 1.22],[1.54 1.67 1.54 1.46 1.27 1.46]
62,7,[3.85088381e-05 2.17262770e-07 3.65817042e-07 3.52388222e-04],[1.23 1.23 1.2  1.35 1.2  1.2 ],[1.51 1.44 1.28 1.58 1.42 1.4 ]
62,8,[8.28403175e-08 5.19575215e-03 7.84802262e-06 4.51028748e-05],[1.1  1.26 1.23 1.1  1.1  1.23],[1.42 1.47 1.46 1.28 1.24 1.31]
62,9,[2.04078253e-03 4.20852052e-05 6.05315797e-12 1.84602589e-05],[1.14 1.14 1.14 1.23 1.23 1.23],[1.25 1.69 1.28 1.72 1.35 1.71]
75,0,[1.62386858e-07 3.57715039e-02 4.03069328e-06 1.33374787e-06],[1.02 1.3  1.31 1.02 1.02 1.3 ],[1.39 1.49 1.51 1.3  1.34 1.41]
75,1,[6.13247146e-05 5.09666879e-01 2.54066863e-05 7.92568967e-06],[1.   1.22 1.22 1.   1.   1.23],[1.22 1.31 1.35 1.25 1.28 1.33]
75,2,[1.33709181e-04 4.20354575e-03 1.70840225e-03 2.98211821e-05],[1.11 1.11 1.17 1.11 1.11 1.11],[1.2  1.2  1.28 1.14 1.24 1.24]
75,3,[3.77405021e-02 6.90922610e-03 1.96518931e-05 3.67253021e-02],[1.   1.   1.   1.04 1.   1.  ],[1.04 1.22 1.   1.22 1.04 1.22]
75,4,[3.49620193e-08 1.91265900e-03 6.14062153e-06 8.59650593e-05],[1.14 1.26 1.21 1.14 1.14 1.21],[1.45 1.54 1.46 1.31 1.24 1.34]
75,5,[1.41113997e-06 2.37322141e-03 4.03340137e-04 4.23986612e-04],[1.13 1.14 1.14 1.13 1.13 1.14],[1.34 1.36 1.36 1.19 1.19 1.2 ]
75,6,[4.24301201e-08 1.10664291e-01 2.34062865e-05 1.83079399e-05],[1.   1.24 1.24 1.   1.   1.24],[1.43 1.49 1.5  1.25 1.26 1.32]
75,7,[1.05051118e-05 3.96896958e-03 9.57639844e-06 9.46937947e-04],[1.11 1.24 1.13 1.11 1.11 1.13],[1.28 1.36 1.28 1.27 1.14 1.27]
75,8,[3.82091108e-05 3.35696680e-05 3.10953432e-06 1.74663603e-04],[1.22 1.22 1.22 1.22 1.22 1.22],[1.37 1.39 1.31 1.4  1.3  1.34]
75,9,[1.40993515e-06 9.00410078e-05 3.75689994e-05 1.93139727e-07],[1.24 1.24 1.31 1.24 1.24 1.24],[1.41 1.46 1.54 1.31 1.47 1.45]
67,0,[1.02209922e-03 1.56283966e-05 4.55547691e-05 1.29156787e-02],[1.12 1.12 1.06 1.21 1.06 1.06],[1.27 1.23 1.12 1.33 1.26 1.23]
67,1,[1.61765184e-05 1.73570305e-08 1.96253946e-05 1.62642788e-10],[1.29 1.29 1.29 1.29 1.44 1.29],[1.58 1.4  1.67 1.55 1.82 1.63]
67,2,[7.79102317e-05 6.17520292e-05 3.85469037e-08 8.74769783e-05],[1.25 1.25 1.25 1.25 1.25 1.25],[1.31 1.49 1.31 1.49 1.32 1.47]
67,3,[0.00365831 0.00013141 0.00115977 0.00397747],[1.11 1.11 1.11 1.11 1.11 1.11],[1.2  1.13 1.11 1.2  1.2  1.13]
67,4,[2.07127320e-02 2.41301883e-02 1.12323961e-06 7.61117669e-06],[1.01 1.01 1.01 1.01 1.01 1.26],[1.01 1.32 1.26 1.32 1.26 1.36]
67,5,[1.52031037e-04 4.49506508e-05 5.98021610e-05 1.15371509e-04],[1.22 1.22 1.22 1.22 1.22 1.22],[1.29 1.31 1.27 1.36 1.33 1.29]
67,6,[0.01834287 0.00287936 0.00100728 0.01470936],[1.03 1.03 1.03 1.07 1.03 1.03],[1.07 1.11 1.03 1.11 1.07 1.11]
67,7,[5.90883178e-04 7.80556773e-04 3.52866923e-06 1.78714615e-07],[1.17 1.17 1.17 1.17 1.17 1.28],[1.2  1.35 1.42 1.34 1.41 1.47]
67,8,[1.44536115e-02 1.21962344e-05 3.55879553e-04 1.52003562e-06],[1.06 1.06 1.06 1.16 1.25 1.16],[1.27 1.16 1.31 1.29 1.38 1.31]
67,9,[5.09743246e-06 2.59687494e-06 1.94285607e-02 2.47564251e-03],[1.27 1.05 1.09 1.05 1.09 1.05],[1.4  1.28 1.28 1.31 1.31 1.09]
87,0,[9.65872814e-04 1.55832884e-05 5.51742330e-06 1.74962047e-08],[1.16 1.16 1.16 1.26 1.26 1.27],[1.3  1.32 1.48 1.38 1.53 1.5 ]
87,1,[8.62737489e-04 1.38011079e-04 2.04180449e-03 2.15685493e-06],[1.14 1.14 1.14 1.14 1.17 1.14],[1.22 1.17 1.33 1.22 1.35 1.32]
87,2,[1.45305219e-06 1.84198132e-05 1.06793086e-06 9.24848601e-04],[1.25 1.3  1.16 1.25 1.16 1.16],[1.44 1.48 1.36 1.43 1.29 1.35]
87,3,[1.77724796e-02 1.26625162e-06 8.52010691e-04 3.85001821e-04],[1.05 1.05 1.05 1.13 1.14 1.13],[1.33 1.13 1.16 1.33 1.34 1.17]
87,4,[3.83211182e-05 7.41326079e-06 1.60494560e-08 1.07093196e-03],[1.23 1.23 1.16 1.26 1.16 1.16],[1.38 1.51 1.27 1.57 1.32 1.47]
87,5,[1.03622646e-02 5.92640807e-03 8.47524847e-07 2.88175239e-09],[1.07 1.07 1.07 1.07 1.07 1.32],[1.07 1.33 1.49 1.33 1.49 1.54]
87,6,[1.35965031e-05 5.73623593e-06 2.53894975e-06 1.29156164e-04],[1.27 1.27 1.23 1.27 1.23 1.23],[1.42 1.43 1.34 1.45 1.36 1.36]
87,7,[0.00024356 0.01775962 0.00087062 0.00355553],[1.05 1.11 1.08 1.05 1.05 1.08],[1.17 1.18 1.17 1.12 1.08 1.12]
87,8,[2.38223752e-08 3.45342427e-05 6.60331345e-02 2.57406133e-03],[1.21 1.   1.09 1.   1.09 1.  ],[1.48 1.44 1.44 1.23 1.24 1.09]
87,9,[2.84183882e-05 8.76697516e-06 8.17056386e-05 2.67419003e-03],[1.22 1.21 1.12 1.21 1.12 1.12],[1.36 1.29 1.26 1.33 1.29 1.21]
88,0,[5.79404776e-04 5.87981634e-07 4.82998638e-05 2.22163805e-08],[1.18 1.18 1.18 1.22 1.34 1.22],[1.39 1.27 1.46 1.44 1.6  1.46]
88,1,[9.20503304e-05 3.79497611e-04 1.52317819e-04 1.43837432e-07],[1.2 1.2 1.2 1.2 1.2 1.2],[1.26 1.3  1.45 1.26 1.45 1.41]
88,2,[3.33221743e-03 8.07074637e-04 5.43037332e-06 3.99865877e-07],[1.12 1.12 1.12 1.13 1.13 1.27],[1.16 1.3  1.37 1.3  1.37 1.41]
88,3,[1.84035469e-05 1.53980771e-04 2.17860097e-03 1.76891023e-02],[1.17 1.1  1.05 1.1  1.05 1.05],[1.28 1.24 1.24 1.19 1.19 1.1 ]
88,4,[1.40999291e-02 1.31277610e-03 6.02521155e-05 4.96482730e-06],[1.06 1.06 1.06 1.12 1.12 1.2 ],[1.12 1.22 1.3  1.22 1.3  1.31]
88,5,[2.28082540e-06 6.19983448e-02 7.21404037e-06 3.00701762e-04],[1.   1.26 1.17 1.   1.   1.17],[1.32 1.41 1.34 1.29 1.17 1.29]
88,6,[4.16985428e-04 9.22673713e-03 6.84847939e-06 3.11663602e-07],[1.08 1.16 1.16 1.08 1.08 1.27],[1.16 1.32 1.39 1.29 1.38 1.45]
88,7,[1.22250448e-05 4.29254000e-04 5.39445899e-03 5.77264521e-05],[1.15 1.1  1.2  1.1  1.15 1.1 ],[1.29 1.27 1.31 1.17 1.25 1.22]
88,8,[1.86618787e-04 2.23678264e-04 5.37930767e-09 8.21226968e-04],[1.17 1.17 1.17 1.17 1.17 1.17],[1.26 1.51 1.24 1.51 1.23 1.5 ]
88,9,[5.32513739e-06 1.33383914e-05 1.07879039e-04 5.02033118e-04],[1.24 1.2  1.19 1.2  1.19 1.19],[1.43 1.35 1.34 1.34 1.32 1.23]
89,0,[1.28251589e-07 1.82582260e-06 3.34498581e-04 8.69295288e-05],[1.31 1.2  1.21 1.2  1.21 1.2 ],[1.54 1.44 1.46 1.37 1.38 1.25]
89,1,[1.67301048e-07 2.62377062e-07 1.46665603e-03 2.66604492e-08],[1.37 1.15 1.37 1.15 1.37 1.15],[1.58 1.4  1.63 1.39 1.56 1.45]
89,2,[0.00072032 0.00545982 0.00015954 0.00058242],[1.1  1.12 1.12 1.1  1.1  1.12],[1.15 1.22 1.19 1.2  1.16 1.2 ]
89,3,[2.21327170e-04 5.54226765e-05 1.25533425e-04 3.03268994e-03],[1.17 1.17 1.12 1.17 1.12 1.12],[1.29 1.26 1.2  1.29 1.25 1.21]
89,4,[4.08166330e-03 3.08984863e-06 1.81181324e-06 6.50568488e-12],[1.11 1.11 1.11 1.3  1.3  1.3 ],[1.32 1.35 1.71 1.45 1.76 1.72]
89,5,[0.0015222  0.03453636 0.0563998  0.20824097],[1. 1. 1. 1. 1. 1.],[1.08 1.08 1.08 1.   1.   1.  ]
89,6,[9.62087072e-05 1.45226571e-02 5.96514682e-07 7.06500178e-05],[1.06 1.19 1.19 1.06 1.06 1.19],[1.21 1.4  1.28 1.36 1.21 1.37]
89,7,[1.91277527e-03 1.14265034e-03 2.02786362e-05 1.97355751e-06],[1.14 1.14 1.14 1.14 1.14 1.23],[1.17 1.28 1.34 1.29 1.34 1.38]
89,8,[1.34310484e-04 2.52330662e-06 4.46497411e-03 1.35714721e-03],[1.17 1.11 1.11 1.11 1.11 1.11],[1.35 1.2  1.2  1.32 1.32 1.13]
89,9,[7.91011077e-05 5.69812376e-02 2.48200025e-07 7.17078251e-05],[1.   1.19 1.19 1.   1.   1.19],[1.21 1.43 1.29 1.38 1.21 1.39]
61,0,[5.46821616e-07 1.57329288e-06 1.93678341e-06 4.04928365e-03],[1.31 1.31 1.11 1.31 1.11 1.11],[1.48 1.5  1.37 1.44 1.34 1.33]
61,1,[1.22128859e-04 2.52142932e-07 6.99509363e-05 5.54568801e-05],[1.23 1.23 1.23 1.23 1.23 1.23],[1.45 1.32 1.31 1.48 1.46 1.3 ]
61,2,[4.75019386e-06 5.21021584e-03 9.38106340e-03 2.63070181e-05],[1.08 1.08 1.22 1.08 1.08 1.08],[1.28 1.28 1.36 1.08 1.23 1.23]
61,3,[4.78520999e-03 1.45067867e-08 4.84927912e-02 5.07994852e-05],[1.07 1.01 1.07 1.01 1.2  1.01],[1.45 1.07 1.2  1.45 1.46 1.2 ]
61,4,[8.09270704e-06 9.14505355e-05 2.86905644e-06 5.41489262e-03],[1.21 1.26 1.1  1.21 1.1  1.1 ],[1.32 1.42 1.29 1.39 1.22 1.32]
61,5,[5.66574444e-05 4.23148895e-04 9.33376927e-05 1.74153934e-03],[1.15 1.18 1.14 1.15 1.14 1.14],[1.26 1.28 1.24 1.24 1.19 1.22]
61,6,[2.67843224e-07 4.08436955e-03 6.20955227e-06 2.07911968e-05],[1.11 1.27 1.25 1.11 1.11 1.25],[1.4  1.48 1.46 1.3  1.26 1.35]
61,7,[4.39022163e-03 2.59669549e-05 5.93478600e-11 1.29422067e-05],[1.1  1.1  1.1  1.24 1.24 1.25],[1.26 1.63 1.28 1.67 1.35 1.64]
61,8,[2.52271413e-03 1.55330258e-05 8.49597963e-05 1.78669142e-06],[1.13 1.13 1.13 1.21 1.24 1.21],[1.29 1.24 1.34 1.34 1.42 1.38]
61,9,[7.54916306e-04 1.26251354e-07 1.00114543e-04 3.73455144e-04],[1.17 1.17 1.17 1.18 1.17 1.17],[1.43 1.26 1.23 1.44 1.44 1.23]
98,0,[1.82972973e-03 7.07063067e-05 1.28252114e-05 1.43456803e-06],[1.14 1.14 1.14 1.21 1.21 1.25],[1.25 1.29 1.36 1.34 1.4  1.41]
98,1,[5.53739917e-06 2.96039802e-02 1.27338971e-04 6.43243094e-05],[1.03 1.19 1.2  1.03 1.03 1.19],[1.29 1.33 1.34 1.19 1.22 1.25]
98,2,[6.93231604e-04 1.83593604e-04 6.24772171e-03 4.30529832e-05],[1.14 1.09 1.14 1.09 1.16 1.09],[1.22 1.15 1.25 1.2  1.29 1.24]
98,3,[3.03194042e-05 4.34896862e-05 3.74151111e-07 5.68649059e-03],[1.22 1.22 1.1  1.22 1.1  1.1 ],[1.31 1.4  1.25 1.42 1.24 1.37]
98,4,[1.00571064e-07 3.00664671e-07 3.27632286e-04 9.95952763e-04],[1.35 1.16 1.16 1.16 1.16 1.16],[1.56 1.43 1.43 1.4  1.4  1.19]
98,5,[2.44297575e-04 5.10439126e-06 2.57668336e-02 1.60518030e-02],[1.15 1.02 1.02 1.02 1.02 1.02],[1.3  1.15 1.15 1.27 1.27 1.02]
98,6,[8.29689285e-05 1.16779767e-07 1.24286085e-03 4.34098450e-05],[1.21 1.15 1.21 1.15 1.21 1.15],[1.45 1.24 1.3  1.43 1.46 1.24]
98,7,[1.94999188e-01 2.68453972e-06 3.76867990e-02 6.74939887e-04],[1.   1.   1.   1.   1.12 1.  ],[1.3  1.   1.12 1.3  1.31 1.12]
98,8,[2.11779682e-06 3.70750840e-04 4.18472110e-05 1.02901094e-02],[1.16 1.21 1.07 1.16 1.07 1.07],[1.33 1.39 1.33 1.25 1.16 1.23]
98,9,[8.15518475e-04 6.36694735e-04 2.10289399e-05 2.73561509e-05],[1.17 1.17 1.17 1.17 1.17 1.22],[1.2  1.3  1.3  1.3  1.28 1.34]
86,0,[2.74399552e-08 5.26275946e-05 5.39656315e-08 2.26309873e-08],[1.26 1.41 1.41 1.26 1.26 1.41],[1.55 1.7  1.74 1.51 1.54 1.59]
86,1,[5.47928278e-08 2.85762880e-09 6.95743838e-03 2.72619517e-06],[1.41 1.09 1.31 1.09 1.31 1.09],[1.67 1.43 1.53 1.51 1.63 1.31]
86,2,[7.14517086e-07 4.34209185e-03 1.12789967e-05 2.22847472e-07],[1.11 1.27 1.33 1.11 1.11 1.27],[1.35 1.44 1.52 1.28 1.39 1.42]
86,3,[3.57053927e-07 5.05132981e-04 5.27251972e-07 7.92892651e-04],[1.17 1.33 1.17 1.17 1.17 1.17],[1.41 1.54 1.4  1.38 1.22 1.38]
86,4,[5.24418463e-04 1.02899487e-04 7.32778582e-06 2.85822865e-03],[1.15 1.15 1.12 1.18 1.12 1.12],[1.23 1.3  1.18 1.32 1.22 1.28]
86,5,[6.36585703e-06 1.30369502e-01 7.59961099e-03 1.43669819e-01],[1.   1.04 1.   1.   1.   1.  ],[1.25 1.25 1.25 1.04 1.   1.04]
86,6,[1.75074108e-03 1.94987200e-04 2.59490861e-05 6.22347691e-05],[1.14 1.14 1.14 1.18 1.18 1.2 ],[1.22 1.27 1.24 1.31 1.28 1.29]
86,7,[1.24036823e-08 1.33085387e-06 2.68058499e-04 8.49194913e-05],[1.31 1.21 1.21 1.21 1.21 1.21],[1.63 1.52 1.53 1.38 1.41 1.26]
86,8,[8.32346579e-07 2.70188158e-03 1.81190282e-02 8.96863058e-07],[1.09 1.05 1.31 1.05 1.09 1.05],[1.33 1.33 1.47 1.09 1.34 1.34]
86,9,[2.43353111e-02 6.08370081e-08 2.78806390e-02 1.85125623e-03],[1.01 1.01 1.01 1.01 1.09 1.01],[1.39 1.01 1.09 1.39 1.39 1.09]
69,0,[2.09550132e-02 2.44665007e-03 1.63644387e-03 5.36864249e-06],[1.04 1.04 1.04 1.09 1.09 1.09],[1.1  1.11 1.27 1.12 1.27 1.27]
69,1,[2.28733694e-04 2.50724581e-02 1.34161215e-09 1.52993282e-06],[1.04 1.17 1.17 1.04 1.04 1.31],[1.17 1.58 1.36 1.53 1.33 1.58]
69,2,[6.58126930e-04 1.28650930e-04 8.01320087e-03 2.34781262e-06],[1.14 1.08 1.14 1.08 1.17 1.08],[1.21 1.15 1.33 1.2  1.35 1.32]
69,3,[3.63887950e-05 2.15149827e-05 6.43072599e-04 4.75259980e-04],[1.21 1.18 1.18 1.18 1.18 1.18],[1.35 1.27 1.27 1.29 1.3  1.19]
69,4,[2.17976738e-07 7.33152283e-07 9.60683552e-07 1.13697468e-04],[1.33 1.33 1.24 1.33 1.24 1.24],[1.55 1.54 1.45 1.53 1.44 1.39]
69,5,[3.22043620e-06 5.18491297e-06 8.97078276e-06 4.34083457e-05],[1.27 1.27 1.27 1.27 1.27 1.27],[1.45 1.45 1.39 1.42 1.38 1.35]
69,6,[3.90748740e-05 1.21619529e-04 2.24840713e-05 2.43304228e-02],[1.2  1.21 1.04 1.2  1.04 1.04],[1.29 1.32 1.23 1.3  1.2  1.25]
69,7,[2.63120894e-07 3.61516418e-04 2.91934466e-06 1.73602697e-03],[1.16 1.29 1.14 1.16 1.14 1.14],[1.41 1.5  1.4  1.33 1.2  1.31]
69,8,[3.21451493e-03 3.16206724e-04 2.23921673e-03 1.78448479e-05],[1.12 1.12 1.12 1.12 1.14 1.12],[1.17 1.13 1.25 1.17 1.26 1.25]
69,9,[5.53172959e-03 1.59255491e-05 2.33928051e-06 1.39361548e-03],[1.1  1.1  1.1  1.24 1.11 1.11],[1.27 1.3  1.13 1.37 1.27 1.3 ]
68,0,[4.26678641e-06 1.99048629e-04 5.50105848e-04 1.29065483e-05],[1.18 1.18 1.25 1.18 1.18 1.18],[1.36 1.32 1.4  1.24 1.32 1.3 ]
68,1,[1.43515451e-03 3.34424906e-04 4.37958558e-11 5.24887330e-06],[1.15 1.15 1.15 1.16 1.16 1.27],[1.2  1.65 1.33 1.65 1.34 1.69]
68,2,[8.91937882e-05 1.98171849e-05 1.23859947e-04 5.05877178e-04],[1.19 1.19 1.19 1.19 1.19 1.19],[1.34 1.29 1.26 1.31 1.31 1.23]
68,3,[4.69604896e-03 1.03829669e-05 2.85586618e-03 1.44802721e-03],[1.1 1.1 1.1 1.1 1.1 1.1],[1.26 1.1  1.12 1.26 1.26 1.12]
68,4,[3.54080440e-06 9.61529615e-05 6.94555800e-04 6.83484523e-07],[1.2  1.17 1.29 1.17 1.2  1.17],[1.38 1.34 1.47 1.26 1.41 1.37]
68,5,[6.59321142e-02 5.43594181e-05 2.39437502e-07 1.60239775e-07],[1.   1.   1.   1.22 1.22 1.36],[1.22 1.38 1.4  1.43 1.44 1.53]
68,6,[2.63043485e-07 8.14580836e-07 4.12874006e-05 3.30193056e-05],[1.33 1.27 1.27 1.27 1.27 1.27],[1.53 1.47 1.47 1.45 1.48 1.32]
68,7,[0.00867321 0.04308614 0.00212227 0.0001157 ],[1.01 1.05 1.05 1.01 1.01 1.08],[1.05 1.08 1.17 1.08 1.17 1.17]
68,8,[0.00594981 0.00269486 0.00408844 0.00121433],[1.09 1.09 1.09 1.09 1.09 1.09],[1.1  1.1  1.12 1.1  1.12 1.12]
68,9,[7.89610498e-05 5.35555520e-04 2.16369039e-05 1.44885858e-03],[1.15 1.19 1.15 1.15 1.15 1.15],[1.25 1.31 1.24 1.29 1.19 1.26]
78,0,[3.59869876e-04 3.97010834e-07 9.15475282e-05 2.85430793e-06],[1.2  1.2  1.2  1.21 1.29 1.21],[1.42 1.27 1.36 1.44 1.51 1.36]
78,1,[1.15187214e-05 9.37977546e-03 1.62383989e-04 1.31250223e-04],[1.08 1.17 1.17 1.08 1.08 1.17],[1.27 1.32 1.31 1.19 1.2  1.22]
78,2,[2.15654607e-05 1.25621062e-05 7.47990918e-04 9.79887486e-05],[1.23 1.17 1.2  1.17 1.2  1.17],[1.41 1.29 1.33 1.31 1.33 1.23]
78,3,[5.95617507e-05 1.48476581e-04 3.40580269e-04 7.03651633e-02],[1.17 1.16 1.   1.16 1.   1.  ],[1.26 1.26 1.22 1.22 1.19 1.16]
78,4,[1.41586444e-06 1.37914739e-04 9.54115916e-06 1.74291698e-05],[1.23 1.25 1.25 1.23 1.23 1.25],[1.39 1.48 1.44 1.37 1.36 1.37]
78,5,[4.92050707e-07 6.92989436e-04 4.61169186e-04 1.78003576e-03],[1.14 1.14 1.14 1.14 1.14 1.14],[1.37 1.37 1.37 1.2  1.18 1.18]
78,6,[5.11577447e-11 1.90370866e-04 2.66820512e-04 2.27545346e-05],[1.21 1.21 1.23 1.21 1.21 1.21],[1.7  1.66 1.66 1.27 1.32 1.28]
78,7,[6.74337750e-03 9.13708589e-04 3.32017343e-04 9.50886086e-05],[1.09 1.09 1.09 1.13 1.13 1.14],[1.14 1.17 1.22 1.19 1.22 1.22]
78,8,[7.08878128e-03 2.80831841e-02 4.52699427e-05 1.36213822e-06],[1.03 1.05 1.05 1.03 1.03 1.21],[1.05 1.21 1.31 1.21 1.31 1.34]
78,9,[6.03587916e-06 4.40356592e-04 1.83748598e-05 2.40126104e-02],[1.16 1.23 1.04 1.16 1.04 1.04],[1.3  1.37 1.29 1.28 1.16 1.25]
91,0,[0.05111841 0.00061366 0.00012676 0.00601616],[1.   1.   1.   1.12 1.06 1.06],[1.13 1.17 1.06 1.2  1.13 1.17]
91,1,[2.86326290e-05 2.08791085e-03 8.28849644e-08 1.90110702e-05],[1.13 1.23 1.23 1.13 1.13 1.23],[1.27 1.51 1.37 1.44 1.28 1.44]
91,2,[4.63800082e-03 3.22532281e-04 2.17373970e-05 7.41663257e-02],[1.07 1.07 1.   1.14 1.   1.  ],[1.16 1.23 1.07 1.26 1.16 1.23]
91,3,[6.90473514e-06 6.84972022e-05 5.92995707e-07 5.66704603e-08],[1.25 1.28 1.28 1.25 1.25 1.34],[1.37 1.49 1.53 1.44 1.48 1.54]
91,4,[0.00408378 0.00057958 0.00013568 0.00123162],[1.11 1.11 1.11 1.13 1.12 1.12],[1.17 1.2  1.15 1.22 1.18 1.2 ]
91,5,[6.37464176e-03 6.29171226e-09 9.29110633e-03 1.39556555e-04],[1.07 1.07 1.07 1.07 1.17 1.07],[1.47 1.07 1.18 1.47 1.49 1.18]
91,6,[2.87968059e-05 9.21419004e-06 1.42607276e-05 5.94060212e-08],[1.28 1.28 1.28 1.28 1.28 1.28],[1.37 1.39 1.51 1.41 1.55 1.49]
91,7,[7.78467712e-07 1.00658118e-05 9.15262255e-05 5.61632632e-05],[1.25 1.24 1.24 1.24 1.24 1.24],[1.48 1.44 1.44 1.37 1.38 1.28]
91,8,[1.91603294e-03 3.03894354e-06 2.66034880e-05 1.81985374e-04],[1.14 1.14 1.14 1.22 1.18 1.18],[1.33 1.27 1.21 1.39 1.35 1.27]
91,9,[8.64113426e-04 1.48440416e-02 1.19876700e-02 2.00686059e-06],[1.04 1.04 1.11 1.04 1.04 1.04],[1.11 1.11 1.3  1.04 1.3  1.3 ]
60,0,[5.96592759e-04 3.33544421e-05 5.84787912e-05 1.11162358e-04],[1.18 1.18 1.18 1.2  1.2  1.2 ],[1.28 1.26 1.24 1.33 1.3  1.29]
60,1,[4.37923571e-05 5.69712534e-05 4.61218444e-05 1.06567821e-09],[1.26 1.26 1.26 1.26 1.26 1.26],[1.32 1.34 1.59 1.33 1.57 1.55]
60,2,[0.00022392 0.0743144  0.02570028 0.00118588],[1.  1.  1.1 1.  1.  1. ],[1.16 1.16 1.18 1.   1.1  1.1 ]
60,3,[0.00010877 0.06389458 0.00034959 0.00320121],[1.   1.14 1.08 1.   1.   1.08],[1.19 1.21 1.19 1.15 1.08 1.15]
60,4,[1.71884551e-09 2.21316735e-03 4.53846672e-04 1.01029056e-04],[1.13 1.15 1.18 1.13 1.13 1.15],[1.53 1.53 1.55 1.18 1.22 1.22]
60,5,[1.10141391e-07 6.77680876e-07 1.94780960e-04 8.03221010e-07],[1.33 1.22 1.33 1.22 1.33 1.22],[1.61 1.46 1.58 1.42 1.5  1.37]
60,6,[6.80667522e-10 3.83487886e-06 3.92962197e-02 3.86300499e-03],[1.28 1.02 1.08 1.02 1.08 1.02],[1.61 1.53 1.53 1.29 1.29 1.08]
60,7,[1.01132271e-06 7.12250930e-07 2.00595719e-06 9.45884260e-10],[1.36 1.36 1.36 1.36 1.36 1.36],[1.52 1.47 1.67 1.52 1.71 1.6 ]
60,8,[1.31096154e-06 2.33485513e-03 1.15792134e-05 2.90958511e-07],[1.13 1.27 1.32 1.13 1.13 1.27],[1.36 1.45 1.5  1.28 1.4  1.44]
60,9,[6.68599147e-04 2.55410890e-04 7.11313096e-05 7.85184412e-05],[1.17 1.17 1.17 1.17 1.17 1.18],[1.23 1.27 1.26 1.3  1.28 1.27]
96,0,[1.48939908e-05 2.30900175e-03 1.62998011e-04 1.88549177e-04],[1.13 1.17 1.17 1.13 1.13 1.17],[1.28 1.32 1.31 1.22 1.2  1.24]
96,1,[5.83508217e-03 4.62952624e-07 7.40627632e-04 1.12136512e-03],[1.1  1.1  1.1  1.12 1.12 1.12],[1.36 1.14 1.14 1.36 1.36 1.15]
96,2,[3.84730092e-04 1.88117168e-03 7.29447603e-07 6.55534319e-03],[1.1  1.14 1.09 1.1  1.09 1.09],[1.17 1.37 1.17 1.35 1.12 1.35]
96,3,[1.50179869e-09 8.36328991e-06 1.15824823e-06 1.14895226e-04],[1.28 1.32 1.24 1.28 1.24 1.24],[1.64 1.65 1.61 1.44 1.35 1.37]
96,4,[1.82079132e-06 2.44899341e-07 1.26904043e-10 2.98681535e-05],[1.32 1.32 1.28 1.37 1.28 1.28],[1.54 1.73 1.42 1.77 1.47 1.65]
96,5,[4.54235090e-04 5.10891146e-06 1.18371478e-05 3.25246911e-02],[1.15 1.15 1.02 1.24 1.02 1.02],[1.32 1.29 1.15 1.39 1.29 1.26]
96,6,[1.24400449e-04 1.63618371e-05 8.40430080e-05 1.18041795e-03],[1.19 1.19 1.15 1.19 1.15 1.15],[1.35 1.28 1.24 1.32 1.31 1.23]
96,7,[1.71990946e-05 3.26814976e-07 1.60351451e-02 8.61076183e-03],[1.24 1.05 1.05 1.05 1.05 1.05],[1.41 1.24 1.24 1.36 1.36 1.05]
96,8,[9.62342563e-07 6.91342663e-04 4.14786561e-07 3.73847664e-08],[1.17 1.34 1.34 1.17 1.17 1.35],[1.38 1.54 1.57 1.41 1.46 1.53]
96,9,[8.14062356e-07 9.42794647e-07 1.41329783e-04 7.21750958e-05],[1.31 1.23 1.23 1.23 1.23 1.23],[1.51 1.41 1.42 1.41 1.41 1.27]
82,0,[7.89944464e-06 2.63412559e-07 4.64203980e-04 4.21694901e-10],[1.28 1.19 1.28 1.19 1.36 1.19],[1.51 1.34 1.62 1.43 1.69 1.57]
82,1,[4.10606434e-04 8.21466932e-08 1.73749615e-02 3.10035427e-05],[1.16 1.05 1.16 1.05 1.22 1.05],[1.43 1.16 1.27 1.42 1.48 1.24]
82,2,[6.51561759e-03 1.72824007e-03 2.64997638e-06 1.85619217e-06],[1.09 1.09 1.09 1.11 1.11 1.29],[1.12 1.31 1.33 1.31 1.33 1.42]
82,3,[3.24257801e-04 1.94090547e-05 8.10061764e-04 3.27713606e-03],[1.14 1.13 1.12 1.13 1.12 1.12],[1.29 1.19 1.18 1.27 1.27 1.15]
82,4,[1.28616671e-05 8.99728958e-06 6.95902259e-05 1.66957070e-09],[1.25 1.25 1.25 1.25 1.25 1.25],[1.41 1.35 1.61 1.38 1.61 1.56]
82,5,[1.36446224e-04 2.40863287e-05 2.09190376e-02 9.50698226e-05],[1.18 1.04 1.18 1.04 1.18 1.04],[1.28 1.19 1.26 1.25 1.32 1.2 ]
82,6,[7.46404945e-04 1.60870295e-09 7.13066248e-08 9.77869222e-05],[1.17 1.17 1.17 1.39 1.2  1.2 ],[1.57 1.44 1.25 1.7  1.57 1.45]
82,7,[1.47631612e-02 5.89377635e-03 2.89751806e-05 7.69713744e-04],[1.06 1.06 1.06 1.06 1.06 1.12],[1.07 1.22 1.12 1.22 1.12 1.23]
82,8,[2.18397302e-03 1.00748648e-03 1.82385188e-05 9.16127350e-05],[1.13 1.13 1.13 1.13 1.13 1.18],[1.16 1.28 1.23 1.28 1.23 1.29]
82,9,[9.76255182e-05 3.93161725e-08 8.01484085e-07 6.54261774e-08],[1.24 1.24 1.24 1.35 1.39 1.35],[1.48 1.42 1.48 1.57 1.67 1.52]
64,0,[1.20076117e-02 2.83759636e-06 9.43278616e-03 2.04616292e-04],[1.05 1.05 1.05 1.05 1.16 1.05],[1.29 1.05 1.16 1.29 1.33 1.16]
64,1,[3.39170290e-07 7.08760207e-04 7.99599588e-07 3.08856629e-05],[1.17 1.32 1.24 1.17 1.17 1.24],[1.41 1.54 1.46 1.38 1.29 1.39]
64,2,[2.17952076e-04 1.97343053e-04 1.44114389e-06 3.20951754e-04],[1.2 1.2 1.2 1.2 1.2 1.2],[1.26 1.37 1.25 1.36 1.24 1.36]
64,3,[1.58520069e-05 1.21706479e-07 3.85081798e-08 1.09256241e-04],[1.26 1.26 1.24 1.38 1.24 1.24],[1.49 1.52 1.34 1.63 1.46 1.46]
64,4,[4.36549116e-04 1.10502893e-07 5.38960157e-08 6.58958452e-08],[1.19 1.19 1.19 1.39 1.39 1.39],[1.44 1.47 1.47 1.62 1.62 1.56]
64,5,[1.50528822e-05 2.37936953e-04 4.94568547e-07 1.89470819e-05],[1.21 1.24 1.24 1.21 1.21 1.24],[1.32 1.51 1.39 1.41 1.31 1.43]
64,6,[4.77858590e-04 1.49440844e-03 7.60204016e-06 1.04964302e-05],[1.15 1.15 1.15 1.15 1.15 1.25],[1.19 1.32 1.3  1.31 1.3  1.36]
64,7,[3.26592324e-03 2.56139403e-05 2.98008768e-04 2.00375663e-05],[1.12 1.12 1.12 1.17 1.22 1.17],[1.27 1.19 1.27 1.29 1.34 1.28]
64,8,[6.08225692e-10 4.40698686e-08 4.20308861e-04 1.95133070e-06],[1.41 1.19 1.32 1.19 1.32 1.19],[1.75 1.57 1.64 1.48 1.54 1.33]
64,9,[1.73199513e-03 2.16414400e-05 8.35964913e-06 3.85469267e-05],[1.14 1.14 1.14 1.23 1.23 1.23],[1.28 1.3  1.27 1.4  1.36 1.33]
92,0,[0.00041802 0.00292255 0.0003752  0.0022163 ],[1.12 1.13 1.12 1.12 1.12 1.12],[1.18 1.21 1.19 1.17 1.14 1.17]
92,1,[3.83522623e-07 5.94639468e-03 7.21555389e-05 8.20527948e-06],[1.09 1.21 1.26 1.09 1.09 1.21],[1.37 1.41 1.47 1.23 1.28 1.33]
92,2,[4.57442879e-04 2.59454807e-06 3.84190681e-05 1.83009994e-06],[1.19 1.19 1.19 1.23 1.28 1.23],[1.37 1.29 1.35 1.42 1.51 1.39]
92,3,[2.36933561e-02 6.63917076e-06 3.16309507e-08 2.44718446e-05],[1.04 1.04 1.04 1.27 1.25 1.25],[1.29 1.44 1.25 1.52 1.36 1.46]
92,4,[4.93137447e-06 8.51810630e-05 2.44527983e-04 3.06442247e-03],[1.19 1.17 1.12 1.17 1.12 1.12],[1.37 1.32 1.31 1.26 1.23 1.18]
92,5,[7.14672017e-07 5.92168070e-09 4.69181042e-06 4.36367417e-06],[1.34 1.34 1.34 1.34 1.34 1.34],[1.65 1.49 1.52 1.6  1.63 1.42]
92,6,[6.69088932e-03 2.58876323e-08 8.75370165e-02 1.60320544e-02],[1.04 1.   1.02 1.   1.02 1.  ],[1.42 1.04 1.04 1.42 1.42 1.02]
92,7,[1.61218610e-05 1.26351323e-04 1.12685975e-06 3.29778708e-04],[1.2  1.24 1.2  1.2  1.2  1.2 ],[1.34 1.45 1.33 1.4  1.27 1.36]
92,8,[3.72126248e-04 6.79877458e-04 2.92491896e-07 1.48056455e-03],[1.15 1.15 1.15 1.15 1.15 1.15],[1.22 1.38 1.2  1.39 1.18 1.38]
92,9,[3.14200413e-04 5.45022239e-05 4.83691962e-06 4.81452718e-03],[1.16 1.16 1.1  1.2  1.1  1.1 ],[1.27 1.32 1.19 1.36 1.23 1.3 ]
76,0,[5.73178326e-05 8.81275777e-07 5.06869981e-04 2.71739046e-01],[1.2  1.15 1.   1.15 1.   1.  ],[1.39 1.24 1.22 1.35 1.35 1.15]
76,1,[2.80481075e-05 1.08861786e-02 1.38656131e-06 5.06113231e-05],[1.07 1.22 1.22 1.07 1.07 1.22],[1.24 1.39 1.31 1.33 1.23 1.37]
76,2,[5.48186008e-09 3.96709655e-05 7.37305887e-05 5.26535694e-02],[1.21 1.21 1.   1.21 1.   1.  ],[1.53 1.53 1.49 1.3  1.23 1.21]
76,3,[4.70211548e-04 1.86562750e-06 2.53333989e-07 8.77489264e-06],[1.19 1.19 1.19 1.3  1.28 1.28],[1.37 1.43 1.33 1.54 1.46 1.45]
76,4,[6.79483110e-08 1.66373239e-06 8.14282769e-02 1.33613222e-03],[1.31 1.   1.12 1.   1.12 1.  ],[1.52 1.41 1.41 1.32 1.32 1.12]
76,5,[1.64943825e-06 1.94299326e-04 1.11877118e-03 2.41680618e-04],[1.16 1.16 1.16 1.16 1.16 1.16],[1.38 1.37 1.39 1.23 1.25 1.2 ]
76,6,[1.81578019e-01 3.52485374e-04 8.26755639e-06 1.79384009e-03],[1.   1.   1.   1.14 1.11 1.11],[1.16 1.26 1.11 1.29 1.17 1.26]
76,7,[5.43962300e-05 5.58720003e-04 4.35861757e-06 4.44319372e-08],[1.18 1.22 1.22 1.18 1.18 1.28],[1.27 1.39 1.51 1.35 1.48 1.54]
76,8,[3.53934572e-06 1.95310434e-12 8.69035437e-07 2.17220383e-05],[1.3  1.3  1.29 1.33 1.29 1.29],[1.8  1.51 1.42 1.83 1.8  1.42]
76,9,[1.75220132e-06 5.37219794e-06 1.14607147e-04 7.58292548e-07],[1.29 1.23 1.3  1.23 1.29 1.23],[1.47 1.41 1.49 1.38 1.48 1.4 ]
66,0,[0.0274452  0.00012679 0.00735537 0.0047932 ],[1.03 1.03 1.03 1.05 1.05 1.05],[1.17 1.05 1.06 1.17 1.17 1.06]
66,1,[9.14231480e-06 3.00778628e-06 1.84702252e-06 1.94956292e-04],[1.28 1.28 1.22 1.28 1.22 1.22],[1.42 1.43 1.34 1.48 1.37 1.35]
66,2,[9.70002307e-04 4.15737514e-07 1.69790049e-09 2.42868584e-03],[1.13 1.13 1.13 1.35 1.13 1.13],[1.37 1.51 1.16 1.64 1.37 1.51]
66,3,[4.89221249e-06 1.10297979e-02 2.97513303e-08 4.13809837e-02],[1.04 1.28 1.01 1.04 1.01 1.01],[1.28 1.5  1.28 1.42 1.04 1.42]
66,4,[1.06391576e-04 2.85807544e-07 2.03068852e-03 3.24420446e-05],[1.2  1.14 1.2  1.14 1.22 1.14],[1.43 1.23 1.3  1.4  1.44 1.24]
66,5,[6.71017535e-06 7.33930938e-05 1.61126883e-04 2.33753889e-05],[1.22 1.22 1.22 1.22 1.22 1.22],[1.36 1.35 1.38 1.31 1.35 1.29]
66,6,[1.23335721e-04 5.56430366e-08 9.64853508e-09 1.18886301e-09],[1.23 1.23 1.23 1.43 1.43 1.45],[1.5  1.53 1.57 1.71 1.76 1.69]
66,7,[4.12550029e-05 3.87287819e-04 6.97445674e-05 1.94027028e-03],[1.16 1.19 1.14 1.16 1.14 1.14],[1.27 1.31 1.25 1.25 1.19 1.23]
66,8,[5.65361437e-06 1.07482844e-05 2.90342377e-04 4.73817144e-07],[1.27 1.2  1.28 1.2  1.27 1.2 ],[1.4  1.34 1.47 1.33 1.45 1.38]
66,9,[4.17052745e-05 1.32949260e-08 1.71208352e-02 2.44139814e-04],[1.21 1.05 1.17 1.05 1.17 1.05],[1.5  1.23 1.27 1.47 1.47 1.17]
77,0,[3.74446610e-07 3.79924129e-06 7.79012010e-09 1.55995669e-03],[1.3  1.35 1.14 1.3  1.14 1.14],[1.48 1.63 1.4  1.59 1.32 1.49]
77,1,[5.42887047e-02 2.52859688e-05 1.56815895e-07 5.16312519e-04],[1.   1.   1.   1.23 1.15 1.15],[1.25 1.37 1.15 1.43 1.26 1.37]
77,2,[6.42659159e-02 1.46273089e-03 1.73967684e-05 6.81940565e-03],[1.   1.   1.   1.09 1.06 1.06],[1.1  1.24 1.06 1.24 1.1  1.24]
77,3,[3.47554402e-04 1.22912861e-06 3.10614831e-04 1.08201111e-06],[1.2 1.2 1.2 1.2 1.3 1.2],[1.38 1.23 1.36 1.39 1.49 1.36]
77,4,[2.01464063e-07 4.03119227e-09 1.56769772e-02 9.17129064e-03],[1.37 1.05 1.05 1.05 1.05 1.05],[1.61 1.37 1.37 1.49 1.49 1.05]
77,5,[9.90663330e-05 6.96329975e-04 4.27188993e-04 1.71573132e-03],[1.14 1.14 1.14 1.14 1.14 1.14],[1.23 1.24 1.23 1.2  1.18 1.18]
77,6,[1.21177622e-04 1.88903855e-04 3.32741227e-07 2.17000273e-05],[1.22 1.22 1.22 1.22 1.22 1.23],[1.28 1.43 1.33 1.45 1.31 1.43]
77,7,[1.04632578e-06 5.58455060e-10 3.26398981e-06 8.90622531e-05],[1.32 1.3  1.24 1.3  1.24 1.24],[1.72 1.48 1.42 1.64 1.6  1.36]
77,8,[1.30300526e-09 1.11750845e-03 1.20317506e-07 1.15220105e-05],[1.16 1.38 1.27 1.16 1.16 1.27],[1.56 1.7  1.64 1.44 1.3  1.47]
77,9,[2.37589001e-07 1.43960222e-05 2.85095152e-06 5.85795097e-04],[1.26 1.29 1.18 1.26 1.18 1.18],[1.48 1.5  1.41 1.42 1.3  1.32]
99,0,[6.92171486e-04 2.89523494e-04 2.36482838e-02 7.19073022e-06],[1.14 1.04 1.14 1.04 1.15 1.04],[1.19 1.14 1.29 1.17 1.31 1.28]
99,1,[1.43069698e-03 3.32635800e-05 5.99918301e-06 3.32931415e-04],[1.15 1.15 1.15 1.22 1.16 1.16],[1.27 1.31 1.2  1.36 1.28 1.31]
99,2,[5.01029442e-05 8.67690980e-03 3.06040795e-04 5.23078547e-06],[1.08 1.17 1.2  1.08 1.08 1.17],[1.23 1.25 1.34 1.18 1.29 1.3 ]
99,3,[6.29597465e-04 4.91642410e-05 2.80846305e-04 5.72823554e-04],[1.18 1.18 1.18 1.18 1.18 1.18],[1.27 1.23 1.22 1.29 1.28 1.21]
99,4,[3.18279543e-03 4.24623647e-05 3.18445737e-03 1.54491523e-05],[1.12 1.12 1.12 1.12 1.21 1.12],[1.23 1.12 1.26 1.23 1.33 1.26]
99,5,[3.41147887e-03 1.23998053e-05 1.40307142e-05 3.48223401e-06],[1.12 1.12 1.12 1.25 1.25 1.25],[1.29 1.29 1.32 1.39 1.38 1.39]
99,6,[3.94797896e-01 6.20736175e-06 3.33247003e-06 6.37481534e-04],[1.   1.   1.   1.27 1.14 1.14],[1.29 1.3  1.14 1.4  1.3  1.3 ]
99,7,[0.00022353 0.0003547  0.00285658 0.0002166 ],[1.14 1.12 1.14 1.12 1.14 1.12],[1.23 1.2  1.24 1.19 1.23 1.19]
99,8,[4.71615266e-05 1.27389077e-02 2.65327744e-04 3.58701193e-05],[1.06 1.17 1.2  1.06 1.06 1.17],[1.23 1.27 1.31 1.17 1.24 1.25]
99,9,[4.26382174e-09 1.90417262e-01 7.70746604e-07 3.77520248e-06],[1.   1.33 1.3  1.   1.   1.3 ],[1.5  1.62 1.58 1.35 1.3  1.41]
97,0,[2.87577522e-05 1.04500026e-02 8.63366706e-06 9.13153937e-07],[1.07 1.24 1.24 1.07 1.07 1.26],[1.25 1.35 1.4  1.28 1.35 1.39]
97,1,[6.67063384e-02 2.80856969e-06 1.82662864e-02 2.64347694e-06],[1.   1.   1.   1.02 1.27 1.02],[1.29 1.02 1.29 1.29 1.41 1.29]
97,2,[1.82031884e-06 3.10711466e-06 5.02101326e-04 1.64488240e-03],[1.28 1.15 1.14 1.15 1.14 1.14],[1.44 1.35 1.34 1.33 1.33 1.17]
97,3,[1.99173270e-04 3.30272782e-06 4.39297586e-04 5.85058274e-04],[1.18 1.18 1.18 1.18 1.18 1.18],[1.35 1.24 1.23 1.34 1.34 1.2 ]
97,4,[2.93701643e-02 2.51264500e-03 7.80266024e-06 1.30781674e-06],[1.03 1.03 1.03 1.1  1.1  1.26],[1.1  1.27 1.32 1.27 1.32 1.37]
97,5,[4.54476967e-08 2.79961817e-06 4.25762993e-03 1.15025382e-02],[1.29 1.07 1.07 1.07 1.07 1.07],[1.5  1.41 1.41 1.31 1.31 1.08]
97,6,[5.57769840e-02 6.63994131e-04 1.14055110e-08 8.24587737e-05],[1.   1.   1.   1.14 1.14 1.19],[1.14 1.47 1.21 1.48 1.23 1.47]
97,7,[1.92340912e-05 1.74365553e-03 2.69167188e-04 1.74446155e-05],[1.14 1.17 1.22 1.14 1.14 1.17],[1.28 1.31 1.36 1.21 1.29 1.3 ]
97,8,[8.23841284e-09 7.30815344e-07 6.24623215e-04 2.84441380e-04],[1.33 1.18 1.18 1.18 1.18 1.18],[1.61 1.51 1.51 1.38 1.38 1.2 ]
97,9,[8.42336530e-06 1.34602726e-03 1.56499623e-04 1.49677957e-05],[1.15 1.19 1.24 1.15 1.15 1.19],[1.31 1.34 1.38 1.23 1.29 1.29]
95,0,[8.90565922e-07 1.35248991e-05 3.81153852e-02 1.88029015e-03],[1.24 1.02 1.1  1.02 1.1  1.02],[1.41 1.33 1.33 1.26 1.26 1.1 ]
95,1,[5.01760904e-05 1.81243210e-07 2.51238210e-07 1.57785948e-03],[1.22 1.22 1.14 1.36 1.14 1.14],[1.45 1.44 1.25 1.55 1.42 1.39]
95,2,[3.48917867e-05 2.18621541e-03 3.67603778e-07 6.31984485e-06],[1.13 1.23 1.23 1.13 1.13 1.26],[1.26 1.44 1.4  1.38 1.31 1.44]
95,3,[1.89828014e-02 2.41128597e-02 1.01211782e-04 1.45871801e-05],[1.02 1.02 1.02 1.02 1.02 1.18],[1.02 1.18 1.24 1.18 1.24 1.28]
95,4,[2.91481785e-08 1.26192266e-03 5.99520433e-15 1.37315562e-07],[1.15 1.42 1.4  1.15 1.15 1.4 ],[1.46 2.06 1.61 1.93 1.42 1.94]
95,5,[5.29424699e-05 4.47424781e-07 6.30628053e-06 1.65416483e-05],[1.26 1.26 1.26 1.27 1.26 1.26],[1.43 1.39 1.36 1.51 1.47 1.37]
95,6,[0.00053904 0.00409538 0.00057578 0.00093821],[1.11 1.11 1.11 1.11 1.11 1.11],[1.17 1.19 1.19 1.16 1.15 1.16]
95,7,[1.62310093e-05 8.36261370e-04 1.14309726e-05 2.27121495e-02],[1.13 1.23 1.04 1.13 1.04 1.04],[1.28 1.36 1.26 1.28 1.13 1.27]
95,8,[1.18807494e-04 4.68393483e-05 9.48631825e-03 4.54587081e-04],[1.18 1.08 1.15 1.08 1.15 1.08],[1.29 1.2  1.23 1.23 1.24 1.15]
95,9,[2.41979337e-02 1.37270763e-04 9.68245078e-06 9.74978862e-05],[1.04 1.04 1.04 1.18 1.18 1.18],[1.19 1.27 1.2  1.33 1.27 1.3 ]
94,0,[5.65595084e-08 3.23548557e-04 4.88072905e-05 1.14383999e-04],[1.2 1.2 1.2 1.2 1.2 1.2],[1.47 1.5  1.49 1.3  1.27 1.28]
94,1,[4.77425681e-08 1.28412450e-07 3.44396289e-10 4.26004276e-09],[1.46 1.46 1.46 1.46 1.46 1.47],[1.64 1.8  1.73 1.75 1.7  1.77]
94,2,[5.11700362e-03 3.20395757e-02 1.02241788e-05 1.56855625e-05],[1.03 1.07 1.07 1.03 1.03 1.24],[1.07 1.26 1.25 1.26 1.25 1.32]
94,3,[1.87089118e-02 2.53024287e-03 3.01631663e-03 6.65547972e-05],[1.05 1.05 1.05 1.07 1.07 1.07],[1.09 1.09 1.2  1.1  1.2  1.2 ]
94,4,[0.00109602 0.1210143  0.02331728 0.01340014],[1.   1.01 1.01 1.   1.   1.01],[1.09 1.09 1.09 1.01 1.01 1.01]
94,5,[1.25787774e-06 9.28072252e-08 8.98182547e-04 1.03311436e-03],[1.31 1.16 1.16 1.16 1.16 1.16],[1.54 1.35 1.35 1.43 1.43 1.17]
94,6,[5.89897943e-05 1.15886135e-05 2.95082486e-04 9.44819417e-06],[1.22 1.2  1.22 1.2  1.24 1.2 ],[1.38 1.28 1.37 1.33 1.39 1.31]
94,7,[1.66545201e-06 5.44226645e-07 1.60679894e-03 1.07553235e-03],[1.31 1.14 1.14 1.14 1.14 1.14],[1.53 1.34 1.34 1.37 1.37 1.16]
94,8,[1.01490092e-03 1.28579336e-06 5.82049579e-05 2.00151520e-04],[1.16 1.16 1.16 1.2  1.18 1.18],[1.38 1.25 1.22 1.42 1.4  1.27]
94,9,[6.17382037e-05 1.54297507e-07 2.28932693e-03 1.27207722e-05],[1.22 1.13 1.22 1.13 1.24 1.13],[1.46 1.23 1.33 1.4  1.47 1.27]
83,0,[1.68786655e-04 2.26634725e-03 8.71157666e-06 2.65079684e-02],[1.1  1.17 1.03 1.1  1.03 1.03],[1.19 1.29 1.19 1.27 1.1  1.27]
83,1,[1.18934995e-06 3.71356416e-04 1.88821593e-07 2.88028377e-06],[1.2  1.32 1.31 1.2  1.2  1.31],[1.39 1.57 1.51 1.46 1.35 1.49]
83,2,[4.10170278e-07 9.13370775e-04 4.79331701e-06 2.06595844e-05],[1.17 1.27 1.25 1.17 1.17 1.25],[1.39 1.47 1.46 1.33 1.29 1.37]
83,3,[2.47242133e-06 3.54873756e-04 1.76356709e-02 1.16764022e-02],[1.14 1.04 1.04 1.04 1.04 1.04],[1.31 1.29 1.29 1.14 1.14 1.04]
83,4,[1.23865456e-03 4.74214448e-06 6.33807276e-04 1.00652539e-03],[1.15 1.15 1.15 1.15 1.15 1.15],[1.31 1.19 1.17 1.31 1.31 1.18]
83,5,[5.02249817e-07 1.65442327e-04 6.99265016e-04 2.67993487e-04],[1.17 1.17 1.17 1.17 1.17 1.17],[1.42 1.4  1.4  1.24 1.25 1.2 ]
83,6,[9.42099326e-03 5.93918877e-02 9.68153449e-05 6.76583755e-03],[1.   1.04 1.04 1.   1.   1.04],[1.04 1.17 1.05 1.17 1.05 1.17]
83,7,[3.59859985e-07 4.21260782e-04 6.75149365e-08 3.30372696e-05],[1.2  1.35 1.23 1.2  1.2  1.23],[1.42 1.56 1.45 1.46 1.29 1.46]
83,8,[3.11292747e-07 4.70600906e-04 7.26073234e-04 3.20733209e-06],[1.17 1.17 1.29 1.17 1.17 1.17],[1.4  1.4  1.49 1.21 1.35 1.33]
83,9,[6.99544866e-11 2.90192937e-04 2.68792636e-04 3.10424979e-06],[1.2  1.2  1.28 1.2  1.2  1.2 ],[1.65 1.65 1.7  1.24 1.36 1.35]
84,0,[0.00071103 0.00320038 0.00102124 0.0001772 ],[1.12 1.12 1.12 1.12 1.12 1.12],[1.16 1.18 1.22 1.16 1.21 1.21]
84,1,[5.54814673e-06 1.34012551e-03 2.17529702e-07 7.22603448e-04],[1.15 1.27 1.15 1.15 1.15 1.15],[1.31 1.46 1.32 1.39 1.18 1.39]
84,2,[6.03282383e-03 7.01071451e-06 7.77994473e-02 2.48119611e-03],[1.06 1.   1.06 1.   1.08 1.  ],[1.26 1.06 1.09 1.26 1.26 1.09]
84,3,[3.81803669e-04 4.80820890e-06 4.10872468e-04 1.16193044e-04],[1.19 1.19 1.19 1.19 1.19 1.19],[1.35 1.23 1.26 1.36 1.38 1.24]
84,4,[4.97118221e-05 6.04812827e-06 3.80980114e-09 3.13311819e-05],[1.26 1.26 1.26 1.27 1.26 1.26],[1.37 1.58 1.36 1.6  1.39 1.56]
84,5,[2.89171766e-04 3.96189490e-06 4.93374882e-03 2.49756755e-03],[1.15 1.1  1.1  1.1  1.1  1.1 ],[1.3  1.17 1.17 1.29 1.29 1.11]
84,6,[8.20859348e-04 1.36927718e-05 7.53892684e-04 2.67136193e-02],[1.12 1.12 1.03 1.12 1.03 1.03],[1.27 1.17 1.13 1.29 1.27 1.13]
84,7,[1.41990766e-04 6.76227154e-06 4.41818864e-08 1.29225005e-05],[1.23 1.23 1.23 1.26 1.26 1.26],[1.36 1.5  1.34 1.56 1.41 1.49]
84,8,[1.65271661e-04 1.91607734e-03 4.34142928e-08 1.44980198e-04],[1.14 1.17 1.17 1.14 1.14 1.17],[1.21 1.46 1.26 1.45 1.23 1.45]
84,9,[3.31837905e-05 1.29603813e-04 6.72461117e-06 2.14579157e-08],[1.23 1.24 1.24 1.23 1.23 1.27],[1.32 1.41 1.53 1.38 1.49 1.52]
85,0,[6.80617013e-04 8.24846255e-06 5.50703674e-04 1.42860110e-05],[1.18 1.18 1.18 1.18 1.24 1.18],[1.32 1.21 1.3  1.33 1.38 1.28]
85,1,[7.23557247e-06 4.09773967e-03 7.64359419e-06 2.60383766e-06],[1.11 1.26 1.26 1.11 1.11 1.26],[1.29 1.38 1.41 1.3  1.33 1.38]
85,2,[8.09536882e-11 7.93113875e-05 4.64547070e-04 2.69867273e-04],[1.19 1.19 1.19 1.19 1.19 1.19],[1.64 1.63 1.63 1.26 1.27 1.22]
85,3,[2.78061750e-03 7.10406579e-04 2.35361366e-08 4.51012066e-05],[1.12 1.12 1.12 1.14 1.14 1.2 ],[1.16 1.44 1.24 1.44 1.25 1.44]
85,4,[4.92779327e-05 5.40498637e-03 1.20419142e-03 3.38610461e-06],[1.1  1.12 1.2  1.1  1.1  1.12],[1.22 1.22 1.35 1.14 1.3  1.3 ]
85,5,[1.90545777e-05 3.33818235e-04 2.02254083e-06 3.31330520e-05],[1.2  1.23 1.23 1.2  1.2  1.23],[1.31 1.44 1.36 1.39 1.3  1.37]
85,6,[8.04026973e-05 1.14974805e-07 2.79436506e-05 2.07930970e-06],[1.25 1.25 1.25 1.25 1.3  1.25],[1.47 1.33 1.42 1.48 1.55 1.4 ]
85,7,[2.35573803e-06 5.26395443e-07 1.09104215e-03 7.14281079e-09],[1.31 1.16 1.31 1.16 1.34 1.16],[1.48 1.36 1.62 1.39 1.61 1.49]
85,8,[1.06245780e-03 3.65722093e-06 6.94128492e-04 2.76806814e-04],[1.16 1.16 1.16 1.16 1.16 1.16],[1.32 1.19 1.21 1.32 1.32 1.2 ]
85,9,[4.11759567e-04 5.71673244e-03 2.14971223e-05 4.35739755e-04],[1.09 1.14 1.14 1.09 1.09 1.14],[1.16 1.29 1.2  1.26 1.17 1.26]
93,0,[2.67808808e-08 4.34959622e-03 1.64972380e-04 9.97083335e-05],[1.11 1.18 1.18 1.11 1.11 1.18],[1.45 1.49 1.46 1.2  1.21 1.24]
93,1,[8.71499998e-07 1.53681341e-04 4.55034854e-09 2.68601056e-05],[1.22 1.32 1.24 1.22 1.22 1.24],[1.41 1.65 1.44 1.55 1.33 1.54]
93,2,[1.36590157e-08 6.83611682e-05 1.17319669e-03 5.49675649e-05],[1.2  1.15 1.2  1.15 1.2  1.15],[1.49 1.49 1.52 1.26 1.3  1.24]
93,3,[1.03248186e-03 1.06335574e-05 5.08169079e-04 1.93515978e-05],[1.16 1.16 1.16 1.16 1.23 1.16],[1.3  1.2  1.29 1.32 1.38 1.29]
93,4,[3.52703368e-05 1.08703821e-04 1.69651263e-07 3.36006222e-03],[1.2  1.21 1.12 1.2  1.12 1.12],[1.3  1.45 1.25 1.43 1.23 1.4 ]
93,5,[2.28989672e-04 4.39584583e-04 2.82016359e-04 9.94383524e-08],[1.19 1.19 1.19 1.19 1.19 1.19],[1.23 1.26 1.43 1.23 1.42 1.42]
93,6,[4.44993954e-04 4.29081882e-04 6.24269528e-06 1.53284524e-04],[1.19 1.19 1.19 1.19 1.19 1.19],[1.23 1.34 1.27 1.34 1.24 1.34]
93,7,[1.51500814e-06 2.78353589e-06 8.73046258e-07 4.18133812e-04],[1.31 1.31 1.19 1.31 1.19 1.19],[1.48 1.46 1.37 1.5  1.36 1.37]
93,8,[3.61347878e-04 1.20875352e-07 5.59724499e-04 8.92220192e-06],[1.18 1.18 1.18 1.18 1.26 1.18],[1.44 1.22 1.31 1.44 1.47 1.3 ]
93,9,[2.31174853e-04 2.70909950e-05 4.21125937e-01 2.16165579e-03],[1.16 1.   1.1  1.   1.1  1.  ],[1.26 1.18 1.18 1.23 1.23 1.1 ]
