8,0,[3.10336241e-02 2.03461050e-03 7.81970839e-06 3.53851774e-03],[1.03 1.03 1.03 1.08 1.08 1.08],[1.1  1.27 1.08 1.27 1.11 1.27]
8,1,[4.05151528e-05 5.90654812e-08 1.30941784e-02 2.16614613e-03],[1.21 1.06 1.1  1.06 1.1  1.06],[1.44 1.23 1.23 1.41 1.41 1.11]
8,2,[2.84469341e-03 1.15976631e-05 6.19754483e-05 3.29759427e-05],[1.12 1.12 1.12 1.22 1.22 1.22],[1.27 1.23 1.26 1.32 1.35 1.38]
8,3,[1.70294734e-04 4.46213058e-05 9.23224216e-06 1.82947627e-05],[1.22 1.22 1.22 1.23 1.23 1.23],[1.29 1.33 1.31 1.36 1.35 1.46]
8,4,[5.41571177e-02 8.43684427e-03 6.46300827e-05 2.85506560e-05],[1.   1.   1.   1.05 1.05 1.2 ],[1.05 1.2  1.22 1.2  1.22 1.34]
8,5,[2.08462193e-03 4.13443734e-02 1.07846932e-03 8.61589038e-08],[1.01 1.1  1.1  1.01 1.01 1.1 ],[1.1  1.14 1.39 1.12 1.39 1.44]
8,6,[0.01056649 0.00023818 0.00017095 0.00422294],[1.07 1.07 1.07 1.15 1.08 1.08],[1.17 1.19 1.09 1.24 1.17 1.19]
8,7,[1.04649547e-03 1.44159897e-02 1.11789482e-02 8.94792457e-05],[1.05 1.05 1.11 1.05 1.05 1.05],[1.11 1.11 1.2  1.05 1.2  1.2 ]
8,8,[7.87446366e-07 8.26011106e-06 4.07025369e-09 9.28220333e-04],[1.28 1.32 1.16 1.28 1.16 1.16],[1.41 1.69 1.36 1.63 1.31 1.59]
8,9,[8.94545379e-05 7.97937618e-04 1.15811824e-05 3.88889236e-02],[1.13 1.19 1.02 1.13 1.02 1.02],[1.2  1.32 1.2  1.28 1.13 1.28]
1,0,[5.52377040e-05 3.80420922e-04 3.65403079e-03 1.61555223e-05],[1.16 1.11 1.2  1.11 1.16 1.11],[1.24 1.24 1.33 1.18 1.3  1.31]
1,1,[0.00034166 0.00044203 0.00164503 0.00862159],[1.13 1.11 1.08 1.11 1.08 1.08],[1.18 1.18 1.17 1.18 1.16 1.13]
1,2,[1.95437097e-03 2.42227054e-04 1.89414086e-04 8.32938012e-08],[1.14 1.14 1.14 1.16 1.16 1.16],[1.19 1.22 1.42 1.24 1.44 1.47]
1,3,[0.00067356 0.00056513 0.00436466 0.03520601],[1.12 1.07 1.02 1.07 1.02 1.02],[1.15 1.13 1.13 1.14 1.14 1.07]
1,4,[1.02099896e-04 5.72306542e-05 1.03193044e-06 9.89775660e-02],[1.2 1.2 1.  1.2 1.  1. ],[1.26 1.39 1.2  1.38 1.22 1.34]
1,5,[3.86349213e-03 1.81247526e-04 3.85217399e-02 1.38455225e-09],[1.08 1.02 1.08 1.02 1.16 1.02],[1.17 1.08 1.52 1.17 1.52 1.52]
1,6,[2.18400670e-04 1.03591026e-01 1.21940063e-06 4.92517510e-02],[1.   1.16 1.   1.   1.   1.  ],[1.16 1.35 1.16 1.32 1.   1.32]
1,7,[0.00168561 0.0258407  0.0017504  0.00077094],[1.03 1.09 1.09 1.03 1.03 1.09],[1.11 1.13 1.15 1.11 1.14 1.17]
1,8,[0.0004296  0.00260646 0.00026948 0.00039327],[1.13 1.14 1.14 1.13 1.13 1.14],[1.17 1.21 1.2  1.2  1.18 1.25]
1,9,[2.11901030e-07 1.64443014e-05 8.81931101e-06 5.72668303e-03],[1.25 1.25 1.1  1.25 1.1  1.1 ],[1.41 1.5  1.4  1.39 1.27 1.32]
2,0,[4.11363207e-02 1.16763510e-02 8.21195698e-03 9.94395487e-05],[1.01 1.01 1.01 1.03 1.03 1.03],[1.04 1.04 1.18 1.04 1.18 1.18]
2,1,[8.61403715e-04 4.79597805e-07 1.25326837e-03 1.01731687e-02],[1.11 1.11 1.07 1.11 1.07 1.07],[1.35 1.16 1.14 1.36 1.35 1.14]
2,2,[7.75592610e-04 5.36916519e-02 4.28024491e-06 3.05766621e-05],[1.   1.13 1.13 1.   1.   1.22],[1.13 1.31 1.26 1.3  1.24 1.41]
2,3,[4.92057613e-03 1.49861565e-07 8.08546876e-08 4.80808648e-02],[1.07 1.07 1.01 1.37 1.01 1.01],[1.38 1.39 1.07 1.54 1.38 1.39]
2,4,[3.91143032e-03 8.93299043e-04 5.47248758e-05 7.70730402e-06],[1.11 1.11 1.11 1.13 1.13 1.2 ],[1.13 1.23 1.29 1.23 1.3  1.4 ]
2,5,[5.15443742e-05 1.04272333e-03 1.32781979e-05 4.08235346e-04],[1.16 1.2  1.16 1.16 1.16 1.16],[1.25 1.33 1.27 1.29 1.21 1.35]
2,6,[1.22830825e-04 3.54091295e-06 9.31140282e-02 3.54198493e-03],[1.18 1.   1.08 1.   1.08 1.  ],[1.31 1.18 1.18 1.29 1.29 1.08]
2,7,[3.70091633e-05 4.63241932e-06 1.98226122e-07 2.02924424e-03],[1.23 1.23 1.14 1.28 1.14 1.14],[1.35 1.48 1.26 1.53 1.32 1.44]
2,8,[1.72275952e-05 3.21936270e-04 3.49785318e-03 1.16008440e-04],[1.16 1.11 1.18 1.11 1.16 1.11],[1.28 1.27 1.32 1.2  1.26 1.24]
2,9,[3.04399574e-03 2.08722221e-06 1.12976960e-03 3.14647391e-07],[1.12 1.12 1.12 1.12 1.3  1.12],[1.32 1.15 1.4  1.33 1.48 1.42]
27,0,[2.51479657e-03 1.05811821e-04 5.26015034e-02 1.26362810e-07],[1.09 1.   1.09 1.   1.18 1.  ],[1.18 1.09 1.39 1.18 1.4  1.39]
27,1,[1.05252208e-06 1.02558909e-04 1.17948773e-05 4.02285769e-03],[1.2  1.25 1.11 1.2  1.11 1.11],[1.35 1.44 1.35 1.35 1.21 1.31]
27,2,[8.56462862e-04 3.80904403e-06 1.91779550e-05 4.14122606e-05],[1.17 1.17 1.17 1.23 1.23 1.23],[1.32 1.29 1.26 1.39 1.34 1.41]
27,3,[2.36561728e-04 3.81082655e-06 1.50109350e-03 1.02238416e-04],[1.17 1.15 1.17 1.15 1.18 1.15],[1.32 1.21 1.29 1.32 1.36 1.27]
27,4,[1.85634559e-02 3.23142883e-04 1.61508540e-06 6.10448365e-04],[1.05 1.05 1.05 1.14 1.14 1.14],[1.16 1.33 1.14 1.35 1.2  1.37]
27,5,[3.97420040e-05 1.32693271e-04 5.79903739e-07 6.43992144e-02],[1.19 1.21 1.   1.19 1.   1.  ],[1.25 1.41 1.23 1.4  1.19 1.36]
27,6,[3.11512258e-03 2.92025683e-05 5.54588333e-03 1.18549327e-04],[1.1  1.1  1.1  1.1  1.17 1.1 ],[1.23 1.1  1.22 1.23 1.29 1.22]
27,7,[1.07654289e-03 1.75855713e-06 8.52718376e-08 7.25455006e-05],[1.16 1.16 1.16 1.3  1.21 1.21],[1.33 1.44 1.24 1.53 1.36 1.52]
27,8,[5.07147696e-05 8.39264996e-07 4.92479922e-06 6.42773152e-03],[1.23 1.23 1.09 1.27 1.09 1.09],[1.37 1.37 1.23 1.46 1.36 1.33]
27,9,[2.38181879e-02 1.55553958e-04 5.36981947e-01 1.21088854e-07],[1.01 1.   1.01 1.   1.17 1.  ],[1.17 1.01 1.38 1.17 1.4  1.38]
10,0,[2.84074027e-02 2.93531524e-04 1.27689728e-05 3.29665747e-04],[1.03 1.03 1.03 1.15 1.15 1.15],[1.17 1.27 1.16 1.3  1.21 1.33]
10,1,[8.38142106e-04 1.40390012e-02 1.10656684e-02 9.69335678e-08],[1.05 1.05 1.11 1.05 1.05 1.05],[1.11 1.11 1.4  1.05 1.4  1.4 ]
10,2,[1.51343758e-03 3.10793855e-05 2.62885859e-04 5.91171392e-03],[1.11 1.11 1.09 1.15 1.09 1.09],[1.23 1.19 1.13 1.27 1.23 1.19]
10,3,[7.93456222e-03 3.91417188e-08 7.05338062e-04 1.87442954e-06],[1.08 1.08 1.08 1.14 1.3  1.14],[1.43 1.15 1.33 1.43 1.55 1.37]
10,4,[4.60271058e-06 1.02331350e-05 2.38199381e-02 1.20921270e-04],[1.25 1.04 1.2  1.04 1.2  1.04],[1.35 1.3  1.34 1.27 1.33 1.21]
10,5,[1.65837344e-05 2.55030383e-02 1.25437843e-05 1.67698900e-02],[1.02 1.23 1.02 1.02 1.02 1.02],[1.24 1.32 1.24 1.25 1.02 1.25]
10,6,[1.74590803e-05 2.33906247e-04 3.89923263e-03 1.39137085e-05],[1.17 1.11 1.23 1.11 1.17 1.11],[1.27 1.26 1.36 1.19 1.32 1.31]
10,7,[5.59816269e-05 3.83122356e-05 1.90827642e-03 5.63043617e-05],[1.2  1.14 1.2  1.14 1.2  1.14],[1.29 1.26 1.32 1.26 1.33 1.28]
10,8,[6.79469231e-06 1.18751408e-05 7.49574192e-04 6.63760824e-09],[1.27 1.17 1.27 1.17 1.27 1.17],[1.36 1.32 1.6  1.31 1.58 1.55]
10,9,[5.84585925e-02 2.17427770e-02 3.71548627e-07 8.95493192e-06],[1.   1.   1.   1.01 1.01 1.26],[1.01 1.35 1.26 1.35 1.26 1.5 ]
11,0,[5.34184014e-04 3.41666523e-06 3.85622513e-05 6.00155172e-08],[1.18 1.18 1.18 1.23 1.29 1.23],[1.32 1.29 1.46 1.39 1.54 1.57]
11,1,[3.04432884e-04 5.95609032e-05 1.78296467e-03 6.96530806e-05],[1.17 1.14 1.17 1.14 1.18 1.14],[1.25 1.21 1.28 1.25 1.31 1.29]
11,2,[5.20010442e-04 1.04463645e-01 7.18120914e-06 2.41338756e-03],[1.   1.13 1.09 1.   1.   1.09],[1.15 1.3  1.15 1.28 1.09 1.31]
11,3,[2.20390970e-02 6.33647294e-06 1.21256899e-02 1.27469847e-05],[1.03 1.03 1.03 1.03 1.25 1.03],[1.27 1.03 1.25 1.27 1.36 1.25]
11,4,[2.01153065e-06 7.89965607e-04 6.80958722e-05 3.65433750e-07],[1.17 1.21 1.3  1.17 1.17 1.21],[1.34 1.37 1.48 1.26 1.39 1.47]
11,5,[1.07018996e-04 3.96833774e-06 1.47434788e-04 2.88768181e-04],[1.2 1.2 1.2 1.2 1.2 1.2],[1.34 1.27 1.27 1.34 1.34 1.32]
11,6,[2.41688833e-06 3.39682723e-05 3.13694549e-02 1.24520387e-02],[1.22 1.03 1.03 1.03 1.03 1.03],[1.31 1.29 1.29 1.22 1.22 1.03]
11,7,[1.42285059e-04 9.26434649e-05 9.97888938e-03 1.32257867e-05],[1.18 1.07 1.18 1.07 1.18 1.07],[1.25 1.2  1.31 1.21 1.33 1.28]
11,8,[1.25220593e-01 2.65553369e-01 1.81901775e-04 9.14344594e-03],[1.   1.   1.   1.   1.   1.03],[1.   1.16 1.03 1.16 1.03 1.16]
11,9,[1.91391132e-03 8.01218271e-04 6.03624157e-04 2.02959871e-11],[1.14 1.14 1.14 1.14 1.14 1.14],[1.16 1.18 1.64 1.19 1.64 1.69]
15,0,[1.94374665e-05 1.60154172e-04 1.09247611e-08 3.21817436e-03],[1.19 1.23 1.12 1.19 1.12 1.12],[1.27 1.55 1.26 1.51 1.2  1.52]
15,1,[4.66754138e-05 2.15996377e-02 3.08363431e-05 4.77461693e-04],[1.04 1.2  1.15 1.04 1.04 1.15],[1.22 1.31 1.25 1.24 1.15 1.32]
15,2,[5.11292921e-06 3.46551123e-05 1.03798639e-02 4.85624011e-02],[1.22 1.04 1.01 1.04 1.01 1.01],[1.31 1.27 1.27 1.22 1.22 1.04]
15,3,[2.18530212e-05 1.56882321e-04 6.14676852e-05 1.07200186e-03],[1.19 1.2  1.16 1.19 1.16 1.16],[1.27 1.35 1.27 1.3  1.22 1.28]
15,4,[9.95151098e-04 3.51104157e-03 5.13400459e-05 3.10691485e-03],[1.12 1.12 1.12 1.12 1.12 1.12],[1.14 1.23 1.14 1.23 1.12 1.23]
15,5,[1.22818731e-07 4.51625476e-03 1.43856345e-04 1.39561875e-03],[1.11 1.17 1.11 1.11 1.11 1.11],[1.39 1.43 1.39 1.21 1.13 1.24]
15,6,[3.06920028e-05 2.22497587e-08 7.67393812e-03 2.35935309e-06],[1.24 1.08 1.24 1.08 1.3  1.08],[1.45 1.24 1.41 1.45 1.57 1.34]
15,7,[9.05533216e-07 6.42691091e-05 3.42480982e-04 4.27472932e-04],[1.19 1.19 1.19 1.19 1.19 1.19],[1.38 1.41 1.37 1.28 1.28 1.28]
15,8,[3.77319274e-05 2.07354761e-05 4.18713266e-05 4.38282805e-03],[1.21 1.21 1.11 1.21 1.11 1.11],[1.3  1.36 1.25 1.36 1.26 1.26]
15,9,[5.56852098e-04 6.75932147e-03 3.27417096e-05 4.97642449e-04],[1.09 1.13 1.13 1.09 1.09 1.13],[1.15 1.26 1.19 1.25 1.16 1.3 ]
49,0,[8.04372094e-05 3.32071526e-09 1.69221493e-05 2.47255371e-05],[1.25 1.25 1.25 1.25 1.25 1.25],[1.52 1.35 1.36 1.56 1.59 1.43]
49,1,[2.31614664e-04 1.89549881e-06 1.19713619e-02 9.31943688e-05],[1.17 1.07 1.17 1.07 1.19 1.07],[1.32 1.18 1.26 1.32 1.37 1.23]
49,2,[1.17306876e-04 2.97321606e-03 8.75517764e-05 9.48288537e-08],[1.12 1.18 1.18 1.12 1.12 1.18],[1.21 1.26 1.45 1.23 1.42 1.55]
49,3,[2.63022520e-06 1.21068605e-04 1.83439596e-03 5.19535778e-03],[1.18 1.11 1.1  1.11 1.1  1.1 ],[1.31 1.31 1.31 1.21 1.21 1.14]
49,4,[6.37868360e-04 3.17940718e-03 5.55530263e-06 2.16423776e-02],[1.08 1.12 1.04 1.08 1.04 1.04],[1.13 1.28 1.13 1.28 1.08 1.28]
49,5,[5.02309403e-02 3.17731934e-04 1.29521159e-06 3.07058734e-07],[1.   1.   1.   1.16 1.16 1.31],[1.16 1.33 1.38 1.35 1.39 1.55]
49,6,[8.06615765e-08 2.75089275e-04 9.66154270e-06 2.21554662e-06],[1.21 1.28 1.3  1.21 1.21 1.28],[1.43 1.52 1.54 1.34 1.37 1.51]
49,7,[1.42660398e-05 1.48166619e-03 9.94999385e-05 2.27262189e-02],[1.11 1.18 1.04 1.11 1.04 1.04],[1.24 1.3  1.24 1.21 1.11 1.21]
49,8,[5.62058086e-03 1.75351021e-02 1.80416495e-03 1.89551603e-08],[1.05 1.06 1.06 1.05 1.05 1.09],[1.06 1.1  1.44 1.1  1.44 1.46]
49,9,[7.47894926e-06 2.79008597e-03 9.32443064e-05 1.42327347e-01],[1.09 1.18 1.   1.09 1.   1.  ],[1.26 1.32 1.26 1.2  1.09 1.2 ]
17,0,[3.95238070e-05 8.61930662e-03 1.05980044e-06 1.61382372e-04],[1.08 1.21 1.19 1.08 1.08 1.19],[1.23 1.38 1.26 1.35 1.19 1.43]
17,1,[1.20009977e-01 2.77042264e-02 1.43188536e-04 3.27268237e-07],[1.   1.   1.   1.   1.   1.17],[1.   1.17 1.35 1.17 1.35 1.46]
17,2,[4.22937067e-06 1.42513263e-07 1.83571961e-04 4.32036196e-03],[1.28 1.18 1.11 1.18 1.11 1.11],[1.46 1.35 1.3  1.43 1.4  1.22]
17,3,[4.10316869e-04 1.12289393e-01 9.92540833e-07 2.84251434e-05],[1.   1.16 1.16 1.   1.   1.22],[1.16 1.36 1.26 1.34 1.24 1.49]
17,4,[1.35825442e-02 1.55389964e-03 5.01234359e-04 3.29994558e-06],[1.06 1.06 1.06 1.11 1.11 1.13],[1.11 1.15 1.3  1.16 1.3  1.38]
17,5,[2.37015338e-04 7.31302669e-04 2.45647122e-04 6.43278485e-06],[1.17 1.17 1.17 1.17 1.17 1.17],[1.2  1.24 1.33 1.23 1.33 1.36]
17,6,[1.28899182e-04 2.47625345e-06 4.71825945e-06 6.69755354e-03],[1.2  1.2  1.09 1.27 1.09 1.09],[1.33 1.34 1.2  1.42 1.32 1.32]
17,7,[3.67174893e-07 4.78062617e-04 3.84724997e-01 4.57219138e-08],[1.15 1.   1.35 1.   1.15 1.  ],[1.36 1.36 1.58 1.15 1.44 1.44]
17,8,[1.56841808e-03 1.28277446e-06 1.28940019e-06 1.51277211e-05],[1.14 1.14 1.14 1.3  1.26 1.26],[1.34 1.35 1.29 1.48 1.44 1.49]
17,9,[2.02127672e-05 6.17809220e-05 1.78252489e-06 4.62422654e-05],[1.25 1.25 1.25 1.25 1.25 1.25],[1.33 1.44 1.36 1.41 1.34 1.5 ]
29,0,[3.48531519e-06 3.18860440e-04 2.25622209e-03 2.10751521e-04],[1.16 1.13 1.16 1.13 1.16 1.13],[1.31 1.31 1.33 1.19 1.24 1.23]
29,1,[1.71507834e-03 1.83934535e-03 4.53125557e-04 7.23914849e-07],[1.14 1.14 1.14 1.14 1.14 1.14],[1.14 1.17 1.36 1.17 1.36 1.4 ]
29,2,[2.36049239e-02 8.50969894e-05 5.55949243e-02 3.45382880e-06],[1.01 1.   1.01 1.   1.19 1.  ],[1.19 1.01 1.28 1.19 1.33 1.28]
29,3,[1.19003656e-02 4.42639744e-06 1.97708106e-04 9.50979799e-05],[1.07 1.07 1.07 1.18 1.18 1.18],[1.3  1.18 1.21 1.34 1.34 1.29]
29,4,[3.74207729e-07 2.68226902e-06 1.23510551e-01 3.19293776e-05],[1.29 1.   1.24 1.   1.24 1.  ],[1.44 1.37 1.43 1.31 1.36 1.24]
29,5,[4.23544418e-03 2.72476676e-03 1.72347775e-03 3.14272292e-06],[1.11 1.11 1.11 1.11 1.11 1.11],[1.11 1.12 1.3  1.12 1.3  1.34]
29,6,[1.02879824e-02 3.13218662e-08 2.34002860e-02 2.41630062e-03],[1.04 1.04 1.04 1.04 1.08 1.04],[1.41 1.04 1.08 1.41 1.41 1.08]
29,7,[6.40972808e-06 3.93700384e-05 2.47558280e-06 1.67326329e-05],[1.27 1.27 1.27 1.27 1.27 1.27],[1.36 1.44 1.4  1.41 1.35 1.51]
29,8,[9.03141356e-07 1.92740585e-04 1.75635182e-04 5.11636267e-05],[1.22 1.22 1.22 1.22 1.22 1.22],[1.37 1.39 1.42 1.26 1.3  1.34]
29,9,[6.85747816e-06 4.94814099e-02 2.53340914e-03 2.06619222e-02],[1.01 1.07 1.01 1.01 1.01 1.01],[1.26 1.26 1.26 1.07 1.01 1.07]
13,0,[0.00032548 0.00012854 0.00412426 0.00029769],[1.15 1.11 1.15 1.11 1.15 1.11],[1.22 1.18 1.21 1.21 1.24 1.2 ]
13,1,[8.81606987e-04 6.61153060e-04 1.35132165e-06 2.30033962e-04],[1.16 1.16 1.16 1.16 1.16 1.16],[1.18 1.36 1.23 1.36 1.23 1.42]
13,2,[0.00809213 0.00020071 0.00082375 0.0029962 ],[1.08 1.08 1.08 1.11 1.09 1.09],[1.17 1.14 1.1  1.19 1.17 1.15]
13,3,[7.81857789e-04 1.63326475e-06 4.50858516e-05 7.31450533e-06],[1.17 1.17 1.17 1.23 1.26 1.23],[1.34 1.26 1.32 1.38 1.45 1.44]
13,4,[4.93759205e-05 2.92265496e-08 3.14329443e-04 2.20170263e-05],[1.22 1.2  1.22 1.2  1.22 1.2 ],[1.47 1.3  1.35 1.5  1.52 1.38]
13,5,[1.03426876e-01 3.07009002e-05 4.72493553e-05 2.95270675e-09],[1.   1.   1.   1.22 1.22 1.22],[1.24 1.23 1.51 1.3  1.55 1.64]
13,6,[1.01434304e-06 1.37260620e-03 5.17416486e-05 1.31276177e-07],[1.15 1.23 1.32 1.15 1.15 1.23],[1.34 1.39 1.55 1.26 1.41 1.51]
13,7,[3.50279927e-06 5.78285255e-04 8.97367083e-05 3.86939627e-02],[1.14 1.18 1.02 1.14 1.02 1.02],[1.3  1.35 1.3  1.22 1.14 1.21]
13,8,[0.00110048 0.00143077 0.00012454 0.00063622],[1.15 1.15 1.15 1.15 1.15 1.15],[1.15 1.22 1.19 1.22 1.19 1.26]
13,9,[1.39115988e-02 1.97353717e-01 4.52873645e-08 1.07315879e-05],[1.   1.03 1.03 1.   1.   1.25],[1.03 1.41 1.25 1.41 1.25 1.6 ]
22,0,[3.51027837e-02 1.32717102e-01 1.09584382e-05 9.26879513e-03],[1.   1.   1.   1.   1.   1.03],[1.   1.24 1.03 1.24 1.03 1.24]
22,1,[2.33075307e-01 8.64088135e-07 1.13980167e-06 4.90304124e-03],[1.   1.   1.   1.31 1.07 1.07],[1.33 1.34 1.07 1.47 1.33 1.34]
22,2,[1.13326497e-04 1.00147939e-03 1.70553290e-07 9.15923107e-03],[1.12 1.18 1.08 1.12 1.08 1.08],[1.21 1.4  1.21 1.4  1.13 1.4 ]
22,3,[3.23907954e-05 1.69765137e-06 7.27882635e-04 9.58807442e-04],[1.22 1.16 1.16 1.16 1.16 1.16],[1.39 1.29 1.28 1.36 1.38 1.22]
22,4,[6.24008783e-05 6.67077534e-05 1.80127427e-03 2.94584620e-06],[1.2  1.14 1.2  1.14 1.2  1.14],[1.29 1.25 1.41 1.26 1.38 1.37]
22,5,[2.83489446e-02 9.69061940e-06 1.36606582e-02 1.61452446e-06],[1.03 1.03 1.03 1.03 1.25 1.03],[1.26 1.03 1.32 1.26 1.41 1.32]
22,6,[1.59456770e-08 5.61449292e-02 2.79948622e-03 9.66713689e-06],[1.   1.09 1.25 1.   1.   1.09],[1.44 1.44 1.53 1.09 1.27 1.29]
22,7,[2.92670837e-05 8.67422173e-06 2.77774466e-06 4.64632420e-04],[1.24 1.24 1.19 1.26 1.19 1.19],[1.35 1.44 1.3  1.44 1.33 1.42]
22,8,[5.27995360e-04 2.38305372e-04 1.22319577e-05 7.62578125e-03],[1.15 1.15 1.08 1.15 1.08 1.08],[1.2  1.31 1.16 1.33 1.18 1.31]
22,9,[1.89060517e-05 6.99911728e-06 1.44183621e-09 1.32997666e-01],[1.25 1.25 1.   1.26 1.   1.  ],[1.32 1.61 1.25 1.6  1.28 1.53]
28,0,[2.55747962e-05 1.96734596e-02 8.21990158e-08 8.56701667e-04],[1.05 1.22 1.13 1.05 1.05 1.13],[1.24 1.47 1.25 1.42 1.13 1.47]
28,1,[1.53624072e-06 3.49267117e-03 1.16342895e-04 4.06331179e-06],[1.11 1.2  1.28 1.11 1.11 1.2 ],[1.33 1.38 1.43 1.21 1.31 1.39]
28,2,[7.29650847e-03 2.18820558e-02 1.18421202e-07 2.69591796e-04],[1.04 1.05 1.05 1.04 1.04 1.15],[1.05 1.39 1.15 1.39 1.15 1.45]
28,3,[1.56775970e-05 8.41352515e-04 7.23518621e-03 1.57610460e-02],[1.11 1.06 1.06 1.06 1.06 1.06],[1.23 1.23 1.23 1.12 1.12 1.06]
28,4,[9.55539963e-04 1.30216279e-07 1.15541556e-04 4.42385253e-04],[1.16 1.16 1.16 1.18 1.16 1.16],[1.4  1.24 1.2  1.42 1.41 1.28]
28,5,[1.15271341e-04 1.88730822e-08 5.20979553e-02 1.75948419e-06],[1.2  1.   1.2  1.   1.31 1.  ],[1.46 1.2  1.36 1.46 1.55 1.33]
28,6,[2.96134782e-03 2.58386997e-04 9.26059438e-06 7.80969922e-07],[1.12 1.12 1.12 1.17 1.17 1.25],[1.18 1.29 1.36 1.31 1.37 1.49]
28,7,[1.82093688e-06 7.20050670e-04 6.44706324e-06 2.11477598e-03],[1.14 1.26 1.13 1.14 1.13 1.13],[1.33 1.43 1.33 1.32 1.18 1.35]
28,8,[4.31004874e-05 1.41959639e-06 1.26726213e-04 3.92507560e-07],[1.23 1.23 1.23 1.23 1.31 1.23],[1.39 1.31 1.46 1.42 1.53 1.54]
28,9,[6.75640779e-06 1.87138043e-06 8.70637805e-06 9.02464885e-06],[1.31 1.31 1.31 1.31 1.31 1.31],[1.42 1.43 1.41 1.47 1.44 1.49]
5,0,[4.00561775e-05 2.29035407e-03 1.38906554e-04 9.12342985e-06],[1.13 1.19 1.21 1.13 1.13 1.19],[1.24 1.28 1.36 1.21 1.31 1.39]
5,1,[4.70376163e-07 2.54809580e-04 1.04201321e-05 2.84908666e-04],[1.2  1.25 1.2  1.2  1.2  1.2 ],[1.38 1.44 1.4  1.32 1.26 1.38]
5,2,[3.23861778e-04 4.83321859e-04 2.86108954e-06 3.12434301e-10],[1.19 1.19 1.19 1.19 1.19 1.29],[1.21 1.36 1.59 1.36 1.59 1.81]
5,3,[3.47599587e-06 3.94639188e-09 2.44181808e-09 1.39496180e-01],[1.3  1.3  1.   1.47 1.   1.  ],[1.52 1.61 1.3  1.75 1.5  1.52]
5,4,[7.38019717e-04 6.37458820e-03 6.78672376e-06 2.56187175e-04],[1.09 1.14 1.14 1.09 1.09 1.15],[1.14 1.3  1.2  1.3  1.18 1.37]
5,5,[2.79886776e-07 1.50408193e-03 3.46257752e-04 1.06635059e-02],[1.11 1.14 1.07 1.11 1.07 1.07],[1.36 1.38 1.36 1.19 1.12 1.18]
5,6,[4.16797617e-04 1.99078537e-03 3.90899879e-03 3.87685928e-09],[1.11 1.11 1.13 1.11 1.11 1.11],[1.15 1.15 1.51 1.12 1.51 1.52]
5,7,[0.00073296 0.00010419 0.00182805 0.00023074],[1.14 1.14 1.14 1.14 1.15 1.14],[1.22 1.17 1.24 1.22 1.27 1.24]
5,8,[3.35909078e-12 3.92680577e-09 1.23702581e-04 2.42783182e-03],[1.48 1.2  1.13 1.2  1.13 1.13],[1.82 1.73 1.73 1.51 1.51 1.24]
5,9,[2.06554913e-04 4.44746060e-08 3.46395162e-02 1.05309737e-07],[1.18 1.02 1.18 1.02 1.38 1.02],[1.42 1.18 1.41 1.42 1.55 1.41]
57,0,[0.00090398 0.00969756 0.00031176 0.02182293],[1.04 1.11 1.04 1.04 1.04 1.04],[1.11 1.18 1.11 1.15 1.04 1.15]
57,1,[2.18760931e-04 1.58710668e-01 4.89138263e-05 1.04055674e-01],[1.   1.16 1.   1.   1.   1.  ],[1.16 1.25 1.16 1.2  1.   1.2 ]
57,2,[7.98388896e-05 9.03075317e-08 6.03884153e-03 8.61830081e-04],[1.19 1.09 1.13 1.09 1.13 1.09],[1.43 1.22 1.25 1.42 1.43 1.17]
57,3,[8.81591205e-06 1.03741534e-03 1.31430480e-03 7.04872465e-07],[1.15 1.15 1.26 1.15 1.15 1.15],[1.3  1.3  1.43 1.18 1.37 1.4 ]
57,4,[0.00060948 0.082858   0.00689462 0.00095454],[1.   1.06 1.11 1.   1.   1.06],[1.13 1.13 1.16 1.06 1.13 1.13]
57,5,[2.58403819e-07 5.79353941e-04 6.10652470e-05 6.53793936e-04],[1.17 1.2  1.17 1.17 1.17 1.17],[1.39 1.43 1.39 1.27 1.2  1.31]
57,6,[4.02327611e-08 6.39314085e-05 4.20440744e-06 5.45505255e-06],[1.25 1.28 1.28 1.25 1.25 1.28],[1.46 1.55 1.58 1.39 1.39 1.51]
57,7,[5.06845294e-04 4.32620769e-03 6.43655725e-05 1.84419754e-06],[1.11 1.15 1.15 1.11 1.11 1.2 ],[1.16 1.25 1.32 1.23 1.32 1.43]
57,8,[2.22353774e-02 7.13703424e-07 3.50090640e-02 2.13909112e-04],[1.01 1.01 1.01 1.01 1.16 1.01],[1.33 1.01 1.16 1.33 1.35 1.16]
57,9,[7.14062557e-04 7.36223704e-05 5.25611618e-05 1.92879536e-02],[1.14 1.14 1.05 1.19 1.05 1.05],[1.22 1.24 1.14 1.3  1.21 1.24]
12,0,[5.79775749e-05 3.91128691e-07 1.35965909e-06 4.50166132e-04],[1.22 1.22 1.19 1.31 1.19 1.19],[1.4  1.42 1.27 1.56 1.4  1.44]
12,1,[3.14428722e-03 6.12531796e-04 8.59384534e-06 3.08052977e-03],[1.12 1.12 1.12 1.12 1.12 1.12],[1.15 1.29 1.12 1.29 1.15 1.31]
12,2,[9.98865922e-06 1.63263330e-05 2.60932207e-03 6.58842840e-05],[1.23 1.13 1.21 1.13 1.21 1.13],[1.32 1.28 1.35 1.27 1.34 1.26]
12,3,[1.63946073e-02 5.59285327e-03 8.65669648e-07 2.93946985e-04],[1.05 1.05 1.05 1.06 1.06 1.15],[1.06 1.32 1.15 1.32 1.15 1.38]
12,4,[2.80738038e-01 3.78582503e-03 1.91876083e-07 6.47444034e-04],[1.   1.   1.   1.08 1.08 1.12],[1.08 1.37 1.13 1.37 1.13 1.42]
12,5,[1.20488454e-05 3.11621251e-03 2.81060980e-04 3.24187233e-08],[1.12 1.17 1.25 1.12 1.12 1.17],[1.28 1.31 1.5  1.19 1.45 1.56]
12,6,[1.79809311e-07 7.63216803e-05 3.80727119e-06 7.28919564e-04],[1.21 1.28 1.17 1.21 1.17 1.17],[1.4  1.52 1.4  1.38 1.25 1.42]
12,7,[5.48778652e-06 4.37241169e-02 1.01108135e-08 7.29985718e-06],[1.01 1.27 1.27 1.01 1.01 1.27],[1.29 1.55 1.41 1.48 1.28 1.62]
12,8,[2.54852427e-04 1.54182487e-04 4.33907930e-06 1.84379638e-06],[1.21 1.21 1.21 1.21 1.21 1.28],[1.24 1.35 1.39 1.36 1.39 1.5 ]
12,9,[0.00122152 0.05361696 0.00040113 0.00060807],[1.   1.12 1.12 1.   1.   1.12],[1.12 1.17 1.17 1.16 1.14 1.22]
9,0,[1.84829609e-05 1.42321327e-05 2.37692743e-08 5.01118091e-04],[1.24 1.24 1.18 1.24 1.18 1.18],[1.36 1.52 1.31 1.54 1.32 1.54]
9,1,[1.64453323e-02 5.85449009e-04 1.23243617e-06 3.44068797e-05],[1.05 1.05 1.05 1.15 1.15 1.21],[1.15 1.33 1.24 1.33 1.26 1.46]
9,2,[3.61237293e-03 1.31423198e-05 8.80195526e-06 2.69274950e-03],[1.11 1.11 1.11 1.24 1.11 1.11],[1.26 1.29 1.12 1.39 1.26 1.29]
9,3,[1.20100552e-08 2.89734036e-04 1.39798449e-06 5.29594940e-04],[1.18 1.31 1.18 1.18 1.18 1.18],[1.48 1.59 1.49 1.39 1.22 1.43]
9,4,[4.06351277e-03 3.01183680e-08 5.74298203e-07 4.38696653e-05],[1.11 1.11 1.11 1.33 1.23 1.23],[1.45 1.38 1.24 1.6  1.47 1.51]
9,5,[2.75772367e-05 5.66757849e-05 9.83626514e-11 1.27799824e-03],[1.22 1.22 1.15 1.22 1.15 1.15],[1.3  1.65 1.27 1.65 1.25 1.65]
9,6,[4.01434854e-06 1.04609004e-05 1.07802604e-04 1.59012750e-02],[1.25 1.2  1.05 1.2  1.05 1.05],[1.37 1.35 1.3  1.34 1.27 1.21]
9,7,[1.22947210e-05 3.79285596e-04 3.03438616e-05 2.43799798e-08],[1.19 1.24 1.25 1.19 1.19 1.24],[1.28 1.35 1.57 1.3  1.49 1.59]
9,8,[1.14816465e-05 2.77198272e-07 3.45803762e-02 1.79518339e-02],[1.25 1.02 1.02 1.02 1.02 1.02],[1.41 1.25 1.25 1.36 1.36 1.02]
9,9,[7.65151531e-06 3.07677125e-02 1.45298773e-05 3.19103330e-04],[1.03 1.24 1.16 1.03 1.03 1.16],[1.28 1.38 1.3  1.26 1.16 1.34]
43,0,[7.04485239e-05 1.12945750e-04 9.24720839e-03 2.86843130e-04],[1.18 1.08 1.17 1.08 1.17 1.08],[1.25 1.22 1.27 1.21 1.24 1.19]
43,1,[8.60124635e-04 1.04753714e-02 2.01644689e-06 8.92610000e-03],[1.06 1.11 1.06 1.06 1.06 1.06],[1.12 1.32 1.12 1.32 1.06 1.32]
43,2,[7.35475182e-03 3.87719209e-02 8.28067823e-05 5.48278263e-02],[1.   1.04 1.   1.   1.   1.  ],[1.04 1.18 1.04 1.18 1.   1.18]
43,3,[3.91575194e-09 1.96773380e-03 1.15267167e-01 1.17150982e-07],[1.1  1.   1.38 1.   1.1  1.  ],[1.49 1.49 1.63 1.1  1.39 1.39]
43,4,[0.00700298 0.00015344 0.0003014  0.00265277],[1.09 1.09 1.09 1.15 1.09 1.09],[1.18 1.18 1.11 1.24 1.18 1.2 ]
43,5,[4.02823679e-05 4.34800530e-02 2.48913192e-03 1.39427432e-04],[1.01 1.09 1.17 1.01 1.01 1.09],[1.22 1.22 1.28 1.09 1.19 1.22]
43,6,[4.94480451e-05 1.70683045e-08 6.51142785e-06 1.28517304e-04],[1.23 1.23 1.23 1.26 1.23 1.23],[1.48 1.39 1.3  1.57 1.49 1.41]
43,7,[0.02530464 0.00036676 0.00026472 0.00258879],[1.04 1.04 1.04 1.14 1.09 1.09],[1.16 1.17 1.09 1.21 1.16 1.19]
43,8,[1.32127677e-05 1.18859774e-03 8.11008495e-07 4.71834638e-06],[1.15 1.26 1.26 1.15 1.15 1.27],[1.27 1.43 1.41 1.38 1.32 1.58]
43,9,[3.29715454e-04 2.08136905e-06 2.15006595e-02 4.26896216e-08],[1.16 1.04 1.16 1.04 1.3  1.04],[1.32 1.16 1.45 1.32 1.52 1.45]
50,0,[0.01360333 0.00012682 0.00018285 0.00425191],[1.06 1.06 1.06 1.16 1.08 1.08],[1.19 1.19 1.08 1.24 1.19 1.19]
50,1,[4.13271292e-05 2.78958321e-07 1.34747846e-03 3.13649942e-06],[1.23 1.15 1.23 1.15 1.28 1.15],[1.41 1.26 1.4  1.41 1.5  1.39]
50,2,[5.50810832e-06 5.07232123e-07 1.69469749e-04 1.03584353e-03],[1.27 1.18 1.16 1.18 1.16 1.16],[1.43 1.35 1.33 1.41 1.39 1.27]
50,3,[2.96843111e-03 2.63581406e-07 1.32505762e-04 4.82742632e-02],[1.09 1.09 1.01 1.18 1.01 1.01],[1.36 1.19 1.09 1.38 1.36 1.19]
50,4,[2.90878277e-05 3.44370555e-04 2.65060625e-05 1.94661628e-05],[1.2  1.22 1.22 1.2  1.2  1.22],[1.28 1.36 1.37 1.31 1.31 1.42]
50,5,[3.44951378e-03 1.61050818e-03 6.61704383e-05 2.21889590e-02],[1.08 1.08 1.04 1.09 1.04 1.04],[1.1  1.21 1.08 1.21 1.1  1.21]
50,6,[7.03519927e-02 6.46302964e-03 3.76900154e-03 1.31996932e-07],[1.   1.   1.   1.06 1.06 1.06],[1.06 1.07 1.39 1.07 1.39 1.4 ]
50,7,[8.87395864e-04 2.92941611e-03 9.40464595e-10 2.26508954e-02],[1.09 1.11 1.04 1.09 1.04 1.04],[1.12 1.53 1.12 1.53 1.09 1.53]
50,8,[1.87690546e-03 7.15324437e-06 2.13100939e-04 9.58239282e-07],[1.14 1.14 1.14 1.18 1.26 1.18],[1.29 1.2  1.36 1.3  1.46 1.45]
50,9,[7.36675341e-05 8.08423900e-02 2.40352157e-05 2.59763862e-03],[1.   1.19 1.09 1.   1.   1.09],[1.2  1.32 1.2  1.25 1.09 1.27]
26,0,[3.90696696e-03 2.37044783e-04 4.79145664e-05 1.02502951e-03],[1.11 1.11 1.11 1.15 1.13 1.13],[1.18 1.24 1.15 1.27 1.2  1.28]
26,1,[1.51915142e-04 1.46757372e-03 7.91183964e-05 3.30487092e-05],[1.15 1.19 1.19 1.15 1.15 1.19],[1.21 1.28 1.3  1.25 1.27 1.37]
26,2,[4.38851758e-05 1.44493487e-05 1.17396967e-03 6.54577460e-05],[1.21 1.15 1.21 1.15 1.21 1.15],[1.31 1.25 1.32 1.29 1.36 1.3 ]
26,3,[3.25485943e-07 6.43441942e-05 1.18893391e-08 5.83758953e-04],[1.22 1.35 1.18 1.22 1.18 1.18],[1.4  1.65 1.4  1.54 1.27 1.56]
26,4,[5.59403513e-03 1.75414040e-02 3.55364871e-04 1.46371783e-07],[1.05 1.06 1.06 1.05 1.05 1.14],[1.06 1.15 1.38 1.15 1.38 1.43]
26,5,[2.34882908e-05 1.59037880e-03 4.35865921e-03 1.31725121e-04],[1.11 1.11 1.17 1.11 1.11 1.11],[1.24 1.24 1.29 1.14 1.23 1.23]
26,6,[4.79995723e-05 2.37682369e-05 2.11056554e-08 4.16251480e-03],[1.22 1.22 1.11 1.23 1.11 1.11],[1.28 1.56 1.23 1.56 1.26 1.53]
26,7,[2.78562733e-03 6.60208632e-04 9.23808758e-05 3.11700642e-03],[1.12 1.12 1.12 1.12 1.12 1.12],[1.15 1.23 1.13 1.23 1.15 1.24]
26,8,[0.00864646 0.00532867 0.00019121 0.00060969],[1.07 1.07 1.07 1.07 1.07 1.13],[1.07 1.17 1.13 1.17 1.13 1.21]
26,9,[1.78975796e-05 3.04445197e-06 1.29965446e-01 7.17600730e-05],[1.23 1.   1.21 1.   1.21 1.  ],[1.34 1.25 1.32 1.31 1.37 1.21]
14,0,[0.01547567 0.00074122 0.00079511 0.00267137],[1.06 1.06 1.06 1.1  1.09 1.09],[1.14 1.13 1.09 1.17 1.14 1.17]
14,1,[9.24510863e-06 1.19131304e-05 2.01569534e-05 1.07005286e-07],[1.29 1.29 1.29 1.29 1.29 1.29],[1.35 1.41 1.51 1.38 1.53 1.61]
14,2,[9.17838750e-06 2.62796859e-04 1.66597842e-02 6.78946379e-02],[1.15 1.02 1.   1.02 1.   1.  ],[1.27 1.26 1.26 1.15 1.15 1.02]
14,3,[2.85944861e-06 7.25843515e-06 1.43913080e-03 5.91518166e-06],[1.27 1.15 1.27 1.15 1.27 1.15],[1.39 1.33 1.44 1.31 1.43 1.36]
14,4,[7.87788208e-06 5.18201226e-08 1.49451131e-03 1.47115920e-04],[1.26 1.15 1.19 1.15 1.19 1.15],[1.48 1.32 1.36 1.46 1.48 1.26]
14,5,[2.61213082e-02 3.89807391e-07 1.73344470e-04 3.87308179e-04],[1.03 1.03 1.03 1.17 1.16 1.16],[1.37 1.19 1.16 1.39 1.39 1.26]
14,6,[3.20674991e-05 5.42278311e-04 3.85650928e-04 1.25508537e-01],[1.14 1.14 1.   1.14 1.   1.  ],[1.24 1.25 1.24 1.19 1.15 1.16]
14,7,[2.99532423e-02 4.35540291e-05 4.95794917e-06 1.55278726e-04],[1.03 1.03 1.03 1.21 1.19 1.19],[1.23 1.3  1.19 1.36 1.29 1.39]
14,8,[5.88766724e-05 8.63329757e-05 4.96114125e-05 5.17056434e-06],[1.24 1.24 1.24 1.24 1.24 1.24],[1.29 1.33 1.37 1.3  1.4  1.47]
14,9,[5.47076985e-03 4.19845094e-07 4.04966786e-02 4.10022262e-06],[1.06 1.01 1.06 1.01 1.28 1.01],[1.35 1.06 1.29 1.35 1.47 1.29]
54,0,[1.48496310e-02 7.47372794e-05 2.10069402e-08 4.46522511e-05],[1.06 1.06 1.06 1.21 1.21 1.21],[1.21 1.46 1.23 1.47 1.29 1.57]
54,1,[7.28863814e-09 3.31623866e-03 5.83917512e-03 2.79129167e-05],[1.1  1.1  1.22 1.1  1.1  1.1 ],[1.47 1.47 1.52 1.1  1.25 1.25]
54,2,[3.71023079e-06 5.51035628e-04 6.27911334e-04 4.09791796e-03],[1.13 1.13 1.11 1.13 1.11 1.11],[1.3  1.32 1.3  1.21 1.16 1.18]
54,3,[0.00164278 0.00027703 0.00069874 0.00791211],[1.11 1.11 1.08 1.12 1.08 1.08],[1.17 1.17 1.12 1.2  1.17 1.16]
54,4,[1.24573673e-02 2.06831117e-04 3.97615083e-03 4.04405670e-06],[1.07 1.07 1.07 1.08 1.16 1.08],[1.18 1.08 1.3  1.18 1.32 1.32]
54,5,[0.02564117 0.00152002 0.02827773 0.00028951],[1.   1.   1.   1.   1.09 1.  ],[1.09 1.   1.15 1.09 1.16 1.15]
54,6,[1.59906742e-03 4.43457119e-05 4.74749757e-08 7.84556629e-05],[1.14 1.14 1.14 1.21 1.21 1.21],[1.24 1.45 1.24 1.48 1.3  1.54]
54,7,[1.19056570e-03 1.64328475e-05 5.87896183e-05 5.95455134e-08],[1.15 1.15 1.15 1.21 1.24 1.21],[1.27 1.25 1.46 1.33 1.53 1.55]
54,8,[8.66805875e-07 9.78446691e-06 3.68842015e-08 4.98295293e-05],[1.28 1.32 1.26 1.28 1.26 1.26],[1.45 1.58 1.42 1.55 1.39 1.64]
54,9,[2.97597072e-01 2.54531368e-05 6.77827471e-03 1.22014212e-05],[1.   1.   1.   1.06 1.22 1.06],[1.23 1.06 1.27 1.23 1.34 1.27]
18,0,[2.08446521e-04 3.10171095e-07 2.28648655e-04 5.99117862e-04],[1.18 1.18 1.18 1.18 1.18 1.18],[1.39 1.26 1.24 1.41 1.4  1.26]
18,1,[8.50941110e-05 7.90511900e-03 3.67623435e-06 1.77734856e-06],[1.08 1.21 1.21 1.08 1.08 1.28],[1.21 1.36 1.38 1.31 1.34 1.53]
18,2,[2.02923342e-03 2.03600735e-05 5.23280120e-04 3.04673921e-03],[1.12 1.12 1.12 1.13 1.12 1.12],[1.24 1.19 1.14 1.27 1.24 1.21]
18,3,[2.36366180e-07 4.40578783e-02 1.20651719e-02 6.47622842e-08],[1.01 1.03 1.36 1.01 1.01 1.03],[1.36 1.36 1.55 1.03 1.41 1.41]
18,4,[2.45530203e-06 3.17847567e-02 2.83236920e-04 2.51920546e-03],[1.03 1.15 1.09 1.03 1.03 1.09],[1.31 1.34 1.31 1.17 1.09 1.19]
18,5,[2.86975256e-07 4.35392894e-05 3.39480187e-02 1.12329466e-07],[1.23 1.02 1.36 1.02 1.23 1.02],[1.4  1.38 1.58 1.23 1.46 1.42]
18,6,[8.78167026e-04 2.34206993e-04 2.21212400e-06 1.54677705e-03],[1.14 1.14 1.14 1.16 1.14 1.14],[1.2  1.34 1.18 1.35 1.2  1.38]
18,7,[2.73492034e-06 1.94231712e-05 9.77343167e-04 7.83750322e-06],[1.26 1.16 1.26 1.16 1.26 1.16],[1.37 1.34 1.44 1.29 1.42 1.37]
18,8,[1.47801442e-05 8.30890734e-05 2.43051407e-04 1.09479297e-02],[1.19 1.17 1.07 1.17 1.07 1.07],[1.28 1.29 1.26 1.26 1.21 1.19]
18,9,[3.19562532e-09 1.30486203e-07 3.71511303e-05 1.31741605e-05],[1.37 1.27 1.27 1.27 1.27 1.27],[1.63 1.58 1.61 1.47 1.52 1.43]
67,0,[2.68026403e-03 6.21362808e-02 5.55719620e-03 8.15079928e-08],[1.   1.06 1.07 1.   1.   1.06],[1.09 1.09 1.39 1.06 1.39 1.41]
67,1,[6.70548661e-09 3.11617305e-05 2.57330132e-06 1.13409448e-05],[1.28 1.29 1.28 1.28 1.28 1.28],[1.51 1.59 1.57 1.41 1.39 1.55]
67,2,[6.23027067e-05 4.04189227e-02 1.40677621e-04 1.45568670e-03],[1.01 1.17 1.11 1.01 1.01 1.11],[1.22 1.27 1.23 1.19 1.11 1.23]
67,3,[0.00048082 0.00012235 0.02325108 0.00354779],[1.13 1.04 1.08 1.04 1.08 1.04],[1.2  1.15 1.15 1.19 1.19 1.08]
67,4,[1.42261767e-02 3.39568326e-04 3.30915485e-02 6.49391459e-06],[1.03 1.02 1.03 1.02 1.14 1.02],[1.14 1.03 1.27 1.14 1.29 1.27]
67,5,[1.26091049e-02 2.68173870e-05 3.93657625e-03 7.65197847e-08],[1.06 1.06 1.06 1.08 1.22 1.08],[1.23 1.08 1.41 1.23 1.46 1.43]
67,6,[1.08530176e-04 5.07923068e-04 4.21313616e-04 1.23717518e-05],[1.19 1.19 1.19 1.19 1.19 1.19],[1.24 1.27 1.34 1.23 1.33 1.35]
67,7,[5.88719265e-04 5.79846382e-03 3.23957996e-08 5.80828038e-04],[1.09 1.13 1.13 1.09 1.09 1.13],[1.15 1.45 1.19 1.45 1.16 1.5 ]
67,8,[8.22963915e-07 1.14828642e-08 5.95023861e-04 3.36755777e-08],[1.35 1.18 1.35 1.18 1.42 1.18],[1.54 1.39 1.61 1.51 1.71 1.55]
67,9,[2.41870080e-09 4.73992211e-07 4.14268300e-02 7.44494963e-05],[1.34 1.01 1.21 1.01 1.21 1.01],[1.57 1.52 1.54 1.36 1.4  1.21]
31,0,[7.82693114e-05 1.59029656e-09 6.21241802e-07 1.69995806e-02],[1.21 1.21 1.05 1.33 1.05 1.05],[1.51 1.41 1.21 1.64 1.51 1.37]
31,1,[8.10085668e-06 3.17854398e-02 1.27543955e-07 3.83305297e-06],[1.03 1.28 1.28 1.03 1.03 1.28],[1.28 1.46 1.42 1.4  1.3  1.62]
31,2,[8.55139208e-07 1.14601690e-03 1.87895304e-03 6.89154323e-07],[1.14 1.14 1.32 1.14 1.14 1.14],[1.35 1.35 1.51 1.17 1.4  1.41]
31,3,[3.54324653e-05 5.28353049e-05 1.14488745e-05 8.15928119e-02],[1.22 1.22 1.   1.22 1.   1.  ],[1.28 1.34 1.24 1.34 1.22 1.27]
31,4,[3.06262805e-05 3.74032531e-03 1.13886706e-01 9.37098865e-09],[1.08 1.   1.22 1.   1.08 1.  ],[1.22 1.22 1.51 1.08 1.46 1.46]
31,5,[2.25930179e-04 3.32408050e-06 1.12254584e-06 4.18311407e-05],[1.21 1.21 1.21 1.29 1.23 1.23],[1.36 1.41 1.32 1.5  1.39 1.51]
31,6,[0.01827985 0.00045832 0.00064075 0.00431521],[1.05 1.05 1.05 1.12 1.07 1.07],[1.14 1.14 1.08 1.18 1.14 1.15]
31,7,[1.46875632e-04 6.30601351e-03 5.76207810e-04 3.37547329e-07],[1.09 1.15 1.17 1.09 1.09 1.15],[1.19 1.21 1.42 1.15 1.39 1.43]
31,8,[1.37162543e-04 1.52199002e-07 4.09259324e-05 3.50650812e-03],[1.19 1.19 1.12 1.21 1.12 1.12],[1.41 1.3  1.22 1.46 1.4  1.27]
31,9,[1.34395783e-05 8.49385796e-05 3.39107211e-05 4.15025849e-05],[1.24 1.24 1.24 1.24 1.24 1.24],[1.33 1.37 1.38 1.33 1.32 1.41]
6,0,[2.00772302e-07 7.51180105e-08 2.20599077e-04 5.01212061e-04],[1.37 1.19 1.19 1.19 1.19 1.19],[1.53 1.44 1.43 1.45 1.45 1.28]
6,1,[6.48493673e-07 3.75747719e-04 1.27437949e-09 1.24901710e-04],[1.2  1.33 1.2  1.2  1.2  1.2 ],[1.37 1.65 1.41 1.58 1.26 1.64]
6,2,[1.11701361e-04 2.73741108e-03 4.75321247e-05 2.45485394e-03],[1.12 1.18 1.12 1.12 1.12 1.12],[1.2  1.3  1.2  1.25 1.13 1.26]
6,3,[1.54219522e-07 8.81573929e-07 2.46181347e-05 7.34827034e-07],[1.33 1.28 1.33 1.28 1.33 1.28],[1.52 1.48 1.55 1.45 1.55 1.54]
6,4,[1.78560346e-06 1.13996894e-04 1.71634528e-04 1.00143020e-01],[1.18 1.18 1.   1.18 1.   1.  ],[1.34 1.36 1.33 1.25 1.2  1.18]
6,5,[1.31127267e-05 4.98179165e-03 4.32727258e-06 8.00826029e-03],[1.08 1.25 1.08 1.08 1.08 1.08],[1.25 1.37 1.25 1.3  1.08 1.3 ]
6,6,[7.38454866e-04 1.27169762e-05 6.83009585e-04 8.63720243e-06],[1.17 1.17 1.17 1.17 1.24 1.17],[1.29 1.2  1.31 1.29 1.4  1.39]
6,7,[6.61394545e-03 1.42883005e-01 8.55496539e-07 1.54733533e-04],[1.   1.06 1.06 1.   1.   1.17],[1.06 1.32 1.17 1.32 1.17 1.42]
6,8,[1.50972348e-03 1.49267010e-02 3.68233312e-04 4.76081206e-05],[1.06 1.11 1.11 1.06 1.06 1.14],[1.11 1.18 1.23 1.17 1.23 1.29]
6,9,[3.57102717e-06 1.54519055e-04 9.62994659e-07 3.53192728e-04],[1.2  1.28 1.2  1.2  1.2  1.2 ],[1.34 1.47 1.35 1.41 1.26 1.45]
63,0,[3.61800017e-07 1.15534179e-02 2.92743743e-06 2.24294706e-04],[1.07 1.29 1.18 1.07 1.07 1.18],[1.37 1.46 1.4  1.31 1.18 1.37]
63,1,[4.49112458e-05 8.62230622e-06 9.93933911e-02 6.16544149e-10],[1.23 1.   1.23 1.   1.26 1.  ],[1.3  1.23 1.59 1.28 1.63 1.56]
63,2,[1.73913088e-08 2.12189927e-04 1.56232902e-03 1.59729843e-05],[1.18 1.14 1.24 1.14 1.18 1.14],[1.45 1.45 1.52 1.21 1.33 1.34]
63,3,[6.90785819e-02 4.96209251e-03 7.56899265e-06 1.45804081e-03],[1.   1.   1.   1.07 1.07 1.09],[1.07 1.27 1.11 1.27 1.11 1.28]
63,4,[0.00094931 0.02826583 0.00046148 0.00074971],[1.03 1.12 1.12 1.03 1.03 1.12],[1.13 1.18 1.16 1.15 1.13 1.21]
63,5,[4.76648598e-08 2.49373820e-06 2.08102846e-09 1.47358746e-02],[1.32 1.41 1.06 1.32 1.06 1.06],[1.48 1.74 1.43 1.62 1.32 1.55]
63,6,[2.01054843e-06 9.40658462e-06 4.74000807e-04 3.71006871e-03],[1.25 1.15 1.11 1.15 1.11 1.11],[1.38 1.35 1.34 1.3  1.28 1.19]
63,7,[7.82512234e-04 4.78728166e-07 3.29420850e-07 2.17745503e-02],[1.13 1.13 1.04 1.33 1.04 1.04],[1.34 1.38 1.13 1.49 1.34 1.38]
63,8,[3.15603826e-04 3.15192617e-07 1.82731301e-05 2.61560975e-05],[1.2  1.2  1.2  1.24 1.24 1.24],[1.4  1.3  1.32 1.45 1.47 1.44]
63,9,[3.15060256e-03 6.43666878e-05 4.44835224e-02 6.93173562e-03],[1.07 1.01 1.06 1.01 1.06 1.01],[1.18 1.08 1.08 1.18 1.18 1.06]
7,0,[0.00084488 0.00031008 0.00524581 0.00018458],[1.13 1.1  1.13 1.1  1.15 1.1 ],[1.18 1.15 1.24 1.18 1.24 1.22]
7,1,[2.48088972e-04 1.68395634e-05 3.94179582e-05 1.32166936e-07],[1.21 1.21 1.21 1.23 1.24 1.23],[1.3  1.3  1.46 1.35 1.51 1.58]
7,2,[1.78824187e-05 9.47884307e-03 1.60283899e-04 2.38869642e-05],[1.08 1.19 1.22 1.08 1.08 1.19],[1.26 1.29 1.34 1.19 1.25 1.35]
7,3,[6.60416109e-07 5.23704431e-05 3.14446691e-10 1.07594096e-08],[1.26 1.35 1.35 1.26 1.26 1.44],[1.41 1.72 1.62 1.66 1.52 1.92]
7,4,[4.79832889e-04 2.29784841e-03 1.24814413e-07 1.60956558e-04],[1.13 1.15 1.15 1.13 1.13 1.17],[1.16 1.42 1.22 1.42 1.21 1.5 ]
7,5,[2.67341939e-05 2.23567916e-05 3.31895581e-05 3.49105487e-06],[1.28 1.28 1.28 1.28 1.28 1.28],[1.33 1.36 1.39 1.37 1.42 1.49]
7,6,[9.32286825e-06 3.91055686e-04 8.42153458e-09 4.94338237e-03],[1.16 1.26 1.1  1.16 1.1  1.1 ],[1.28 1.55 1.28 1.51 1.17 1.51]
7,7,[1.59154443e-06 1.37815531e-04 5.71280250e-04 7.42250689e-05],[1.19 1.18 1.19 1.18 1.19 1.18],[1.37 1.36 1.41 1.25 1.3  1.29]
7,8,[1.15830636e-02 1.10179987e-02 3.34656477e-04 1.14708236e-07],[1.05 1.05 1.05 1.05 1.05 1.14],[1.05 1.15 1.38 1.15 1.38 1.46]
7,9,[1.18939851e-03 8.88504371e-03 1.04223398e-02 2.42967380e-06],[1.06 1.06 1.1  1.06 1.06 1.06],[1.1  1.1  1.3  1.06 1.3  1.3 ]
21,0,[0.00230447 0.00413565 0.00031785 0.00686667],[1.09 1.09 1.09 1.09 1.09 1.09],[1.1  1.17 1.1  1.17 1.1  1.17]
21,1,[1.83921724e-06 2.87741376e-02 4.35328177e-06 1.14190596e-02],[1.03 1.28 1.04 1.03 1.03 1.04],[1.3  1.41 1.3  1.29 1.04 1.29]
21,2,[7.68880722e-07 4.84594116e-05 7.82495979e-09 1.18179158e-03],[1.23 1.32 1.16 1.23 1.16 1.16],[1.41 1.63 1.38 1.54 1.29 1.58]
21,3,[0.0005921  0.00255157 0.00363205 0.00033827],[1.11 1.11 1.12 1.11 1.11 1.11],[1.15 1.15 1.19 1.12 1.19 1.19]
21,4,[5.09645124e-05 3.16698858e-05 1.02953444e-04 2.15535081e-05],[1.24 1.24 1.24 1.24 1.24 1.24],[1.31 1.31 1.38 1.35 1.34 1.42]
21,5,[6.16733669e-03 4.45060655e-10 4.00457338e-03 2.17827394e-04],[1.09 1.09 1.09 1.09 1.16 1.09],[1.54 1.09 1.19 1.54 1.55 1.2 ]
21,6,[6.22658550e-05 4.52626773e-04 7.50840420e-04 1.06199511e-06],[1.17 1.17 1.2  1.17 1.17 1.17],[1.26 1.27 1.42 1.21 1.4  1.42]
21,7,[6.29172190e-07 1.78309149e-06 1.64632051e-05 8.84182017e-03],[1.3  1.26 1.08 1.26 1.08 1.08],[1.44 1.45 1.36 1.42 1.33 1.28]
21,8,[2.56484517e-01 9.62547762e-04 1.16001946e-08 4.64199607e-07],[1.   1.   1.   1.13 1.13 1.34],[1.13 1.47 1.36 1.47 1.36 1.72]
21,9,[5.75402398e-04 9.35884429e-06 1.52440068e-04 8.27345808e-07],[1.18 1.18 1.18 1.19 1.26 1.19],[1.3  1.26 1.4  1.33 1.44 1.44]
68,0,[3.00647920e-04 2.36126476e-06 5.69673474e-05 1.08481777e-03],[1.17 1.17 1.16 1.2  1.16 1.16],[1.33 1.31 1.21 1.39 1.33 1.28]
68,1,[3.81017474e-04 2.47849434e-03 1.24118560e-09 2.41345031e-04],[1.13 1.15 1.15 1.13 1.13 1.15],[1.18 1.54 1.23 1.54 1.2  1.6 ]
68,2,[1.39438769e-02 6.01384247e-05 7.28530469e-04 2.61231212e-03],[1.06 1.06 1.06 1.12 1.09 1.09],[1.21 1.14 1.09 1.24 1.21 1.15]
68,3,[5.10202211e-03 2.29370350e-01 1.53970093e-03 1.84209194e-06],[1.   1.07 1.07 1.   1.   1.09],[1.07 1.1  1.3  1.1  1.3  1.33]
68,4,[6.34543615e-08 7.93691630e-08 2.92065155e-05 4.31881047e-06],[1.38 1.28 1.29 1.28 1.29 1.28],[1.57 1.5  1.55 1.5  1.53 1.47]
68,5,[5.37517463e-01 3.60271759e-03 1.60215976e-05 7.78502655e-06],[1.   1.   1.   1.08 1.08 1.24],[1.08 1.25 1.27 1.25 1.27 1.41]
68,6,[3.00755095e-03 3.98377353e-08 1.09538904e-04 2.69955814e-05],[1.12 1.12 1.12 1.2  1.22 1.2 ],[1.44 1.21 1.26 1.49 1.48 1.35]
68,7,[1.24698167e-02 7.50565649e-05 6.13385065e-08 5.54802474e-02],[1.03 1.03 1.   1.19 1.   1.  ],[1.19 1.4  1.03 1.46 1.19 1.4 ]
68,8,[3.07225066e-04 7.10126923e-07 2.28274352e-06 5.64821352e-03],[1.17 1.17 1.1  1.3  1.1  1.1 ],[1.36 1.36 1.18 1.48 1.36 1.36]
68,9,[3.04855220e-02 1.27562600e-08 4.32981811e-06 1.32667395e-03],[1.03 1.03 1.03 1.28 1.11 1.11],[1.46 1.3  1.11 1.55 1.46 1.33]
78,0,[9.81491479e-05 1.63898422e-05 9.97869476e-05 6.44057832e-03],[1.18 1.18 1.09 1.18 1.09 1.09],[1.3  1.29 1.21 1.33 1.27 1.24]
78,1,[0.00878578 0.0040721  0.00071657 0.00025196],[1.08 1.08 1.08 1.08 1.08 1.12],[1.08 1.14 1.17 1.14 1.17 1.2 ]
78,2,[3.88987681e-05 5.81589665e-08 1.75254509e-05 2.17845629e-04],[1.23 1.23 1.21 1.24 1.21 1.21],[1.46 1.39 1.31 1.52 1.49 1.38]
78,3,[3.33647703e-02 3.59486724e-04 2.38150120e-06 6.68983576e-03],[1.02 1.02 1.02 1.14 1.06 1.06],[1.15 1.31 1.06 1.34 1.15 1.32]
78,4,[2.27497140e-03 1.67944597e-06 5.76675969e-04 7.92545358e-06],[1.13 1.13 1.13 1.15 1.26 1.15],[1.34 1.17 1.31 1.34 1.41 1.35]
78,5,[2.84902546e-07 1.24421737e-02 2.96381968e-03 4.49498856e-02],[1.03 1.07 1.01 1.03 1.01 1.01],[1.35 1.35 1.35 1.07 1.03 1.07]
78,6,[4.21333847e-04 5.30268724e-05 9.61593992e-05 1.34079348e-02],[1.15 1.15 1.06 1.18 1.06 1.06],[1.23 1.24 1.16 1.29 1.22 1.22]
78,7,[6.82134780e-05 1.01246806e-04 7.12222653e-06 1.31329140e-03],[1.2  1.2  1.15 1.2  1.15 1.15],[1.27 1.37 1.26 1.36 1.24 1.34]
78,8,[4.29705383e-06 3.29747975e-04 5.06363934e-03 1.68066914e-05],[1.16 1.1  1.24 1.1  1.16 1.1 ],[1.3  1.3  1.4  1.18 1.32 1.3 ]
78,9,[9.57257201e-02 3.13982493e-04 5.57265663e-02 8.51782348e-07],[1.   1.   1.   1.   1.15 1.  ],[1.15 1.   1.32 1.15 1.35 1.32]
40,0,[6.41584039e-05 1.43511743e-03 1.97316683e-07 1.49458211e-05],[1.15 1.22 1.22 1.15 1.15 1.24],[1.23 1.44 1.34 1.42 1.29 1.57]
40,1,[0.04736579 0.00014254 0.00075714 0.00013421],[1.01 1.01 1.01 1.13 1.16 1.13],[1.19 1.13 1.19 1.2  1.26 1.25]
40,2,[1.22603632e-03 1.93666104e-03 8.92660655e-03 5.81865286e-07],[1.1  1.08 1.1  1.08 1.1  1.08],[1.12 1.12 1.36 1.1  1.36 1.36]
40,3,[8.09742299e-03 1.64500045e-02 1.91303400e-01 4.18182939e-06],[1.02 1.   1.03 1.   1.02 1.  ],[1.03 1.03 1.27 1.02 1.27 1.27]
40,4,[1.20235657e-05 1.11591449e-04 3.99645818e-04 5.60455294e-04],[1.18 1.18 1.18 1.18 1.18 1.18],[1.31 1.31 1.32 1.25 1.26 1.25]
40,5,[1.73898408e-03 3.36605909e-05 3.98847697e-08 2.17790415e-05],[1.14 1.14 1.14 1.23 1.23 1.23],[1.25 1.46 1.28 1.49 1.34 1.56]
40,6,[8.72639166e-04 1.24887634e-07 4.41145228e-06 1.13662036e-02],[1.13 1.13 1.07 1.28 1.07 1.07],[1.38 1.31 1.13 1.48 1.38 1.31]
40,7,[4.98626298e-02 8.16890633e-04 3.73705897e-03 7.86956217e-06],[1.01 1.01 1.01 1.08 1.11 1.08],[1.13 1.08 1.28 1.13 1.28 1.28]
40,8,[4.36780540e-06 2.20492290e-06 4.17369294e-04 4.77395780e-05],[1.28 1.19 1.22 1.19 1.22 1.19],[1.41 1.34 1.38 1.36 1.41 1.33]
40,9,[3.57321960e-07 2.72494901e-05 6.94607825e-05 3.27666062e-05],[1.25 1.25 1.25 1.25 1.25 1.25],[1.42 1.44 1.46 1.33 1.38 1.39]
55,0,[6.45284904e-06 1.49394237e-08 8.62485025e-05 1.24180229e-05],[1.27 1.25 1.27 1.25 1.27 1.25],[1.53 1.37 1.43 1.53 1.6  1.4 ]
55,1,[1.79010274e-05 8.32040658e-05 2.99777853e-07 3.45742673e-03],[1.21 1.24 1.12 1.21 1.12 1.12],[1.29 1.45 1.27 1.46 1.23 1.42]
55,2,[8.26983709e-04 5.84307482e-04 7.04359680e-06 1.35919855e-02],[1.13 1.13 1.06 1.13 1.06 1.06],[1.16 1.29 1.14 1.29 1.15 1.29]
55,3,[2.07961772e-01 2.84392910e-02 1.65303908e-06 2.31172139e-05],[1.   1.   1.   1.   1.   1.23],[1.   1.31 1.23 1.31 1.23 1.44]
55,4,[3.56060274e-04 1.80778262e-03 7.51269249e-05 7.77262856e-03],[1.11 1.14 1.08 1.11 1.08 1.08],[1.16 1.24 1.16 1.24 1.12 1.24]
55,5,[4.36582002e-05 8.48697686e-05 1.22859404e-05 1.39981012e-04],[1.23 1.23 1.23 1.23 1.23 1.23],[1.28 1.37 1.31 1.36 1.29 1.4 ]
55,6,[0.00058723 0.00022898 0.00113059 0.00012074],[1.16 1.16 1.16 1.16 1.16 1.16],[1.21 1.19 1.24 1.21 1.25 1.26]
55,7,[1.59343535e-05 1.83604285e-04 8.05798081e-07 9.88093388e-04],[1.18 1.24 1.16 1.18 1.16 1.16],[1.3  1.44 1.31 1.41 1.23 1.43]
55,8,[1.82750257e-02 6.15334581e-07 2.13401650e-05 5.30114151e-03],[1.05 1.05 1.05 1.23 1.07 1.07],[1.34 1.25 1.07 1.42 1.34 1.25]
55,9,[3.07079954e-03 5.76369589e-06 1.17318753e-04 3.81844784e-02],[1.09 1.09 1.02 1.18 1.02 1.02],[1.27 1.19 1.09 1.32 1.27 1.19]
72,0,[3.44854612e-07 9.25126526e-07 8.96629093e-03 4.28097350e-04],[1.33 1.08 1.16 1.08 1.16 1.08],[1.48 1.38 1.4  1.36 1.37 1.18]
72,1,[5.23710293e-04 1.13927325e-05 5.58830882e-06 2.77191364e-03],[1.15 1.15 1.12 1.25 1.12 1.12],[1.27 1.35 1.18 1.39 1.27 1.34]
72,2,[6.99754881e-05 5.95516148e-03 1.29986290e-02 8.85716087e-04],[1.06 1.06 1.11 1.06 1.06 1.06],[1.19 1.19 1.21 1.07 1.12 1.12]
72,3,[2.35324490e-02 1.19777402e-02 3.24355564e-03 1.29571827e-07],[1.04 1.04 1.04 1.04 1.04 1.07],[1.04 1.07 1.38 1.07 1.38 1.39]
72,4,[8.81771172e-08 2.15106286e-06 1.75929379e-05 1.29924589e-05],[1.3  1.29 1.29 1.29 1.29 1.29],[1.51 1.5  1.53 1.43 1.44 1.46]
72,5,[5.75037463e-04 3.00265374e-02 3.69145530e-06 1.08140387e-04],[1.03 1.14 1.14 1.03 1.03 1.18],[1.14 1.31 1.23 1.3  1.2  1.39]
72,6,[5.11235838e-03 6.28912621e-05 3.75801740e-07 1.98675766e-03],[1.1 1.1 1.1 1.2 1.1 1.1],[1.22 1.38 1.12 1.41 1.22 1.41]
72,7,[2.02195187e-06 2.01090944e-07 9.32964791e-03 1.29858414e-03],[1.3  1.08 1.12 1.08 1.12 1.08],[1.43 1.32 1.32 1.37 1.37 1.14]
72,8,[3.10367370e-04 3.10296175e-06 5.60220712e-03 1.30203066e-04],[1.17 1.1  1.17 1.1  1.18 1.1 ],[1.31 1.18 1.26 1.31 1.35 1.23]
72,9,[3.94324964e-03 6.87239683e-05 5.97332910e-08 2.81011465e-04],[1.11 1.11 1.11 1.19 1.17 1.17],[1.22 1.43 1.19 1.48 1.24 1.51]
16,0,[2.95266156e-08 1.26832573e-08 7.24486692e-06 1.09862011e-05],[1.42 1.31 1.31 1.31 1.31 1.31],[1.64 1.57 1.55 1.57 1.56 1.48]
16,1,[0.00285727 0.00093267 0.00079782 0.00252529],[1.12 1.12 1.12 1.12 1.12 1.12],[1.14 1.16 1.13 1.17 1.15 1.17]
16,2,[4.71565377e-03 2.25135332e-04 2.44023094e-04 7.31300211e-06],[1.1  1.1  1.1  1.16 1.16 1.16],[1.19 1.19 1.29 1.23 1.32 1.36]
16,3,[2.89498522e-06 2.51653938e-03 1.26149171e-03 1.12730852e-03],[1.13 1.13 1.13 1.13 1.13 1.13],[1.31 1.32 1.32 1.16 1.16 1.18]
16,4,[2.51632045e-04 8.66111433e-07 1.24054930e-05 9.75411857e-04],[1.17 1.17 1.16 1.25 1.16 1.16],[1.36 1.33 1.22 1.43 1.36 1.33]
16,5,[1.50004064e-05 5.46917035e-05 7.41523628e-02 3.29420767e-07],[1.22 1.   1.24 1.   1.22 1.  ],[1.29 1.26 1.45 1.22 1.41 1.37]
16,6,[0.00070069 0.0054751  0.00061815 0.00056298],[1.1  1.11 1.11 1.1  1.1  1.11],[1.14 1.18 1.18 1.15 1.16 1.23]
16,7,[2.31944145e-02 4.54126022e-06 7.76174587e-04 1.16301956e-07],[1.04 1.04 1.04 1.13 1.28 1.13],[1.3  1.14 1.41 1.31 1.5  1.44]
16,8,[3.59651637e-07 1.09272033e-06 3.00866303e-04 6.06156936e-02],[1.32 1.17 1.   1.17 1.   1.  ],[1.46 1.4  1.37 1.37 1.34 1.17]
16,9,[2.27593417e-04 1.45855515e-06 1.08482758e-04 3.48748632e-05],[1.21 1.21 1.21 1.21 1.21 1.21],[1.35 1.27 1.3  1.38 1.41 1.35]
25,0,[7.33655520e-05 1.30614652e-09 5.49590846e-02 1.41359122e-08],[1.21 1.   1.21 1.   1.44 1.  ],[1.52 1.21 1.5  1.52 1.72 1.46]
25,1,[7.82142087e-04 8.66248363e-05 2.75480574e-05 4.16970446e-03],[1.13 1.13 1.11 1.19 1.11 1.11],[1.21 1.28 1.15 1.3  1.21 1.28]
25,2,[1.55981958e-03 3.42102365e-05 3.52556411e-04 4.13766922e-03],[1.11 1.11 1.11 1.14 1.11 1.11],[1.23 1.21 1.13 1.27 1.23 1.21]
25,3,[1.04284426e-03 8.90514152e-04 1.01851092e-06 6.08597215e-04],[1.16 1.16 1.16 1.16 1.16 1.16],[1.17 1.36 1.2  1.36 1.2  1.41]
25,4,[4.55435041e-03 2.68627590e-04 5.54677204e-05 2.73005804e-04],[1.1  1.1  1.1  1.15 1.15 1.15],[1.17 1.22 1.19 1.27 1.22 1.31]
25,5,[0.00620381 0.0007911  0.00022963 0.0011127 ],[1.09 1.09 1.09 1.12 1.12 1.12],[1.14 1.19 1.14 1.19 1.16 1.23]
25,6,[8.50251203e-06 4.55060794e-06 7.00310420e-06 3.67772318e-03],[1.26 1.26 1.11 1.26 1.11 1.11],[1.35 1.42 1.29 1.43 1.31 1.34]
25,7,[6.66289282e-05 6.73810528e-03 4.22188655e-03 9.81434934e-05],[1.09 1.09 1.18 1.09 1.09 1.09],[1.21 1.21 1.28 1.09 1.21 1.22]
25,8,[2.00335216e-05 1.19168639e-05 3.94214290e-04 8.06957625e-06],[1.24 1.19 1.24 1.19 1.24 1.19],[1.36 1.31 1.39 1.34 1.39 1.37]
25,9,[2.78069289e-04 2.13980471e-07 4.37864747e-05 8.17076587e-06],[1.2  1.2  1.2  1.23 1.26 1.23],[1.41 1.3  1.34 1.45 1.48 1.45]
66,0,[0.00024836 0.00093473 0.00419094 0.00868778],[1.11 1.08 1.08 1.08 1.08 1.08],[1.17 1.17 1.17 1.13 1.13 1.1 ]
66,1,[0.00059584 0.03508308 0.00027247 0.00999734],[1.02 1.13 1.04 1.02 1.02 1.04],[1.13 1.18 1.13 1.16 1.04 1.16]
66,2,[7.47105091e-06 7.27151741e-03 1.24770623e-08 5.88336913e-05],[1.09 1.26 1.22 1.09 1.09 1.22],[1.28 1.56 1.35 1.47 1.22 1.6 ]
66,3,[4.70977828e-02 6.18287582e-04 1.18596860e-02 1.01503413e-05],[1.01 1.01 1.01 1.03 1.12 1.03],[1.12 1.03 1.26 1.12 1.27 1.26]
66,4,[1.15892824e-03 6.02984666e-07 2.22492584e-06 2.85354231e-03],[1.12 1.12 1.12 1.3  1.12 1.12],[1.35 1.35 1.15 1.48 1.35 1.36]
66,5,[4.69892505e-05 1.98779534e-05 2.70869037e-05 9.06776405e-05],[1.24 1.24 1.24 1.24 1.24 1.24],[1.32 1.34 1.32 1.36 1.32 1.4 ]
66,6,[3.29398624e-02 2.97822966e-04 1.40604898e-07 1.41121534e-06],[1.02 1.02 1.02 1.17 1.17 1.31],[1.17 1.4  1.33 1.42 1.36 1.65]
66,7,[1.01795269e-05 6.16030823e-05 7.09844785e-04 1.98386863e-04],[1.2  1.17 1.18 1.17 1.18 1.17],[1.34 1.32 1.35 1.26 1.29 1.26]
66,8,[9.47840009e-07 7.89823988e-03 2.82683014e-07 6.48704812e-05],[1.08 1.32 1.21 1.08 1.08 1.21],[1.34 1.51 1.4  1.39 1.22 1.51]
66,9,[1.13473229e-04 1.28522479e-08 8.53489482e-03 1.22648585e-05],[1.2  1.08 1.2  1.08 1.24 1.08],[1.46 1.21 1.36 1.46 1.54 1.29]
74,0,[1.65898294e-03 1.03949029e-08 6.96131197e-06 1.94775557e-03],[1.14 1.14 1.14 1.27 1.14 1.14],[1.46 1.31 1.15 1.56 1.46 1.32]
74,1,[4.82587083e-03 1.28838316e-04 1.67881338e-05 4.79546481e-04],[1.1  1.1  1.1  1.17 1.15 1.15],[1.2  1.27 1.17 1.31 1.21 1.32]
74,2,[8.17533974e-05 9.22085282e-04 1.17163643e-03 2.21397964e-04],[1.15 1.15 1.16 1.15 1.15 1.15],[1.22 1.22 1.28 1.17 1.23 1.26]
74,3,[2.82198124e-01 1.47525809e-02 1.13194968e-06 3.91880195e-05],[1.   1.   1.   1.03 1.03 1.21],[1.03 1.31 1.21 1.31 1.21 1.46]
74,4,[8.49479488e-06 4.04664592e-04 3.47853492e-03 9.30345780e-05],[1.16 1.11 1.18 1.11 1.16 1.11],[1.28 1.28 1.32 1.18 1.27 1.25]
74,5,[4.97089916e-05 5.44711839e-04 1.14159370e-02 1.32701394e-08],[1.15 1.07 1.2  1.07 1.15 1.07],[1.23 1.22 1.51 1.15 1.5  1.49]
74,6,[0.00314332 0.00010234 0.01842505 0.0016716 ],[1.09 1.05 1.09 1.05 1.09 1.05],[1.19 1.09 1.11 1.19 1.19 1.11]
74,7,[2.25806918e-02 3.25071135e-06 5.85397588e-04 7.21569247e-08],[1.04 1.04 1.04 1.14 1.29 1.14],[1.31 1.14 1.42 1.33 1.53 1.47]
74,8,[2.98932040e-06 1.98106607e-03 7.29311272e-03 7.35531329e-08],[1.1  1.09 1.29 1.09 1.1  1.09],[1.29 1.29 1.53 1.12 1.43 1.43]
74,9,[2.01617780e-04 5.23271315e-09 4.64384676e-06 1.39720056e-03],[1.18 1.18 1.15 1.28 1.15 1.15],[1.49 1.35 1.22 1.58 1.49 1.36]
4,0,[1.48874111e-06 8.07795920e-04 1.54466760e-04 1.48894116e-05],[1.17 1.19 1.24 1.17 1.17 1.19],[1.35 1.38 1.45 1.25 1.29 1.39]
4,1,[5.10680387e-12 3.23391671e-07 4.07614006e-04 3.35571579e-06],[1.36 1.19 1.31 1.19 1.31 1.19],[1.78 1.74 1.78 1.41 1.53 1.41]
4,2,[6.12787088e-09 1.49700374e-03 2.63936296e-05 1.72759769e-03],[1.14 1.22 1.14 1.14 1.14 1.14],[1.48 1.52 1.48 1.28 1.17 1.3 ]
4,3,[2.85433953e-04 4.69140172e-06 5.75456413e-05 9.16812453e-06],[1.2  1.2  1.2  1.22 1.25 1.22],[1.33 1.3  1.34 1.38 1.42 1.44]
4,4,[1.06771441e-02 2.65677961e-04 2.87635562e-06 1.49762885e-04],[1.07 1.07 1.07 1.17 1.17 1.17],[1.17 1.32 1.19 1.35 1.23 1.4 ]
4,5,[6.25709436e-06 4.51133538e-02 2.29942105e-05 2.16618301e-04],[1.01 1.23 1.18 1.01 1.01 1.18],[1.29 1.37 1.32 1.25 1.18 1.35]
4,6,[5.18349657e-05 2.01044477e-06 7.08051463e-04 1.02469142e-04],[1.2  1.17 1.2  1.17 1.2  1.17],[1.39 1.28 1.32 1.36 1.41 1.3 ]
4,7,[8.68123253e-03 2.20082630e-04 1.48744401e-06 5.97774173e-06],[1.08 1.08 1.08 1.18 1.18 1.27],[1.18 1.33 1.3  1.36 1.33 1.49]
4,8,[0.00054691 0.00018418 0.00011706 0.00425357],[1.15 1.15 1.11 1.16 1.11 1.11],[1.2  1.26 1.17 1.26 1.2  1.24]
4,9,[3.14323065e-05 2.79781655e-05 9.94248480e-04 1.50711787e-03],[1.21 1.15 1.15 1.15 1.15 1.15],[1.3  1.28 1.26 1.28 1.28 1.2 ]
70,0,[2.19942045e-03 2.69521025e-01 3.03282242e-03 1.65666679e-07],[1.   1.08 1.08 1.   1.   1.08],[1.1  1.11 1.38 1.09 1.38 1.4 ]
70,1,[2.61821396e-05 3.72545355e-02 3.36473822e-04 1.07116320e-03],[1.02 1.14 1.12 1.02 1.02 1.12],[1.24 1.27 1.24 1.16 1.12 1.2 ]
70,2,[6.27050111e-06 5.09848895e-04 3.78693438e-04 1.22856229e-05],[1.18 1.18 1.24 1.18 1.18 1.18],[1.31 1.32 1.38 1.23 1.31 1.36]
70,3,[2.65026783e-06 2.89375961e-06 2.91417146e-03 7.65092416e-05],[1.28 1.12 1.21 1.12 1.21 1.12],[1.41 1.33 1.39 1.33 1.4  1.26]
70,4,[1.16048447e-07 3.00880267e-05 8.34461894e-04 2.18702552e-06],[1.24 1.17 1.3  1.17 1.24 1.17],[1.45 1.44 1.55 1.28 1.43 1.4 ]
70,5,[4.91771497e-05 1.63278884e-06 3.71098100e-04 5.26878233e-06],[1.22 1.2  1.22 1.2  1.27 1.2 ],[1.36 1.3  1.39 1.38 1.46 1.4 ]
70,6,[7.10518827e-02 2.63373185e-02 4.58613732e-05 3.63500919e-05],[1.  1.  1.  1.  1.  1.2],[1.   1.21 1.21 1.21 1.21 1.33]
70,7,[4.53277841e-04 3.93384445e-08 1.09226297e-03 1.35031678e-01],[1.13 1.12 1.   1.12 1.   1.  ],[1.41 1.18 1.15 1.41 1.41 1.12]
70,8,[1.87646057e-04 7.91088044e-04 5.43588456e-08 3.66608305e-03],[1.13 1.16 1.11 1.13 1.11 1.11],[1.2  1.44 1.2  1.44 1.16 1.45]
70,9,[7.66139137e-03 1.78411641e-03 1.34261147e-04 8.09720522e-08],[1.08 1.08 1.08 1.11 1.11 1.17],[1.11 1.19 1.4  1.19 1.4  1.49]
75,0,[1.23204070e-02 8.72528090e-07 3.48625876e-06 5.96465779e-05],[1.07 1.07 1.07 1.28 1.22 1.22],[1.34 1.31 1.22 1.45 1.39 1.42]
75,1,[2.59467597e-04 6.50057401e-05 7.07714627e-05 6.04052923e-05],[1.21 1.21 1.21 1.21 1.21 1.21],[1.27 1.28 1.29 1.31 1.32 1.38]
75,2,[6.02190295e-08 1.22990390e-06 1.87048987e-03 1.42890603e-02],[1.32 1.1  1.06 1.1  1.06 1.06],[1.5  1.41 1.41 1.33 1.33 1.12]
75,3,[1.31613694e-03 1.62051891e-06 5.07928725e-04 3.59837489e-06],[1.15 1.15 1.15 1.15 1.28 1.15],[1.33 1.19 1.33 1.34 1.45 1.39]
75,4,[7.79923505e-04 2.14140842e-02 3.13239252e-06 8.50957955e-04],[1.04 1.11 1.11 1.04 1.04 1.11],[1.13 1.31 1.17 1.31 1.13 1.35]
75,5,[1.92678174e-04 5.11482091e-06 8.39564459e-04 3.03788114e-05],[1.18 1.17 1.18 1.17 1.22 1.17],[1.31 1.22 1.31 1.31 1.38 1.32]
75,6,[2.93136423e-01 1.93203955e-05 3.60313492e-05 5.96077401e-08],[1.   1.   1.   1.23 1.23 1.23],[1.25 1.24 1.42 1.34 1.49 1.56]
75,7,[1.64965820e-04 8.54679931e-04 9.83804972e-04 5.28764575e-05],[1.16 1.16 1.16 1.16 1.16 1.16],[1.22 1.23 1.31 1.19 1.26 1.29]
75,8,[3.83131530e-03 1.34009260e-02 4.22965988e-06 2.98334023e-05],[1.06 1.08 1.08 1.06 1.06 1.22],[1.08 1.29 1.22 1.29 1.22 1.41]
75,9,[1.56405411e-08 2.53049097e-06 5.50954994e-02 1.94871937e-07],[1.31 1.   1.37 1.   1.31 1.  ],[1.5  1.47 1.61 1.31 1.51 1.39]
23,0,[2.03169361e-04 2.36857244e-06 1.09672570e-03 3.38629286e-05],[1.18 1.16 1.18 1.16 1.22 1.16],[1.34 1.22 1.29 1.34 1.39 1.31]
23,1,[2.51070612e-04 2.03466371e-03 3.45524521e-04 3.83035247e-05],[1.13 1.15 1.15 1.13 1.13 1.15],[1.19 1.21 1.29 1.19 1.26 1.31]
23,2,[2.42298025e-03 9.33263387e-06 8.17238761e-05 4.93457109e-04],[1.13 1.13 1.13 1.19 1.15 1.15],[1.28 1.23 1.17 1.33 1.3  1.29]
23,3,[3.86755000e-04 1.52072275e-03 7.62077035e-04 3.53760888e-05],[1.15 1.15 1.15 1.15 1.15 1.15],[1.18 1.21 1.28 1.18 1.27 1.31]
23,4,[1.80981907e-03 7.94967132e-03 1.27032324e-06 5.99881249e-04],[1.08 1.1  1.1  1.08 1.08 1.12],[1.11 1.32 1.15 1.32 1.15 1.35]
23,5,[2.25426157e-03 1.77591846e-03 3.39333420e-03 3.25639185e-05],[1.11 1.11 1.11 1.11 1.11 1.11],[1.13 1.13 1.25 1.13 1.25 1.25]
23,6,[2.28747475e-04 7.90056043e-08 6.50405567e-04 5.47214142e-05],[1.18 1.18 1.18 1.18 1.2  1.18],[1.42 1.22 1.28 1.42 1.47 1.31]
23,7,[4.73936873e-04 4.19699100e-05 2.44518028e-04 1.87948518e-02],[1.15 1.15 1.05 1.15 1.05 1.05],[1.24 1.22 1.15 1.27 1.23 1.19]
23,8,[2.93354575e-05 6.14069663e-06 4.62776189e-05 1.28510972e-03],[1.22 1.22 1.15 1.22 1.15 1.15],[1.36 1.35 1.27 1.38 1.33 1.3 ]
23,9,[7.19816933e-06 4.12793056e-03 4.84055620e-08 2.43544449e-06],[1.11 1.28 1.28 1.11 1.11 1.29],[1.28 1.53 1.43 1.45 1.33 1.66]
38,0,[2.48593526e-07 3.93443814e-04 4.69578831e-07 2.59086731e-02],[1.16 1.34 1.03 1.16 1.03 1.03],[1.38 1.51 1.38 1.39 1.16 1.37]
38,1,[5.86755545e-04 5.00513479e-05 5.19434606e-06 3.26967048e-04],[1.18 1.18 1.18 1.2  1.18 1.18],[1.25 1.32 1.23 1.37 1.29 1.37]
38,2,[1.86162635e-04 4.46693886e-05 7.77697690e-03 6.10095476e-07],[1.18 1.08 1.18 1.08 1.2  1.08],[1.24 1.19 1.41 1.23 1.43 1.39]
38,3,[2.82360016e-03 7.98056649e-04 1.07231648e-02 6.58513340e-05],[1.09 1.07 1.09 1.07 1.11 1.07],[1.13 1.1  1.22 1.13 1.23 1.22]
38,4,[1.84446362e-03 1.63063137e-05 9.88391373e-04 3.65510902e-04],[1.14 1.14 1.14 1.14 1.14 1.14],[1.27 1.17 1.19 1.27 1.28 1.22]
38,5,[7.50515722e-06 8.00768376e-07 4.21276140e-05 3.31224671e-04],[1.26 1.23 1.2  1.23 1.2  1.2 ],[1.42 1.38 1.34 1.45 1.38 1.34]
38,6,[1.42957259e-03 1.07948121e-05 1.49974916e-03 2.04109645e-03],[1.14 1.14 1.14 1.14 1.14 1.14],[1.28 1.16 1.15 1.28 1.28 1.17]
38,7,[1.02086942e-04 9.68265905e-07 4.78565311e-03 1.62534654e-06],[1.2 1.1 1.2 1.1 1.3 1.1],[1.36 1.21 1.41 1.35 1.49 1.38]
38,8,[5.00035536e-03 1.07081494e-03 3.38930866e-08 1.38711842e-02],[1.07 1.07 1.06 1.1  1.06 1.06],[1.11 1.43 1.07 1.43 1.11 1.43]
38,9,[7.25300128e-07 4.32264471e-03 8.04844685e-05 3.15450533e-04],[1.11 1.19 1.16 1.11 1.11 1.16],[1.36 1.4  1.37 1.22 1.19 1.3 ]
3,0,[5.06735925e-05 3.86597755e-05 6.65087398e-07 3.11206423e-06],[1.26 1.26 1.26 1.26 1.26 1.29],[1.31 1.43 1.42 1.45 1.42 1.6 ]
3,1,[6.41125330e-04 2.12254481e-03 5.91322874e-06 3.79632989e-03],[1.11 1.12 1.11 1.11 1.11 1.11],[1.15 1.3  1.15 1.3  1.13 1.3 ]
3,2,[7.05129133e-09 9.29329797e-05 1.04113996e-04 9.39445070e-05],[1.24 1.24 1.24 1.24 1.24 1.24],[1.49 1.52 1.5  1.29 1.31 1.34]
3,3,[9.67160703e-04 2.97662206e-05 1.08168816e-04 9.99336583e-05],[1.16 1.16 1.16 1.18 1.18 1.18],[1.26 1.24 1.24 1.3  1.31 1.32]
3,4,[6.83874811e-02 7.85327854e-03 2.10733762e-08 2.33542285e-02],[1.   1.   1.   1.03 1.01 1.01],[1.03 1.42 1.01 1.42 1.03 1.42]
3,5,[7.01274450e-04 8.23620814e-07 9.28110844e-04 1.01360546e-03],[1.16 1.16 1.16 1.16 1.16 1.16],[1.35 1.2  1.19 1.36 1.35 1.21]
3,6,[2.52656878e-05 2.04425974e-04 6.04681021e-05 8.98049111e-05],[1.21 1.21 1.21 1.21 1.21 1.21],[1.3  1.34 1.33 1.29 1.29 1.38]
3,7,[2.64146245e-04 1.69237732e-02 7.15245091e-07 1.65771135e-03],[1.05 1.15 1.11 1.05 1.05 1.11],[1.17 1.37 1.18 1.36 1.11 1.38]
3,8,[2.88503314e-07 3.83728187e-07 6.45246515e-05 1.36988682e-04],[1.34 1.23 1.23 1.23 1.23 1.23],[1.51 1.47 1.43 1.44 1.44 1.36]
3,9,[0.00029423 0.00551887 0.00104814 0.00785857],[1.08 1.11 1.08 1.08 1.08 1.08],[1.15 1.17 1.15 1.13 1.08 1.13]
77,0,[2.42790022e-01 4.82212039e-03 2.26254937e-05 1.77922177e-04],[1.   1.   1.   1.07 1.07 1.17],[1.07 1.23 1.17 1.23 1.17 1.3 ]
77,1,[2.83957269e-04 3.12942349e-02 5.42506747e-03 5.58483366e-05],[1.03 1.07 1.15 1.03 1.03 1.07],[1.15 1.15 1.26 1.07 1.22 1.23]
77,2,[4.13455692e-03 8.74267793e-04 1.95170636e-05 1.81941255e-02],[1.08 1.08 1.05 1.11 1.05 1.05],[1.12 1.24 1.08 1.24 1.12 1.24]
77,3,[5.28875917e-04 6.44006627e-07 6.26543634e-05 5.51077545e-03],[1.15 1.15 1.1  1.2  1.1  1.1 ],[1.34 1.26 1.15 1.4  1.34 1.24]
77,4,[0.00126818 0.00106519 0.00011126 0.00194108],[1.14 1.14 1.14 1.14 1.14 1.14],[1.16 1.23 1.16 1.23 1.16 1.24]
77,5,[3.98347866e-09 1.33367821e-04 1.31699698e-03 5.79790012e-04],[1.17 1.15 1.15 1.15 1.15 1.15],[1.51 1.51 1.51 1.24 1.24 1.22]
77,6,[9.27677509e-04 2.23285457e-04 1.17484494e-04 2.22694461e-05],[1.16 1.16 1.16 1.17 1.17 1.17],[1.2  1.25 1.28 1.27 1.29 1.38]
77,7,[1.07577344e-05 1.07688817e-03 3.89491857e-06 3.57234261e-06],[1.16 1.27 1.27 1.16 1.16 1.27],[1.29 1.41 1.39 1.33 1.34 1.49]
77,8,[4.94552603e-04 1.06291649e-02 5.13115771e-07 5.79675843e-05],[1.07 1.15 1.15 1.07 1.07 1.2 ],[1.15 1.37 1.25 1.36 1.22 1.48]
77,9,[4.70789403e-05 1.01513894e-02 3.38214062e-05 2.10801010e-05],[1.07 1.22 1.22 1.07 1.07 1.22],[1.23 1.33 1.31 1.24 1.25 1.41]
32,0,[2.70260089e-04 3.82787293e-06 6.99152386e-07 1.09582846e-03],[1.17 1.17 1.16 1.28 1.16 1.16],[1.32 1.4  1.21 1.46 1.32 1.43]
32,1,[2.80604337e-04 9.24933736e-06 4.26371407e-02 4.20710442e-05],[1.17 1.01 1.17 1.01 1.21 1.01],[1.28 1.17 1.26 1.28 1.34 1.23]
32,2,[1.45562279e-04 3.25281473e-04 3.03646201e-06 2.66230230e-05],[1.2  1.2  1.2  1.2  1.2  1.22],[1.23 1.37 1.3  1.35 1.3  1.43]
32,3,[2.58392994e-06 1.45958885e-06 2.01837402e-06 6.83824451e-01],[1.3 1.3 1.  1.3 1.  1. ],[1.4  1.44 1.31 1.45 1.33 1.32]
32,4,[3.85990549e-03 1.49865780e-01 7.64696930e-06 1.26902159e-02],[1.   1.06 1.03 1.   1.   1.03],[1.06 1.26 1.06 1.26 1.03 1.26]
32,5,[2.73095426e-08 1.20728930e-05 2.24865307e-03 3.96281610e-05],[1.25 1.13 1.23 1.13 1.23 1.13],[1.47 1.46 1.5  1.29 1.37 1.29]
32,6,[3.56954903e-06 7.02392086e-05 5.91068216e-06 1.83234669e-04],[1.22 1.27 1.22 1.22 1.22 1.22],[1.35 1.45 1.37 1.38 1.28 1.42]
32,7,[2.92219420e-04 3.18229569e-04 4.33084287e-06 3.30752679e-08],[1.2  1.2  1.2  1.2  1.2  1.28],[1.21 1.34 1.47 1.34 1.47 1.64]
32,8,[1.28846004e-04 8.46374664e-05 9.61187116e-05 4.54133335e-02],[1.17 1.17 1.01 1.17 1.01 1.01],[1.24 1.27 1.19 1.28 1.21 1.2 ]
32,9,[2.15738281e-04 9.43485701e-04 1.58578750e-02 5.92630845e-07],[1.13 1.06 1.16 1.06 1.13 1.06],[1.18 1.18 1.38 1.13 1.38 1.38]
24,0,[3.26059438e-07 1.24163455e-01 4.89959441e-03 1.23426564e-05],[1.   1.07 1.24 1.   1.   1.07],[1.36 1.36 1.45 1.07 1.27 1.27]
24,1,[1.03837440e-04 4.00306022e-05 1.16609974e-05 2.67969665e-04],[1.21 1.21 1.21 1.21 1.21 1.21],[1.3  1.34 1.27 1.38 1.29 1.37]
24,2,[1.66852782e-03 8.50828720e-06 4.02479614e-04 3.83524044e-05],[1.14 1.14 1.14 1.16 1.21 1.16],[1.29 1.2  1.26 1.32 1.33 1.32]
24,3,[7.23864602e-07 7.04395680e-06 1.43489061e-03 8.77432542e-08],[1.28 1.15 1.33 1.15 1.28 1.15],[1.44 1.39 1.59 1.32 1.51 1.48]
24,4,[3.25183463e-06 8.67348975e-05 1.00216289e-05 2.11126116e-04],[1.22 1.25 1.22 1.22 1.22 1.22],[1.37 1.47 1.37 1.36 1.28 1.4 ]
24,5,[1.76146246e-03 7.27140707e-06 2.65189037e-03 1.18305119e-05],[1.12 1.12 1.12 1.12 1.25 1.12],[1.28 1.14 1.29 1.28 1.36 1.29]
24,6,[1.13725396e-05 3.73613513e-06 1.57041917e-04 2.94438802e-05],[1.25 1.23 1.24 1.23 1.24 1.23],[1.39 1.35 1.37 1.37 1.4  1.38]
24,7,[2.43920921e-03 2.51539244e-05 1.48725880e-04 2.12876452e-02],[1.09 1.09 1.04 1.17 1.04 1.04],[1.23 1.19 1.09 1.29 1.23 1.19]
24,8,[0.0350292  0.00913578 0.00013985 0.0003199 ],[1.02 1.02 1.02 1.05 1.05 1.14],[1.05 1.17 1.15 1.17 1.15 1.24]
24,9,[9.44400539e-03 1.33190887e-05 1.96311008e-04 2.59985061e-05],[1.08 1.08 1.08 1.18 1.23 1.18],[1.26 1.19 1.25 1.31 1.35 1.34]
69,0,[8.96694730e-08 3.26801784e-05 1.06862716e-08 4.18536548e-04],[1.24 1.39 1.19 1.24 1.19 1.19],[1.45 1.66 1.44 1.54 1.29 1.58]
69,1,[9.67686262e-03 9.28270599e-03 5.56694689e-07 2.32468578e-09],[1.05 1.06 1.06 1.06 1.06 1.34],[1.05 1.34 1.51 1.34 1.51 1.78]
69,2,[1.48545189e-03 1.23167021e-04 1.83255026e-05 2.54242284e-03],[1.13 1.13 1.13 1.18 1.13 1.13],[1.2  1.28 1.15 1.32 1.2  1.29]
69,3,[1.03315848e-05 3.39698662e-03 1.41851143e-05 4.14959447e-07],[1.12 1.25 1.25 1.12 1.12 1.25],[1.27 1.38 1.45 1.29 1.39 1.52]
69,4,[8.29952109e-08 1.94237433e-05 1.60917944e-03 1.08274742e-05],[1.25 1.14 1.25 1.14 1.25 1.14],[1.44 1.43 1.5  1.28 1.38 1.32]
69,5,[3.39616778e-05 2.72013617e-03 1.45494338e-05 6.32339268e-07],[1.12 1.24 1.24 1.12 1.12 1.24],[1.24 1.36 1.42 1.28 1.37 1.53]
69,6,[0.00026615 0.00582364 0.00109685 0.00041029],[1.1  1.12 1.14 1.1  1.1  1.12],[1.18 1.19 1.21 1.14 1.16 1.2 ]
69,7,[6.41888689e-06 6.42535475e-03 1.31818591e-03 1.68391134e-06],[1.09 1.12 1.27 1.09 1.09 1.12],[1.29 1.29 1.43 1.13 1.33 1.36]
69,8,[8.77418048e-05 5.97829119e-07 1.57643423e-03 5.35631742e-03],[1.19 1.11 1.1  1.11 1.1  1.1 ],[1.36 1.23 1.22 1.36 1.36 1.16]
69,9,[0.00231281 0.09901203 0.00236532 0.00174685],[1.   1.08 1.08 1.   1.   1.08],[1.1  1.11 1.12 1.1  1.11 1.14]
33,0,[1.25461093e-03 3.09378307e-07 4.66823329e-08 5.27749138e-04],[1.15 1.15 1.15 1.35 1.15 1.15],[1.38 1.44 1.19 1.58 1.4  1.47]
33,1,[7.23359392e-04 1.57432715e-03 2.39946838e-05 1.57713480e-07],[1.14 1.14 1.14 1.14 1.14 1.23],[1.17 1.28 1.39 1.27 1.39 1.52]
33,2,[0.00664494 0.0004067  0.00010841 0.00016608],[1.09 1.09 1.09 1.16 1.16 1.17],[1.16 1.21 1.2  1.23 1.22 1.28]
33,3,[4.53546876e-05 1.23795272e-04 2.77808523e-03 1.76427013e-08],[1.2  1.12 1.21 1.12 1.2  1.12],[1.26 1.25 1.52 1.21 1.54 1.55]
33,4,[5.31751998e-05 3.73239751e-03 4.13369450e-06 3.31398447e-03],[1.11 1.2  1.11 1.11 1.11 1.11],[1.21 1.34 1.21 1.3  1.12 1.31]
33,5,[1.01997760e-05 4.95602479e-04 6.83246611e-06 5.01252352e-04],[1.18 1.25 1.18 1.18 1.18 1.18],[1.28 1.4  1.31 1.33 1.23 1.38]
33,6,[5.44757080e-05 5.98356129e-06 6.50491951e-07 9.68323546e-03],[1.22 1.22 1.08 1.27 1.08 1.08],[1.33 1.45 1.23 1.48 1.3  1.4 ]
33,7,[2.97504712e-04 3.08092353e-07 5.75391296e-05 3.38414683e-08],[1.2  1.2  1.2  1.22 1.35 1.22],[1.39 1.29 1.48 1.47 1.56 1.62]
33,8,[1.14811758e-03 3.26863496e-07 1.42044175e-05 1.29133973e-02],[1.12 1.12 1.06 1.24 1.06 1.06],[1.36 1.27 1.13 1.43 1.36 1.27]
33,9,[0.00180636 0.00459076 0.00024419 0.00050039],[1.11 1.11 1.11 1.11 1.11 1.13],[1.12 1.18 1.16 1.18 1.16 1.24]
48,0,[3.27811577e-03 7.18565970e-04 1.74417803e-07 2.33748567e-04],[1.12 1.12 1.12 1.14 1.14 1.16],[1.15 1.39 1.2  1.39 1.2  1.46]
48,1,[7.40352181e-03 3.47709369e-06 1.53263779e-02 2.26385352e-05],[1.06 1.06 1.06 1.06 1.23 1.06],[1.28 1.06 1.23 1.28 1.34 1.23]
48,2,[2.37529416e-03 5.46392301e-05 9.53823355e-04 1.49008826e-07],[1.13 1.13 1.13 1.13 1.2  1.13],[1.23 1.17 1.42 1.23 1.45 1.47]
48,3,[4.20012676e-05 6.27364991e-04 5.01472661e-08 3.06620457e-04],[1.18 1.21 1.18 1.18 1.18 1.18],[1.25 1.47 1.29 1.47 1.23 1.52]
48,4,[6.25098346e-05 8.69204414e-07 5.35411216e-02 7.61176232e-06],[1.22 1.   1.22 1.   1.27 1.  ],[1.36 1.22 1.35 1.35 1.45 1.29]
48,5,[1.11329601e-04 2.00649497e-09 2.18385443e-04 2.99992006e-06],[1.21 1.21 1.21 1.21 1.29 1.21],[1.54 1.27 1.38 1.54 1.63 1.43]
48,6,[8.19060635e-08 1.17706759e-04 1.93566555e-03 9.52314580e-07],[1.2  1.14 1.32 1.14 1.2  1.14],[1.42 1.42 1.53 1.22 1.41 1.42]
48,7,[5.17913149e-05 5.75867932e-03 3.70274380e-03 2.37236992e-04],[1.1  1.1  1.15 1.1  1.1  1.1 ],[1.21 1.21 1.26 1.1  1.18 1.19]
48,8,[4.69311705e-04 9.77228054e-05 1.26443927e-06 9.24719086e-07],[1.19 1.19 1.19 1.2  1.2  1.31],[1.24 1.38 1.38 1.4  1.4  1.59]
48,9,[2.98772486e-02 5.04150662e-05 1.28044726e-06 8.69808628e-04],[1.03 1.03 1.03 1.2  1.13 1.13],[1.22 1.33 1.13 1.4  1.24 1.36]
46,0,[3.41618811e-04 6.61930989e-06 5.80711587e-05 7.97095514e-07],[1.2  1.2  1.2  1.22 1.27 1.22],[1.32 1.29 1.39 1.4  1.46 1.52]
46,1,[8.69688319e-04 5.13533185e-04 2.59384311e-03 1.07310229e-07],[1.13 1.13 1.13 1.13 1.13 1.13],[1.17 1.16 1.42 1.17 1.42 1.46]
46,2,[0.0002061  0.00099046 0.00118063 0.00010825],[1.16 1.16 1.16 1.16 1.16 1.16],[1.21 1.21 1.28 1.18 1.25 1.27]
46,3,[1.11947663e-03 3.93952317e-04 4.40067670e-02 5.53003189e-06],[1.12 1.01 1.12 1.01 1.14 1.01],[1.16 1.12 1.3  1.16 1.31 1.29]
46,4,[3.73093530e-03 5.55108639e-07 3.18649336e-04 4.54508585e-05],[1.11 1.11 1.11 1.16 1.21 1.16],[1.36 1.19 1.24 1.39 1.39 1.31]
46,5,[7.43758910e-07 5.47291718e-05 7.79742161e-05 5.95209221e-04],[1.2  1.2  1.18 1.2  1.18 1.18],[1.38 1.44 1.37 1.32 1.26 1.31]
46,6,[1.23445673e-07 9.14290865e-09 6.51128246e-02 7.77342407e-04],[1.38 1.   1.13 1.   1.13 1.  ],[1.61 1.4  1.4  1.48 1.49 1.13]
46,7,[1.73684365e-03 3.43488335e-04 5.81912031e-07 1.14146025e-04],[1.14 1.14 1.14 1.16 1.16 1.18],[1.17 1.37 1.24 1.38 1.25 1.47]
46,8,[1.47819557e-07 2.40290265e-08 1.17206544e-05 2.14289031e-03],[1.38 1.27 1.13 1.27 1.13 1.13],[1.57 1.51 1.41 1.54 1.47 1.32]
46,9,[0.00015885 0.00011779 0.07666987 0.00047398],[1.16 1.   1.15 1.   1.15 1.  ],[1.23 1.19 1.22 1.2  1.23 1.15]
20,0,[2.40190882e-04 1.16532057e-03 1.09224234e-03 2.37058653e-05],[1.15 1.15 1.15 1.15 1.15 1.15],[1.2  1.2  1.3  1.18 1.29 1.32]
20,1,[6.68168601e-02 3.37684399e-03 1.36975592e-04 2.44371853e-06],[1.   1.   1.   1.08 1.08 1.17],[1.08 1.19 1.3  1.19 1.3  1.38]
20,2,[3.36874264e-05 2.17075592e-02 2.03935063e-04 2.93195758e-05],[1.04 1.18 1.21 1.04 1.04 1.18],[1.24 1.28 1.33 1.18 1.24 1.33]
20,3,[5.37058176e-10 2.16595853e-01 1.29212419e-10 2.17931411e-08],[1.   1.53 1.45 1.   1.   1.45],[1.56 1.84 1.74 1.6  1.45 1.94]
20,4,[3.14233523e-04 1.31220543e-02 1.89973060e-04 1.69026212e-06],[1.06 1.16 1.16 1.06 1.06 1.16],[1.16 1.23 1.34 1.18 1.33 1.43]
20,5,[3.09763814e-06 1.89087745e-04 2.13118842e-03 6.77019034e-05],[1.18 1.13 1.19 1.13 1.18 1.13],[1.33 1.32 1.39 1.2  1.29 1.28]
20,6,[1.84396284e-06 8.42852295e-04 1.86736420e-08 1.00134425e-02],[1.13 1.3  1.07 1.13 1.07 1.07],[1.31 1.55 1.31 1.47 1.14 1.47]
20,7,[3.87160348e-07 1.59292117e-05 7.74931546e-06 3.14552980e-03],[1.26 1.26 1.12 1.26 1.12 1.12],[1.43 1.49 1.39 1.4  1.28 1.33]
20,8,[1.07734746e-05 2.08723198e-05 1.70981033e-05 5.01553575e-04],[1.24 1.24 1.18 1.24 1.18 1.18],[1.34 1.41 1.33 1.4  1.31 1.36]
20,9,[5.53151178e-04 9.28674717e-05 2.92835534e-05 9.54418850e-02],[1.15 1.15 1.   1.19 1.   1.  ],[1.22 1.26 1.15 1.3  1.21 1.24]
51,0,[2.65709309e-06 6.26476247e-05 2.78214633e-03 6.24177887e-09],[1.22 1.12 1.29 1.12 1.22 1.12],[1.35 1.34 1.58 1.24 1.54 1.55]
51,1,[3.48400551e-05 1.66978353e-05 1.10110347e-03 4.09650203e-05],[1.21 1.16 1.21 1.16 1.21 1.16],[1.31 1.27 1.36 1.29 1.37 1.32]
51,2,[9.18071969e-04 9.09036270e-03 1.14984687e-03 2.11294487e-05],[1.08 1.11 1.11 1.08 1.08 1.11],[1.13 1.15 1.27 1.13 1.25 1.3 ]
51,3,[1.49133878e-02 6.49744225e-04 9.10032377e-06 2.25632387e-06],[1.06 1.06 1.06 1.14 1.14 1.26],[1.14 1.28 1.32 1.29 1.34 1.48]
51,4,[1.33617852e-02 7.48035651e-03 2.94161598e-06 2.72399300e-04],[1.06 1.06 1.06 1.06 1.06 1.15],[1.06 1.3  1.15 1.3  1.15 1.35]
51,5,[1.18557634e-03 2.94407210e-07 6.16590429e-04 3.61110145e-05],[1.15 1.15 1.15 1.15 1.21 1.15],[1.38 1.19 1.28 1.38 1.44 1.31]
51,6,[2.12321380e-06 1.24883258e-05 4.31666822e-05 2.11991502e-02],[1.25 1.23 1.04 1.23 1.04 1.04],[1.37 1.39 1.32 1.33 1.27 1.24]
51,7,[1.27384056e-01 1.08809972e-04 1.89901525e-05 8.65299863e-05],[1.   1.   1.   1.19 1.19 1.19],[1.2  1.25 1.21 1.3  1.26 1.37]
51,8,[7.60982776e-05 2.15105247e-02 1.43552474e-04 1.57558358e-05],[1.04 1.19 1.19 1.04 1.04 1.19],[1.21 1.26 1.32 1.19 1.26 1.35]
51,9,[3.61632997e-08 4.30121189e-07 4.24674307e-04 5.22623035e-04],[1.35 1.18 1.18 1.18 1.18 1.18],[1.54 1.47 1.47 1.42 1.41 1.26]
76,0,[6.81134143e-07 1.02045052e-02 6.11100824e-05 4.85791228e-04],[1.07 1.2  1.15 1.07 1.07 1.15],[1.35 1.42 1.36 1.23 1.15 1.29]
76,1,[3.66486862e-04 3.04493094e-06 2.14440113e-05 5.73174679e-04],[1.18 1.18 1.18 1.23 1.18 1.18],[1.33 1.31 1.21 1.43 1.33 1.34]
76,2,[3.48803261e-05 1.21658157e-01 9.30295677e-05 1.45894290e-02],[1.   1.19 1.03 1.   1.   1.03],[1.22 1.29 1.22 1.19 1.03 1.19]
76,3,[3.66994360e-04 4.88109636e-05 1.60917314e-03 2.07155885e-06],[1.16 1.14 1.16 1.14 1.2  1.14],[1.24 1.19 1.36 1.24 1.38 1.37]
76,4,[2.03539337e-06 2.28287960e-04 2.97638927e-03 9.57869671e-05],[1.17 1.12 1.18 1.12 1.17 1.12],[1.33 1.33 1.36 1.2  1.27 1.24]
76,5,[5.77471414e-04 1.62814669e-03 6.16184311e-06 1.35208102e-04],[1.14 1.14 1.14 1.14 1.14 1.17],[1.17 1.29 1.24 1.29 1.23 1.39]
76,6,[3.16194008e-03 2.98322886e-03 1.46636125e-06 2.20843940e-05],[1.11 1.11 1.11 1.11 1.11 1.23],[1.11 1.33 1.24 1.33 1.24 1.47]
76,7,[9.66437799e-03 4.87475381e-06 9.53512897e-05 4.87372835e-06],[1.08 1.08 1.08 1.2  1.26 1.2 ],[1.3  1.2  1.29 1.34 1.41 1.39]
76,8,[5.29202171e-05 9.90024832e-03 2.76805689e-10 1.50829778e-04],[1.07 1.2  1.19 1.07 1.07 1.19],[1.22 1.61 1.27 1.59 1.2  1.69]
76,9,[5.03533962e-04 7.69039255e-06 1.09900539e-04 3.24658890e-05],[1.19 1.19 1.19 1.2  1.22 1.2 ],[1.3  1.27 1.29 1.35 1.37 1.36]
19,0,[1.23154560e-02 2.49081657e-03 8.79715199e-07 8.99686033e-02],[1.03 1.03 1.   1.08 1.   1.  ],[1.08 1.32 1.03 1.32 1.08 1.32]
19,1,[8.58486003e-05 5.45035848e-07 1.87192341e-04 5.81331489e-03],[1.19 1.18 1.1  1.18 1.1  1.1 ],[1.38 1.27 1.22 1.4  1.37 1.21]
19,2,[1.18122751e-05 2.65577633e-03 1.04492114e-05 6.44622429e-08],[1.13 1.25 1.25 1.13 1.13 1.25],[1.27 1.35 1.49 1.29 1.45 1.59]
19,3,[4.57545387e-04 2.07715482e-03 1.16508978e-02 5.73584454e-05],[1.1  1.07 1.13 1.07 1.1  1.07],[1.15 1.15 1.23 1.1  1.22 1.22]
19,4,[5.73166045e-07 8.26529728e-05 1.92105188e-04 4.65976272e-03],[1.19 1.18 1.1  1.18 1.1  1.1 ],[1.38 1.4  1.37 1.27 1.22 1.22]
19,5,[7.29274813e-07 1.04613959e-06 4.61889440e-04 8.55618256e-06],[1.31 1.19 1.28 1.19 1.28 1.19],[1.47 1.39 1.47 1.39 1.45 1.39]
19,6,[6.30667281e-03 9.85804386e-05 3.98460050e-04 2.57460828e-06],[1.09 1.09 1.09 1.16 1.18 1.16],[1.2  1.17 1.32 1.23 1.35 1.36]
19,7,[5.81865968e-06 9.35879668e-04 3.24401272e-03 2.11680451e-10],[1.13 1.12 1.27 1.12 1.13 1.12],[1.28 1.28 1.68 1.15 1.6  1.6 ]
19,8,[2.29565495e-05 1.75024696e-06 6.19581551e-06 1.76979795e-04],[1.25 1.25 1.22 1.27 1.22 1.22],[1.36 1.41 1.33 1.47 1.4  1.39]
19,9,[1.12986992e-03 4.07621127e-05 2.96083624e-03 4.55764955e-04],[1.12 1.12 1.12 1.12 1.13 1.12],[1.24 1.15 1.18 1.24 1.26 1.18]
41,0,[3.62781565e-06 9.41533004e-05 7.99506545e-08 2.30114030e-04],[1.21 1.28 1.21 1.21 1.21 1.21],[1.34 1.53 1.35 1.48 1.28 1.54]
41,1,[9.29642247e-06 3.20492716e-04 3.73444352e-06 2.14808857e-04],[1.2  1.26 1.2  1.2  1.2  1.2 ],[1.3  1.41 1.34 1.34 1.25 1.43]
41,2,[2.05877245e-05 1.95792487e-06 2.87771142e-03 1.26551364e-07],[1.25 1.12 1.25 1.12 1.3  1.12],[1.37 1.27 1.5  1.35 1.55 1.44]
41,3,[8.09794324e-06 3.23754859e-04 5.28458749e-03 1.79175123e-02],[1.15 1.07 1.05 1.07 1.05 1.05],[1.26 1.26 1.26 1.15 1.15 1.07]
41,4,[2.17418840e-02 2.57897339e-06 6.28257179e-03 3.74629138e-04],[1.04 1.04 1.04 1.06 1.14 1.06],[1.3  1.06 1.16 1.3  1.31 1.16]
41,5,[1.14002141e-11 5.41635699e-05 7.09729673e-05 2.05310825e-05],[1.25 1.25 1.25 1.25 1.25 1.25],[1.69 1.72 1.73 1.33 1.36 1.4 ]
41,6,[2.06966350e-06 6.52633576e-04 6.83624361e-03 1.11761858e-07],[1.14 1.09 1.3  1.09 1.14 1.09],[1.32 1.32 1.5  1.15 1.44 1.44]
41,7,[3.79134280e-10 8.35764513e-08 2.96306877e-08 9.68635066e-04],[1.42 1.42 1.16 1.42 1.16 1.16],[1.67 1.75 1.6  1.69 1.45 1.52]
41,8,[6.07207093e-03 1.33299358e-04 1.81046958e-06 7.01552228e-04],[1.09 1.09 1.09 1.17 1.14 1.14],[1.19 1.33 1.15 1.38 1.21 1.37]
41,9,[1.92448097e-04 6.80726142e-04 6.55696038e-02 5.13096646e-05],[1.14 1.   1.16 1.   1.14 1.  ],[1.19 1.18 1.26 1.14 1.23 1.22]
53,0,[6.04948079e-06 2.67944582e-03 4.08972911e-04 5.60950726e-04],[1.13 1.14 1.14 1.13 1.13 1.14],[1.3  1.3  1.31 1.19 1.18 1.22]
53,1,[1.76859894e-04 1.37904209e-02 4.19474314e-04 6.26909890e-06],[1.06 1.16 1.17 1.06 1.06 1.16],[1.18 1.22 1.32 1.16 1.29 1.35]
53,2,[4.67765687e-06 1.56326399e-06 2.49022568e-07 1.26414471e-06],[1.33 1.33 1.33 1.33 1.33 1.33],[1.44 1.52 1.48 1.54 1.53 1.65]
53,3,[7.06399022e-04 5.79633318e-05 1.17052794e-06 1.05302960e-02],[1.14 1.14 1.07 1.2  1.07 1.07],[1.21 1.36 1.14 1.41 1.21 1.35]
53,4,[1.68435965e-04 2.85102621e-05 7.13117853e-05 6.96399640e-04],[1.18 1.18 1.17 1.19 1.17 1.17],[1.29 1.3  1.24 1.34 1.3  1.29]
53,5,[2.48602386e-05 4.62121961e-04 2.72309270e-03 2.52672430e-05],[1.15 1.12 1.21 1.12 1.15 1.12],[1.25 1.25 1.34 1.18 1.29 1.29]
53,6,[4.07951960e-07 7.57462578e-07 1.27114722e-06 1.46587058e-05],[1.33 1.33 1.3  1.33 1.3  1.3 ],[1.51 1.52 1.49 1.5  1.47 1.53]
53,7,[8.06086776e-03 1.33064693e-05 3.82832481e-05 4.33294635e-05],[1.08 1.08 1.08 1.21 1.21 1.21],[1.27 1.24 1.23 1.34 1.35 1.37]
53,8,[5.32605959e-03 7.44659170e-05 1.39257449e-07 3.14557384e-04],[1.1  1.1  1.1  1.19 1.16 1.16],[1.21 1.41 1.18 1.45 1.24 1.48]
53,9,[7.63146101e-06 1.82492366e-05 3.58582983e-03 6.18005572e-04],[1.23 1.11 1.14 1.11 1.14 1.11],[1.33 1.3  1.31 1.27 1.3  1.19]
30,0,[2.60971335e-03 4.48338560e-04 3.55418150e-05 3.33120069e-06],[1.13 1.13 1.13 1.15 1.15 1.22],[1.17 1.26 1.32 1.26 1.33 1.43]
30,1,[1.00200970e-08 2.71328880e-07 7.88393667e-05 6.36426725e-03],[1.36 1.21 1.09 1.21 1.09 1.09],[1.58 1.5  1.48 1.44 1.39 1.24]
30,2,[9.40626910e-10 2.40815581e-07 2.16367060e-02 7.05751271e-07],[1.37 1.04 1.35 1.04 1.35 1.04],[1.59 1.54 1.7  1.39 1.6  1.36]
30,3,[5.71556124e-04 3.13046275e-04 1.06462211e-05 1.31578872e-01],[1.15 1.15 1.   1.15 1.   1.  ],[1.18 1.29 1.15 1.29 1.17 1.27]
30,4,[4.72637209e-08 2.39645974e-05 1.02497163e-03 2.14620938e-04],[1.23 1.16 1.18 1.16 1.18 1.16],[1.46 1.46 1.49 1.29 1.3  1.26]
30,5,[9.95980795e-03 3.77272360e-04 3.10193000e-07 2.19076731e-05],[1.07 1.07 1.07 1.16 1.16 1.23],[1.16 1.38 1.25 1.4  1.28 1.49]
30,6,[3.14391773e-06 1.68192968e-04 1.02611867e-02 3.30435457e-10],[1.19 1.07 1.29 1.07 1.19 1.07],[1.32 1.31 1.64 1.19 1.6  1.6 ]
30,7,[2.41794030e-05 6.72206197e-05 1.79459782e-03 1.12459481e-02],[1.19 1.1  1.07 1.1  1.07 1.07],[1.28 1.25 1.25 1.23 1.21 1.12]
30,8,[1.05457715e-05 4.29637425e-04 1.70982628e-08 9.19130107e-04],[1.16 1.25 1.16 1.16 1.16 1.16],[1.3  1.53 1.3  1.5  1.21 1.54]
30,9,[4.08424950e-04 5.06915165e-04 1.76557360e-06 1.53473143e-04],[1.19 1.19 1.19 1.19 1.19 1.19],[1.2  1.37 1.24 1.37 1.23 1.43]
37,0,[4.90702520e-05 1.19357353e-06 7.43827646e-08 7.56757926e-05],[1.25 1.25 1.25 1.31 1.25 1.25],[1.39 1.5  1.33 1.56 1.43 1.59]
37,1,[6.80882279e-03 8.13298318e-11 3.67820365e-03 5.83676514e-02],[1.06 1.06 1.   1.06 1.   1.  ],[1.57 1.07 1.06 1.57 1.57 1.07]
37,2,[2.16421028e-02 3.17471747e-03 6.18530865e-06 3.83807374e-04],[1.04 1.04 1.04 1.08 1.08 1.14],[1.08 1.27 1.16 1.27 1.16 1.32]
37,3,[4.10192721e-05 4.92617736e-04 7.43342560e-06 2.19805965e-04],[1.19 1.21 1.19 1.19 1.19 1.19],[1.25 1.39 1.28 1.35 1.24 1.4 ]
37,4,[1.98800457e-07 2.66866338e-08 1.17414239e-03 1.18421570e-06],[1.37 1.16 1.34 1.16 1.34 1.16],[1.58 1.43 1.53 1.47 1.6  1.41]
37,5,[1.27773899e-04 2.70998728e-05 4.88804153e-05 1.79229525e-04],[1.22 1.22 1.22 1.22 1.22 1.22],[1.3  1.29 1.28 1.34 1.32 1.33]
37,6,[7.36433944e-05 7.91876031e-05 1.18460803e-03 6.13694834e-06],[1.19 1.16 1.19 1.16 1.19 1.16],[1.27 1.24 1.37 1.25 1.37 1.37]
37,7,[4.90760142e-04 2.40785401e-05 1.00308570e-04 3.42805348e-05],[1.19 1.19 1.19 1.2  1.21 1.2 ],[1.27 1.26 1.28 1.31 1.34 1.37]
37,8,[5.95532496e-04 8.39219153e-03 8.83884328e-03 7.67280720e-06],[1.06 1.06 1.12 1.06 1.06 1.06],[1.13 1.13 1.29 1.06 1.28 1.28]
37,9,[5.46829926e-03 9.64510493e-05 6.79668746e-03 2.21999142e-03],[1.09 1.09 1.09 1.09 1.09 1.09],[1.19 1.09 1.12 1.19 1.19 1.12]
39,0,[5.80175018e-05 4.01223615e-05 3.13767190e-04 1.87879056e-02],[1.2  1.16 1.05 1.16 1.05 1.05],[1.27 1.27 1.22 1.28 1.23 1.17]
39,1,[4.19638665e-06 8.12209579e-03 6.94807221e-04 2.99493978e-05],[1.08 1.14 1.22 1.08 1.08 1.14],[1.3  1.32 1.39 1.15 1.25 1.29]
39,2,[2.68614323e-07 2.95763725e-05 5.31266960e-04 4.63905454e-03],[1.22 1.15 1.1  1.15 1.1  1.1 ],[1.4  1.41 1.38 1.28 1.25 1.18]
39,3,[5.85827154e-05 2.80851687e-05 6.49962373e-09 1.70714805e-04],[1.22 1.22 1.22 1.22 1.22 1.22],[1.3  1.55 1.31 1.55 1.32 1.63]
39,4,[5.84820022e-05 3.61066350e-05 7.51423627e-07 7.42974787e-05],[1.25 1.25 1.25 1.25 1.25 1.25],[1.31 1.46 1.31 1.44 1.33 1.49]
39,5,[2.65663714e-04 8.59320390e-05 3.93097954e-07 9.73738164e-05],[1.21 1.21 1.21 1.21 1.21 1.21],[1.26 1.42 1.29 1.44 1.3  1.51]
39,6,[1.29725899e-05 6.09501272e-06 3.59650973e-04 1.22051851e-02],[1.24 1.16 1.07 1.16 1.07 1.07],[1.35 1.3  1.26 1.32 1.29 1.17]
39,7,[1.24289689e-05 1.16662683e-05 5.53842786e-03 2.76531066e-03],[1.23 1.1  1.1  1.1  1.1  1.1 ],[1.32 1.27 1.27 1.27 1.27 1.13]
39,8,[2.58765727e-05 9.71390920e-04 5.67800839e-03 1.86457865e-08],[1.13 1.1  1.23 1.1  1.13 1.1 ],[1.24 1.24 1.52 1.14 1.48 1.48]
39,9,[1.03563503e-05 4.78069743e-06 6.83842031e-04 5.11833600e-07],[1.27 1.17 1.27 1.17 1.27 1.17],[1.4  1.31 1.48 1.33 1.5  1.48]
45,0,[1.99522349e-03 2.60753690e-04 4.02591538e-02 1.11552152e-08],[1.1  1.01 1.1  1.01 1.15 1.01],[1.16 1.1  1.46 1.16 1.46 1.46]
45,1,[1.21037103e-08 3.48964102e-04 4.74948765e-03 1.57746684e-05],[1.16 1.1  1.24 1.1  1.16 1.1 ],[1.45 1.45 1.51 1.17 1.31 1.3 ]
45,2,[3.19316232e-06 7.33627214e-07 2.39147413e-09 2.12605041e-04],[1.31 1.31 1.21 1.33 1.21 1.21],[1.45 1.64 1.39 1.68 1.41 1.6 ]
45,3,[1.37487244e-06 5.72744996e-03 1.15164110e-05 2.11725710e-05],[1.1  1.25 1.25 1.1  1.1  1.25],[1.33 1.4  1.4  1.27 1.26 1.42]
45,4,[1.56164854e-05 2.06308209e-04 1.97805230e-08 1.64268644e-03],[1.18 1.24 1.14 1.18 1.14 1.14],[1.28 1.57 1.28 1.52 1.2  1.52]
45,5,[1.91848460e-05 1.37814186e-05 5.01762204e-04 4.46753064e-03],[1.23 1.15 1.11 1.15 1.11 1.11],[1.33 1.29 1.27 1.3  1.28 1.19]
45,6,[8.11847344e-07 3.67858955e-05 1.02875194e-04 1.27033838e-04],[1.23 1.23 1.23 1.23 1.23 1.23],[1.4  1.42 1.42 1.33 1.31 1.32]
45,7,[4.34380005e-04 1.40422298e-08 7.99797174e-05 1.50767120e-03],[1.15 1.15 1.15 1.19 1.15 1.15],[1.46 1.28 1.2  1.54 1.46 1.28]
45,8,[2.05383051e-04 3.42029320e-07 7.50882252e-03 2.87431857e-04],[1.16 1.09 1.16 1.09 1.16 1.09],[1.38 1.19 1.24 1.38 1.38 1.2 ]
45,9,[9.82078660e-06 8.61092061e-06 1.69937287e-04 2.86239652e-06],[1.25 1.22 1.25 1.22 1.25 1.22],[1.36 1.35 1.43 1.34 1.44 1.43]
79,0,[3.48270292e-04 2.57639704e-06 6.53897536e-09 3.14112688e-01],[1.16 1.16 1.   1.29 1.   1.  ],[1.31 1.51 1.16 1.56 1.31 1.49]
79,1,[8.08113641e-04 1.25048104e-04 2.03208395e-06 4.10116510e-02],[1.13 1.13 1.01 1.17 1.01 1.01],[1.19 1.33 1.13 1.36 1.19 1.32]
79,2,[1.21117195e-05 4.63123382e-04 1.77548505e-06 1.00481870e-03],[1.16 1.25 1.16 1.16 1.16 1.16],[1.29 1.41 1.29 1.37 1.2  1.39]
79,3,[1.52238859e-04 4.43175115e-04 2.71673785e-01 3.10086205e-06],[1.15 1.   1.17 1.   1.15 1.  ],[1.2  1.19 1.35 1.15 1.32 1.31]
79,4,[4.37687739e-04 5.98934318e-03 6.39717108e-06 4.23763352e-04],[1.09 1.14 1.14 1.09 1.09 1.14],[1.16 1.31 1.2  1.3  1.16 1.36]
79,5,[2.44130906e-03 5.59405959e-07 7.19591803e-03 1.57756708e-08],[1.1  1.09 1.1  1.09 1.34 1.09],[1.34 1.11 1.48 1.34 1.62 1.5 ]
79,6,[1.24073761e-05 6.97026352e-05 3.93066921e-07 6.39337421e-05],[1.25 1.25 1.25 1.25 1.25 1.25],[1.33 1.51 1.36 1.47 1.32 1.52]
79,7,[8.84642382e-05 5.37046678e-05 5.80640657e-06 8.86404919e-04],[1.2  1.2  1.17 1.2  1.17 1.17],[1.28 1.37 1.26 1.37 1.27 1.36]
79,8,[1.87757518e-08 5.49188333e-07 2.55725413e-04 1.92220969e-03],[1.34 1.17 1.14 1.17 1.14 1.14],[1.55 1.49 1.48 1.41 1.38 1.24]
79,9,[1.34451665e-04 8.16095469e-06 2.05211484e-06 3.40809699e-04],[1.2  1.2  1.2  1.26 1.2  1.2 ],[1.32 1.39 1.26 1.44 1.33 1.44]
47,0,[3.39126016e-06 2.27287225e-04 5.68100893e-05 3.27204003e-04],[1.2 1.2 1.2 1.2 1.2 1.2],[1.33 1.4  1.35 1.3  1.27 1.32]
47,1,[1.48804875e-05 1.51778068e-04 6.20288258e-06 1.26875629e-07],[1.22 1.26 1.26 1.22 1.22 1.27],[1.3  1.41 1.51 1.35 1.46 1.62]
47,2,[5.49718727e-07 4.68789019e-05 8.31591146e-02 1.05065084e-04],[1.21 1.   1.2  1.   1.2  1.  ],[1.39 1.36 1.41 1.23 1.29 1.2 ]
47,3,[2.89281800e-04 5.59988154e-07 2.93009611e-03 2.52023514e-03],[1.15 1.12 1.12 1.12 1.12 1.12],[1.35 1.19 1.19 1.35 1.35 1.15]
47,4,[2.87952574e-07 6.55256460e-06 2.50121820e-06 4.03395349e-06],[1.33 1.33 1.33 1.33 1.33 1.33],[1.45 1.53 1.52 1.47 1.46 1.53]
47,5,[6.18549957e-06 1.21392556e-07 3.06910690e-07 4.61759549e-04],[1.29 1.29 1.19 1.35 1.19 1.19],[1.49 1.51 1.35 1.6  1.44 1.48]
47,6,[1.33117844e-05 4.46992025e-03 1.48742736e-04 3.85747050e-06],[1.1  1.19 1.24 1.1  1.1  1.19],[1.27 1.32 1.4  1.2  1.31 1.39]
47,7,[2.19695602e-05 2.10405924e-02 1.22338742e-02 3.46545070e-04],[1.04 1.04 1.14 1.04 1.04 1.04],[1.23 1.23 1.25 1.04 1.15 1.15]
47,8,[1.27870736e-08 1.09813124e-06 7.51052927e-03 1.21916313e-04],[1.32 1.09 1.19 1.09 1.19 1.09],[1.54 1.47 1.49 1.35 1.37 1.22]
47,9,[6.46920353e-07 4.12260670e-10 1.25472301e-04 1.51002535e-05],[1.33 1.23 1.26 1.23 1.26 1.23],[1.64 1.42 1.48 1.63 1.7  1.41]
73,0,[1.86690847e-02 5.41786739e-05 3.05462254e-05 4.44094152e-04],[1.05 1.05 1.05 1.2  1.16 1.16],[1.22 1.24 1.16 1.32 1.24 1.32]
73,1,[4.68870696e-03 1.05626843e-08 4.28530222e-04 8.26398979e-06],[1.1  1.1  1.1  1.16 1.26 1.16],[1.47 1.17 1.29 1.47 1.54 1.35]
73,2,[1.88013457e-05 2.37398371e-05 3.93282157e-04 2.63524566e-03],[1.22 1.16 1.12 1.16 1.12 1.12],[1.32 1.3  1.27 1.3  1.27 1.22]
73,3,[6.90983743e-05 1.81835211e-04 8.99576177e-06 1.30817045e-03],[1.18 1.19 1.15 1.18 1.15 1.15],[1.25 1.35 1.25 1.34 1.23 1.35]
73,4,[2.01251120e-08 1.07739195e-08 4.26002011e-04 4.72585613e-03],[1.43 1.16 1.1  1.16 1.1  1.1 ],[1.6  1.48 1.46 1.49 1.48 1.19]
73,5,[1.27035545e-04 1.58550239e-06 5.90741478e-09 1.65510713e-01],[1.2  1.2  1.   1.31 1.   1.  ],[1.34 1.52 1.2  1.58 1.33 1.49]
73,6,[1.36965675e-06 4.15190240e-06 1.16051877e-03 1.72701832e-05],[1.28 1.16 1.26 1.16 1.26 1.16],[1.43 1.37 1.43 1.33 1.39 1.32]
73,7,[1.50448046e-06 5.31018708e-06 2.41072048e-03 3.29295799e-05],[1.27 1.13 1.24 1.13 1.24 1.13],[1.41 1.36 1.42 1.31 1.38 1.29]
73,8,[4.62340617e-08 1.86348230e-03 1.85576398e-02 8.83593888e-05],[1.1  1.05 1.19 1.05 1.1  1.05],[1.41 1.41 1.44 1.11 1.21 1.21]
73,9,[4.39501357e-05 6.94568962e-06 7.24235281e-04 1.23377092e-04],[1.21 1.17 1.19 1.17 1.19 1.17],[1.36 1.27 1.3  1.33 1.36 1.27]
36,0,[4.27842258e-03 1.14467913e-03 1.23596364e-03 2.36706137e-06],[1.11 1.11 1.11 1.11 1.11 1.11],[1.13 1.14 1.32 1.15 1.32 1.35]
36,1,[3.56981129e-06 3.50435960e-08 3.01756834e-07 2.66178134e-02],[1.3  1.3  1.03 1.35 1.03 1.03],[1.49 1.49 1.3  1.57 1.44 1.38]
36,2,[1.76151782e-09 9.20719542e-03 1.53618724e-02 1.00554753e-03],[1.05 1.05 1.11 1.05 1.05 1.05],[1.5  1.5  1.5  1.05 1.11 1.11]
36,3,[2.43549788e-06 2.25745174e-06 3.26094156e-04 3.20462190e-09],[1.3 1.2 1.3 1.2 1.3 1.2],[1.43 1.37 1.62 1.38 1.63 1.63]
36,4,[6.51227928e-04 7.71267297e-06 5.85055983e-06 1.50254393e-04],[1.17 1.17 1.17 1.26 1.19 1.19],[1.31 1.35 1.24 1.43 1.33 1.41]
36,5,[4.18381916e-07 1.91461509e-07 9.11658743e-03 4.06222681e-05],[1.35 1.08 1.23 1.08 1.23 1.08],[1.49 1.38 1.43 1.39 1.45 1.25]
36,6,[3.87162571e-03 8.79651536e-06 1.88541064e-03 2.76017858e-04],[1.11 1.11 1.11 1.11 1.15 1.11],[1.28 1.13 1.19 1.28 1.29 1.21]
36,7,[6.41831020e-05 5.26172702e-03 1.78276829e-03 8.00937925e-04],[1.1  1.11 1.12 1.1  1.1  1.11],[1.22 1.22 1.23 1.12 1.15 1.17]
36,8,[1.04618237e-05 2.48804348e-06 1.13089424e-06 3.74149604e-04],[1.27 1.27 1.19 1.29 1.19 1.19],[1.4  1.45 1.34 1.47 1.36 1.44]
36,9,[1.11570808e-07 3.75330812e-05 5.30318227e-04 1.68218186e-04],[1.21 1.18 1.19 1.18 1.19 1.18],[1.44 1.44 1.45 1.29 1.32 1.27]
0,0,[6.44746073e-02 4.51091784e-07 1.02249369e-03 1.77945805e-04],[1.   1.   1.   1.13 1.16 1.13],[1.36 1.13 1.18 1.38 1.38 1.22]
0,1,[4.25397953e-02 3.81245339e-04 2.50044561e-05 4.16447142e-05],[1.01 1.01 1.01 1.16 1.16 1.21],[1.16 1.25 1.23 1.27 1.25 1.37]
0,2,[3.75286363e-05 8.13423361e-04 1.67650898e-03 3.14609959e-05],[1.14 1.14 1.2  1.14 1.14 1.14],[1.25 1.25 1.31 1.17 1.27 1.29]
0,3,[4.62891037e-07 6.46002115e-07 8.93131145e-06 1.17155252e-06],[1.32 1.32 1.32 1.32 1.32 1.32],[1.48 1.5  1.52 1.49 1.49 1.57]
0,4,[2.45126981e-06 7.67312909e-06 2.11033035e-05 1.75933264e-02],[1.26 1.25 1.05 1.25 1.05 1.05],[1.37 1.4  1.32 1.37 1.28 1.26]
0,5,[5.99016196e-03 5.30739040e-06 6.34341772e-03 3.54410400e-05],[1.09 1.09 1.09 1.09 1.21 1.09],[1.28 1.09 1.24 1.28 1.36 1.25]
0,6,[1.66717183e-03 7.82933094e-04 3.24702188e-07 6.26474965e-08],[1.14 1.14 1.14 1.14 1.14 1.36],[1.16 1.38 1.41 1.38 1.41 1.66]
0,7,[1.75279875e-08 4.94571456e-05 2.64409586e-04 1.40177828e-06],[1.23 1.21 1.31 1.21 1.23 1.21],[1.49 1.49 1.59 1.29 1.4  1.44]
0,8,[8.69816166e-04 6.69857418e-06 2.74340055e-07 7.24172090e-04],[1.17 1.17 1.17 1.27 1.17 1.17],[1.31 1.4  1.2  1.48 1.32 1.43]
0,9,[2.86674708e-04 1.11059402e-03 1.70935119e-08 1.56206632e-03],[1.14 1.15 1.14 1.14 1.14 1.14],[1.2  1.48 1.21 1.48 1.17 1.51]
61,0,[0.00087853 0.00244957 0.00036639 0.00038143],[1.13 1.13 1.13 1.13 1.13 1.13],[1.15 1.2  1.19 1.19 1.18 1.24]
61,1,[2.69408902e-02 2.78194325e-07 7.20763854e-04 6.24554168e-08],[1.03 1.03 1.03 1.14 1.36 1.14],[1.38 1.14 1.42 1.38 1.6  1.48]
61,2,[3.66296282e-09 2.41773719e-04 9.82248131e-06 3.63587653e-04],[1.19 1.25 1.19 1.19 1.19 1.19],[1.53 1.58 1.53 1.34 1.24 1.37]
61,3,[7.88229435e-06 8.73058390e-06 6.72655477e-02 1.74105674e-03],[1.24 1.   1.11 1.   1.11 1.  ],[1.34 1.28 1.28 1.27 1.27 1.11]
61,4,[1.78162043e-02 1.76242494e-03 3.40592193e-02 4.84744078e-05],[1.02 1.02 1.02 1.02 1.09 1.02],[1.09 1.02 1.2  1.09 1.2  1.2 ]
61,5,[7.72155901e-04 2.54164364e-03 2.91838268e-03 3.75124927e-05],[1.12 1.12 1.12 1.12 1.12 1.12],[1.14 1.14 1.24 1.13 1.24 1.24]
61,6,[6.51613834e-04 1.87931501e-04 1.53534630e-07 4.86752098e-04],[1.17 1.17 1.17 1.17 1.17 1.17],[1.22 1.44 1.21 1.44 1.24 1.49]
61,7,[1.82326025e-03 4.23393797e-03 1.55282087e-05 2.92401561e-06],[1.11 1.11 1.11 1.11 1.11 1.24],[1.12 1.26 1.31 1.26 1.31 1.44]
61,8,[5.26537126e-06 1.11242533e-04 2.71367585e-05 1.94011654e-03],[1.2  1.22 1.14 1.2  1.14 1.14],[1.34 1.37 1.32 1.31 1.23 1.28]
61,9,[3.12973129e-04 4.83321711e-04 1.87915923e-07 1.13881540e-03],[1.16 1.16 1.16 1.16 1.16 1.16],[1.2  1.41 1.22 1.41 1.21 1.44]
60,0,[2.97780524e-05 5.64100703e-06 2.85152378e-05 1.88900682e-04],[1.22 1.22 1.22 1.22 1.22 1.22],[1.37 1.38 1.32 1.41 1.34 1.38]
60,1,[8.97108659e-04 1.30909290e-05 7.47677235e-05 1.74704131e-08],[1.16 1.16 1.16 1.21 1.24 1.21],[1.28 1.25 1.5  1.33 1.52 1.59]
60,2,[2.47926814e-03 7.49148446e-08 5.53274348e-04 6.30571252e-04],[1.13 1.13 1.13 1.13 1.13 1.13],[1.42 1.18 1.17 1.43 1.42 1.23]
60,3,[3.02080516e-07 1.09471726e-03 7.58593963e-05 4.42367317e-03],[1.12 1.19 1.11 1.12 1.11 1.11],[1.36 1.42 1.36 1.24 1.14 1.24]
60,4,[4.97007316e-05 6.13275381e-05 2.64114371e-04 5.69583565e-04],[1.19 1.18 1.18 1.18 1.18 1.18],[1.29 1.29 1.28 1.28 1.27 1.26]
60,5,[1.53011630e-05 1.37021956e-05 6.27317751e-03 3.39622256e-05],[1.23 1.09 1.23 1.09 1.23 1.09],[1.32 1.27 1.35 1.27 1.37 1.27]
60,6,[1.21949967e-06 8.36010155e-06 6.14300631e-03 2.83980084e-03],[1.26 1.09 1.09 1.09 1.09 1.09],[1.38 1.33 1.33 1.28 1.28 1.12]
60,7,[3.49006117e-03 1.02445776e-02 2.60222330e-08 2.11684694e-04],[1.07 1.08 1.08 1.07 1.07 1.16],[1.08 1.44 1.17 1.44 1.17 1.54]
60,8,[2.47975209e-05 1.12167092e-05 1.59593853e-07 5.74778630e-04],[1.25 1.25 1.18 1.25 1.18 1.18],[1.36 1.51 1.28 1.51 1.32 1.5 ]
60,9,[1.35529581e-03 2.93079723e-06 1.09150739e-01 5.79087415e-03],[1.1  1.   1.06 1.   1.06 1.  ],[1.29 1.11 1.11 1.29 1.29 1.06]
58,0,[1.55852624e-05 7.94517390e-05 1.33661090e-05 2.18588435e-04],[1.21 1.23 1.21 1.21 1.21 1.21],[1.33 1.4  1.32 1.36 1.29 1.39]
58,1,[1.02144241e-04 3.11195358e-09 1.93635858e-06 5.16985865e-06],[1.24 1.24 1.24 1.3  1.29 1.29],[1.56 1.4  1.36 1.66 1.59 1.55]
58,2,[1.16594177e-02 2.66988407e-04 2.98154815e-07 8.20043164e-05],[1.07 1.07 1.07 1.17 1.17 1.19],[1.17 1.39 1.21 1.41 1.25 1.47]
58,3,[2.97037852e-03 6.59161607e-05 3.24964327e-04 4.92574571e-05],[1.12 1.12 1.12 1.16 1.19 1.16],[1.22 1.19 1.25 1.26 1.29 1.28]
58,4,[0.00129965 0.04629441 0.00229551 0.00029478],[1.01 1.1  1.1  1.01 1.01 1.1 ],[1.12 1.12 1.18 1.1  1.17 1.19]
58,5,[4.05990486e-04 5.51578736e-05 5.24829233e-06 1.83154547e-02],[1.16 1.16 1.05 1.2  1.05 1.05],[1.23 1.33 1.16 1.34 1.22 1.3 ]
58,6,[3.18433482e-05 6.98172671e-03 1.47521449e-05 9.56263928e-07],[1.09 1.24 1.24 1.09 1.09 1.24],[1.24 1.33 1.42 1.26 1.35 1.52]
58,7,[9.21457670e-04 5.58079385e-04 5.00603775e-04 1.81116351e-06],[1.16 1.16 1.16 1.16 1.16 1.16],[1.17 1.2  1.35 1.2  1.35 1.4 ]
58,8,[1.34277296e-04 6.13000087e-03 2.75527099e-06 4.07069852e-05],[1.09 1.19 1.19 1.09 1.09 1.21],[1.19 1.35 1.31 1.32 1.24 1.43]
58,9,[4.87694359e-05 1.07688259e-03 1.12770674e-04 4.52174483e-03],[1.12 1.18 1.1  1.12 1.1  1.1 ],[1.22 1.29 1.22 1.25 1.15 1.25]
64,0,[2.45735285e-08 4.42625119e-07 1.62484872e-05 2.11923177e-02],[1.35 1.26 1.04 1.26 1.04 1.04],[1.55 1.52 1.45 1.45 1.37 1.26]
64,1,[6.66473349e-05 5.45457748e-03 2.62213680e-03 7.56707915e-04],[1.1  1.1  1.12 1.1  1.1  1.1 ],[1.21 1.21 1.24 1.11 1.15 1.17]
64,2,[9.44683570e-05 3.01429361e-04 3.58967297e-05 8.55792064e-04],[1.17 1.18 1.17 1.17 1.17 1.17],[1.26 1.31 1.25 1.29 1.21 1.33]
64,3,[1.27208381e-01 2.53538449e-05 1.71134440e-06 4.42364269e-05],[1.   1.   1.   1.22 1.22 1.22],[1.24 1.33 1.23 1.41 1.31 1.46]
64,4,[6.74837668e-08 6.11569885e-06 1.07758789e-03 8.05506550e-10],[1.29 1.16 1.4  1.16 1.29 1.16],[1.47 1.44 1.76 1.32 1.62 1.69]
64,5,[1.04812656e-03 1.30799754e-03 6.78607827e-04 1.94261296e-05],[1.15 1.15 1.15 1.15 1.15 1.15],[1.16 1.18 1.29 1.18 1.29 1.32]
64,6,[2.05683279e-05 9.08868923e-07 8.18870105e-09 4.24965533e-04],[1.25 1.25 1.19 1.32 1.19 1.19],[1.4  1.55 1.3  1.64 1.37 1.56]
64,7,[1.64960108e-04 4.78232434e-04 1.58622109e-05 4.89572929e-08],[1.19 1.19 1.19 1.19 1.19 1.24],[1.22 1.32 1.48 1.3  1.48 1.58]
64,8,[3.60006975e-03 6.84106037e-06 2.24065782e-02 6.23358183e-05],[1.08 1.04 1.08 1.04 1.2  1.04],[1.27 1.08 1.22 1.27 1.31 1.22]
64,9,[1.20477956e-02 6.20356349e-05 6.92606777e-06 5.69862058e-05],[1.07 1.07 1.07 1.2  1.2  1.2 ],[1.22 1.29 1.22 1.33 1.3  1.4 ]
44,0,[4.94544739e-06 4.64631999e-06 1.10353332e-04 1.22799488e-05],[1.26 1.24 1.26 1.24 1.26 1.24],[1.4  1.38 1.42 1.35 1.43 1.39]
44,1,[3.07629477e-11 1.88713855e-04 4.59168468e-08 3.97173814e-04],[1.19 1.41 1.19 1.19 1.19 1.19],[1.68 1.81 1.68 1.48 1.25 1.52]
44,2,[2.59754581e-04 3.29929827e-06 3.40189743e-06 2.91462321e-09],[1.21 1.21 1.21 1.29 1.29 1.29],[1.33 1.37 1.54 1.44 1.58 1.66]
44,3,[9.77044057e-04 2.30744710e-06 1.45815828e-02 4.22835088e-07],[1.13 1.06 1.13 1.06 1.3  1.06],[1.3  1.13 1.39 1.3  1.44 1.39]
44,4,[2.72423156e-03 6.93253476e-04 1.23939811e-05 4.51181281e-03],[1.11 1.11 1.11 1.12 1.11 1.11],[1.14 1.28 1.11 1.28 1.14 1.28]
44,5,[1.39918333e-05 1.27055293e-04 8.93828805e-04 3.37752771e-04],[1.18 1.16 1.16 1.16 1.16 1.16],[1.3  1.3  1.33 1.25 1.26 1.25]
44,6,[5.78496355e-06 4.07270296e-03 1.23915097e-05 1.39364521e-02],[1.08 1.25 1.06 1.08 1.06 1.06],[1.27 1.38 1.27 1.27 1.08 1.27]
44,7,[9.95033353e-04 1.93130741e-07 7.61677277e-09 6.31113987e-06],[1.16 1.16 1.16 1.37 1.29 1.29],[1.4  1.51 1.31 1.65 1.48 1.66]
44,8,[1.13978873e-08 6.49477897e-06 1.02820466e-03 3.12750376e-07],[1.29 1.16 1.35 1.16 1.29 1.16],[1.51 1.5  1.65 1.32 1.49 1.46]
44,9,[3.04621326e-03 2.68521822e-04 5.27779829e-06 7.42834367e-04],[1.12 1.12 1.12 1.15 1.14 1.14],[1.18 1.32 1.16 1.33 1.2  1.36]
56,0,[2.03857655e-04 3.08666018e-03 1.62048268e-04 1.15748755e-06],[1.12 1.17 1.17 1.12 1.12 1.17],[1.19 1.25 1.37 1.2  1.36 1.44]
56,1,[3.13779882e-04 4.17024560e-07 2.81066930e-05 5.17485921e-09],[1.2  1.2  1.2  1.24 1.34 1.24],[1.38 1.31 1.55 1.44 1.63 1.66]
56,2,[1.42574660e-06 3.23227190e-07 1.16448677e-03 2.92453239e-08],[1.33 1.16 1.33 1.16 1.35 1.16],[1.49 1.36 1.62 1.42 1.63 1.55]
56,3,[8.99480105e-04 3.79691594e-05 4.04492500e-06 2.04027078e-06],[1.16 1.16 1.16 1.23 1.23 1.28],[1.26 1.34 1.37 1.38 1.42 1.5 ]
56,4,[1.21839904e-05 5.40777032e-05 4.81702326e-06 1.91861337e-02],[1.22 1.25 1.05 1.22 1.05 1.05],[1.31 1.37 1.27 1.35 1.22 1.31]
56,5,[2.71873292e-06 1.38546137e-04 2.64921400e-04 3.45952666e-04],[1.2 1.2 1.2 1.2 1.2 1.2],[1.35 1.36 1.36 1.27 1.26 1.29]
56,6,[4.05960836e-03 5.66733523e-04 3.29988268e-04 2.19955951e-06],[1.11 1.11 1.11 1.14 1.14 1.14],[1.16 1.19 1.33 1.2  1.34 1.38]
56,7,[7.74226097e-08 2.92407840e-04 5.59360184e-05 1.09849237e-02],[1.17 1.2  1.07 1.17 1.07 1.07],[1.41 1.44 1.41 1.27 1.17 1.24]
56,8,[9.79119584e-06 3.12166175e-04 9.49395590e-06 1.89276634e-05],[1.2  1.24 1.24 1.2  1.2  1.24],[1.3  1.4  1.36 1.33 1.32 1.45]
56,9,[4.97936248e-06 4.67033808e-06 1.59038876e-02 3.71726618e-03],[1.26 1.05 1.08 1.05 1.08 1.05],[1.34 1.28 1.28 1.29 1.29 1.09]
62,0,[1.22687757e-04 1.02092072e-07 5.49201702e-04 3.42834867e-04],[1.18 1.18 1.18 1.18 1.18 1.18],[1.44 1.25 1.26 1.44 1.44 1.26]
62,1,[2.20914679e-04 7.03261763e-07 1.16668588e-04 2.28974728e-09],[1.21 1.21 1.21 1.21 1.33 1.21],[1.38 1.27 1.58 1.4  1.66 1.63]
62,2,[9.45249615e-03 5.09834266e-02 4.97010043e-05 1.55188060e-03],[1.   1.04 1.04 1.   1.   1.09],[1.04 1.21 1.09 1.21 1.09 1.23]
62,3,[1.05274484e-07 2.83671857e-07 4.15027631e-07 1.07509600e-06],[1.39 1.39 1.39 1.39 1.39 1.39],[1.51 1.61 1.57 1.57 1.54 1.62]
62,4,[3.17691469e-05 8.16066843e-07 8.94088636e-04 6.72693730e-05],[1.21 1.17 1.21 1.17 1.21 1.17],[1.39 1.27 1.34 1.38 1.42 1.28]
62,5,[1.21826963e-04 3.83872071e-05 1.53902049e-02 2.80612167e-06],[1.2  1.06 1.2  1.06 1.21 1.06],[1.26 1.2  1.35 1.23 1.39 1.33]
62,6,[5.86150611e-05 1.93544068e-04 5.70110848e-06 1.48861473e-07],[1.22 1.22 1.22 1.22 1.22 1.27],[1.27 1.38 1.47 1.36 1.44 1.57]
62,7,[2.81182976e-03 9.68363944e-05 3.77266539e-02 1.00052769e-06],[1.09 1.02 1.09 1.02 1.18 1.02],[1.19 1.09 1.33 1.19 1.36 1.33]
62,8,[7.26284384e-07 1.20328653e-05 1.43017508e-01 2.96806411e-07],[1.27 1.   1.33 1.   1.27 1.  ],[1.4  1.35 1.51 1.27 1.46 1.38]
62,9,[8.33342845e-03 3.13461424e-02 8.11978418e-09 3.69651849e-04],[1.03 1.05 1.05 1.03 1.03 1.14],[1.05 1.46 1.14 1.46 1.14 1.54]
81,0,[0.01415499 0.00076123 0.02556628 0.00013573],[1.03 1.03 1.03 1.03 1.12 1.03],[1.12 1.03 1.17 1.12 1.19 1.17]
81,1,[7.35639121e-06 4.42622610e-04 1.06990517e-04 8.28657414e-04],[1.17 1.18 1.17 1.17 1.17 1.17],[1.3  1.35 1.3  1.26 1.2  1.27]
81,2,[4.82871435e-03 1.17699884e-03 5.24833627e-06 2.18262867e-04],[1.1  1.1  1.1  1.12 1.12 1.16],[1.13 1.3  1.19 1.3  1.19 1.36]
81,3,[1.47232812e-05 6.92145706e-06 9.10736896e-06 1.28925247e-05],[1.3 1.3 1.3 1.3 1.3 1.3],[1.37 1.4  1.4  1.4  1.44 1.48]
81,4,[2.82774778e-07 2.48100186e-05 8.64347931e-07 1.51748806e-05],[1.28 1.32 1.28 1.28 1.28 1.28],[1.44 1.52 1.52 1.43 1.41 1.53]
81,5,[1.77800003e-06 8.17398534e-02 2.76911853e-03 2.25822229e-04],[1.   1.09 1.15 1.   1.   1.09],[1.32 1.32 1.34 1.09 1.17 1.19]
81,6,[4.05866336e-02 5.88957117e-06 1.00878603e-03 7.51527552e-05],[1.01 1.01 1.01 1.12 1.19 1.12],[1.29 1.12 1.21 1.29 1.34 1.26]
81,7,[2.60262049e-04 1.11671917e-05 8.80294784e-07 3.72673920e-06],[1.21 1.21 1.21 1.27 1.27 1.28],[1.31 1.4  1.37 1.45 1.43 1.58]
81,8,[2.39009932e-06 1.12890582e-05 3.31871282e-05 6.64295314e-04],[1.25 1.23 1.18 1.23 1.18 1.18],[1.38 1.43 1.35 1.41 1.3  1.36]
81,9,[3.97584043e-04 8.47299335e-03 4.31139350e-07 6.50932550e-03],[1.08 1.14 1.08 1.08 1.08 1.08],[1.15 1.38 1.15 1.37 1.08 1.37]
34,0,[1.85909981e-03 1.53746287e-04 4.55920076e-05 5.83610899e-05],[1.14 1.14 1.14 1.19 1.19 1.19],[1.21 1.25 1.24 1.3  1.28 1.35]
34,1,[9.08023227e-04 9.56638653e-04 1.05677724e-08 1.79772287e-05],[1.16 1.16 1.16 1.16 1.16 1.23],[1.17 1.48 1.28 1.48 1.28 1.61]
34,2,[3.74347637e-08 4.71921843e-05 1.63867397e-07 1.59275571e-02],[1.22 1.38 1.06 1.22 1.06 1.06],[1.44 1.64 1.43 1.46 1.23 1.42]
34,3,[2.29306032e-07 2.37137359e-04 1.28165885e-07 1.32942363e-04],[1.21 1.36 1.21 1.21 1.21 1.21],[1.41 1.59 1.44 1.45 1.29 1.53]
34,4,[1.02394740e-07 3.32357425e-05 4.88017687e-06 2.51392087e-08],[1.27 1.29 1.39 1.27 1.27 1.29],[1.45 1.5  1.62 1.39 1.52 1.67]
34,5,[8.78454697e-05 1.36797873e-07 4.39041513e-06 3.14357324e-06],[1.24 1.24 1.24 1.29 1.29 1.29],[1.44 1.38 1.4  1.52 1.53 1.54]
34,6,[1.32339834e-05 2.94018828e-06 2.56649644e-05 3.58620713e-05],[1.27 1.27 1.27 1.27 1.27 1.27],[1.38 1.36 1.37 1.4  1.43 1.44]
34,7,[3.77539395e-04 9.30845767e-08 5.36155896e-04 8.86798388e-07],[1.18 1.18 1.18 1.18 1.33 1.18],[1.42 1.22 1.39 1.42 1.53 1.41]
34,8,[6.32784210e-03 2.09683918e-04 6.56799606e-05 2.00153094e-09],[1.09 1.09 1.09 1.18 1.18 1.2 ],[1.18 1.22 1.52 1.25 1.54 1.61]
34,9,[0.01524026 0.00100035 0.00056089 0.00037922],[1.06 1.06 1.06 1.12 1.12 1.13],[1.12 1.15 1.16 1.16 1.18 1.22]
52,0,[8.69413590e-06 5.68958992e-06 2.83511032e-04 1.76944807e-03],[1.26 1.17 1.14 1.17 1.14 1.14],[1.36 1.32 1.29 1.34 1.31 1.23]
52,1,[2.56256545e-05 4.79193026e-05 1.18253666e-05 3.26731108e-05],[1.26 1.26 1.26 1.26 1.26 1.26],[1.32 1.38 1.37 1.34 1.34 1.45]
52,2,[4.08488839e-07 4.01023749e-06 1.52547565e-04 4.27554201e-04],[1.28 1.19 1.19 1.19 1.19 1.19],[1.45 1.44 1.41 1.36 1.35 1.29]
52,3,[3.39316269e-03 1.53486315e-04 1.18287804e-03 2.69942241e-06],[1.12 1.12 1.12 1.12 1.17 1.12],[1.2  1.14 1.33 1.2  1.37 1.34]
52,4,[1.89680206e-03 2.92868587e-04 2.80043712e-05 1.28510394e-04],[1.14 1.14 1.14 1.16 1.16 1.17],[1.18 1.27 1.22 1.28 1.23 1.34]
52,5,[6.62425300e-07 7.82481873e-08 1.00932742e-05 2.57788395e-08],[1.36 1.31 1.36 1.31 1.4  1.31],[1.53 1.49 1.61 1.5  1.68 1.69]
52,6,[1.11403217e-04 4.40922669e-05 9.61626943e-04 2.29016700e-04],[1.18 1.16 1.17 1.16 1.17 1.16],[1.28 1.23 1.28 1.27 1.31 1.25]
52,7,[3.04973943e-06 3.03917458e-08 7.53984622e-04 1.18099206e-04],[1.29 1.17 1.2  1.17 1.2  1.17],[1.55 1.34 1.38 1.48 1.52 1.27]
52,8,[1.25439832e-06 3.62761428e-05 1.05795885e-06 5.80667114e-06],[1.27 1.3  1.29 1.27 1.27 1.29],[1.39 1.51 1.51 1.44 1.41 1.55]
52,9,[5.97473277e-06 8.53268760e-04 2.42558196e-10 9.85070788e-03],[1.13 1.27 1.07 1.13 1.07 1.07],[1.28 1.66 1.28 1.6  1.14 1.6 ]
42,0,[1.69214695e-05 1.72722766e-06 4.50988043e-06 3.02472987e-05],[1.28 1.28 1.28 1.28 1.28 1.28],[1.41 1.43 1.38 1.48 1.43 1.5 ]
42,1,[0.00040529 0.00135375 0.00026204 0.00830095],[1.12 1.14 1.08 1.12 1.08 1.08],[1.16 1.2  1.16 1.19 1.12 1.19]
42,2,[5.31356361e-02 8.17397752e-06 9.50881225e-07 4.25733201e-04],[1.   1.   1.   1.26 1.15 1.15],[1.28 1.34 1.15 1.42 1.29 1.39]
42,3,[0.00047339 0.00018907 0.00145135 0.00246912],[1.13 1.13 1.13 1.13 1.13 1.13],[1.22 1.19 1.18 1.21 1.21 1.16]
42,4,[0.00041705 0.00013771 0.00044202 0.0002924 ],[1.19 1.19 1.19 1.19 1.19 1.19],[1.22 1.22 1.24 1.24 1.26 1.28]
42,5,[4.21365881e-04 7.04623393e-04 3.66175300e-05 2.71443959e-03],[1.14 1.14 1.12 1.14 1.12 1.12],[1.19 1.3  1.18 1.28 1.18 1.3 ]
42,6,[1.43153497e-04 4.36997250e-03 5.53166972e-05 8.20117859e-05],[1.11 1.19 1.19 1.11 1.11 1.19],[1.2  1.28 1.26 1.23 1.22 1.35]
42,7,[1.65812260e-03 2.54945081e-02 1.50240828e-06 2.46367124e-06],[1.04 1.11 1.11 1.04 1.04 1.3 ],[1.11 1.33 1.3  1.33 1.3  1.51]
42,8,[3.27865675e-05 3.68829698e-07 8.87460920e-05 1.81987472e-08],[1.24 1.24 1.24 1.24 1.35 1.24],[1.42 1.31 1.54 1.42 1.62 1.6 ]
42,9,[3.28482969e-06 1.18103685e-05 6.21724313e-04 1.16915154e-06],[1.27 1.18 1.28 1.18 1.27 1.18],[1.39 1.35 1.48 1.32 1.46 1.44]
35,0,[4.69953192e-05 9.03380119e-03 4.66180383e-05 5.87448509e-03],[1.08 1.19 1.08 1.08 1.08 1.08],[1.21 1.31 1.21 1.23 1.08 1.23]
35,1,[3.28485589e-06 4.49567807e-07 5.60303315e-04 5.74312914e-03],[1.29 1.15 1.1  1.15 1.1  1.1 ],[1.44 1.32 1.32 1.39 1.38 1.17]
35,2,[9.03260530e-04 2.96327502e-06 1.89220981e-04 9.00397306e-07],[1.16 1.16 1.16 1.18 1.29 1.18],[1.32 1.23 1.38 1.35 1.46 1.46]
35,3,[1.54173710e-06 3.77543711e-05 1.68511460e-06 4.78777437e-06],[1.27 1.29 1.29 1.27 1.27 1.29],[1.39 1.51 1.46 1.44 1.41 1.56]
35,4,[1.65670915e-03 2.70179987e-08 8.53157398e-08 8.32785824e-04],[1.14 1.14 1.14 1.39 1.14 1.14],[1.45 1.44 1.17 1.64 1.45 1.48]
35,5,[5.83921811e-05 5.04511998e-05 9.86115132e-02 1.47525899e-07],[1.2 1.  1.2 1.  1.2 1. ],[1.27 1.22 1.44 1.22 1.45 1.4 ]
35,6,[3.14213909e-05 9.37737799e-06 8.75487895e-05 1.45206440e-07],[1.25 1.25 1.25 1.25 1.25 1.25],[1.35 1.33 1.48 1.38 1.54 1.57]
35,7,[3.39250758e-04 2.36787265e-05 1.68009134e-04 8.49514366e-07],[1.2  1.2  1.2  1.2  1.23 1.2 ],[1.27 1.26 1.4  1.32 1.45 1.47]
35,8,[3.73738453e-04 1.43598242e-06 9.41949583e-05 5.85006236e-03],[1.16 1.16 1.09 1.18 1.09 1.09],[1.33 1.26 1.17 1.38 1.33 1.24]
35,9,[1.48466667e-05 1.59718343e-04 2.82987842e-08 2.65238007e-04],[1.21 1.24 1.21 1.21 1.21 1.21],[1.31 1.53 1.31 1.5  1.26 1.56]
80,0,[1.10668292e-04 2.32422915e-05 1.49710340e-04 1.07498675e-05],[1.23 1.23 1.23 1.23 1.23 1.23],[1.3  1.29 1.36 1.34 1.38 1.4 ]
80,1,[4.82748926e-04 3.03592901e-04 2.16299517e-06 1.68809585e-05],[1.19 1.19 1.19 1.19 1.19 1.24],[1.21 1.38 1.3  1.39 1.3  1.52]
80,2,[5.59924065e-04 1.53369692e-02 4.77782716e-04 1.16727715e-05],[1.06 1.13 1.13 1.06 1.06 1.13],[1.15 1.18 1.28 1.15 1.27 1.32]
80,3,[6.44564865e-07 1.88914733e-06 2.93574526e-04 5.98513921e-05],[1.3  1.2  1.22 1.2  1.22 1.2 ],[1.45 1.41 1.43 1.37 1.43 1.33]
80,4,[5.59726804e-02 1.86645822e-04 8.70318214e-06 2.31399403e-06],[1.   1.   1.   1.18 1.18 1.26],[1.18 1.28 1.32 1.33 1.35 1.49]
80,5,[5.29597000e-07 1.75803218e-03 2.25317408e-04 5.74526560e-07],[1.14 1.18 1.32 1.14 1.14 1.18],[1.37 1.39 1.49 1.21 1.39 1.45]
80,6,[1.49572642e-05 1.01888395e-08 1.63814905e-07 6.03798725e-03],[1.26 1.26 1.09 1.38 1.09 1.09],[1.5  1.46 1.28 1.62 1.49 1.45]
80,7,[1.23775005e-03 5.12871850e-06 1.97696215e-09 2.63685615e-02],[1.12 1.12 1.03 1.27 1.03 1.03],[1.28 1.52 1.12 1.6  1.28 1.52]
80,8,[1.08130095e-03 2.25126010e-07 2.72901785e-07 2.63320992e-04],[1.16 1.16 1.16 1.35 1.17 1.17],[1.4  1.41 1.21 1.53 1.4  1.47]
80,9,[3.33055440e-03 1.15414931e-02 1.85339368e-06 6.63416756e-05],[1.07 1.08 1.08 1.07 1.07 1.2 ],[1.08 1.32 1.21 1.32 1.21 1.4 ]
71,0,[0.00720865 0.00021666 0.00091068 0.00396808],[1.09 1.09 1.09 1.11 1.09 1.09],[1.17 1.14 1.1  1.2  1.17 1.15]
71,1,[2.49030779e-06 5.46348937e-06 9.57406073e-05 3.62515148e-06],[1.28 1.24 1.28 1.24 1.28 1.24],[1.4  1.4  1.47 1.37 1.45 1.46]
71,2,[6.20522506e-06 2.42768095e-05 3.54881398e-07 1.82739676e-05],[1.28 1.28 1.28 1.28 1.28 1.28],[1.37 1.49 1.41 1.45 1.36 1.57]
71,3,[3.06971924e-05 1.35041674e-03 9.34477945e-04 2.52766311e-02],[1.11 1.11 1.04 1.11 1.04 1.04],[1.23 1.25 1.23 1.15 1.11 1.13]
71,4,[9.57139155e-04 3.79692577e-05 1.34942593e-03 1.80359869e-05],[1.15 1.15 1.15 1.15 1.21 1.15],[1.25 1.17 1.3  1.25 1.34 1.32]
71,5,[6.10604722e-09 1.83161121e-05 8.99195411e-07 1.47883792e-03],[1.25 1.32 1.15 1.25 1.15 1.15],[1.51 1.64 1.5  1.46 1.28 1.41]
71,6,[4.85536145e-09 6.30161411e-06 7.08135861e-09 6.11505871e-04],[1.29 1.45 1.18 1.29 1.18 1.18],[1.56 1.73 1.52 1.59 1.34 1.58]
71,7,[4.82447218e-07 1.12536154e-06 4.16891857e-04 1.88190078e-04],[1.32 1.19 1.19 1.19 1.19 1.19],[1.45 1.4  1.42 1.39 1.4  1.29]
71,8,[7.05971132e-04 8.77597925e-06 1.40693895e-06 1.50630024e-02],[1.14 1.14 1.06 1.26 1.06 1.06],[1.27 1.35 1.14 1.43 1.27 1.35]
71,9,[9.19826989e-04 5.82482356e-04 4.58520374e-03 2.76448959e-06],[1.13 1.1  1.13 1.1  1.13 1.1 ],[1.16 1.15 1.34 1.16 1.34 1.34]
65,0,[2.65735699e-05 1.07245353e-07 2.35005400e-05 2.24875051e-04],[1.23 1.23 1.21 1.23 1.21 1.21],[1.45 1.37 1.3  1.5  1.45 1.37]
65,1,[1.46348197e-04 2.44783795e-07 6.43474973e-06 6.78941585e-06],[1.23 1.23 1.23 1.27 1.27 1.27],[1.41 1.35 1.35 1.47 1.5  1.48]
65,2,[1.30807043e-06 1.10562359e-04 7.24697386e-05 1.57201745e-04],[1.22 1.22 1.22 1.22 1.22 1.22],[1.39 1.4  1.39 1.3  1.3  1.33]
65,3,[4.45157507e-07 1.24205658e-06 3.63416500e-05 3.02537665e-04],[1.32 1.23 1.2  1.23 1.2  1.2 ],[1.48 1.46 1.42 1.41 1.4  1.36]
65,4,[1.73326575e-04 5.03095887e-04 4.53888107e-03 9.37503142e-06],[1.15 1.1  1.17 1.1  1.15 1.1 ],[1.2  1.2  1.32 1.16 1.3  1.3 ]
65,5,[6.53785236e-06 2.45158090e-05 7.37299959e-04 2.37862393e-03],[1.23 1.14 1.13 1.14 1.13 1.13],[1.34 1.33 1.3  1.29 1.27 1.2 ]
65,6,[3.52859683e-04 1.58440586e-05 4.88606523e-06 3.88983178e-05],[1.2  1.2  1.2  1.24 1.23 1.23],[1.29 1.34 1.31 1.41 1.37 1.47]
65,7,[4.28321148e-06 2.83918633e-04 2.38765557e-04 6.32702649e-06],[1.2  1.2  1.26 1.2  1.2  1.2 ],[1.32 1.34 1.41 1.25 1.34 1.42]
65,8,[1.61718886e-03 1.99507999e-03 2.28052538e-04 4.31552376e-07],[1.14 1.14 1.14 1.14 1.14 1.16],[1.14 1.18 1.37 1.18 1.37 1.44]
65,9,[1.93838804e-04 9.41739502e-08 2.50097107e-03 2.19596667e-07],[1.18 1.13 1.18 1.13 1.36 1.13],[1.42 1.2  1.44 1.42 1.62 1.44]
59,0,[1.46684433e-04 6.19478357e-09 1.00193083e-04 1.32129624e-02],[1.18 1.18 1.06 1.18 1.06 1.06],[1.48 1.28 1.19 1.54 1.48 1.22]
59,1,[5.56034526e-07 6.75684680e-07 1.79504040e-04 5.22961152e-07],[1.33 1.22 1.33 1.22 1.33 1.22],[1.48 1.4  1.55 1.41 1.54 1.5 ]
59,2,[0.00926016 0.00012097 0.00094456 0.00136025],[1.08 1.08 1.08 1.11 1.11 1.11],[1.2  1.14 1.12 1.21 1.2  1.16]
59,3,[8.86706611e-05 1.75110699e-01 7.77417853e-04 2.69577745e-04],[1.   1.14 1.15 1.   1.   1.14],[1.21 1.23 1.25 1.14 1.17 1.21]
59,4,[8.41774029e-05 1.98580425e-04 9.68887417e-07 4.88203608e-03],[1.18 1.19 1.1  1.18 1.1  1.1 ],[1.23 1.4  1.21 1.4  1.19 1.39]
59,5,[0.0007071  0.00141646 0.00086677 0.00162511],[1.14 1.14 1.14 1.14 1.14 1.14],[1.16 1.18 1.16 1.17 1.16 1.19]
59,6,[1.77996399e-05 2.20848764e-04 1.36863399e-05 5.81505311e-04],[1.18 1.23 1.18 1.18 1.18 1.18],[1.3  1.38 1.31 1.32 1.23 1.35]
59,7,[2.38349825e-05 2.77169978e-06 1.46234970e-03 3.97502111e-04],[1.22 1.15 1.16 1.15 1.16 1.15],[1.36 1.29 1.31 1.34 1.36 1.22]
59,8,[4.61815226e-08 6.46318047e-07 6.85991500e-02 5.24817600e-04],[1.33 1.   1.15 1.   1.15 1.  ],[1.51 1.43 1.44 1.35 1.37 1.15]
59,9,[4.53659188e-04 2.18207912e-04 7.39872020e-06 2.81449742e-04],[1.19 1.19 1.19 1.19 1.19 1.19],[1.21 1.34 1.24 1.34 1.24 1.39]
83,0,[4.69297346e-07 2.24267842e-04 3.96646753e-03 1.35492775e-03],[1.16 1.11 1.12 1.11 1.12 1.11],[1.36 1.36 1.36 1.2  1.21 1.16]
83,1,[1.39484575e-03 5.46561271e-04 1.16754659e-08 2.64254613e-05],[1.15 1.15 1.15 1.15 1.15 1.22],[1.18 1.47 1.29 1.47 1.29 1.62]
83,2,[4.17600954e-03 2.76248948e-05 5.45477855e-06 3.55107036e-07],[1.11 1.11 1.11 1.24 1.24 1.27],[1.24 1.3  1.38 1.37 1.43 1.52]
83,3,[2.39345565e-04 1.32406077e-08 7.29683370e-06 5.80896900e-05],[1.21 1.21 1.21 1.26 1.22 1.22],[1.48 1.35 1.29 1.56 1.51 1.41]
83,4,[1.78860007e-04 6.67570210e-05 9.75434817e-06 3.04581295e-02],[1.18 1.18 1.03 1.2  1.03 1.03],[1.24 1.33 1.18 1.35 1.22 1.28]
83,5,[9.87916646e-04 7.87876077e-02 1.03393423e-02 2.30336500e-06],[1.   1.04 1.11 1.   1.   1.04],[1.11 1.11 1.31 1.04 1.31 1.31]
83,6,[0.01135247 0.04415805 0.00565843 0.00032619],[1.01 1.04 1.04 1.01 1.01 1.05],[1.04 1.05 1.15 1.05 1.15 1.15]
83,7,[3.89483509e-02 5.70745069e-06 3.49375076e-06 3.77421295e-03],[1.02 1.02 1.02 1.27 1.08 1.08],[1.27 1.31 1.08 1.43 1.27 1.33]
83,8,[1.79547077e-07 9.35528638e-05 3.68357891e-05 4.71429086e-04],[1.2  1.21 1.19 1.2  1.19 1.19],[1.42 1.46 1.42 1.33 1.26 1.32]
83,9,[1.18249902e-07 6.18055421e-06 4.74971156e-07 8.46826957e-05],[1.29 1.34 1.24 1.29 1.24 1.24],[1.48 1.58 1.46 1.51 1.37 1.53]
82,0,[1.34198248e-08 9.13226250e-09 3.10335725e-04 1.03029187e-06],[1.44 1.2  1.34 1.2  1.34 1.2 ],[1.63 1.53 1.61 1.51 1.62 1.48]
82,1,[3.21947263e-07 5.10365912e-07 2.03492417e-05 1.43719197e-03],[1.33 1.25 1.15 1.25 1.15 1.15],[1.48 1.45 1.39 1.44 1.38 1.31]
82,2,[3.47458007e-04 1.09109675e-02 2.97065857e-06 1.62227386e-03],[1.07 1.14 1.11 1.07 1.07 1.11],[1.16 1.33 1.17 1.31 1.11 1.35]
82,3,[1.00681275e-03 3.85605516e-05 4.41934020e-05 2.23531437e-03],[1.13 1.13 1.13 1.2  1.13 1.13],[1.24 1.27 1.16 1.32 1.24 1.28]
82,4,[6.24637186e-09 1.72001015e-03 6.48081963e-05 2.66455644e-07],[1.14 1.21 1.36 1.14 1.14 1.21],[1.49 1.52 1.65 1.24 1.4  1.49]
82,5,[1.38880372e-03 4.56520953e-05 6.46911163e-03 2.50265200e-03],[1.1  1.09 1.09 1.09 1.09 1.09],[1.22 1.13 1.15 1.22 1.22 1.13]
82,6,[6.03872761e-04 5.12373016e-02 8.66101441e-06 6.95374335e-05],[1.   1.14 1.14 1.   1.   1.19],[1.14 1.3  1.24 1.28 1.21 1.38]
82,7,[1.07058237e-03 4.48313339e-07 5.41856926e-04 9.89674889e-05],[1.16 1.16 1.16 1.16 1.18 1.16],[1.37 1.19 1.25 1.37 1.41 1.28]
82,8,[3.22445100e-06 1.59836845e-06 2.00484128e-05 2.08233222e-06],[1.29 1.29 1.29 1.29 1.29 1.29],[1.43 1.43 1.49 1.43 1.5  1.51]
82,9,[6.46562861e-05 5.43465052e-04 6.59016759e-07 6.48542332e-03],[1.15 1.2  1.09 1.15 1.09 1.09],[1.21 1.4  1.21 1.39 1.16 1.38]
84,0,[1.51648165e-04 3.19594289e-04 3.21858315e-05 2.82338894e-03],[1.17 1.17 1.12 1.17 1.12 1.12],[1.23 1.3  1.22 1.29 1.18 1.28]
84,1,[2.39053514e-02 1.98930573e-02 3.79983646e-04 2.18543024e-08],[1.01 1.01 1.01 1.01 1.01 1.14],[1.01 1.14 1.43 1.14 1.43 1.49]
84,2,[1.29251687e-06 8.42576857e-07 2.31004423e-03 2.00302176e-04],[1.31 1.13 1.18 1.13 1.18 1.13],[1.45 1.36 1.39 1.37 1.43 1.23]
84,3,[2.19779206e-03 1.34091005e-04 5.24801727e-06 1.22913998e-01],[1.1  1.1  1.   1.17 1.   1.  ],[1.18 1.29 1.1  1.32 1.18 1.29]
84,4,[3.33242817e-04 5.42793827e-05 7.65320984e-09 6.29775628e-04],[1.18 1.18 1.18 1.2  1.18 1.18],[1.26 1.52 1.23 1.54 1.27 1.57]
84,5,[2.57436442e-04 2.07744510e-03 5.07688764e-02 1.96654311e-05],[1.1  1.   1.15 1.   1.1  1.  ],[1.16 1.16 1.28 1.1  1.25 1.25]
84,6,[9.13035853e-04 5.66362845e-05 4.39244626e-04 6.27462987e-05],[1.16 1.16 1.16 1.16 1.19 1.16],[1.24 1.2  1.26 1.26 1.31 1.31]
84,7,[1.19599104e-02 1.00562301e-03 3.76667424e-08 2.45410618e-03],[1.07 1.07 1.07 1.11 1.1  1.1 ],[1.13 1.43 1.1  1.43 1.13 1.45]
84,8,[2.33829770e-03 7.49953677e-03 2.26547566e-07 6.09195068e-05],[1.08 1.1  1.1  1.08 1.08 1.2 ],[1.1  1.38 1.22 1.38 1.22 1.46]
84,9,[3.21425642e-09 6.44916494e-05 4.62797731e-07 1.22511817e-04],[1.24 1.34 1.24 1.24 1.24 1.24],[1.54 1.67 1.54 1.42 1.3  1.49]
98,0,[1.96655189e-05 2.61274955e-05 1.34905355e-05 1.58916796e-02],[1.23 1.23 1.06 1.23 1.06 1.06],[1.31 1.35 1.25 1.35 1.25 1.28]
98,1,[7.39017631e-04 1.54312578e-04 1.21492781e-03 5.80856152e-08],[1.15 1.15 1.15 1.15 1.17 1.15],[1.21 1.19 1.45 1.22 1.45 1.47]
98,2,[3.76729631e-07 2.38217920e-06 1.97124416e-02 9.69786202e-05],[1.3  1.05 1.2  1.05 1.2  1.05],[1.45 1.37 1.41 1.33 1.37 1.21]
98,3,[1.76044919e-03 3.98040906e-05 8.84370447e-05 8.69252042e-05],[1.14 1.14 1.14 1.19 1.19 1.19],[1.25 1.24 1.23 1.32 1.29 1.35]
98,4,[1.42315511e-04 1.78365928e-03 5.37511273e-06 1.72835832e-08],[1.14 1.19 1.19 1.14 1.14 1.27],[1.21 1.34 1.47 1.32 1.47 1.65]
98,5,[0.0001643  0.0015573  0.10596131 0.00049739],[1.11 1.   1.13 1.   1.11 1.  ],[1.18 1.18 1.21 1.11 1.16 1.15]
98,6,[4.82322314e-05 8.84925248e-07 1.73296843e-06 3.45437482e-04],[1.22 1.22 1.2  1.31 1.2  1.2 ],[1.37 1.4  1.28 1.47 1.37 1.43]
98,7,[5.01306903e-04 9.09611694e-06 1.22204971e-03 2.54105022e-02],[1.13 1.12 1.04 1.12 1.04 1.04],[1.27 1.17 1.15 1.27 1.27 1.12]
98,8,[3.31489384e-03 1.90152851e-06 1.78609787e-04 1.10813134e-04],[1.12 1.12 1.12 1.18 1.18 1.18],[1.32 1.2  1.23 1.36 1.37 1.29]
98,9,[3.16557208e-05 3.33405210e-02 8.48377009e-08 6.22073669e-04],[1.02 1.22 1.14 1.02 1.02 1.14],[1.24 1.47 1.27 1.41 1.14 1.46]
89,0,[1.66216958e-05 3.51227280e-06 4.26081470e-07 5.45374877e-03],[1.26 1.26 1.1  1.28 1.1  1.1 ],[1.35 1.45 1.27 1.5  1.32 1.4 ]
89,1,[8.53846471e-08 1.41411254e-08 2.41598521e-05 3.20417642e-04],[1.39 1.24 1.2  1.24 1.2  1.2 ],[1.6  1.52 1.46 1.56 1.51 1.35]
89,2,[2.85686792e-04 4.69583694e-03 8.93029943e-06 5.98653370e-05],[1.1  1.17 1.17 1.1  1.1  1.2 ],[1.17 1.31 1.27 1.29 1.24 1.39]
89,3,[3.04307913e-03 6.14694080e-08 4.76741475e-04 1.83064016e-03],[1.12 1.12 1.12 1.13 1.12 1.12],[1.41 1.17 1.14 1.41 1.42 1.19]
89,4,[4.37192156e-08 1.34391482e-04 1.54085433e-09 2.78785890e-04],[1.21 1.41 1.21 1.21 1.21 1.21],[1.46 1.69 1.5  1.58 1.27 1.69]
89,5,[8.30383861e-05 9.07617581e-04 1.67092348e-02 1.05966067e-02],[1.11 1.05 1.05 1.05 1.05 1.05],[1.19 1.19 1.19 1.11 1.11 1.05]
89,6,[2.24074524e-04 3.21732761e-05 2.77753302e-06 8.41938768e-05],[1.21 1.21 1.21 1.22 1.21 1.21],[1.29 1.39 1.28 1.4  1.33 1.48]
89,7,[9.07282493e-05 1.92893996e-06 2.36899852e-05 1.07309748e-03],[1.2  1.2  1.16 1.22 1.16 1.16],[1.36 1.33 1.24 1.41 1.36 1.32]
89,8,[1.49581190e-06 9.06257544e-06 5.57605018e-04 1.94622395e-02],[1.26 1.15 1.05 1.15 1.05 1.05],[1.4  1.34 1.33 1.3  1.28 1.15]
89,9,[1.84173955e-05 6.09071588e-04 4.34022515e-01 4.28661551e-11],[1.14 1.   1.24 1.   1.14 1.  ],[1.24 1.24 1.66 1.14 1.63 1.63]
85,0,[6.45943461e-08 1.06001010e-06 3.24090411e-04 1.06771588e-03],[1.31 1.16 1.16 1.16 1.16 1.16],[1.49 1.45 1.45 1.39 1.37 1.24]
85,1,[1.75471942e-03 9.74675272e-05 2.14815077e-09 1.34589326e-02],[1.11 1.11 1.06 1.18 1.06 1.06],[1.19 1.52 1.11 1.55 1.19 1.52]
85,2,[2.92138206e-04 1.36675822e-03 1.07815693e-04 2.23942334e-08],[1.15 1.17 1.17 1.15 1.15 1.18],[1.19 1.25 1.47 1.24 1.47 1.54]
85,3,[1.95107449e-05 9.56881052e-03 3.69027015e-03 2.29465773e-08],[1.08 1.08 1.23 1.08 1.08 1.08],[1.25 1.25 1.52 1.09 1.46 1.47]
85,4,[1.46148942e-06 4.66891280e-05 1.50648004e-04 4.57766239e-04],[1.21 1.19 1.19 1.19 1.19 1.19],[1.38 1.4  1.38 1.31 1.27 1.3 ]
85,5,[3.18493864e-03 8.76137997e-05 2.61332444e-03 8.53584508e-08],[1.12 1.12 1.12 1.12 1.19 1.12],[1.2  1.12 1.43 1.2  1.44 1.46]
85,6,[1.22174728e-05 7.03323120e-04 8.91402521e-08 2.30742898e-02],[1.14 1.25 1.04 1.14 1.04 1.04],[1.26 1.46 1.26 1.42 1.14 1.42]
85,7,[2.34310459e-05 6.09261760e-05 1.16560301e-02 9.21277688e-06],[1.22 1.07 1.22 1.07 1.22 1.07],[1.29 1.25 1.38 1.22 1.35 1.3 ]
85,8,[8.48433576e-06 3.47020408e-05 3.59618593e-04 9.72007253e-04],[1.21 1.16 1.16 1.16 1.16 1.16],[1.34 1.33 1.32 1.31 1.27 1.25]
85,9,[2.74331334e-04 3.06982781e-04 5.66298926e-06 3.05526886e-03],[1.15 1.15 1.12 1.15 1.12 1.12],[1.21 1.33 1.2  1.34 1.18 1.35]
87,0,[1.02560783e-06 1.57287841e-03 1.62574448e-05 2.08562816e-05],[1.15 1.24 1.24 1.15 1.15 1.24],[1.34 1.44 1.41 1.29 1.28 1.42]
87,1,[1.16543599e-08 1.54875835e-05 5.02716346e-03 1.26144380e-04],[1.24 1.1  1.19 1.1  1.19 1.1 ],[1.51 1.49 1.53 1.27 1.34 1.24]
87,2,[7.81512091e-02 5.62887600e-05 7.60189893e-04 8.94575727e-05],[1.   1.   1.   1.13 1.18 1.13],[1.22 1.13 1.2  1.24 1.28 1.25]
87,3,[1.07582121e-04 1.36558196e-02 3.53137428e-06 1.80692167e-07],[1.06 1.2  1.2  1.06 1.06 1.28],[1.2  1.37 1.42 1.31 1.39 1.58]
87,4,[3.24289848e-03 2.95328732e-05 5.31442639e-08 1.60821694e-03],[1.12 1.12 1.12 1.22 1.12 1.12],[1.25 1.43 1.14 1.48 1.25 1.46]
87,5,[3.92259742e-06 4.72410714e-07 9.99620551e-06 5.48374908e-05],[1.28 1.27 1.26 1.27 1.26 1.26],[1.44 1.44 1.39 1.49 1.45 1.45]
87,6,[1.53574048e-05 3.74517064e-04 4.46683524e-06 2.47250887e-05],[1.19 1.24 1.24 1.19 1.19 1.24],[1.29 1.41 1.37 1.35 1.3  1.47]
87,7,[1.42079391e-04 3.05470670e-05 1.83327447e-05 3.86647407e-04],[1.19 1.19 1.19 1.22 1.19 1.19],[1.29 1.32 1.26 1.37 1.29 1.35]
87,8,[3.76814281e-05 1.37459308e-03 8.21932913e-04 3.98157148e-02],[1.11 1.11 1.02 1.11 1.02 1.02],[1.22 1.23 1.22 1.15 1.12 1.13]
87,9,[3.88323671e-05 9.84283419e-03 4.48647022e-03 4.09988133e-04],[1.08 1.08 1.14 1.08 1.08 1.08],[1.22 1.22 1.25 1.08 1.16 1.17]
91,0,[6.24182584e-05 3.86707350e-06 2.23495155e-07 9.69104616e-03],[1.22 1.22 1.08 1.28 1.08 1.08],[1.33 1.44 1.22 1.49 1.3  1.41]
91,1,[8.04774004e-03 1.61035410e-02 3.34352152e-05 8.74326575e-07],[1.05 1.05 1.05 1.05 1.05 1.21],[1.05 1.22 1.33 1.22 1.33 1.45]
91,2,[0.00027154 0.01526535 0.00011386 0.02349728],[1.03 1.15 1.03 1.03 1.03 1.03],[1.15 1.22 1.15 1.18 1.03 1.18]
91,3,[1.99833274e-05 6.57534802e-08 7.06213178e-07 5.79899125e-04],[1.25 1.25 1.18 1.33 1.18 1.18],[1.47 1.46 1.31 1.6  1.45 1.46]
91,4,[3.27417882e-05 4.81379739e-05 7.10003664e-05 1.15408139e-03],[1.2  1.2  1.16 1.2  1.16 1.16],[1.31 1.32 1.27 1.32 1.26 1.28]
91,5,[2.69782475e-06 9.54162281e-07 2.88457432e-04 3.01869363e-04],[1.29 1.2  1.2  1.2  1.2  1.2 ],[1.44 1.35 1.37 1.39 1.4  1.27]
91,6,[9.87195881e-10 1.16413786e-07 9.51258974e-07 4.68326037e-06],[1.38 1.35 1.33 1.35 1.33 1.33],[1.65 1.66 1.68 1.6  1.53 1.57]
91,7,[2.51612247e-04 1.04086194e-04 2.40132711e-06 6.26217239e-02],[1.17 1.17 1.   1.18 1.   1.  ],[1.21 1.34 1.17 1.36 1.2  1.31]
91,8,[6.29375448e-05 3.51628108e-01 1.96754156e-02 1.34583521e-04],[1.   1.01 1.17 1.   1.   1.01],[1.2  1.2  1.25 1.01 1.18 1.18]
91,9,[4.61171723e-09 3.27822169e-08 5.77279334e-06 5.56232704e-05],[1.41 1.29 1.26 1.29 1.26 1.26],[1.63 1.61 1.58 1.57 1.52 1.43]
95,0,[2.03377384e-06 3.98235307e-03 1.22834881e-04 2.37670599e-02],[1.08 1.17 1.04 1.08 1.04 1.04],[1.3  1.34 1.3  1.19 1.08 1.19]
95,1,[1.66742417e-03 2.29334140e-03 5.91915929e-05 8.88842228e-05],[1.13 1.13 1.13 1.13 1.13 1.19],[1.13 1.23 1.22 1.23 1.22 1.3 ]
95,2,[2.10695655e-05 1.48849387e-04 1.85904496e-06 3.42893137e-04],[1.2  1.23 1.2  1.2  1.2  1.2 ],[1.3  1.41 1.32 1.39 1.28 1.41]
95,3,[3.62618348e-06 1.70112910e-03 1.58061574e-03 9.48301211e-05],[1.14 1.14 1.19 1.14 1.14 1.14],[1.3  1.3  1.37 1.15 1.24 1.26]
95,4,[4.88604219e-05 4.37064876e-04 4.19356510e-08 1.22250428e-07],[1.19 1.22 1.22 1.19 1.19 1.38],[1.25 1.5  1.47 1.47 1.43 1.77]
95,5,[5.50010714e-04 2.63778783e-06 8.03052216e-07 4.87474713e-04],[1.18 1.18 1.18 1.29 1.18 1.18],[1.33 1.38 1.22 1.46 1.34 1.44]
95,6,[5.19738728e-07 1.47153423e-03 4.51228444e-04 1.58011071e-04],[1.15 1.15 1.17 1.15 1.15 1.15],[1.36 1.37 1.42 1.19 1.23 1.29]
95,7,[0.00010127 0.00348213 0.00389823 0.00027186],[1.11 1.11 1.15 1.11 1.11 1.11],[1.2  1.2  1.24 1.11 1.18 1.18]
95,8,[2.83439841e-04 2.15862434e-06 7.01773472e-05 4.70124665e-04],[1.19 1.19 1.19 1.19 1.19 1.19],[1.35 1.27 1.23 1.38 1.36 1.32]
95,9,[4.40672343e-03 4.13400777e-05 4.66239897e-05 4.28593904e-04],[1.11 1.11 1.11 1.19 1.15 1.15],[1.23 1.24 1.17 1.31 1.27 1.31]
90,0,[6.03902147e-04 4.26548872e-05 2.74263728e-02 1.11299487e-04],[1.14 1.03 1.14 1.03 1.18 1.03],[1.23 1.14 1.22 1.23 1.28 1.2 ]
90,1,[2.12925390e-06 1.77307779e-05 5.96032041e-06 6.06522336e-04],[1.26 1.27 1.18 1.26 1.18 1.18],[1.38 1.45 1.36 1.4  1.31 1.37]
90,2,[4.15105154e-03 2.38881895e-05 7.03006011e-03 2.43991294e-09],[1.09 1.09 1.09 1.09 1.23 1.09],[1.23 1.09 1.52 1.23 1.57 1.52]
90,3,[2.15746754e-03 5.93731927e-05 8.30834634e-05 3.65849521e-06],[1.13 1.13 1.13 1.2  1.2  1.2 ],[1.23 1.22 1.33 1.29 1.35 1.42]
90,4,[1.19139506e-06 1.09479266e-05 8.54876811e-05 3.72310474e-05],[1.25 1.25 1.25 1.25 1.25 1.25],[1.41 1.4  1.44 1.36 1.36 1.39]
90,5,[9.28714316e-05 1.72912604e-04 4.45196108e-03 1.24915043e-04],[1.17 1.11 1.17 1.11 1.17 1.11],[1.24 1.22 1.28 1.2  1.28 1.25]
90,6,[5.20376187e-10 7.82924252e-06 3.43497582e-06 2.42806305e-02],[1.28 1.29 1.04 1.28 1.04 1.04],[1.57 1.65 1.56 1.41 1.28 1.31]
90,7,[8.01724855e-03 1.09901560e-06 7.42938521e-03 3.10959426e-03],[1.07 1.07 1.07 1.07 1.08 1.07],[1.31 1.07 1.09 1.31 1.31 1.09]
90,8,[2.39348292e-04 7.15009837e-05 5.40911209e-06 3.11716457e-06],[1.21 1.21 1.21 1.21 1.21 1.27],[1.26 1.35 1.38 1.37 1.4  1.55]
90,9,[2.49829800e-05 3.46500855e-07 1.85117317e-05 7.26718101e-02],[1.23 1.23 1.   1.23 1.   1.  ],[1.4  1.36 1.25 1.44 1.38 1.25]
99,0,[9.14417996e-07 5.70430610e-05 5.99953138e-04 7.64634271e-07],[1.22 1.18 1.31 1.18 1.22 1.18],[1.39 1.38 1.52 1.27 1.44 1.44]
99,1,[6.44630171e-03 7.54773105e-05 3.47773327e-05 8.63429704e-02],[1.06 1.06 1.   1.19 1.   1.  ],[1.19 1.22 1.06 1.28 1.19 1.22]
99,2,[7.05709321e-04 3.46486753e-07 8.23028509e-06 1.59213950e-05],[1.17 1.17 1.17 1.26 1.26 1.26],[1.39 1.33 1.31 1.48 1.44 1.46]
99,3,[3.83531587e-04 5.53348732e-05 3.43354949e-03 5.20240508e-06],[1.16 1.12 1.16 1.12 1.2  1.12],[1.24 1.18 1.36 1.23 1.38 1.34]
99,4,[2.25767873e-07 3.22641778e-03 1.14625391e-04 2.24447496e-05],[1.12 1.2  1.23 1.12 1.12 1.2 ],[1.38 1.4  1.44 1.21 1.27 1.35]
99,5,[2.92859775e-06 9.99640748e-06 2.64305500e-08 1.94860593e-03],[1.27 1.29 1.14 1.27 1.14 1.14],[1.4  1.6  1.35 1.52 1.29 1.53]
99,6,[7.76473450e-03 9.57489534e-05 1.10793929e-06 9.94441756e-04],[1.08 1.08 1.08 1.18 1.13 1.13],[1.2  1.34 1.14 1.37 1.21 1.39]
99,7,[1.48240221e-05 4.57190612e-07 1.55000848e-05 2.03516273e-05],[1.29 1.29 1.29 1.29 1.29 1.29],[1.44 1.38 1.39 1.47 1.47 1.43]
99,8,[1.76668318e-06 5.92658069e-05 1.49778110e-03 1.27859728e-04],[1.2  1.15 1.2  1.15 1.2  1.15],[1.36 1.34 1.38 1.25 1.31 1.27]
99,9,[8.06696054e-04 1.19169247e-05 4.40886320e-02 8.59294857e-11],[1.13 1.01 1.13 1.01 1.25 1.01],[1.26 1.13 1.6  1.26 1.62 1.6 ]
92,0,[3.80573706e-04 1.32541709e-05 1.60387652e-03 5.08504822e-03],[1.14 1.11 1.1  1.11 1.1  1.1 ],[1.27 1.19 1.18 1.27 1.27 1.15]
92,1,[4.66436723e-04 1.90645721e-10 1.41098978e-04 4.25562862e-05],[1.19 1.19 1.19 1.19 1.21 1.19],[1.6  1.25 1.29 1.61 1.63 1.36]
92,2,[1.12450522e-05 8.96162142e-05 2.34546328e-06 6.53071528e-08],[1.24 1.27 1.27 1.24 1.24 1.3 ],[1.32 1.46 1.53 1.41 1.5  1.66]
92,3,[3.21410810e-04 2.37937485e-04 4.25515723e-04 1.04373367e-06],[1.19 1.19 1.19 1.19 1.19 1.19],[1.22 1.23 1.4  1.24 1.4  1.46]
92,4,[1.80906738e-05 2.67705028e-05 1.20558571e-04 6.05049707e-03],[1.22 1.19 1.09 1.19 1.09 1.09],[1.31 1.31 1.26 1.32 1.26 1.23]
92,5,[1.15406927e-04 1.69381086e-03 1.46856969e-06 4.59708243e-05],[1.14 1.2  1.2  1.14 1.14 1.21],[1.21 1.37 1.28 1.35 1.25 1.43]
92,6,[5.47267556e-06 5.03357356e-11 1.49099825e-03 2.42377194e-03],[1.27 1.13 1.13 1.13 1.13 1.13],[1.63 1.3  1.3  1.62 1.62 1.17]
92,7,[3.11460129e-05 6.91803444e-05 1.11256661e-07 3.99381769e-03],[1.21 1.22 1.11 1.21 1.11 1.11],[1.28 1.49 1.26 1.47 1.23 1.46]
92,8,[3.97788620e-02 1.03555143e-05 3.27177470e-04 3.84288690e-02],[1.   1.   1.   1.14 1.   1.  ],[1.25 1.14 1.   1.28 1.25 1.14]
92,9,[1.22493870e-02 1.12940870e-02 2.47380287e-02 1.93109397e-05],[1.02 1.02 1.02 1.02 1.02 1.02],[1.02 1.02 1.22 1.02 1.22 1.22]
97,0,[4.63318246e-04 4.53601975e-05 1.54556277e-03 2.50389491e-06],[1.15 1.14 1.15 1.14 1.21 1.14],[1.26 1.2  1.35 1.26 1.4  1.38]
97,1,[6.39746978e-05 6.15354725e-06 1.41425665e-06 2.55968283e-03],[1.22 1.22 1.13 1.27 1.13 1.13],[1.32 1.41 1.24 1.47 1.3  1.39]
97,2,[3.51441498e-05 3.83740085e-05 4.28636359e-03 3.95128736e-03],[1.2  1.11 1.11 1.11 1.11 1.11],[1.27 1.23 1.23 1.23 1.23 1.12]
97,3,[9.40767368e-08 7.66726620e-05 4.34450356e-04 5.47810619e-09],[1.21 1.19 1.39 1.19 1.21 1.19],[1.45 1.45 1.69 1.28 1.55 1.6 ]
97,4,[3.74582428e-06 4.56340174e-03 3.21828346e-06 4.29036984e-03],[1.1  1.27 1.1  1.1  1.1  1.1 ],[1.29 1.42 1.29 1.32 1.1  1.33]
97,5,[2.15354020e-04 8.25972646e-06 1.73792409e-04 1.32010781e-03],[1.17 1.17 1.15 1.17 1.15 1.15],[1.32 1.27 1.22 1.36 1.31 1.25]
97,6,[1.89016725e-03 9.80385534e-03 3.26361219e-07 1.23815123e-02],[1.05 1.09 1.05 1.05 1.05 1.05],[1.09 1.36 1.09 1.36 1.05 1.36]
97,7,[1.08426441e-03 1.64383383e-04 2.46594301e-10 9.69500652e-04],[1.16 1.16 1.16 1.17 1.16 1.16],[1.21 1.6  1.18 1.6  1.21 1.62]
97,8,[5.82073488e-04 2.91627650e-03 8.95154664e-05 9.32700542e-05],[1.12 1.14 1.14 1.12 1.12 1.17],[1.16 1.24 1.24 1.23 1.23 1.33]
97,9,[1.38182056e-05 1.51269775e-02 2.54785523e-03 2.75567797e-03],[1.06 1.07 1.07 1.06 1.06 1.07],[1.25 1.25 1.25 1.09 1.09 1.12]
86,0,[1.31817302e-02 3.30347520e-06 2.45710858e-05 1.11326723e-07],[1.06 1.06 1.06 1.24 1.29 1.24],[1.31 1.25 1.41 1.38 1.55 1.55]
86,1,[1.53873514e-09 1.64316253e-07 1.93294720e-04 4.35258281e-07],[1.37 1.22 1.37 1.22 1.37 1.22],[1.64 1.57 1.73 1.46 1.59 1.5 ]
86,2,[0.00050727 0.00046177 0.00082681 0.00064522],[1.17 1.17 1.17 1.17 1.17 1.17],[1.2  1.2  1.22 1.21 1.21 1.23]
86,3,[5.08313248e-04 4.50104536e-03 2.82780355e-06 8.23602342e-09],[1.11 1.15 1.15 1.11 1.11 1.29],[1.15 1.33 1.48 1.32 1.48 1.64]
86,4,[1.67092382e-04 7.24430591e-05 1.97331187e-08 1.18456093e-03],[1.19 1.19 1.16 1.19 1.16 1.16],[1.27 1.51 1.23 1.52 1.25 1.52]
86,5,[8.87602597e-03 1.49727320e-06 8.04376815e-03 2.00417321e-02],[1.04 1.04 1.04 1.04 1.04 1.04],[1.29 1.04 1.04 1.29 1.29 1.04]
86,6,[7.99830909e-07 1.99792378e-02 3.59517793e-06 1.05353052e-04],[1.05 1.28 1.2  1.05 1.05 1.2 ],[1.35 1.48 1.39 1.3  1.2  1.41]
86,7,[1.79391359e-05 1.05876010e-03 7.55481724e-08 1.57097807e-06],[1.16 1.25 1.25 1.16 1.16 1.31],[1.27 1.49 1.41 1.45 1.36 1.67]
86,8,[3.97147502e-06 1.00521322e-05 2.97831943e-04 3.30758573e-06],[1.27 1.2  1.27 1.2  1.27 1.2 ],[1.4  1.34 1.45 1.34 1.44 1.43]
86,9,[1.23773359e-06 1.68927920e-06 2.97057881e-03 6.61567439e-03],[1.3  1.09 1.09 1.09 1.09 1.09],[1.42 1.33 1.33 1.32 1.32 1.12]
88,0,[2.85575015e-05 1.27624957e-05 8.93034005e-07 4.18154437e-05],[1.27 1.27 1.27 1.27 1.27 1.27],[1.34 1.44 1.34 1.49 1.36 1.53]
88,1,[1.43389769e-08 5.23535469e-05 6.41713793e-10 2.59740974e-05],[1.26 1.44 1.26 1.26 1.26 1.26],[1.49 1.75 1.55 1.63 1.35 1.79]
88,2,[3.01506606e-05 9.81129200e-06 1.60952227e-02 3.59349966e-07],[1.24 1.06 1.24 1.06 1.25 1.06],[1.33 1.24 1.44 1.28 1.47 1.4 ]
88,3,[3.47036043e-05 1.90026559e-05 1.64420553e-04 1.81082246e-04],[1.22 1.22 1.22 1.22 1.22 1.22],[1.34 1.34 1.31 1.34 1.32 1.3 ]
88,4,[2.62692401e-04 2.03412654e-03 2.94190558e-05 8.03061679e-05],[1.14 1.17 1.17 1.14 1.14 1.19],[1.18 1.28 1.26 1.25 1.24 1.38]
88,5,[5.29741796e-03 1.37985936e-05 2.19658007e-02 1.83194226e-07],[1.07 1.04 1.07 1.04 1.24 1.04],[1.24 1.07 1.39 1.24 1.44 1.39]
88,6,[1.17186687e-02 7.03235483e-05 3.12894591e-06 9.43768996e-05],[1.07 1.07 1.07 1.19 1.19 1.19],[1.21 1.31 1.21 1.36 1.29 1.42]
88,7,[5.16448150e-06 2.12948319e-07 7.30948595e-02 6.18787817e-05],[1.27 1.   1.22 1.   1.22 1.  ],[1.44 1.29 1.34 1.39 1.41 1.22]
88,8,[7.61123240e-04 4.50400168e-03 1.11568270e-04 9.39015324e-07],[1.1  1.14 1.14 1.1  1.1  1.18],[1.14 1.22 1.36 1.22 1.36 1.44]
88,9,[0.00216813 0.00054363 0.00180824 0.00170448],[1.13 1.13 1.13 1.13 1.13 1.13],[1.16 1.14 1.15 1.16 1.17 1.17]
93,0,[1.01988332e-04 1.95747029e-04 5.46931787e-03 2.12313817e-07],[1.18 1.1  1.18 1.1  1.18 1.1 ],[1.24 1.21 1.44 1.19 1.42 1.42]
93,1,[1.47990805e-04 2.64307261e-04 1.79030138e-04 7.06968137e-05],[1.21 1.21 1.21 1.21 1.21 1.21],[1.24 1.27 1.29 1.26 1.28 1.35]
93,2,[2.55438786e-06 4.49898714e-06 1.93949431e-05 5.93953267e-05],[1.27 1.26 1.26 1.26 1.26 1.26],[1.4  1.41 1.41 1.41 1.36 1.4 ]
93,3,[1.16338489e-04 1.53593401e-04 3.26170163e-05 1.11277879e-02],[1.18 1.18 1.07 1.18 1.07 1.07],[1.23 1.29 1.21 1.29 1.19 1.25]
93,4,[1.25134398e-03 2.22057922e-06 4.13866158e-03 6.26140080e-03],[1.1  1.09 1.09 1.09 1.09 1.09],[1.3  1.13 1.13 1.3  1.3  1.11]
93,5,[1.25579606e-04 3.36889425e-07 2.18172365e-04 3.25108350e-06],[1.21 1.21 1.21 1.21 1.29 1.21],[1.41 1.27 1.39 1.42 1.5  1.43]
93,6,[2.79561336e-06 2.74136645e-05 7.44281912e-07 9.96414045e-04],[1.24 1.29 1.16 1.24 1.16 1.16],[1.39 1.5  1.35 1.43 1.28 1.45]
93,7,[2.93641570e-04 8.59203966e-04 1.23012185e-05 7.75656397e-04],[1.17 1.17 1.17 1.17 1.17 1.17],[1.2  1.31 1.2  1.31 1.19 1.34]
93,8,[2.52267495e-04 2.38600501e-06 1.18568220e-02 9.31250252e-07],[1.17 1.07 1.17 1.07 1.29 1.07],[1.31 1.18 1.38 1.31 1.46 1.36]
93,9,[4.02455200e-05 3.93610383e-05 1.54921967e-02 1.43124650e-03],[1.2  1.06 1.11 1.06 1.11 1.06],[1.27 1.23 1.23 1.23 1.23 1.12]
96,0,[3.92793709e-04 3.27346284e-06 2.85490570e-06 4.03842423e-05],[1.19 1.19 1.19 1.28 1.23 1.23],[1.33 1.37 1.3  1.45 1.39 1.47]
96,1,[7.58303349e-04 1.01659381e-03 1.69735557e-05 4.84068658e-04],[1.16 1.16 1.16 1.16 1.16 1.16],[1.17 1.3  1.2  1.3  1.19 1.34]
96,2,[4.00597536e-03 6.66258107e-04 1.11434357e-03 4.12621468e-05],[1.11 1.11 1.11 1.12 1.12 1.12],[1.15 1.14 1.25 1.17 1.25 1.28]
96,3,[3.86805826e-03 4.31258526e-03 2.81029366e-05 4.03271991e-04],[1.1  1.1  1.1  1.1  1.1  1.14],[1.1  1.23 1.16 1.23 1.16 1.29]
96,4,[1.34602415e-03 1.83309299e-04 5.48808132e-09 3.53754998e-05],[1.15 1.15 1.15 1.18 1.18 1.22],[1.21 1.51 1.27 1.51 1.29 1.6 ]
96,5,[0.00088495 0.00208274 0.00033961 0.00194   ],[1.13 1.13 1.13 1.13 1.13 1.13],[1.15 1.2  1.15 1.19 1.14 1.2 ]
96,6,[2.52684707e-04 1.55947629e-02 9.10862761e-05 9.91413907e-06],[1.06 1.17 1.17 1.06 1.06 1.19],[1.17 1.23 1.3  1.21 1.27 1.38]
96,7,[1.00841430e-03 4.44363708e-04 4.03445775e-05 6.78357740e-04],[1.16 1.16 1.16 1.16 1.16 1.16],[1.19 1.26 1.2  1.28 1.21 1.3 ]
96,8,[2.02690163e-03 1.00510267e-10 3.65070816e-07 1.86366214e-08],[1.13 1.13 1.13 1.37 1.43 1.37],[1.6  1.39 1.47 1.73 1.79 1.73]
96,9,[8.06760338e-05 2.54084979e-04 1.35207323e-03 7.43960130e-03],[1.15 1.11 1.09 1.11 1.09 1.09],[1.22 1.23 1.22 1.2  1.18 1.14]
94,0,[2.84256319e-02 7.56379459e-03 4.49237087e-07 2.21643273e-07],[1.03 1.03 1.03 1.05 1.05 1.34],[1.05 1.34 1.37 1.34 1.37 1.62]
94,1,[1.45822044e-03 3.03627448e-03 2.81855741e-05 2.22522739e-05],[1.12 1.12 1.12 1.12 1.12 1.21],[1.13 1.25 1.25 1.25 1.25 1.39]
94,2,[2.62922289e-03 3.77151305e-05 4.02257499e-06 1.70283752e-07],[1.12 1.12 1.12 1.23 1.23 1.28],[1.24 1.32 1.41 1.35 1.45 1.61]
94,3,[3.88716868e-06 1.47490585e-04 5.46088230e-06 2.91931712e-05],[1.23 1.26 1.24 1.23 1.23 1.24],[1.33 1.45 1.39 1.37 1.31 1.47]
94,4,[2.10075586e-06 5.56087317e-03 1.72186752e-03 3.56273180e-04],[1.1  1.11 1.14 1.1  1.1  1.11],[1.32 1.32 1.33 1.12 1.18 1.19]
94,5,[1.70968748e-03 2.16263306e-04 3.43769951e-05 3.55993986e-05],[1.14 1.14 1.14 1.18 1.18 1.2 ],[1.2  1.28 1.26 1.29 1.28 1.37]
94,6,[8.41218462e-05 5.22612708e-07 9.15085463e-04 3.38734453e-05],[1.21 1.17 1.21 1.17 1.22 1.17],[1.4  1.26 1.34 1.4  1.46 1.33]
94,7,[5.59558524e-05 1.16922266e-04 3.18149998e-05 4.20086700e-05],[1.23 1.23 1.23 1.23 1.23 1.23],[1.28 1.34 1.34 1.3  1.33 1.4 ]
94,8,[4.77324287e-02 4.45229426e-07 5.90058121e-07 2.83184533e-04],[1.01 1.01 1.01 1.32 1.17 1.17],[1.36 1.35 1.17 1.5  1.41 1.44]
94,9,[9.91162231e-06 1.39897607e-04 3.13205677e-06 3.64277263e-03],[1.19 1.25 1.11 1.19 1.11 1.11],[1.3  1.42 1.28 1.38 1.21 1.36]
