0,0,[1.25095853e-06 1.58333400e-05 4.35271833e-05 1.14869000e-02],[1.23 1.23 1.07 1.23 1.07 1.07],[1.37 1.38 1.34 1.34 1.26 1.23]
0,1,[6.95498770e-10 4.03489213e-05 5.34268754e-05 6.05111840e-07],[1.26 1.26 1.33 1.26 1.26 1.26],[1.57 1.6  1.67 1.36 1.46 1.41]
0,2,[1.82031110e-04 9.33924464e-04 4.51975868e-05 1.14238972e-06],[1.16 1.18 1.18 1.16 1.16 1.21],[1.21 1.3  1.38 1.27 1.35 1.38]
0,3,[1.36132676e-01 6.05751035e-05 1.01185716e-03 6.43163789e-09],[1.   1.   1.   1.13 1.2  1.13],[1.22 1.13 1.47 1.24 1.52 1.47]
0,4,[0.00467775 0.00183519 0.00065862 0.00248907],[1.1 1.1 1.1 1.1 1.1 1.1],[1.12 1.14 1.12 1.14 1.12 1.14]
0,5,[5.76710027e-03 4.56982838e-04 1.50395030e-06 1.57845057e-03],[1.1  1.1  1.1  1.13 1.11 1.11],[1.16 1.31 1.13 1.32 1.17 1.31]
0,6,[4.67175867e-03 5.59069518e-02 4.94811132e-07 2.67077185e-06],[1.   1.07 1.07 1.   1.   1.29],[1.07 1.35 1.3  1.35 1.3  1.42]
0,7,[0.00017788 0.00156251 0.01087525 0.00010977],[1.11 1.07 1.16 1.07 1.11 1.07],[1.18 1.18 1.23 1.12 1.2  1.2 ]
0,8,[1.62452400e-04 1.44303480e-05 5.02289032e-04 2.85341985e-02],[1.17 1.15 1.03 1.15 1.03 1.03],[1.29 1.21 1.19 1.28 1.26 1.15]
0,9,[3.31319931e-04 1.79862296e-02 6.55725750e-06 7.39623764e-06],[1.05 1.16 1.16 1.05 1.05 1.25],[1.16 1.31 1.31 1.28 1.29 1.36]
11,0,[1.17610260e-06 1.01686439e-06 9.68685462e-05 3.26998105e-05],[1.31 1.24 1.24 1.24 1.24 1.24],[1.46 1.41 1.45 1.42 1.44 1.3 ]
11,1,[0.01662173 0.01369865 0.00028476 0.00014518],[1.03 1.03 1.03 1.03 1.03 1.15],[1.03 1.15 1.17 1.15 1.17 1.19]
11,2,[2.02720534e-05 1.05715052e-06 5.18273049e-05 3.71421202e-05],[1.26 1.26 1.26 1.26 1.26 1.26],[1.41 1.35 1.37 1.43 1.44 1.31]
11,3,[2.60019099e-05 5.03726314e-04 2.17040653e-03 3.77936424e-03],[1.13 1.11 1.11 1.11 1.11 1.11],[1.24 1.24 1.24 1.16 1.16 1.12]
11,4,[2.41827759e-05 7.31997430e-03 1.16337472e-05 1.36675993e-08],[1.09 1.25 1.25 1.09 1.09 1.25],[1.25 1.37 1.51 1.28 1.47 1.51]
11,5,[4.98469510e-09 1.84781852e-06 8.08387291e-04 1.09947359e-05],[1.31 1.17 1.27 1.17 1.27 1.17],[1.57 1.53 1.54 1.37 1.4  1.28]
11,6,[0.0009562  0.00169821 0.03794958 0.00451391],[1.09 1.02 1.07 1.02 1.07 1.02],[1.11 1.11 1.11 1.1  1.1  1.07]
11,7,[6.01535087e-07 7.23796287e-03 3.48171072e-04 1.76398623e-02],[1.05 1.14 1.05 1.05 1.05 1.05],[1.33 1.37 1.33 1.14 1.05 1.14]
11,8,[0.11949462 0.0443091  0.00141083 0.00119702],[1.   1.   1.   1.   1.   1.09],[1.   1.1  1.1  1.1  1.1  1.11]
11,9,[1.63041772e-03 1.19329323e-04 1.10197333e-08 2.73512187e-03],[1.12 1.12 1.12 1.18 1.12 1.12],[1.2  1.46 1.15 1.47 1.2  1.46]
36,0,[4.36037260e-02 3.23581570e-02 4.94689749e-05 9.21730761e-05],[1.   1.   1.   1.   1.   1.19],[1.   1.21 1.19 1.21 1.19 1.24]
36,1,[2.12277770e-04 1.93845749e-05 3.06162225e-02 1.36262302e-07],[1.18 1.03 1.18 1.03 1.23 1.03],[1.27 1.18 1.42 1.25 1.45 1.4 ]
36,2,[2.73924612e-07 6.29897685e-05 2.99578085e-04 1.74185692e-02],[1.19 1.17 1.05 1.17 1.05 1.05],[1.38 1.39 1.38 1.26 1.21 1.17]
36,3,[3.11901633e-02 2.38048279e-04 9.63848712e-05 1.31433001e-02],[1.03 1.03 1.03 1.16 1.03 1.03],[1.16 1.18 1.03 1.24 1.16 1.18]
36,4,[1.30221523e-02 7.18388446e-05 5.88212600e-05 4.31428793e-06],[1.06 1.06 1.06 1.2  1.2  1.2 ],[1.21 1.22 1.31 1.3  1.36 1.34]
36,5,[0.08243709 0.00389978 0.00013892 0.13013542],[1.   1.   1.   1.06 1.   1.  ],[1.06 1.17 1.   1.17 1.06 1.17]
36,6,[3.27005287e-04 9.85332873e-05 2.85966398e-07 2.81924541e-03],[1.16 1.16 1.12 1.18 1.12 1.12],[1.24 1.4  1.19 1.43 1.23 1.38]
36,7,[0.00027846 0.0068038  0.0040954  0.00718625],[1.07 1.07 1.07 1.07 1.07 1.07],[1.15 1.15 1.15 1.07 1.07 1.07]
36,8,[6.27717185e-03 4.35918866e-04 9.80330566e-06 2.23797311e-03],[1.09 1.09 1.09 1.13 1.1  1.1 ],[1.15 1.26 1.11 1.28 1.15 1.26]
36,9,[2.34381554e-06 9.57852672e-06 1.67915892e-05 2.63477721e-03],[1.25 1.25 1.13 1.25 1.13 1.13],[1.37 1.41 1.33 1.37 1.3  1.27]
16,0,[1.65352284e-05 1.32982778e-03 9.00891263e-05 1.19859367e-05],[1.15 1.21 1.23 1.15 1.15 1.21],[1.27 1.33 1.36 1.25 1.29 1.31]
16,1,[1.44522463e-08 1.36090503e-05 8.04623497e-08 2.33560831e-04],[1.26 1.4  1.21 1.26 1.21 1.21],[1.51 1.63 1.52 1.47 1.33 1.43]
16,2,[5.36849840e-05 8.23969560e-03 3.15508124e-03 1.37724658e-02],[1.06 1.07 1.06 1.06 1.06 1.06],[1.2  1.2  1.2  1.07 1.06 1.07]
16,3,[5.45233971e-04 1.35750577e-03 4.07748698e-06 3.85637009e-02],[1.11 1.13 1.02 1.11 1.02 1.02],[1.15 1.29 1.15 1.29 1.11 1.29]
16,4,[8.28426217e-12 2.93031742e-07 2.84235347e-06 2.37653436e-06],[1.35 1.35 1.35 1.35 1.35 1.35],[1.73 1.81 1.8  1.54 1.51 1.44]
16,5,[6.94828219e-06 2.65965888e-07 7.55394202e-04 1.88457905e-04],[1.26 1.17 1.18 1.17 1.18 1.17],[1.44 1.32 1.35 1.42 1.42 1.22]
16,6,[1.09142520e-04 3.88025692e-04 5.38199557e-04 1.32239859e-01],[1.14 1.14 1.   1.14 1.   1.  ],[1.21 1.23 1.2  1.21 1.16 1.15]
16,7,[1.03548107e-05 4.33880211e-04 2.27204108e-04 2.19768997e-02],[1.15 1.16 1.04 1.15 1.04 1.04],[1.27 1.3  1.27 1.21 1.15 1.18]
16,8,[0.00173905 0.03927201 0.02069955 0.01344153],[1.01 1.01 1.01 1.01 1.01 1.01],[1.08 1.08 1.08 1.01 1.01 1.01]
16,9,[1.95194388e-04 1.62148755e-07 2.11987976e-03 3.19274882e-03],[1.16 1.12 1.12 1.12 1.12 1.12],[1.37 1.19 1.19 1.37 1.37 1.13]
49,0,[1.95424162e-06 5.62347174e-05 1.13122304e-03 1.90556647e-04],[1.2  1.15 1.18 1.15 1.18 1.15],[1.34 1.34 1.35 1.25 1.27 1.21]
49,1,[0.02646581 0.00011175 0.00805142 0.00065066],[1.03 1.03 1.03 1.05 1.12 1.05],[1.18 1.05 1.12 1.18 1.2  1.12]
49,2,[1.96855789e-03 5.46956341e-03 1.48846521e-06 2.09623842e-04],[1.1  1.1  1.1  1.1  1.1  1.16],[1.11 1.31 1.18 1.31 1.18 1.31]
49,3,[3.29820880e-04 5.03515277e-05 5.88667044e-03 3.33808764e-03],[1.14 1.1  1.1  1.1  1.1  1.09],[1.22 1.16 1.16 1.22 1.22 1.09]
49,4,[0.00524109 0.05811815 0.00158527 0.0012934 ],[1.   1.07 1.07 1.   1.   1.09],[1.07 1.1  1.11 1.1  1.11 1.11]
49,5,[6.96069182e-04 2.84068158e-02 2.38675257e-09 1.39642897e-09],[1.03 1.14 1.14 1.03 1.03 1.48],[1.14 1.51 1.53 1.51 1.53 1.76]
49,6,[0.00727012 0.00017307 0.00100049 0.00490042],[1.09 1.09 1.09 1.11 1.09 1.09],[1.17 1.12 1.09 1.19 1.17 1.12]
49,7,[1.05137861e-04 2.27606103e-03 1.81739570e-02 7.16718742e-05],[1.1  1.05 1.18 1.05 1.1  1.05],[1.19 1.19 1.26 1.1  1.21 1.21]
49,8,[5.08374853e-03 9.32091410e-04 9.19066701e-08 1.85942985e-03],[1.1  1.1  1.1  1.11 1.1  1.1 ],[1.13 1.38 1.12 1.38 1.14 1.38]
49,9,[5.43590498e-04 5.02062040e-07 1.83330893e-02 3.45293837e-04],[1.14 1.05 1.14 1.05 1.14 1.05],[1.35 1.15 1.2  1.35 1.37 1.16]
13,0,[1.49674842e-02 4.76900515e-03 6.87271558e-05 1.14372098e-03],[1.06 1.06 1.06 1.07 1.07 1.1 ],[1.07 1.2  1.12 1.2  1.12 1.2 ]
13,1,[1.59521047e-07 9.37728625e-03 8.84398023e-06 5.06313490e-06],[1.08 1.27 1.27 1.08 1.08 1.27],[1.4  1.46 1.48 1.28 1.3  1.38]
13,2,[0.00630947 0.00125567 0.00010073 0.02179731],[1.06 1.06 1.04 1.1  1.04 1.04],[1.1  1.19 1.06 1.19 1.1  1.19]
13,3,[2.44278158e-03 2.48539614e-07 1.53477319e-04 1.12253047e-03],[1.13 1.13 1.13 1.17 1.13 1.13],[1.38 1.19 1.15 1.38 1.38 1.19]
13,4,[3.81737291e-05 1.86808745e-02 1.24922017e-04 2.68440298e-03],[1.05 1.17 1.09 1.05 1.05 1.09],[1.23 1.27 1.23 1.18 1.09 1.18]
13,5,[6.33552865e-06 3.44638453e-06 2.44541936e-07 5.77083685e-06],[1.33 1.33 1.33 1.33 1.33 1.33],[1.4  1.5  1.45 1.53 1.43 1.45]
13,6,[1.34506613e-02 6.72261613e-03 1.28242163e-06 1.73373766e-03],[1.06 1.06 1.06 1.06 1.06 1.09],[1.06 1.3  1.1  1.3  1.1  1.3 ]
13,7,[9.80309122e-06 7.30545684e-06 3.03836166e-03 1.20505288e-05],[1.25 1.12 1.25 1.12 1.25 1.12],[1.36 1.28 1.39 1.3  1.37 1.28]
13,8,[3.28230750e-06 4.19715368e-04 7.38176604e-06 2.54230117e-06],[1.19 1.28 1.28 1.19 1.19 1.28],[1.32 1.41 1.45 1.32 1.37 1.41]
13,9,[7.16818561e-05 2.06378807e-02 1.22993193e-09 4.73446868e-06],[1.04 1.21 1.21 1.04 1.04 1.28],[1.21 1.57 1.34 1.54 1.3  1.54]
43,0,[3.85221972e-03 8.22991340e-04 8.88258025e-06 1.18807700e-03],[1.11 1.11 1.11 1.11 1.11 1.11],[1.14 1.26 1.15 1.27 1.17 1.26]
43,1,[2.18053575e-03 6.01279247e-06 2.26065554e-06 8.69209046e-07],[1.13 1.13 1.13 1.29 1.29 1.3 ],[1.29 1.33 1.37 1.42 1.48 1.43]
43,2,[3.29663319e-09 3.69739245e-03 3.42710615e-05 4.30562748e-06],[1.11 1.24 1.28 1.11 1.11 1.24],[1.51 1.55 1.58 1.26 1.32 1.35]
43,3,[7.42905695e-06 1.14787125e-01 2.34053329e-03 7.59209052e-02],[1.   1.08 1.   1.   1.   1.  ],[1.26 1.26 1.26 1.08 1.   1.08]
43,4,[4.63811574e-06 4.08072658e-05 9.41559355e-05 1.80092249e-03],[1.21 1.2  1.14 1.2  1.14 1.14],[1.34 1.35 1.32 1.3  1.26 1.21]
43,5,[0.02877877 0.02641203 0.00488098 0.00053416],[1.   1.   1.   1.   1.   1.05],[1.   1.05 1.12 1.05 1.12 1.12]
43,6,[4.54760322e-05 6.55506559e-04 2.03472830e-06 2.49109486e-06],[1.18 1.23 1.23 1.18 1.18 1.29],[1.24 1.39 1.39 1.38 1.36 1.46]
43,7,[2.07836979e-03 2.63852232e-03 6.41365414e-06 8.42990339e-06],[1.12 1.12 1.12 1.12 1.12 1.25],[1.12 1.28 1.28 1.28 1.28 1.34]
43,8,[2.98908165e-03 2.17047956e-02 7.77550087e-08 1.38027916e-05],[1.04 1.09 1.09 1.04 1.04 1.24],[1.09 1.39 1.25 1.39 1.25 1.41]
43,9,[9.57869362e-09 2.82388221e-03 2.79587422e-05 6.17481462e-03],[1.09 1.22 1.09 1.09 1.09 1.09],[1.46 1.52 1.46 1.23 1.11 1.23]
15,0,[1.39593216e-04 4.39151284e-04 5.10167932e-05 9.51355841e-07],[1.19 1.19 1.19 1.19 1.19 1.2 ],[1.23 1.32 1.39 1.29 1.38 1.39]
15,1,[9.76375869e-09 7.16823658e-03 7.80233890e-04 6.10006764e-07],[1.09 1.13 1.34 1.09 1.09 1.13],[1.47 1.47 1.59 1.15 1.34 1.34]
15,2,[3.77392941e-05 1.81629795e-05 1.71986558e-03 1.98135561e-04],[1.21 1.14 1.18 1.14 1.18 1.14],[1.32 1.26 1.28 1.29 1.3  1.19]
15,3,[6.43545927e-05 3.10087446e-05 1.52836537e-04 8.58791474e-07],[1.23 1.23 1.23 1.23 1.23 1.23],[1.3  1.32 1.43 1.33 1.45 1.38]
15,4,[0.00059361 0.01064396 0.01323556 0.00249145],[1.05 1.05 1.08 1.05 1.05 1.05],[1.12 1.12 1.12 1.05 1.08 1.08]
15,5,[3.80827895e-02 5.94992889e-05 2.18966028e-07 6.73858036e-09],[1.02 1.02 1.02 1.22 1.22 1.36],[1.22 1.39 1.49 1.45 1.54 1.57]
15,6,[3.38731826e-04 1.47505180e-04 7.13033533e-07 1.47133726e-04],[1.2 1.2 1.2 1.2 1.2 1.2],[1.23 1.39 1.25 1.4  1.27 1.39]
15,7,[0.05655086 0.01356942 0.02680839 0.00160818],[1.   1.   1.   1.   1.01 1.  ],[1.01 1.   1.08 1.01 1.08 1.08]
15,8,[0.00011448 0.07574254 0.00964419 0.00880982],[1.   1.03 1.03 1.   1.   1.03],[1.17 1.17 1.17 1.04 1.04 1.04]
15,9,[1.36441254e-04 5.65949803e-07 5.93098719e-06 1.56633919e-04],[1.23 1.23 1.23 1.27 1.23 1.23],[1.38 1.35 1.27 1.46 1.41 1.33]
27,0,[3.01656446e-03 4.21365033e-05 1.29820408e-06 2.19973960e-07],[1.12 1.12 1.12 1.23 1.23 1.32],[1.23 1.35 1.4  1.41 1.43 1.49]
27,1,[8.80166804e-08 4.30583066e-05 4.34710812e-02 4.32494657e-03],[1.21 1.01 1.07 1.01 1.07 1.01],[1.41 1.4  1.4  1.22 1.22 1.07]
27,2,[2.23993844e-05 8.92561800e-04 2.05833675e-06 8.26785347e-04],[1.16 1.23 1.16 1.16 1.16 1.16],[1.26 1.39 1.27 1.34 1.19 1.33]
27,3,[2.27821686e-07 2.54234191e-04 1.16665161e-03 3.92669608e-02],[1.15 1.12 1.02 1.12 1.02 1.02],[1.37 1.37 1.37 1.19 1.17 1.12]
27,4,[1.32933875e-02 6.25758934e-04 3.74422781e-05 7.11994806e-05],[1.06 1.06 1.06 1.14 1.14 1.19],[1.14 1.23 1.22 1.25 1.23 1.28]
27,5,[1.25128089e-04 4.97036666e-06 1.42637565e-03 2.99380063e-06],[1.19 1.15 1.19 1.15 1.28 1.15],[1.32 1.24 1.35 1.32 1.42 1.33]
27,6,[3.58188879e-09 1.33519350e-03 1.44211673e-04 2.78446724e-02],[1.11 1.17 1.03 1.11 1.03 1.03],[1.48 1.49 1.48 1.2  1.11 1.19]
27,7,[1.25675372e-02 2.01995550e-03 1.64032205e-07 3.39344807e-06],[1.07 1.07 1.07 1.1  1.1  1.29],[1.1  1.39 1.3  1.39 1.3  1.46]
27,8,[9.46133551e-06 1.24208079e-04 2.84499925e-05 9.69589225e-04],[1.2  1.22 1.16 1.2  1.16 1.16],[1.31 1.35 1.31 1.3  1.24 1.26]
27,9,[3.72363494e-04 3.86677256e-05 8.59234883e-05 1.23214198e-01],[1.16 1.16 1.   1.19 1.   1.  ],[1.24 1.25 1.16 1.29 1.23 1.21]
26,0,[2.66858359e-05 4.42613133e-04 3.59859285e-03 1.00554048e-05],[1.15 1.11 1.22 1.11 1.15 1.11],[1.26 1.26 1.34 1.18 1.3  1.28]
26,1,[3.97109137e-06 8.70821416e-03 1.28569926e-07 1.51720929e-05],[1.08 1.28 1.26 1.08 1.08 1.26],[1.3  1.51 1.39 1.4  1.27 1.44]
26,2,[2.56039336e-08 6.00125764e-07 3.00318976e-04 3.43286036e-01],[1.34 1.16 1.   1.16 1.   1.  ],[1.5  1.47 1.45 1.38 1.36 1.16]
26,3,[5.51510133e-07 2.44570053e-05 5.53307448e-03 1.50627511e-06],[1.25 1.1  1.31 1.1  1.25 1.1 ],[1.38 1.37 1.51 1.25 1.4  1.33]
26,4,[5.59686066e-02 7.74839838e-06 2.47777299e-05 2.84167843e-04],[1.   1.   1.   1.23 1.17 1.17],[1.28 1.25 1.17 1.35 1.32 1.26]
26,5,[0.02073397 0.00035882 0.00035882 0.00189602],[1.04 1.04 1.04 1.13 1.1  1.1 ],[1.16 1.15 1.1  1.2  1.17 1.15]
26,6,[1.80944846e-06 1.51349760e-03 3.70370198e-05 1.77385920e-05],[1.15 1.23 1.23 1.15 1.15 1.23],[1.33 1.41 1.43 1.27 1.29 1.31]
26,7,[7.40600602e-05 1.15503909e-03 1.09523732e-03 2.89433977e-02],[1.1  1.1  1.03 1.1  1.03 1.03],[1.21 1.21 1.21 1.15 1.12 1.12]
26,8,[3.71722014e-04 3.26391138e-03 2.26125140e-02 4.70095296e-07],[1.08 1.04 1.14 1.04 1.08 1.04],[1.15 1.15 1.35 1.08 1.35 1.35]
26,9,[1.53549977e-06 1.63173253e-10 7.28641580e-04 2.02876401e-02],[1.3  1.14 1.04 1.14 1.04 1.04],[1.6  1.34 1.33 1.58 1.58 1.14]
6,0,[3.97176677e-04 1.78419645e-05 3.23278054e-03 2.07553730e-02],[1.14 1.08 1.04 1.08 1.04 1.04],[1.24 1.16 1.16 1.24 1.24 1.08]
6,1,[4.65311322e-06 1.05537974e-04 3.00394281e-05 5.56122784e-06],[1.24 1.24 1.26 1.24 1.24 1.24],[1.33 1.38 1.43 1.33 1.38 1.37]
6,2,[2.45488875e-05 2.56596298e-07 6.41623605e-05 9.52194625e-04],[1.22 1.22 1.16 1.22 1.16 1.16],[1.43 1.32 1.29 1.43 1.42 1.23]
6,3,[1.58630892e-03 3.76398514e-05 1.15630647e-06 5.86840114e-05],[1.14 1.14 1.14 1.21 1.21 1.21],[1.25 1.37 1.24 1.41 1.31 1.38]
6,4,[1.02364964e-05 1.92680645e-02 4.31663523e-02 2.31921726e-04],[1.02 1.01 1.15 1.01 1.02 1.01],[1.25 1.25 1.29 1.02 1.15 1.15]
6,5,[1.73986795e-03 1.60989355e-08 2.24724317e-06 4.38952038e-05],[1.14 1.14 1.14 1.3  1.23 1.23],[1.46 1.34 1.25 1.59 1.49 1.36]
6,6,[1.89762501e-08 5.99988432e-08 3.21712656e-05 8.31163712e-05],[1.4  1.24 1.24 1.24 1.24 1.24],[1.61 1.54 1.52 1.49 1.49 1.28]
6,7,[5.62044127e-05 6.23992971e-06 1.29824290e-06 3.96816572e-04],[1.22 1.22 1.19 1.27 1.19 1.19],[1.34 1.4  1.28 1.43 1.34 1.36]
6,8,[1.78482406e-05 6.93432335e-05 1.84093452e-09 9.03764803e-07],[1.25 1.25 1.25 1.25 1.25 1.32],[1.31 1.61 1.49 1.6  1.46 1.63]
6,9,[5.98282966e-05 1.89163849e-02 9.14869289e-03 4.65577589e-06],[1.05 1.05 1.2  1.05 1.05 1.05],[1.2  1.2  1.33 1.05 1.28 1.28]
1,0,[3.35657052e-05 1.78832944e-03 2.06446077e-03 1.39994196e-03],[1.13 1.13 1.13 1.13 1.13 1.13],[1.24 1.24 1.24 1.15 1.15 1.14]
1,1,[8.19805207e-04 2.60983616e-06 1.12509589e-06 1.94321666e-04],[1.17 1.17 1.17 1.29 1.18 1.18],[1.32 1.37 1.23 1.47 1.36 1.37]
1,2,[5.37987056e-02 6.11032172e-05 3.76575351e-05 8.24220918e-06],[1.   1.   1.   1.21 1.21 1.21],[1.22 1.23 1.28 1.29 1.34 1.34]
1,3,[0.00052803 0.00034564 0.00122011 0.00317239],[1.13 1.12 1.12 1.12 1.12 1.12],[1.19 1.18 1.17 1.18 1.18 1.14]
1,4,[1.15245296e-04 1.03672921e-04 9.88409524e-07 2.04175881e-08],[1.23 1.23 1.23 1.23 1.23 1.31],[1.27 1.4  1.52 1.41 1.51 1.54]
1,5,[1.84430214e-03 6.82167517e-04 4.61852778e-13 1.66701094e-05],[1.14 1.14 1.14 1.14 1.14 1.24],[1.16 1.75 1.28 1.75 1.28 1.75]
1,6,[4.63419745e-08 3.67321326e-04 6.36290513e-03 6.21763595e-04],[1.14 1.09 1.14 1.09 1.14 1.09],[1.41 1.41 1.41 1.17 1.19 1.15]
1,7,[1.02647367e-04 1.77674544e-05 2.79342694e-04 7.18551311e-05],[1.21 1.21 1.21 1.21 1.21 1.21],[1.31 1.28 1.31 1.31 1.33 1.27]
1,8,[1.72209908e-04 1.18433788e-05 1.59701263e-06 1.47621769e-04],[1.22 1.22 1.22 1.25 1.22 1.22],[1.31 1.38 1.27 1.44 1.35 1.36]
1,9,[1.11211655e-06 4.42093964e-04 1.09512732e-03 4.89981745e-04],[1.16 1.16 1.16 1.16 1.16 1.16],[1.35 1.35 1.36 1.2  1.21 1.18]
2,0,[1.39487760e-04 2.25851906e-04 2.65983731e-05 7.93615335e-06],[1.21 1.21 1.21 1.21 1.21 1.22],[1.23 1.32 1.34 1.32 1.34 1.36]
2,1,[1.08363483e-06 6.12636401e-06 1.05581952e-02 7.34529521e-03],[1.27 1.06 1.06 1.06 1.06 1.06],[1.36 1.32 1.32 1.27 1.27 1.06]
2,2,[2.74762949e-05 2.44935817e-05 5.43699381e-08 2.33876116e-06],[1.28 1.28 1.28 1.28 1.28 1.3 ],[1.32 1.51 1.43 1.53 1.42 1.54]
2,3,[3.90763143e-07 2.65796642e-08 3.45966014e-02 9.67934576e-04],[1.35 1.02 1.13 1.02 1.13 1.02],[1.51 1.36 1.36 1.44 1.44 1.13]
2,4,[5.72884195e-04 1.66540522e-03 9.64647414e-05 1.41524401e-06],[1.14 1.15 1.15 1.14 1.14 1.18],[1.16 1.24 1.34 1.23 1.34 1.34]
2,5,[4.04473988e-09 1.39558735e-05 1.41233362e-04 1.91195926e-06],[1.26 1.23 1.3  1.23 1.26 1.23],[1.56 1.56 1.61 1.34 1.42 1.36]
2,6,[9.68324254e-05 1.17935224e-05 1.76178635e-03 6.69936384e-02],[1.18 1.11 1.   1.11 1.   1.  ],[1.29 1.21 1.2  1.26 1.26 1.11]
2,7,[4.64600386e-07 1.67929449e-05 3.46828918e-02 7.28889095e-03],[1.24 1.02 1.05 1.02 1.05 1.02],[1.38 1.34 1.34 1.24 1.24 1.05]
2,8,[2.19314773e-04 1.17830627e-05 1.44433240e-03 6.69280992e-04],[1.16 1.15 1.15 1.15 1.15 1.15],[1.3  1.21 1.22 1.3  1.31 1.17]
2,9,[8.55277304e-05 7.37789700e-05 7.59183464e-07 4.66020518e-07],[1.25 1.25 1.25 1.25 1.25 1.33],[1.27 1.41 1.44 1.44 1.46 1.49]
21,0,[6.62505966e-08 3.93668067e-07 2.60111059e-04 8.27903780e-02],[1.35 1.17 1.   1.17 1.   1.  ],[1.48 1.42 1.42 1.38 1.38 1.17]
21,1,[2.85606181e-05 3.59412360e-04 2.29405648e-01 2.02402822e-05],[1.16 1.   1.22 1.   1.16 1.  ],[1.24 1.24 1.33 1.16 1.28 1.25]
21,2,[1.98789904e-02 8.79181922e-07 4.27378493e-04 8.14429320e-08],[1.05 1.05 1.05 1.15 1.32 1.15],[1.34 1.16 1.4  1.34 1.5  1.4 ]
21,3,[7.42356972e-05 1.03295517e-07 7.35298394e-04 9.96265707e-05],[1.19 1.17 1.19 1.17 1.19 1.17],[1.45 1.27 1.29 1.45 1.45 1.23]
21,4,[9.79909094e-07 5.14414220e-06 7.53322771e-03 2.35800686e-07],[1.29 1.09 1.32 1.09 1.29 1.09],[1.4  1.34 1.51 1.31 1.52 1.39]
21,5,[3.47742434e-02 9.50957226e-06 2.76383506e-03 1.11804459e-04],[1.02 1.02 1.02 1.09 1.18 1.09],[1.27 1.09 1.18 1.27 1.28 1.18]
21,6,[1.10799642e-06 1.50085153e-05 1.10579298e-03 5.79815266e-03],[1.24 1.12 1.09 1.12 1.09 1.09],[1.38 1.34 1.34 1.26 1.26 1.13]
21,7,[4.57954534e-03 2.09426380e-03 9.64912682e-05 8.64143979e-05],[1.1  1.1  1.1  1.1  1.1  1.17],[1.11 1.21 1.21 1.21 1.21 1.25]
21,8,[2.60708272e-03 8.84765621e-03 2.02946104e-10 1.43520129e-09],[1.08 1.09 1.09 1.08 1.08 1.5 ],[1.09 1.57 1.52 1.57 1.52 1.75]
21,9,[1.66938354e-04 1.81601077e-04 4.55301857e-04 4.06007312e-06],[1.19 1.19 1.19 1.19 1.19 1.19],[1.25 1.24 1.37 1.25 1.36 1.34]
37,0,[5.93058935e-12 1.80542868e-07 3.59079182e-04 2.82587709e-09],[1.39 1.2  1.48 1.2  1.39 1.2 ],[1.76 1.7  1.93 1.44 1.64 1.52]
37,1,[0.00025452 0.00022598 0.02847765 0.00107158],[1.14 1.03 1.12 1.03 1.12 1.03],[1.2  1.17 1.18 1.18 1.18 1.12]
37,2,[2.35876356e-04 1.86931042e-07 1.98585425e-02 7.65526034e-02],[1.15 1.01 1.   1.01 1.   1.  ],[1.36 1.15 1.15 1.36 1.36 1.01]
37,3,[6.48484150e-05 1.44875509e-05 2.59418449e-06 3.90192760e-04],[1.22 1.22 1.19 1.24 1.19 1.19],[1.32 1.4  1.29 1.42 1.33 1.33]
37,4,[2.28767583e-04 3.54334665e-03 3.14871558e-06 2.46112901e-03],[1.11 1.16 1.11 1.11 1.11 1.11],[1.18 1.33 1.18 1.3  1.13 1.3 ]
37,5,[3.74664132e-06 4.22638953e-04 2.70619097e-02 3.30684539e-03],[1.14 1.03 1.08 1.03 1.08 1.03],[1.28 1.28 1.28 1.15 1.15 1.08]
37,6,[9.49896006e-09 1.64231235e-02 1.46008712e-04 1.90959337e-02],[1.03 1.17 1.03 1.03 1.02 1.03],[1.45 1.48 1.45 1.17 1.02 1.17]
37,7,[6.11662025e-05 1.95692020e-04 9.41908005e-06 7.42316688e-08],[1.22 1.22 1.22 1.22 1.22 1.25],[1.26 1.36 1.47 1.34 1.46 1.48]
37,8,[4.29865964e-05 7.42557787e-05 1.04279605e-06 1.57343481e-03],[1.21 1.21 1.14 1.21 1.14 1.14],[1.28 1.4  1.26 1.39 1.24 1.34]
37,9,[2.31510950e-05 2.95096752e-02 3.85999623e-03 4.10653458e-05],[1.03 1.08 1.21 1.03 1.03 1.08],[1.23 1.23 1.3  1.08 1.21 1.21]
31,0,[7.52674223e-03 1.48377401e-08 2.25974476e-03 1.47062069e-05],[1.09 1.09 1.09 1.1  1.24 1.1 ],[1.45 1.11 1.25 1.45 1.49 1.25]
31,1,[2.26263718e-03 2.73315521e-03 5.79713208e-07 5.23919599e-04],[1.12 1.12 1.12 1.12 1.12 1.13],[1.12 1.33 1.16 1.33 1.16 1.33]
31,2,[3.36249439e-02 5.30995659e-04 2.58206276e-05 1.12675064e-05],[1.02 1.02 1.02 1.15 1.15 1.22],[1.15 1.25 1.27 1.25 1.29 1.32]
31,3,[1.06683051e-03 7.55057849e-05 1.90527226e-01 2.67411774e-02],[1.1 1.  1.  1.  1.  1. ],[1.19 1.1  1.1  1.19 1.19 1.  ]
31,4,[1.54957913e-08 3.66885295e-05 1.57709101e-08 3.83948180e-03],[1.23 1.42 1.11 1.23 1.11 1.11],[1.48 1.66 1.47 1.5  1.26 1.46]
31,5,[2.12002876e-03 7.15347093e-07 5.61266351e-04 1.05255711e-03],[1.13 1.13 1.13 1.13 1.13 1.13],[1.37 1.17 1.17 1.37 1.37 1.17]
31,6,[4.31617152e-07 2.17146855e-06 6.72070235e-03 2.35369647e-05],[1.3  1.09 1.25 1.09 1.25 1.09],[1.43 1.37 1.44 1.33 1.41 1.25]
31,7,[5.61697649e-04 2.70005469e-02 3.51178450e-05 6.52478651e-04],[1.03 1.13 1.13 1.03 1.03 1.13],[1.14 1.24 1.17 1.24 1.14 1.24]
31,8,[1.93070393e-06 4.35787157e-04 4.11699175e-03 1.01116139e-04],[1.15 1.11 1.18 1.11 1.15 1.11],[1.33 1.33 1.36 1.17 1.24 1.21]
31,9,[4.42602199e-09 5.57051084e-07 8.77985191e-05 2.45064175e-07],[1.36 1.24 1.36 1.24 1.36 1.24],[1.62 1.56 1.65 1.44 1.54 1.42]
24,0,[4.07350033e-06 4.48111266e-08 1.98401507e-03 2.67815276e-02],[1.28 1.1  1.03 1.1  1.03 1.03],[1.47 1.29 1.29 1.42 1.42 1.1 ]
24,1,[4.88883579e-05 2.27061067e-04 1.16404563e-02 9.26658631e-07],[1.17 1.07 1.21 1.07 1.17 1.07],[1.25 1.23 1.39 1.18 1.37 1.35]
24,2,[9.16039727e-04 5.37430990e-03 6.05545901e-05 2.66085741e-07],[1.1  1.13 1.13 1.1  1.1  1.2 ],[1.13 1.23 1.39 1.23 1.39 1.4 ]
24,3,[1.24135619e-04 3.87417811e-05 9.10592617e-06 5.46337123e-04],[1.2  1.2  1.18 1.21 1.18 1.18],[1.29 1.34 1.26 1.37 1.28 1.3 ]
24,4,[5.87459872e-04 8.00093142e-04 8.47340208e-07 9.32653622e-06],[1.17 1.17 1.17 1.17 1.17 1.26],[1.19 1.39 1.33 1.39 1.32 1.41]
24,5,[1.14813118e-05 3.66153133e-04 8.14275438e-04 1.48292312e-03],[1.14 1.14 1.14 1.14 1.14 1.14],[1.29 1.29 1.29 1.21 1.19 1.16]
24,6,[5.99373181e-06 1.00746189e-09 9.43778949e-04 3.30190938e-04],[1.27 1.17 1.17 1.17 1.17 1.17],[1.56 1.33 1.33 1.56 1.56 1.19]
24,7,[1.77056784e-03 1.63314105e-02 7.46087395e-03 3.33256562e-05],[1.05 1.05 1.09 1.05 1.05 1.05],[1.1  1.1  1.22 1.06 1.22 1.22]
24,8,[0.0035178  0.00014248 0.00119156 0.00048468],[1.11 1.11 1.11 1.12 1.13 1.12],[1.2  1.14 1.17 1.21 1.22 1.17]
24,9,[4.66804614e-02 3.26626554e-07 2.30351710e-03 3.77427778e-05],[1.01 1.01 1.01 1.1  1.21 1.1 ],[1.36 1.1  1.21 1.36 1.42 1.21]
18,0,[4.74961019e-05 1.51554167e-06 5.01026154e-04 1.19494149e-05],[1.23 1.19 1.23 1.19 1.25 1.19],[1.37 1.28 1.35 1.37 1.43 1.3 ]
18,1,[5.07663640e-04 4.62818862e-05 1.53486731e-06 1.42755194e-08],[1.18 1.18 1.18 1.23 1.23 1.31],[1.26 1.37 1.5  1.38 1.53 1.55]
18,2,[9.20771190e-05 2.72566641e-04 3.88666954e-02 1.52313267e-02],[1.15 1.02 1.03 1.02 1.03 1.02],[1.2  1.18 1.18 1.15 1.15 1.03]
18,3,[1.66606520e-02 2.49773321e-03 1.67302932e-08 1.31486104e-02],[1.04 1.04 1.04 1.08 1.04 1.04],[1.08 1.42 1.04 1.42 1.08 1.42]
18,4,[2.16282681e-06 2.09781493e-06 1.34683673e-04 1.90836649e-05],[1.28 1.23 1.26 1.23 1.26 1.23],[1.42 1.39 1.42 1.41 1.43 1.31]
18,5,[9.49318066e-08 3.40216123e-04 4.08145976e-03 5.60949847e-05],[1.16 1.11 1.2  1.11 1.16 1.11],[1.4  1.4  1.45 1.18 1.25 1.22]
18,6,[0.00414376 0.00580582 0.00186028 0.00316374],[1.09 1.09 1.09 1.09 1.09 1.09],[1.09 1.1  1.09 1.1  1.09 1.1 ]
18,7,[5.74593282e-04 2.51428576e-08 2.56809571e-06 3.09485773e-07],[1.18 1.18 1.18 1.31 1.35 1.31],[1.46 1.36 1.4  1.54 1.58 1.47]
18,8,[1.67178409e-05 3.09238605e-02 2.89431622e-03 6.24223036e-05],[1.03 1.09 1.2  1.03 1.03 1.09],[1.25 1.25 1.3  1.09 1.2  1.2 ]
18,9,[1.18959481e-05 3.78450904e-08 1.30940753e-05 2.68434730e-06],[1.3 1.3 1.3 1.3 1.3 1.3],[1.5  1.4  1.43 1.55 1.56 1.4 ]
14,0,[4.37554702e-04 2.29943576e-05 2.44475687e-04 5.93709321e-04],[1.18 1.18 1.18 1.18 1.18 1.18],[1.28 1.23 1.22 1.31 1.3  1.2 ]
14,1,[1.67864790e-04 4.56443165e-08 2.45749719e-05 9.52451940e-09],[1.22 1.22 1.22 1.25 1.41 1.25],[1.44 1.34 1.54 1.5  1.66 1.52]
14,2,[5.53016295e-05 2.64797833e-08 8.13520597e-01 2.04406816e-02],[1.2  1.   1.01 1.   1.01 1.  ],[1.43 1.2  1.2  1.42 1.42 1.01]
14,3,[1.08601024e-03 4.78983801e-05 1.45815177e-07 3.05290940e-02],[1.12 1.12 1.03 1.21 1.03 1.03],[1.22 1.39 1.12 1.43 1.22 1.39]
14,4,[1.03503796e-06 8.28919878e-06 1.65814419e-05 1.82950557e-02],[1.26 1.26 1.05 1.26 1.05 1.05],[1.39 1.4  1.35 1.37 1.28 1.26]
14,5,[6.88962723e-04 2.66139828e-03 3.51145659e-05 5.94373023e-05],[1.12 1.14 1.14 1.12 1.12 1.2 ],[1.15 1.25 1.24 1.25 1.23 1.28]
14,6,[0.00016466 0.01149053 0.00131528 0.00066428],[1.07 1.12 1.12 1.07 1.07 1.12],[1.19 1.2  1.21 1.12 1.14 1.15]
14,7,[7.70605350e-07 8.18456414e-13 1.40076351e-03 2.87362152e-05],[1.33 1.15 1.24 1.15 1.24 1.15],[1.76 1.37 1.41 1.75 1.79 1.25]
14,8,[8.89796012e-07 3.81080990e-07 1.00397646e-03 7.36361660e-07],[1.33 1.16 1.33 1.16 1.33 1.16],[1.47 1.39 1.5  1.38 1.49 1.36]
14,9,[5.03557637e-06 2.97297571e-04 5.44576905e-04 3.90302673e-02],[1.15 1.15 1.02 1.15 1.02 1.02],[1.29 1.29 1.29 1.18 1.17 1.15]
3,0,[6.89079253e-04 9.93432826e-05 5.76988639e-05 2.81987322e-09],[1.17 1.17 1.17 1.2  1.2  1.2 ],[1.23 1.26 1.51 1.28 1.52 1.51]
3,1,[1.29752160e-04 7.83639578e-06 3.39660846e-04 3.48912845e-04],[1.2 1.2 1.2 1.2 1.2 1.2],[1.32 1.27 1.26 1.33 1.33 1.21]
3,2,[4.75726612e-06 1.42595623e-05 2.01954882e-03 7.87828196e-05],[1.24 1.14 1.21 1.14 1.21 1.14],[1.34 1.33 1.37 1.28 1.31 1.22]
3,3,[2.14824720e-05 1.00494547e-04 2.77051485e-03 3.35907855e-06],[1.2  1.12 1.23 1.12 1.2  1.12],[1.29 1.28 1.39 1.22 1.35 1.31]
3,4,[2.33278580e-03 1.96264370e-03 9.69379994e-04 5.76057106e-07],[1.13 1.13 1.13 1.13 1.13 1.13],[1.13 1.15 1.33 1.15 1.33 1.33]
3,5,[2.90384289e-06 1.33686024e-05 1.66042987e-04 1.09840824e-01],[1.24 1.19 1.   1.19 1.   1.  ],[1.36 1.34 1.31 1.32 1.26 1.19]
3,6,[5.10884574e-04 9.33423384e-06 1.01730016e-06 1.14345003e-04],[1.18 1.18 1.18 1.25 1.2  1.2 ],[1.3  1.39 1.25 1.43 1.34 1.37]
3,7,[3.43300347e-03 1.66175905e-05 4.54457077e-03 3.97579158e-07],[1.1  1.1  1.1  1.1  1.24 1.1 ],[1.24 1.11 1.35 1.24 1.43 1.35]
3,8,[1.69026837e-04 1.86510773e-03 2.55750388e-07 9.95738949e-07],[1.14 1.18 1.18 1.14 1.14 1.32],[1.2  1.43 1.39 1.41 1.36 1.46]
3,9,[2.07984623e-03 7.22580411e-08 2.90449983e-05 2.50696597e-05],[1.13 1.13 1.13 1.23 1.23 1.23],[1.43 1.27 1.27 1.49 1.5  1.32]
48,0,[5.11239958e-06 2.44332766e-04 2.45840787e-04 1.41300261e-06],[1.21 1.21 1.27 1.21 1.21 1.21],[1.32 1.34 1.44 1.26 1.37 1.36]
48,1,[2.11142346e-02 6.09751291e-03 1.07020065e-03 4.75507732e-05],[1.04 1.04 1.04 1.06 1.06 1.1 ],[1.06 1.11 1.2  1.11 1.2  1.2 ]
48,2,[5.02104444e-04 7.07020939e-03 5.76094444e-06 1.11140823e-03],[1.09 1.13 1.12 1.09 1.09 1.12],[1.15 1.28 1.18 1.28 1.13 1.28]
48,3,[3.23006690e-07 9.83513688e-03 7.67245729e-07 7.76925817e-08],[1.07 1.35 1.35 1.07 1.07 1.35],[1.37 1.49 1.55 1.35 1.42 1.52]
48,4,[7.65600183e-04 2.10088332e-02 2.60570780e-05 1.33057120e-01],[1.01 1.12 1.   1.01 1.   1.  ],[1.12 1.23 1.12 1.23 1.01 1.23]
48,5,[2.40076151e-04 1.83995489e-04 1.12824940e-05 3.43101249e-03],[1.16 1.16 1.11 1.16 1.11 1.11],[1.22 1.31 1.19 1.31 1.2  1.27]
48,6,[1.08390631e-07 3.71305485e-04 9.17177445e-12 2.36796929e-04],[1.19 1.38 1.19 1.19 1.19 1.19],[1.42 1.83 1.43 1.66 1.24 1.66]
48,7,[1.91336946e-09 4.41294952e-05 1.53483473e-04 1.00262455e-02],[1.21 1.19 1.07 1.19 1.07 1.07],[1.53 1.55 1.53 1.28 1.23 1.19]
48,8,[4.45780597e-04 1.62455016e-03 1.23908272e-06 7.79770412e-07],[1.14 1.15 1.15 1.14 1.14 1.31],[1.18 1.36 1.38 1.36 1.37 1.46]
48,9,[2.66238707e-03 4.53263700e-03 1.06298948e-03 9.32640581e-05],[1.1  1.1  1.1  1.1  1.1  1.11],[1.1  1.13 1.2  1.13 1.2  1.2 ]
38,0,[2.74680613e-03 1.28271822e-07 3.47775887e-02 6.16708340e-06],[1.09 1.02 1.09 1.02 1.26 1.02],[1.38 1.09 1.27 1.38 1.5  1.27]
38,1,[5.30926747e-08 3.86190946e-04 9.75953904e-07 2.07177100e-07],[1.19 1.34 1.37 1.19 1.19 1.34],[1.44 1.55 1.57 1.38 1.43 1.51]
38,2,[1.35507817e-06 1.14707140e-05 1.06263846e-05 2.82528085e-03],[1.25 1.25 1.12 1.25 1.12 1.12],[1.38 1.42 1.35 1.36 1.29 1.28]
38,3,[3.96308504e-05 8.40370812e-05 4.79597475e-02 4.58535162e-01],[1.19 1.   1.   1.   1.   1.  ],[1.26 1.21 1.21 1.19 1.19 1.  ]
38,4,[2.34698947e-03 2.59157234e-02 2.98280273e-06 2.13483627e-03],[1.03 1.08 1.08 1.03 1.03 1.08],[1.1  1.29 1.11 1.29 1.1  1.29]
38,5,[6.04889999e-06 2.42585901e-03 2.28852946e-04 1.12311541e-03],[1.13 1.16 1.13 1.13 1.13 1.13],[1.29 1.31 1.29 1.2  1.16 1.2 ]
38,6,[8.83691895e-04 3.05061660e-05 3.27884603e-04 4.80923136e-04],[1.16 1.16 1.16 1.16 1.16 1.16],[1.26 1.21 1.2  1.27 1.27 1.22]
38,7,[6.76705967e-04 3.74645226e-04 2.00742475e-04 9.92615660e-06],[1.17 1.17 1.17 1.17 1.17 1.17],[1.2  1.23 1.31 1.24 1.31 1.31]
38,8,[5.79432369e-08 3.56586376e-02 4.54542475e-03 1.71622716e-10],[1.02 1.07 1.4  1.02 1.02 1.07],[1.41 1.41 1.74 1.07 1.57 1.57]
38,9,[7.08599797e-05 1.80187693e-05 3.13632803e-03 5.85065910e-06],[1.22 1.12 1.22 1.12 1.23 1.12],[1.32 1.24 1.35 1.27 1.36 1.29]
41,0,[3.56528205e-04 1.36627610e-05 1.11046551e-04 2.73069855e-04],[1.2 1.2 1.2 1.2 1.2 1.2],[1.29 1.28 1.24 1.34 1.31 1.25]
41,1,[1.74808245e-04 1.90840113e-04 3.96998574e-04 1.69673164e-11],[1.19 1.19 1.19 1.19 1.19 1.19],[1.24 1.25 1.64 1.25 1.64 1.64]
41,2,[2.22090353e-08 6.77214110e-05 2.31500667e-06 1.23642259e-04],[1.23 1.3  1.23 1.23 1.23 1.23],[1.48 1.57 1.51 1.39 1.31 1.38]
41,3,[1.63929546e-07 8.19757835e-04 1.54062930e-02 1.58029483e-05],[1.13 1.06 1.24 1.06 1.13 1.06],[1.37 1.37 1.44 1.13 1.27 1.26]
41,4,[2.15801515e-04 1.82393267e-02 8.07281193e-05 1.46462300e-03],[1.05 1.16 1.11 1.05 1.05 1.11],[1.18 1.24 1.19 1.2  1.11 1.2 ]
41,5,[3.59636746e-06 3.10178535e-02 1.88790084e-03 2.59193279e-03],[1.03 1.09 1.09 1.03 1.03 1.09],[1.29 1.29 1.29 1.1  1.09 1.11]
41,6,[6.52385560e-06 1.70116225e-03 9.45448164e-11 1.31517142e-05],[1.14 1.27 1.27 1.14 1.14 1.27],[1.3  1.71 1.38 1.61 1.29 1.61]
41,7,[7.07940312e-06 1.41738457e-02 4.56838905e-06 4.35122710e-06],[1.06 1.26 1.26 1.06 1.06 1.26],[1.29 1.39 1.38 1.29 1.3  1.38]
41,8,[1.45867142e-05 5.54127011e-03 3.93191638e-01 2.39343254e-03],[1.06 1.   1.08 1.   1.06 1.  ],[1.24 1.24 1.24 1.06 1.09 1.09]
41,9,[3.56291507e-09 3.36110853e-03 8.65152707e-04 1.64610438e-03],[1.12 1.12 1.12 1.12 1.12 1.12],[1.49 1.49 1.49 1.15 1.14 1.15]
29,0,[3.29819485e-03 5.05983768e-06 4.84936451e-04 4.78628952e-03],[1.1  1.1  1.1  1.13 1.1  1.1 ],[1.28 1.15 1.11 1.3  1.28 1.15]
29,1,[1.25698914e-06 4.05253975e-05 2.46322421e-06 1.17199934e-05],[1.27 1.29 1.27 1.27 1.27 1.27],[1.39 1.49 1.44 1.41 1.36 1.4 ]
29,2,[0.00051895 0.00671359 0.00107626 0.06684228],[1.06 1.1  1.   1.06 1.   1.  ],[1.13 1.15 1.13 1.11 1.06 1.11]
29,3,[3.60270798e-04 2.38065091e-02 1.99069315e-05 3.29827117e-06],[1.04 1.16 1.16 1.04 1.04 1.23],[1.16 1.28 1.34 1.25 1.31 1.35]
29,4,[3.67927872e-04 2.37523513e-03 2.23576344e-05 5.78119060e-04],[1.13 1.14 1.14 1.13 1.13 1.14],[1.18 1.28 1.2  1.28 1.18 1.28]
29,5,[1.71923257e-06 6.99453726e-06 1.44588844e-05 1.98629350e-05],[1.29 1.29 1.29 1.29 1.29 1.29],[1.4  1.44 1.43 1.4  1.4  1.34]
29,6,[1.51113173e-02 7.56893574e-04 4.72516732e-03 6.29018509e-05],[1.06 1.06 1.06 1.07 1.12 1.07],[1.13 1.07 1.2  1.13 1.21 1.2 ]
29,7,[1.08424852e-05 2.11085660e-02 2.46416899e-05 8.51914717e-04],[1.04 1.23 1.13 1.04 1.04 1.13],[1.27 1.34 1.27 1.24 1.13 1.24]
29,8,[4.23054825e-07 5.14453299e-04 3.99111316e-04 7.34356317e-03],[1.14 1.14 1.09 1.14 1.09 1.09],[1.35 1.37 1.35 1.19 1.15 1.16]
29,9,[5.49293769e-05 3.24836356e-05 2.95703039e-03 1.30681700e-02],[1.2  1.09 1.06 1.09 1.06 1.06],[1.27 1.22 1.22 1.23 1.23 1.09]
25,0,[6.53420512e-07 2.57033252e-06 1.00379404e-05 1.10257080e-01],[1.29 1.27 1.   1.27 1.   1.  ],[1.43 1.45 1.36 1.41 1.31 1.27]
25,1,[1.07795917e-04 1.73373444e-05 7.87221936e-03 4.21102909e-03],[1.18 1.08 1.08 1.08 1.08 1.08],[1.26 1.19 1.19 1.25 1.25 1.08]
25,2,[0.00069567 0.07650799 0.00020289 0.00060872],[1.   1.13 1.13 1.   1.   1.13],[1.14 1.2  1.18 1.18 1.14 1.18]
25,3,[1.26717181e-03 7.10271976e-03 1.04375795e-04 3.52229540e-05],[1.09 1.12 1.12 1.09 1.09 1.18],[1.12 1.2  1.24 1.2  1.24 1.25]
25,4,[3.29124670e-08 2.49652342e-03 6.61784453e-05 4.11829024e-05],[1.13 1.21 1.21 1.13 1.13 1.21],[1.44 1.47 1.47 1.23 1.26 1.28]
25,5,[6.19349740e-03 6.46580304e-05 1.63004580e-04 4.60473610e-04],[1.09 1.09 1.09 1.17 1.15 1.15],[1.22 1.19 1.17 1.26 1.24 1.2 ]
25,6,[1.44870709e-02 5.80434203e-03 6.78519685e-04 1.32873748e-05],[1.06 1.06 1.06 1.06 1.06 1.12],[1.06 1.13 1.24 1.13 1.24 1.24]
25,7,[5.12709171e-06 4.35647543e-04 1.81863012e-04 5.38254641e-05],[1.19 1.19 1.2  1.19 1.19 1.19],[1.31 1.34 1.37 1.25 1.28 1.27]
25,8,[2.69844281e-03 6.27280929e-05 2.74109241e-03 1.35953669e-05],[1.12 1.12 1.12 1.12 1.2  1.12],[1.23 1.13 1.26 1.23 1.32 1.26]
25,9,[2.41577425e-08 5.67570736e-04 4.85746465e-03 3.01742305e-03],[1.13 1.1  1.1  1.1  1.1  1.1 ],[1.43 1.43 1.43 1.15 1.15 1.1 ]
9,0,[0.00480263 0.04151208 0.00082779 0.00015168],[1.01 1.07 1.07 1.01 1.01 1.11],[1.07 1.12 1.17 1.12 1.17 1.18]
9,1,[3.98683311e-08 1.74755636e-05 3.40435658e-05 3.49151713e-05],[1.27 1.27 1.27 1.27 1.27 1.27],[1.48 1.51 1.52 1.36 1.36 1.32]
9,2,[2.92542123e-05 2.60157358e-08 1.28894692e-03 2.78846360e-06],[1.24 1.15 1.24 1.15 1.29 1.15],[1.47 1.28 1.4  1.47 1.58 1.33]
9,3,[5.19159193e-04 5.29549600e-07 4.59707164e-07 9.04398199e-08],[1.18 1.18 1.18 1.34 1.34 1.34],[1.37 1.4  1.44 1.54 1.58 1.52]
9,4,[1.58638478e-06 5.91602888e-06 5.71544425e-07 1.03609614e-07],[1.33 1.33 1.33 1.33 1.33 1.34],[1.42 1.55 1.59 1.53 1.54 1.54]
9,5,[1.63834008e-02 1.41536464e-03 4.29050199e-05 3.58170906e-07],[1.05 1.05 1.05 1.11 1.11 1.21],[1.11 1.23 1.36 1.24 1.36 1.4 ]
9,6,[2.92716634e-06 3.77100030e-06 8.40724582e-03 8.86083582e-04],[1.28 1.08 1.13 1.08 1.13 1.08],[1.4  1.31 1.31 1.31 1.33 1.13]
9,7,[4.86093996e-07 5.15370387e-05 2.53524899e-05 1.53608177e-05],[1.26 1.26 1.26 1.26 1.26 1.26],[1.39 1.44 1.45 1.36 1.36 1.35]
9,8,[0.00020385 0.00050006 0.00069973 0.01538032],[1.13 1.13 1.06 1.13 1.06 1.06],[1.2  1.2  1.18 1.18 1.15 1.14]
9,9,[7.70030529e-06 3.79735216e-06 3.50112450e-04 1.11603167e-04],[1.26 1.2  1.2  1.2  1.2  1.2 ],[1.38 1.34 1.36 1.36 1.36 1.23]
12,0,[6.20115671e-05 1.89628237e-05 3.76846335e-05 7.35925992e-07],[1.26 1.26 1.26 1.26 1.26 1.26],[1.31 1.34 1.43 1.37 1.49 1.41]
12,1,[9.75445239e-05 2.78951729e-03 1.97877303e-03 1.24452231e-04],[1.12 1.12 1.17 1.12 1.12 1.12],[1.21 1.21 1.24 1.14 1.19 1.19]
12,2,[3.55586673e-04 4.89615484e-02 9.61462601e-05 1.86635633e-02],[1.01 1.14 1.02 1.01 1.01 1.02],[1.14 1.22 1.14 1.18 1.02 1.18]
12,3,[4.82493828e-04 6.45029075e-03 2.77159626e-04 5.35447522e-08],[1.09 1.15 1.15 1.09 1.09 1.15],[1.15 1.2  1.42 1.18 1.42 1.42]
12,4,[1.47625119e-03 2.09224080e-06 3.93664385e-05 1.00928756e-08],[1.15 1.15 1.15 1.23 1.3  1.23],[1.32 1.26 1.49 1.38 1.57 1.5 ]
12,5,[2.73444363e-02 3.08434923e-05 1.17670875e-06 2.84456845e-04],[1.03 1.03 1.03 1.22 1.17 1.17],[1.24 1.33 1.17 1.4  1.28 1.33]
12,6,[1.07725146e-02 5.79931051e-06 4.00614706e-05 1.84698148e-05],[1.07 1.07 1.07 1.23 1.23 1.23],[1.29 1.23 1.26 1.38 1.38 1.29]
12,7,[1.81889368e-07 4.13691906e-04 2.40133744e-07 3.04261042e-06],[1.19 1.35 1.31 1.19 1.19 1.31],[1.41 1.55 1.5  1.43 1.35 1.49]
12,8,[1.95877667e-05 1.26758499e-04 6.78225646e-05 2.59960676e-04],[1.21 1.21 1.21 1.21 1.21 1.21],[1.3  1.33 1.31 1.31 1.27 1.27]
12,9,[3.36736769e-04 3.53590664e-04 3.42530263e-05 2.01123666e-04],[1.2 1.2 1.2 1.2 1.2 1.2],[1.22 1.29 1.25 1.29 1.25 1.28]
10,0,[3.50091223e-05 1.33231516e-05 3.52594998e-03 5.33713823e-06],[1.24 1.11 1.24 1.11 1.25 1.11],[1.32 1.25 1.38 1.27 1.39 1.3 ]
10,1,[1.24452220e-05 1.03141008e-07 1.32521825e-06 2.54935621e-05],[1.28 1.28 1.28 1.31 1.28 1.28],[1.45 1.46 1.38 1.57 1.5  1.39]
10,2,[3.29469005e-05 2.33448782e-04 1.74722491e-05 1.07266988e-03],[1.17 1.22 1.16 1.17 1.16 1.16],[1.28 1.34 1.27 1.29 1.22 1.28]
10,3,[1.32031010e-06 1.91794202e-02 3.39779838e-08 6.78630937e-05],[1.05 1.31 1.22 1.05 1.05 1.22],[1.33 1.55 1.39 1.44 1.22 1.45]
10,4,[0.04044123 0.00730667 0.00251763 0.02609855],[1.   1.   1.   1.04 1.   1.  ],[1.04 1.07 1.   1.07 1.04 1.07]
10,5,[1.60366610e-07 1.50876892e-05 6.89175267e-01 4.95615502e-04],[1.24 1.   1.15 1.   1.15 1.  ],[1.41 1.39 1.39 1.26 1.27 1.15]
10,6,[2.51770563e-05 6.94220157e-05 2.79800420e-07 5.61960486e-04],[1.21 1.22 1.18 1.21 1.18 1.18],[1.31 1.46 1.28 1.42 1.27 1.39]
10,7,[1.57289728e-02 6.72357961e-03 3.48086187e-05 3.67052387e-03],[1.06 1.06 1.06 1.06 1.06 1.06],[1.06 1.2  1.07 1.2  1.07 1.2 ]
10,8,[1.06470327e-04 8.71049688e-05 1.16108942e-06 5.98427058e-04],[1.19 1.19 1.18 1.19 1.18 1.18],[1.27 1.39 1.25 1.4  1.26 1.37]
10,9,[4.24382944e-08 4.81198214e-07 3.14570491e-06 4.72887661e-07],[1.35 1.35 1.35 1.35 1.35 1.35],[1.54 1.55 1.6  1.5  1.55 1.47]
7,0,[3.93059193e-03 3.75759917e-03 3.73165584e-06 9.56305304e-05],[1.1  1.1  1.1  1.1  1.1  1.18],[1.1  1.29 1.2  1.29 1.2  1.31]
7,1,[1.35963542e-06 5.07207320e-07 7.08573280e-08 2.08879630e-03],[1.33 1.33 1.13 1.34 1.13 1.13],[1.47 1.52 1.35 1.56 1.38 1.42]
7,2,[0.02262911 0.00017048 0.00029094 0.00016189],[1.04 1.04 1.04 1.15 1.15 1.15],[1.18 1.17 1.19 1.22 1.24 1.21]
7,3,[9.30040738e-05 8.85454971e-01 1.16863594e-06 4.72534143e-08],[1.   1.2  1.2  1.   1.   1.31],[1.2  1.38 1.46 1.33 1.43 1.53]
7,4,[6.31399192e-05 5.65052840e-05 7.37408094e-05 2.71825651e-09],[1.25 1.25 1.25 1.25 1.25 1.25],[1.29 1.31 1.56 1.32 1.58 1.53]
7,5,[2.56430089e-03 1.51430172e-01 5.49352496e-06 3.27304080e-03],[1.   1.07 1.07 1.   1.   1.07],[1.09 1.27 1.1  1.27 1.08 1.27]
7,6,[1.40355478e-05 2.33726490e-03 5.45634322e-04 3.23626459e-10],[1.13 1.15 1.24 1.13 1.13 1.15],[1.27 1.28 1.61 1.17 1.55 1.55]
7,7,[6.37741794e-05 6.26519184e-06 1.31060026e-04 1.39392992e-04],[1.23 1.23 1.23 1.23 1.23 1.23],[1.33 1.31 1.3  1.36 1.37 1.26]
7,8,[2.34616146e-05 6.00792521e-07 2.43714898e-07 5.06556900e-07],[1.29 1.29 1.29 1.34 1.34 1.34],[1.43 1.49 1.46 1.59 1.54 1.51]
7,9,[1.30324144e-03 3.47468907e-04 2.33347930e-08 1.38107673e-05],[1.15 1.15 1.15 1.16 1.16 1.24],[1.19 1.48 1.29 1.48 1.3  1.5 ]
28,0,[1.02420552e-06 1.40254769e-04 3.67662759e-05 6.71321931e-09],[1.23 1.23 1.32 1.23 1.23 1.23],[1.37 1.44 1.61 1.31 1.54 1.52]
28,1,[1.02197237e-04 3.87774304e-05 3.99609642e-06 2.83599391e-03],[1.2  1.2  1.12 1.21 1.12 1.12],[1.27 1.35 1.23 1.37 1.25 1.31]
28,2,[3.07922158e-03 1.75250453e-07 2.38747575e-05 5.61620463e-06],[1.12 1.12 1.12 1.25 1.27 1.25],[1.4  1.27 1.31 1.47 1.5  1.36]
28,3,[2.32131168e-07 1.04612404e-05 2.55906078e-03 5.84105387e-02],[1.25 1.09 1.   1.09 1.   1.  ],[1.4  1.37 1.37 1.27 1.27 1.09]
28,4,[1.62545874e-05 1.80929793e-03 4.71164975e-04 8.41167603e-03],[1.11 1.13 1.08 1.11 1.08 1.08],[1.24 1.27 1.24 1.16 1.11 1.15]
28,5,[0.00302431 0.00259633 0.00017087 0.00259977],[1.12 1.12 1.12 1.12 1.12 1.12],[1.12 1.18 1.12 1.18 1.12 1.18]
28,6,[7.09549819e-04 2.74618621e-03 1.20686755e-06 2.07707865e-04],[1.12 1.14 1.14 1.12 1.12 1.16],[1.15 1.36 1.21 1.36 1.2  1.36]
28,7,[3.10367025e-04 1.21562993e-03 1.91885518e-04 1.41983375e-06],[1.15 1.16 1.16 1.15 1.15 1.16],[1.19 1.23 1.34 1.21 1.34 1.34]
28,8,[1.57003973e-04 6.78367059e-03 9.76400294e-10 1.36307284e-04],[1.09 1.17 1.17 1.09 1.09 1.17],[1.19 1.54 1.25 1.53 1.21 1.53]
28,9,[8.18993620e-05 1.19967496e-06 8.96533393e-05 4.80192238e-07],[1.24 1.24 1.24 1.24 1.31 1.24],[1.38 1.31 1.44 1.43 1.54 1.4 ]
40,0,[1.00833247e-04 5.14721451e-04 1.84989607e-06 5.75011849e-07],[1.18 1.2  1.2  1.18 1.18 1.3 ],[1.24 1.38 1.42 1.36 1.4  1.46]
40,1,[1.98929917e-08 1.13393312e-03 6.79740241e-07 4.58925452e-04],[1.16 1.33 1.16 1.16 1.16 1.16],[1.46 1.53 1.46 1.35 1.19 1.35]
40,2,[1.15923833e-03 3.18620373e-06 1.38444811e-12 3.55830855e-06],[1.16 1.16 1.16 1.29 1.29 1.29],[1.31 1.73 1.34 1.79 1.42 1.74]
40,3,[0.03065679 0.02336044 0.00019783 0.01196036],[1.01 1.01 1.01 1.01 1.01 1.02],[1.01 1.15 1.02 1.15 1.02 1.15]
40,4,[9.53125470e-05 2.38968120e-04 5.55762613e-05 1.32116337e-03],[1.17 1.18 1.15 1.17 1.15 1.15],[1.24 1.28 1.23 1.27 1.21 1.24]
40,5,[2.50566975e-05 6.23753627e-09 2.13046123e-08 2.42001329e-04],[1.25 1.25 1.21 1.43 1.21 1.21],[1.53 1.51 1.31 1.68 1.54 1.47]
40,6,[1.36120097e-04 5.61025810e-05 5.54691837e-02 4.20458208e-06],[1.19 1.   1.19 1.   1.2  1.  ],[1.25 1.19 1.34 1.22 1.36 1.3 ]
40,7,[2.36965708e-03 2.22955868e-05 1.28621630e-06 4.99097665e-04],[1.13 1.13 1.13 1.23 1.15 1.15],[1.25 1.33 1.18 1.4  1.27 1.33]
40,8,[4.84057143e-08 5.93993736e-08 8.66995406e-05 4.71369213e-07],[1.4  1.24 1.37 1.24 1.37 1.24],[1.6  1.52 1.59 1.5  1.58 1.4 ]
40,9,[3.44978735e-02 2.28761421e-05 2.09558221e-04 1.00577351e-06],[1.02 1.02 1.02 1.18 1.23 1.18],[1.25 1.18 1.34 1.27 1.38 1.34]
35,0,[5.99864181e-08 9.06474156e-08 1.08358236e-04 1.26676499e-04],[1.38 1.23 1.23 1.23 1.23 1.23],[1.56 1.48 1.49 1.48 1.48 1.25]
35,1,[1.08566239e-04 7.33537449e-05 5.24608906e-03 1.10183515e-01],[1.18 1.07 1.   1.07 1.   1.  ],[1.23 1.19 1.19 1.2  1.2  1.07]
35,2,[1.40513088e-08 4.26839577e-08 4.44437697e-07 1.31271894e-02],[1.41 1.36 1.06 1.36 1.06 1.06],[1.59 1.61 1.46 1.59 1.44 1.36]
35,3,[5.22858312e-08 1.40975429e-04 1.89626843e-05 2.82767203e-07],[1.23 1.26 1.36 1.23 1.23 1.26],[1.45 1.52 1.61 1.33 1.45 1.44]
35,4,[1.21278110e-06 7.10056714e-02 7.65881744e-06 2.24306351e-10],[1.   1.28 1.31 1.   1.   1.28],[1.34 1.45 1.69 1.28 1.59 1.6 ]
35,5,[1.34827255e-03 8.59394771e-08 7.13338493e-07 1.51811182e-03],[1.15 1.15 1.15 1.33 1.15 1.15],[1.41 1.35 1.16 1.52 1.41 1.35]
35,6,[6.07012107e-05 5.42658921e-04 7.76153044e-03 1.17913230e-03],[1.13 1.08 1.12 1.08 1.12 1.08],[1.23 1.23 1.23 1.15 1.17 1.12]
35,7,[1.43083556e-02 3.12736905e-04 8.09711052e-07 8.27601680e-04],[1.06 1.06 1.06 1.15 1.13 1.13],[1.17 1.32 1.13 1.34 1.2  1.32]
35,8,[5.87060349e-04 7.75865742e-03 6.76154777e-04 1.91816955e-05],[1.09 1.12 1.12 1.09 1.09 1.12],[1.15 1.18 1.26 1.15 1.25 1.25]
35,9,[1.71438026e-03 2.80440867e-04 2.64270579e-05 3.76217590e-09],[1.14 1.14 1.14 1.17 1.17 1.22],[1.19 1.28 1.51 1.3  1.51 1.53]
39,0,[1.44814224e-04 1.16770099e-03 2.17986794e-06 3.14897117e-05],[1.16 1.19 1.19 1.16 1.16 1.22],[1.21 1.36 1.31 1.34 1.28 1.37]
39,1,[5.24578806e-05 1.45517411e-03 6.69535425e-04 6.94934118e-05],[1.15 1.15 1.19 1.15 1.15 1.15],[1.23 1.24 1.29 1.18 1.24 1.24]
39,2,[2.67421753e-06 8.43856357e-04 1.10976037e-04 2.11963431e-03],[1.13 1.18 1.13 1.13 1.13 1.13],[1.32 1.35 1.32 1.22 1.17 1.21]
39,3,[2.27165199e-05 2.93008507e-02 1.52358152e-06 1.74975634e-08],[1.03 1.25 1.25 1.03 1.03 1.3 ],[1.25 1.39 1.51 1.33 1.46 1.51]
39,4,[4.32805469e-05 6.54475780e-05 4.43449172e-06 3.34767777e-06],[1.25 1.25 1.25 1.25 1.25 1.27],[1.31 1.41 1.43 1.39 1.39 1.4 ]
39,5,[1.59448126e-04 1.80859132e-06 5.22691351e-05 2.00078281e-05],[1.22 1.22 1.22 1.22 1.23 1.22],[1.37 1.29 1.32 1.4  1.43 1.33]
39,6,[1.90624385e-03 1.10626619e-06 2.93335882e-04 1.23622222e-02],[1.1  1.1  1.07 1.15 1.07 1.07],[1.32 1.17 1.11 1.34 1.32 1.17]
39,7,[0.26085892 0.02488748 0.00544987 0.00151377],[1.   1.   1.   1.01 1.01 1.05],[1.01 1.05 1.08 1.05 1.08 1.08]
39,8,[6.13308346e-03 3.00604196e-05 5.10668361e-04 5.04586627e-04],[1.09 1.09 1.09 1.13 1.13 1.13],[1.24 1.16 1.16 1.25 1.25 1.18]
39,9,[1.95009308e-05 4.57379844e-06 1.54357625e-04 4.26512945e-05],[1.23 1.22 1.23 1.22 1.23 1.22],[1.39 1.34 1.35 1.36 1.39 1.27]
22,0,[4.83038191e-04 1.49471238e-05 2.04158864e-02 2.72005523e-04],[1.15 1.04 1.15 1.04 1.15 1.04],[1.26 1.15 1.22 1.26 1.3  1.17]
22,1,[1.72718643e-05 1.52719764e-05 1.33889462e-04 3.75014762e-06],[1.24 1.23 1.24 1.23 1.24 1.23],[1.36 1.33 1.43 1.34 1.41 1.35]
22,2,[5.66559775e-07 3.52287340e-04 1.71302220e-03 1.87649969e-06],[1.16 1.14 1.3  1.14 1.16 1.14],[1.37 1.37 1.43 1.2  1.34 1.33]
22,3,[1.08009485e-06 1.44398166e-07 2.41065027e-04 2.03626768e-03],[1.32 1.17 1.13 1.17 1.13 1.13],[1.49 1.37 1.37 1.42 1.42 1.19]
22,4,[7.33876482e-03 5.84318403e-03 7.47200360e-06 2.77571186e-04],[1.08 1.08 1.08 1.08 1.08 1.15],[1.08 1.27 1.16 1.27 1.16 1.28]
22,5,[4.34650329e-05 1.30824594e-03 4.74330411e-05 1.79451107e-03],[1.14 1.2  1.14 1.14 1.14 1.14],[1.24 1.28 1.24 1.23 1.17 1.23]
22,6,[1.12521317e-07 4.45562704e-07 3.37986021e-06 2.66307616e-03],[1.34 1.31 1.13 1.31 1.13 1.13],[1.5  1.51 1.42 1.45 1.38 1.31]
22,7,[1.06793420e-06 3.08252064e-05 8.39043741e-05 1.82648072e-05],[1.25 1.25 1.25 1.25 1.25 1.25],[1.4  1.42 1.47 1.34 1.36 1.32]
22,8,[0.00020913 0.00018172 0.00169205 0.00026291],[1.15 1.14 1.15 1.14 1.15 1.14],[1.24 1.21 1.23 1.21 1.24 1.18]
22,9,[4.77215271e-05 7.60409296e-05 1.98455573e-01 8.40237064e-06],[1.21 1.   1.21 1.   1.21 1.  ],[1.26 1.23 1.36 1.21 1.33 1.28]
32,0,[3.23077084e-04 1.66738640e-05 8.17731894e-04 8.63976847e-06],[1.17 1.17 1.17 1.17 1.24 1.17],[1.27 1.22 1.31 1.27 1.35 1.29]
32,1,[5.07902161e-05 4.19253047e-05 2.29027223e-06 5.93244719e-04],[1.21 1.21 1.18 1.21 1.18 1.18],[1.31 1.38 1.28 1.39 1.29 1.33]
32,2,[3.70328260e-06 9.31407436e-03 5.63639758e-02 1.02784455e-03],[1.04 1.   1.11 1.   1.04 1.  ],[1.28 1.28 1.3  1.04 1.11 1.11]
32,3,[3.92299128e-06 1.71796213e-03 6.09515736e-02 9.07994488e-03],[1.09 1.   1.05 1.   1.05 1.  ],[1.27 1.27 1.27 1.09 1.09 1.05]
32,4,[1.31514118e-04 1.35514411e-03 1.82478860e-03 2.41227159e-05],[1.14 1.14 1.17 1.14 1.14 1.14],[1.2  1.2  1.3  1.16 1.25 1.25]
32,5,[7.75284356e-02 2.74214986e-04 7.42928038e-05 5.60099558e-06],[1.   1.   1.   1.17 1.17 1.19],[1.17 1.21 1.29 1.26 1.32 1.31]
32,6,[3.12048428e-04 5.42569353e-06 5.07801245e-05 1.24618566e-04],[1.2 1.2 1.2 1.2 1.2 1.2],[1.31 1.3  1.26 1.39 1.35 1.28]
32,7,[5.83621771e-07 2.33806813e-06 2.71957004e-07 2.84273241e-05],[1.32 1.34 1.28 1.32 1.28 1.28],[1.44 1.58 1.47 1.55 1.41 1.44]
32,8,[3.76409655e-03 1.48639602e-05 5.29288673e-02 1.87839385e-03],[1.08 1.   1.08 1.   1.09 1.  ],[1.24 1.08 1.11 1.24 1.24 1.1 ]
32,9,[2.46815114e-03 4.68973561e-03 2.48946752e-07 2.63140205e-03],[1.1 1.1 1.1 1.1 1.1 1.1],[1.11 1.36 1.11 1.36 1.11 1.36]
23,0,[1.82169953e-05 4.16950157e-05 2.45289092e-05 1.62602697e-05],[1.27 1.27 1.27 1.27 1.27 1.27],[1.33 1.4  1.38 1.36 1.36 1.35]
23,1,[7.83793688e-03 4.81588255e-05 3.33869274e-05 4.46497534e-04],[1.08 1.08 1.08 1.2  1.15 1.15],[1.23 1.24 1.16 1.31 1.25 1.24]
23,2,[2.38689469e-04 1.23983893e-07 3.41224121e-07 3.80367048e-04],[1.19 1.19 1.19 1.35 1.19 1.19],[1.41 1.4  1.24 1.55 1.42 1.39]
23,3,[1.56301763e-05 9.78609656e-06 4.68460901e-03 1.12497724e-04],[1.24 1.1  1.2  1.1  1.2  1.1 ],[1.34 1.27 1.32 1.28 1.32 1.2 ]
23,4,[9.68281752e-03 3.49735329e-04 2.70057934e-03 9.74972588e-05],[1.07 1.07 1.07 1.09 1.14 1.09],[1.16 1.1  1.19 1.17 1.23 1.19]
23,5,[1.28875189e-03 1.30437405e-05 4.90035277e-03 2.75609904e-03],[1.1 1.1 1.1 1.1 1.1 1.1],[1.25 1.13 1.13 1.25 1.25 1.1 ]
23,6,[9.44720495e-06 1.05128644e-04 1.00678360e-05 7.03843263e-03],[1.2  1.24 1.09 1.2  1.09 1.09],[1.29 1.38 1.27 1.33 1.21 1.27]
23,7,[1.05399396e-05 1.07618901e-03 3.61886081e-03 2.38269879e-04],[1.12 1.11 1.16 1.11 1.12 1.11],[1.27 1.27 1.3  1.15 1.2  1.18]
23,8,[3.65875368e-05 9.69211603e-07 4.59756165e-05 5.97656913e-06],[1.27 1.27 1.27 1.27 1.27 1.27],[1.4  1.35 1.39 1.42 1.47 1.36]
23,9,[6.02811388e-03 4.54561252e-03 5.50394724e-05 4.57447883e-07],[1.09 1.09 1.09 1.09 1.09 1.2 ],[1.09 1.21 1.36 1.21 1.36 1.37]
8,0,[6.33548706e-04 9.43103304e-07 7.51650768e-06 7.18805181e-07],[1.18 1.18 1.18 1.28 1.31 1.28],[1.35 1.32 1.4  1.43 1.5  1.44]
8,1,[4.77919463e-04 2.07199382e-07 8.02957513e-04 9.30459708e-04],[1.16 1.16 1.16 1.16 1.16 1.16],[1.4  1.2  1.2  1.4  1.4  1.17]
8,2,[3.67996012e-06 4.81837252e-05 1.02247051e-06 2.41972562e-06],[1.26 1.3  1.3  1.26 1.26 1.3 ],[1.35 1.48 1.44 1.43 1.4  1.44]
8,3,[1.13781082e-04 6.05994779e-04 1.78591526e-07 3.08544700e-05],[1.18 1.2  1.2  1.18 1.18 1.22],[1.24 1.45 1.3  1.43 1.28 1.43]
8,4,[1.88977718e-04 2.17937325e-06 2.94356648e-05 9.34072375e-09],[1.22 1.22 1.22 1.24 1.3  1.24],[1.36 1.31 1.53 1.42 1.6  1.52]
8,5,[7.91578573e-04 1.49827042e-03 2.35864053e-08 1.06188841e-05],[1.14 1.14 1.14 1.14 1.14 1.25],[1.16 1.47 1.3  1.47 1.3  1.49]
8,6,[1.10232365e-08 8.01282433e-06 1.62774624e-04 1.81210443e-02],[1.26 1.19 1.05 1.19 1.05 1.05],[1.53 1.49 1.48 1.3  1.28 1.19]
8,7,[3.04398287e-05 2.83198125e-06 9.24801436e-04 8.81731162e-03],[1.22 1.13 1.08 1.13 1.08 1.08],[1.34 1.25 1.24 1.32 1.32 1.13]
8,8,[5.71461738e-03 1.39468813e-02 1.54871263e-04 3.82915404e-08],[1.06 1.06 1.06 1.06 1.06 1.17],[1.06 1.18 1.42 1.18 1.42 1.42]
8,9,[8.99308046e-06 4.25593739e-05 3.15342028e-02 1.10190896e-04],[1.21 1.03 1.2  1.03 1.2  1.03],[1.31 1.28 1.33 1.23 1.3  1.2 ]
42,0,[4.29669143e-04 5.06524698e-05 3.85908284e-06 3.67929572e-06],[1.19 1.19 1.19 1.22 1.22 1.27],[1.26 1.34 1.36 1.38 1.4  1.41]
42,1,[3.76907468e-02 4.28799666e-02 8.02020669e-06 7.79721663e-04],[1.   1.   1.   1.   1.   1.12],[1.   1.25 1.12 1.25 1.12 1.25]
42,2,[4.46842563e-12 1.49261953e-05 2.29243153e-04 2.35369069e-06],[1.26 1.21 1.29 1.21 1.26 1.21],[1.73 1.74 1.78 1.33 1.42 1.35]
42,3,[0.0280032  0.00114838 0.0020264  0.00510322],[1.03 1.03 1.03 1.08 1.07 1.07],[1.11 1.09 1.07 1.12 1.11 1.09]
42,4,[1.84296388e-02 2.18234546e-02 9.00448383e-05 1.81566966e-06],[1.02 1.02 1.02 1.02 1.02 1.19],[1.02 1.19 1.3  1.19 1.3  1.32]
42,5,[9.76390783e-04 1.86464055e-03 9.08332241e-05 6.56899683e-07],[1.14 1.14 1.14 1.14 1.14 1.19],[1.15 1.22 1.37 1.22 1.37 1.37]
42,6,[2.55412439e-03 9.54732076e-04 1.62976570e-05 1.31307356e-05],[1.13 1.13 1.13 1.13 1.13 1.23],[1.15 1.27 1.28 1.27 1.28 1.32]
42,7,[2.21500673e-07 2.70303323e-06 9.86415060e-03 3.50746516e-04],[1.29 1.07 1.16 1.07 1.16 1.07],[1.45 1.39 1.41 1.31 1.34 1.16]
42,8,[4.96969510e-09 4.84201712e-05 2.64258727e-05 1.13061641e-04],[1.23 1.23 1.23 1.23 1.23 1.23],[1.52 1.56 1.53 1.35 1.3  1.31]
42,9,[1.03328313e-05 2.05964100e-06 1.01961560e-04 1.00810327e-05],[1.25 1.24 1.25 1.24 1.25 1.24],[1.41 1.36 1.41 1.4  1.45 1.32]
50,0,[0.00052912 0.00025011 0.06561779 0.0034932 ],[1.13 1.   1.08 1.   1.08 1.  ],[1.18 1.14 1.14 1.16 1.16 1.08]
50,1,[2.97346222e-06 7.56456239e-05 1.11841196e-07 4.19081272e-04],[1.21 1.29 1.19 1.21 1.19 1.19],[1.35 1.54 1.36 1.47 1.27 1.42]
50,2,[4.11477046e-08 4.80825029e-04 7.95048952e-04 1.11682475e-06],[1.17 1.17 1.31 1.17 1.17 1.17],[1.43 1.43 1.52 1.21 1.35 1.34]
50,3,[6.82178889e-04 2.58719166e-08 1.51915552e-03 2.24746048e-07],[1.15 1.15 1.15 1.15 1.37 1.15],[1.44 1.18 1.39 1.44 1.56 1.39]
50,4,[2.98830255e-07 3.02327398e-04 7.71740323e-04 1.35174136e-08],[1.17 1.17 1.35 1.17 1.17 1.17],[1.39 1.39 1.61 1.23 1.48 1.47]
50,5,[4.09261424e-05 1.04502506e-02 6.47949175e-02 7.00025475e-04],[1.04 1.   1.12 1.   1.04 1.  ],[1.21 1.21 1.24 1.04 1.12 1.12]
50,6,[1.61304623e-03 5.54095392e-04 1.56664819e-05 1.96401165e-05],[1.14 1.14 1.14 1.15 1.15 1.22],[1.17 1.27 1.28 1.27 1.28 1.32]
50,7,[3.58210468e-06 1.48841784e-06 6.48412762e-04 7.52756069e-07],[1.31 1.18 1.31 1.18 1.31 1.18],[1.42 1.34 1.46 1.38 1.48 1.36]
50,8,[2.58878023e-04 1.52773834e-08 7.79749567e-06 6.45450826e-09],[1.21 1.21 1.21 1.28 1.45 1.28],[1.48 1.34 1.53 1.54 1.67 1.55]
50,9,[2.15036083e-02 2.20128040e-08 2.47171081e-04 1.22424995e-06],[1.04 1.04 1.04 1.17 1.31 1.17],[1.45 1.17 1.33 1.47 1.59 1.33]
5,0,[1.15603803e-02 3.71489332e-04 2.07019000e-05 9.92144509e-04],[1.07 1.07 1.07 1.14 1.13 1.13],[1.16 1.24 1.13 1.25 1.18 1.24]
5,1,[7.82801912e-05 2.74728707e-04 8.62611863e-04 1.20466741e-06],[1.17 1.16 1.19 1.16 1.17 1.16],[1.25 1.25 1.36 1.22 1.35 1.35]
5,2,[1.84765914e-03 1.03428545e-02 1.61648472e-12 1.33123523e-05],[1.07 1.1  1.1  1.07 1.07 1.25],[1.11 1.7  1.27 1.7  1.27 1.7 ]
5,3,[3.83307949e-07 5.79632343e-05 6.69501424e-07 5.17638505e-06],[1.26 1.33 1.29 1.26 1.26 1.29],[1.41 1.55 1.49 1.44 1.38 1.44]
5,4,[3.58584274e-07 6.20664479e-06 1.58867501e-06 9.49379764e-07],[1.33 1.33 1.33 1.33 1.33 1.33],[1.44 1.52 1.56 1.46 1.5  1.45]
5,5,[1.10932925e-04 8.84349188e-05 2.34018157e-04 2.85750097e-08],[1.21 1.21 1.21 1.21 1.21 1.21],[1.27 1.28 1.48 1.29 1.49 1.45]
5,6,[7.72952924e-06 8.93821017e-10 7.94891986e-08 1.06333419e-03],[1.28 1.28 1.16 1.39 1.16 1.16],[1.56 1.51 1.3  1.71 1.56 1.42]
5,7,[3.17339898e-05 7.18459080e-04 3.35768653e-05 7.84624819e-03],[1.14 1.2  1.08 1.14 1.08 1.08],[1.23 1.28 1.23 1.24 1.14 1.24]
5,8,[2.42619413e-09 3.32558483e-04 1.08075270e-06 7.31755696e-04],[1.17 1.32 1.17 1.17 1.17 1.17],[1.51 1.59 1.51 1.38 1.21 1.37]
5,9,[6.00472761e-05 1.31310048e-03 4.30949853e-07 1.88046290e-06],[1.15 1.22 1.22 1.15 1.15 1.3 ],[1.23 1.45 1.39 1.41 1.35 1.46]
45,0,[2.08911206e-05 3.56004123e-05 8.38182042e-07 6.41380827e-03],[1.23 1.23 1.09 1.23 1.09 1.09],[1.3  1.42 1.26 1.4  1.24 1.35]
45,1,[1.32259403e-04 3.02546471e-04 1.56122153e-05 1.44822883e-02],[1.16 1.17 1.06 1.16 1.06 1.06],[1.21 1.3  1.19 1.28 1.16 1.26]
45,2,[2.34208420e-04 7.53426859e-05 1.20748862e-02 9.32385682e-06],[1.17 1.07 1.17 1.07 1.19 1.07],[1.23 1.18 1.31 1.21 1.33 1.28]
45,3,[7.32515912e-07 2.94561306e-03 1.55128773e-03 4.57849380e-03],[1.1 1.1 1.1 1.1 1.1 1.1],[1.33 1.33 1.33 1.12 1.11 1.12]
45,4,[1.82565849e-04 4.13203549e-03 1.33970020e-04 6.67336919e-09],[1.11 1.17 1.17 1.11 1.11 1.17],[1.19 1.26 1.52 1.21 1.5  1.5 ]
45,5,[1.04423641e-03 9.65630467e-05 3.54605883e-03 1.13071476e-03],[1.12 1.12 1.12 1.12 1.12 1.12],[1.21 1.14 1.15 1.21 1.21 1.13]
45,6,[2.68369882e-09 1.46559201e-05 2.12193570e-05 2.29492296e-03],[1.24 1.24 1.13 1.24 1.13 1.13],[1.53 1.57 1.53 1.36 1.29 1.26]
45,7,[1.17154624e-03 7.16100708e-03 2.02599634e-02 9.55168823e-05],[1.05 1.05 1.1  1.05 1.05 1.05],[1.1  1.1  1.2  1.06 1.19 1.19]
45,8,[1.22571787e-06 5.28050892e-08 8.23041644e-08 2.34076668e-04],[1.33 1.33 1.21 1.39 1.21 1.21],[1.52 1.55 1.41 1.69 1.52 1.44]
45,9,[3.01153763e-05 4.33884891e-06 1.39036378e-07 1.54204596e-06],[1.28 1.28 1.28 1.3  1.3  1.31],[1.36 1.5  1.44 1.53 1.48 1.5 ]
20,0,[9.00087788e-07 5.04798231e-03 1.04194415e-04 7.70324686e-05],[1.1  1.19 1.19 1.1  1.1  1.19],[1.35 1.38 1.38 1.21 1.22 1.25]
20,1,[1.72393630e-04 1.37199202e-04 2.99126345e-06 1.15286733e-03],[1.17 1.17 1.16 1.17 1.16 1.16],[1.24 1.35 1.22 1.36 1.24 1.33]
20,2,[4.29126129e-05 1.29520102e-05 2.19881175e-06 3.01081383e-05],[1.27 1.27 1.27 1.27 1.27 1.27],[1.35 1.41 1.35 1.45 1.36 1.39]
20,3,[2.25675966e-05 4.03173776e-04 7.68247807e-07 2.15383267e-14],[1.19 1.25 1.25 1.19 1.19 1.33],[1.29 1.46 1.88 1.41 1.88 1.94]
20,4,[4.11740484e-02 2.53513491e-03 5.84560729e-06 2.43082982e-06],[1.01 1.01 1.01 1.09 1.09 1.27],[1.09 1.28 1.3  1.28 1.3  1.36]
20,5,[1.34856555e-05 6.46759878e-04 1.52586515e-02 1.81429116e-03],[1.12 1.06 1.1  1.06 1.1  1.06],[1.25 1.25 1.25 1.14 1.15 1.1 ]
20,6,[1.04683547e-03 2.59002974e-03 1.30479681e-03 1.15457361e-07],[1.13 1.13 1.13 1.13 1.13 1.13],[1.14 1.15 1.39 1.15 1.39 1.39]
20,7,[1.84585190e-04 5.88471812e-05 7.61758779e-03 3.64752437e-06],[1.18 1.09 1.18 1.09 1.2  1.09],[1.25 1.19 1.34 1.22 1.36 1.3 ]
20,8,[5.64000902e-04 2.25650267e-03 2.10418885e-04 2.04284231e-06],[1.13 1.15 1.15 1.13 1.13 1.16],[1.16 1.21 1.35 1.2  1.35 1.35]
20,9,[3.25654269e-07 3.54637121e-04 4.44364571e-03 4.81338720e-04],[1.14 1.11 1.14 1.11 1.14 1.11],[1.37 1.37 1.38 1.18 1.21 1.16]
44,0,[2.84938694e-03 1.36513262e-02 2.80219513e-05 5.17381159e-03],[1.06 1.07 1.07 1.06 1.06 1.07],[1.09 1.22 1.09 1.22 1.07 1.22]
44,1,[1.41700928e-06 1.54436111e-07 9.56127415e-08 1.85822844e-08],[1.38 1.38 1.38 1.39 1.39 1.39],[1.52 1.57 1.6  1.63 1.66 1.62]
44,2,[3.13151953e-05 9.69057274e-03 1.21498278e-09 2.44179036e-05],[1.08 1.23 1.23 1.08 1.08 1.23],[1.24 1.59 1.33 1.54 1.25 1.58]
44,3,[1.22240241e-04 4.39951371e-07 2.96475059e-04 5.37970803e-06],[1.2  1.2  1.2  1.2  1.27 1.2 ],[1.4  1.27 1.36 1.44 1.48 1.32]
44,4,[1.45195550e-04 1.79453133e-03 1.50463229e-08 1.87427832e-07],[1.14 1.19 1.19 1.14 1.14 1.37],[1.21 1.49 1.43 1.48 1.41 1.57]
44,5,[4.73849088e-05 3.33825094e-03 1.23233143e-03 2.96738842e-04],[1.12 1.12 1.15 1.12 1.12 1.12],[1.23 1.23 1.25 1.15 1.18 1.18]
44,6,[2.22165129e-03 5.80991784e-06 1.77229440e-03 2.89948796e-04],[1.13 1.13 1.13 1.13 1.15 1.13],[1.29 1.15 1.18 1.29 1.31 1.18]
44,7,[2.20459994e-03 1.52038521e-04 5.20988583e-04 7.68256584e-05],[1.13 1.13 1.13 1.15 1.17 1.15],[1.2  1.18 1.24 1.23 1.27 1.24]
44,8,[6.23203395e-06 1.42804894e-05 2.36479918e-08 7.51685785e-05],[1.26 1.27 1.25 1.26 1.25 1.25],[1.37 1.58 1.36 1.55 1.35 1.49]
44,9,[1.27422088e-03 2.39486120e-09 1.57878153e-03 1.48030694e-04],[1.15 1.15 1.15 1.15 1.17 1.15],[1.5  1.17 1.22 1.5  1.51 1.21]
30,0,[0.00043067 0.00816473 0.00040487 0.00121489],[1.08 1.13 1.12 1.08 1.08 1.12],[1.16 1.2  1.17 1.16 1.13 1.16]
30,1,[8.71586729e-07 1.46142540e-04 7.30868593e-06 1.04618373e-04],[1.23 1.26 1.23 1.23 1.23 1.23],[1.39 1.48 1.41 1.37 1.29 1.33]
30,2,[1.41604551e-06 2.41890533e-06 1.66184203e-05 4.41577519e-02],[1.29 1.26 1.01 1.26 1.01 1.01],[1.39 1.4  1.33 1.37 1.32 1.26]
30,3,[2.93655097e-06 3.52605427e-05 1.36535955e-02 4.26290776e-06],[1.23 1.06 1.27 1.06 1.23 1.06],[1.34 1.31 1.43 1.24 1.36 1.3 ]
30,4,[8.13558241e-05 3.27954654e-07 3.33910214e-03 3.64933040e-04],[1.19 1.12 1.16 1.12 1.16 1.12],[1.39 1.22 1.24 1.39 1.39 1.17]
30,5,[1.23424039e-05 3.49687909e-04 5.00652789e-06 2.27495163e-05],[1.2  1.25 1.25 1.2  1.2  1.25],[1.29 1.4  1.35 1.33 1.31 1.38]
30,6,[2.45550375e-03 1.06177481e-05 3.26711416e-07 7.79043885e-03],[1.09 1.09 1.08 1.25 1.08 1.08],[1.25 1.37 1.11 1.42 1.25 1.37]
30,7,[2.15154953e-03 2.13038095e-05 3.73672674e-04 1.78787293e-04],[1.13 1.13 1.13 1.16 1.16 1.16],[1.25 1.19 1.22 1.27 1.3  1.22]
30,8,[2.52074970e-07 2.58212873e-09 2.40645057e-03 2.06355200e-09],[1.39 1.13 1.39 1.13 1.48 1.13],[1.59 1.4  1.66 1.53 1.78 1.52]
30,9,[1.65623703e-04 6.77385373e-06 6.33709542e-05 1.77516442e-07],[1.22 1.22 1.22 1.22 1.27 1.22],[1.33 1.3  1.46 1.39 1.53 1.44]
19,0,[0.00097321 0.00030404 0.00227848 0.00025307],[1.13 1.13 1.13 1.13 1.14 1.13],[1.2  1.16 1.19 1.2  1.22 1.18]
19,1,[0.00086263 0.00033368 0.01001741 0.00106546],[1.11 1.07 1.11 1.07 1.11 1.07],[1.17 1.14 1.16 1.17 1.18 1.13]
19,2,[3.26684608e-07 2.36145194e-05 1.98135913e-05 5.02413974e-05],[1.26 1.26 1.26 1.26 1.26 1.26],[1.43 1.47 1.44 1.38 1.35 1.32]
19,3,[8.30662257e-05 4.92215793e-08 1.65807563e-02 2.18394642e-03],[1.19 1.05 1.1  1.05 1.1  1.05],[1.41 1.21 1.21 1.41 1.41 1.1 ]
19,4,[8.76842412e-05 4.69657384e-06 1.34546697e-04 4.55741551e-06],[1.23 1.23 1.23 1.23 1.26 1.23],[1.35 1.31 1.37 1.37 1.43 1.34]
19,5,[2.77553538e-05 1.22019925e-02 5.33621626e-04 1.99248820e-04],[1.07 1.15 1.16 1.07 1.07 1.15],[1.24 1.27 1.27 1.15 1.18 1.19]
19,6,[1.83198302e-05 3.75817085e-05 6.53722057e-06 4.00149777e-05],[1.27 1.27 1.27 1.27 1.27 1.27],[1.32 1.41 1.37 1.4  1.34 1.37]
19,7,[3.54176461e-08 4.89289929e-04 6.36319260e-08 5.51254952e-02],[1.15 1.39 1.   1.15 1.   1.  ],[1.42 1.57 1.42 1.42 1.15 1.42]
19,8,[1.10132459e-05 3.86393499e-06 2.62502545e-06 8.99798772e-05],[1.27 1.27 1.24 1.28 1.24 1.24],[1.36 1.43 1.36 1.45 1.38 1.38]
19,9,[5.59037007e-02 1.56963274e-04 3.73092101e-03 5.61045650e-05],[1.   1.   1.   1.08 1.17 1.08],[1.18 1.08 1.21 1.18 1.25 1.21]
17,0,[6.07581317e-06 1.08940329e-07 1.91648706e-05 1.93227253e-04],[1.27 1.25 1.22 1.25 1.22 1.22],[1.48 1.41 1.34 1.49 1.45 1.3 ]
17,1,[5.19842159e-05 1.00584296e-05 1.22078265e-05 1.93799810e-05],[1.26 1.26 1.26 1.26 1.26 1.26],[1.33 1.37 1.37 1.39 1.41 1.35]
17,2,[5.05357215e-06 1.21925818e-03 1.45577503e-05 4.04943021e-06],[1.15 1.26 1.27 1.15 1.15 1.26],[1.3  1.41 1.43 1.31 1.33 1.38]
17,3,[2.22253501e-04 1.07434372e-03 1.36506720e-06 4.05435608e-06],[1.16 1.18 1.18 1.16 1.16 1.28],[1.2  1.38 1.34 1.37 1.33 1.42]
17,4,[3.89883701e-06 2.55876772e-04 1.05456023e-07 2.73865682e-04],[1.2  1.28 1.2  1.2  1.2  1.2 ],[1.33 1.48 1.34 1.44 1.25 1.42]
17,5,[0.00037258 0.00047739 0.00024365 0.00489501],[1.14 1.14 1.1  1.14 1.1  1.1 ],[1.18 1.22 1.17 1.21 1.17 1.18]
17,6,[2.53837507e-07 7.21583731e-07 1.61409548e-03 6.23066450e-04],[1.33 1.14 1.14 1.14 1.14 1.14],[1.47 1.4  1.4  1.36 1.36 1.17]
17,7,[9.19286329e-05 2.75336455e-02 3.71385613e-05 3.99777148e-03],[1.03 1.18 1.08 1.03 1.03 1.08],[1.2  1.26 1.2  1.22 1.08 1.22]
17,8,[0.00017006 0.00847391 0.00018639 0.00016264],[1.08 1.15 1.15 1.08 1.08 1.15],[1.18 1.24 1.24 1.19 1.19 1.22]
17,9,[6.97607089e-05 6.49228389e-08 5.06855148e-07 9.67656112e-05],[1.24 1.24 1.24 1.34 1.24 1.24],[1.46 1.44 1.31 1.58 1.49 1.4 ]
53,0,[1.61512841e-05 3.74252976e-02 3.91863016e-02 4.52491264e-05],[1.   1.   1.21 1.   1.   1.  ],[1.24 1.24 1.31 1.   1.21 1.21]
53,1,[0.00152637 0.00101175 0.00114894 0.0180082 ],[1.09 1.09 1.05 1.09 1.05 1.05],[1.13 1.14 1.11 1.15 1.13 1.12]
53,2,[8.65975645e-04 7.53471990e-05 7.84867597e-04 1.65246609e-05],[1.17 1.17 1.17 1.17 1.19 1.17],[1.24 1.19 1.28 1.25 1.31 1.28]
53,3,[5.28961997e-03 7.14931447e-03 1.01908873e-02 3.02989417e-06],[1.06 1.06 1.06 1.06 1.06 1.06],[1.06 1.06 1.28 1.06 1.28 1.28]
53,4,[3.81659736e-04 3.15114996e-05 3.09814236e-03 1.56257912e-06],[1.16 1.12 1.16 1.12 1.22 1.12],[1.25 1.18 1.36 1.25 1.4  1.33]
53,5,[5.78005010e-04 5.54172183e-05 3.95036454e-04 3.52774665e-07],[1.18 1.18 1.18 1.18 1.2  1.18],[1.24 1.22 1.39 1.27 1.41 1.39]
53,6,[1.53589417e-04 4.38025618e-07 5.74583954e-04 9.73647800e-08],[1.19 1.18 1.19 1.18 1.34 1.18],[1.4  1.25 1.43 1.4  1.53 1.42]
53,7,[2.74243222e-04 1.12764979e-06 1.90820840e-05 2.25808813e-04],[1.2  1.2  1.2  1.24 1.2  1.2 ],[1.36 1.32 1.25 1.44 1.38 1.29]
53,8,[7.99804314e-06 6.70028785e-07 2.87242421e-04 4.22576092e-08],[1.28 1.2  1.28 1.2  1.33 1.2 ],[1.43 1.33 1.54 1.41 1.61 1.45]
53,9,[8.89636254e-09 1.30143914e-03 2.69711334e-04 1.24897967e-03],[1.15 1.15 1.15 1.15 1.15 1.15],[1.47 1.48 1.47 1.2  1.17 1.19]
4,0,[4.48730866e-07 4.32449103e-07 2.35320592e-07 3.38849667e-05],[1.35 1.35 1.27 1.35 1.27 1.27],[1.52 1.55 1.46 1.59 1.5  1.43]
4,1,[5.04142502e-04 6.67376950e-04 5.94242822e-05 3.72813624e-03],[1.13 1.13 1.11 1.13 1.11 1.11],[1.18 1.25 1.18 1.24 1.16 1.23]
4,2,[2.09809401e-04 5.76481805e-05 1.04073169e-06 7.47209418e-07],[1.22 1.22 1.22 1.22 1.22 1.32],[1.27 1.39 1.39 1.4  1.43 1.46]
4,3,[1.63412331e-04 2.68840064e-06 2.35628036e-05 8.31812914e-05],[1.22 1.22 1.22 1.23 1.22 1.22],[1.35 1.32 1.3  1.43 1.4  1.31]
4,4,[1.92249104e-03 9.12427687e-05 1.26075389e-03 6.48594147e-06],[1.14 1.14 1.14 1.14 1.18 1.14],[1.21 1.16 1.3  1.22 1.34 1.3 ]
4,5,[3.22848177e-08 3.17031179e-09 1.96823379e-05 1.65624073e-04],[1.42 1.25 1.22 1.25 1.22 1.22],[1.62 1.53 1.49 1.61 1.56 1.3 ]
4,6,[2.75769814e-04 2.42890168e-07 8.83178858e-06 6.40104123e-04],[1.18 1.18 1.18 1.26 1.18 1.18],[1.41 1.31 1.24 1.47 1.41 1.29]
4,7,[2.74990385e-03 1.10349955e-05 3.82566561e-04 4.45923805e-06],[1.12 1.12 1.12 1.16 1.25 1.16],[1.27 1.18 1.31 1.28 1.39 1.31]
4,8,[1.20685906e-06 3.63349319e-04 2.43121684e-05 1.89076855e-04],[1.2  1.22 1.2  1.2  1.2  1.2 ],[1.36 1.39 1.38 1.29 1.24 1.28]
4,9,[1.25687773e-04 7.49688621e-04 3.91247534e-05 8.32622880e-05],[1.17 1.19 1.19 1.17 1.17 1.19],[1.22 1.29 1.28 1.27 1.25 1.29]
34,0,[3.47756713e-06 3.20006145e-02 5.55084071e-07 3.68026595e-05],[1.03 1.28 1.24 1.03 1.03 1.24],[1.3  1.49 1.37 1.36 1.24 1.4 ]
34,1,[7.43291546e-05 9.64133614e-05 4.71690119e-07 1.20400980e-07],[1.24 1.24 1.24 1.24 1.24 1.34],[1.28 1.44 1.48 1.44 1.48 1.52]
34,2,[5.91162008e-05 1.37722499e-02 1.06677584e-02 1.37667962e-04],[1.05 1.05 1.17 1.05 1.05 1.05],[1.2  1.2  1.26 1.05 1.17 1.17]
34,3,[8.67254620e-03 1.60538173e-05 7.63566201e-06 1.03514433e-06],[1.08 1.08 1.08 1.26 1.26 1.26],[1.26 1.29 1.35 1.36 1.41 1.41]
34,4,[6.64900189e-02 2.43257075e-04 2.34501507e-09 3.52876947e-05],[1.   1.   1.   1.17 1.17 1.21],[1.17 1.52 1.23 1.55 1.27 1.54]
34,5,[5.05797180e-05 1.25158599e-07 9.83528546e-05 9.32790782e-06],[1.24 1.24 1.24 1.24 1.26 1.24],[1.45 1.32 1.37 1.46 1.5  1.33]
34,6,[3.32532097e-07 5.43791620e-05 6.63637174e-04 2.12534300e-03],[1.2  1.14 1.13 1.14 1.13 1.13],[1.38 1.38 1.38 1.23 1.23 1.16]
34,7,[0.00039106 0.0023033  0.00066691 0.00178081],[1.13 1.13 1.13 1.13 1.13 1.13],[1.17 1.18 1.17 1.16 1.14 1.16]
34,8,[8.48595400e-03 8.18062394e-03 5.69138358e-04 4.80960921e-05],[1.06 1.06 1.06 1.06 1.06 1.13],[1.06 1.13 1.21 1.13 1.21 1.22]
34,9,[2.09106450e-08 4.77668590e-06 4.06724219e-05 2.58755596e-04],[1.27 1.23 1.21 1.23 1.21 1.21],[1.53 1.49 1.48 1.4  1.34 1.27]
59,0,[0.00015226 0.00039152 0.12300324 0.00028883],[1.15 1.   1.15 1.   1.15 1.  ],[1.21 1.19 1.25 1.15 1.22 1.17]
59,1,[7.05189973e-04 2.91972543e-02 1.71763114e-05 3.29170420e-04],[1.03 1.14 1.14 1.03 1.03 1.14],[1.14 1.27 1.18 1.26 1.16 1.26]
59,2,[0.00683421 0.00731284 0.00050252 0.00018279],[1.07 1.07 1.07 1.07 1.07 1.13],[1.07 1.14 1.17 1.14 1.17 1.19]
59,3,[0.00109535 0.04837648 0.04864188 0.00041729],[1.  1.  1.1 1.  1.  1. ],[1.1  1.1  1.16 1.   1.14 1.14]
59,4,[4.97229317e-05 2.09711064e-06 4.41030747e-02 7.93695973e-07],[1.22 1.01 1.22 1.01 1.3  1.01],[1.33 1.22 1.4  1.32 1.46 1.35]
59,5,[9.12006483e-05 1.78903852e-05 2.52657446e-03 3.33273131e-04],[1.19 1.13 1.16 1.13 1.16 1.13],[1.3  1.23 1.25 1.28 1.28 1.17]
59,6,[6.52725007e-04 1.60345952e-06 7.86360318e-04 1.39057195e-05],[1.17 1.17 1.17 1.17 1.24 1.17],[1.34 1.19 1.29 1.35 1.4  1.29]
59,7,[0.00073109 0.00012343 0.00097662 0.02147225],[1.12 1.12 1.04 1.12 1.04 1.04],[1.19 1.16 1.14 1.2  1.19 1.13]
59,8,[3.25867358e-05 7.07208179e-04 2.74487126e-02 2.04520196e-03],[1.12 1.03 1.1  1.03 1.1  1.03],[1.24 1.24 1.24 1.14 1.15 1.1 ]
59,9,[0.0002726  0.00015232 0.00015457 0.00060511],[1.18 1.18 1.18 1.18 1.18 1.18],[1.23 1.24 1.23 1.27 1.24 1.22]
55,0,[4.13768031e-03 6.60614606e-03 5.63126433e-05 2.22694831e-04],[1.09 1.09 1.09 1.09 1.09 1.16],[1.09 1.21 1.17 1.21 1.17 1.23]
55,1,[0.00118398 0.00874233 0.00039091 0.02685062],[1.05 1.1  1.03 1.05 1.03 1.03],[1.1  1.16 1.1  1.14 1.05 1.14]
55,2,[3.07562109e-04 4.67590106e-03 2.01971119e-03 3.78989056e-06],[1.1  1.1  1.15 1.1  1.1  1.1 ],[1.17 1.17 1.3  1.12 1.29 1.29]
55,3,[1.51757510e-04 4.12700970e-05 3.09698931e-04 3.12079562e-05],[1.2  1.2  1.2  1.2  1.21 1.2 ],[1.29 1.25 1.3  1.3  1.34 1.27]
55,4,[3.61818742e-08 7.57833329e-05 8.54014350e-03 2.11679469e-05],[1.21 1.08 1.23 1.08 1.21 1.08],[1.44 1.44 1.48 1.22 1.33 1.25]
55,5,[1.77778249e-03 4.73522231e-03 5.53931826e-04 1.91830508e-07],[1.1  1.11 1.11 1.1  1.1  1.13],[1.12 1.16 1.37 1.16 1.37 1.37]
55,6,[1.16807745e-04 1.08529302e-05 1.62671583e-03 8.03458630e-03],[1.18 1.11 1.08 1.11 1.08 1.08],[1.29 1.21 1.2  1.28 1.28 1.11]
55,7,[3.23957474e-05 9.89241425e-05 3.37270130e-04 6.55669016e-04],[1.18 1.18 1.18 1.18 1.18 1.18],[1.29 1.27 1.27 1.26 1.25 1.2 ]
55,8,[0.00204384 0.00051329 0.00037412 0.00334247],[1.12 1.12 1.12 1.13 1.12 1.12],[1.16 1.17 1.13 1.18 1.16 1.17]
55,9,[1.03749083e-07 9.17880816e-09 5.04245367e-04 1.27743437e-05],[1.38 1.19 1.27 1.19 1.27 1.19],[1.61 1.45 1.48 1.51 1.56 1.29]
54,0,[2.17097134e-07 3.47577788e-03 2.41248817e-02 6.79572023e-05],[1.08 1.04 1.2  1.04 1.08 1.04],[1.36 1.36 1.41 1.08 1.2  1.2 ]
54,1,[2.39841101e-04 8.74692894e-06 3.88831882e-08 7.48956706e-05],[1.21 1.21 1.21 1.26 1.21 1.21],[1.31 1.48 1.29 1.55 1.36 1.47]
54,2,[3.10751920e-05 1.26078174e-03 3.07714295e-06 1.04712107e-05],[1.15 1.24 1.24 1.15 1.15 1.25],[1.25 1.39 1.37 1.34 1.32 1.4 ]
54,3,[3.57470356e-05 1.29686568e-04 2.66783970e-01 1.34806494e-04],[1.17 1.   1.17 1.   1.17 1.  ],[1.26 1.24 1.3  1.19 1.27 1.19]
54,4,[5.61968219e-02 3.08268371e-03 4.55992279e-05 2.55595860e-02],[1.   1.   1.   1.07 1.   1.  ],[1.07 1.2  1.   1.2  1.07 1.2 ]
54,5,[6.11186681e-08 3.21210951e-04 4.75494091e-03 4.57256354e-02],[1.14 1.07 1.01 1.07 1.01 1.01],[1.4  1.4  1.4  1.16 1.16 1.07]
54,6,[3.61905809e-05 6.48733546e-06 1.95903861e-03 3.80571324e-04],[1.21 1.14 1.16 1.14 1.16 1.14],[1.34 1.26 1.27 1.31 1.32 1.18]
54,7,[1.04776247e-06 1.97036899e-05 1.15144784e-07 1.01121136e-08],[1.29 1.34 1.34 1.29 1.29 1.38],[1.4  1.54 1.61 1.49 1.56 1.64]
54,8,[1.25723825e-04 5.13279430e-05 4.81195075e-05 1.90821658e-06],[1.23 1.23 1.23 1.23 1.23 1.23],[1.29 1.32 1.38 1.32 1.41 1.37]
54,9,[4.06929870e-03 2.02170271e-07 3.26618780e-03 3.18975335e-01],[1.07 1.07 1.   1.07 1.   1.  ],[1.36 1.09 1.08 1.36 1.36 1.08]
33,0,[2.93402045e-08 1.54970610e-05 2.13504794e-04 5.50159283e-05],[1.24 1.21 1.22 1.21 1.22 1.21],[1.5  1.49 1.52 1.33 1.35 1.28]
33,1,[4.71881722e-07 4.74448354e-06 2.86806826e-05 7.06036632e-07],[1.3  1.28 1.32 1.28 1.3  1.28],[1.47 1.47 1.57 1.41 1.47 1.42]
33,2,[1.43314335e-04 5.90089451e-06 8.33470517e-03 1.02104150e-03],[1.17 1.08 1.12 1.08 1.12 1.08],[1.3  1.2  1.21 1.29 1.29 1.13]
33,3,[2.04688070e-07 8.56415038e-05 5.26977135e-07 2.30995793e-03],[1.21 1.34 1.13 1.21 1.13 1.13],[1.4  1.52 1.4  1.39 1.23 1.36]
33,4,[9.97490156e-07 9.49570298e-06 7.85900792e-07 1.15031598e-08],[1.32 1.33 1.33 1.32 1.32 1.33],[1.41 1.56 1.6  1.49 1.55 1.58]
33,5,[4.30073955e-05 7.21936277e-08 1.93295021e-03 2.70046238e-03],[1.21 1.12 1.12 1.12 1.12 1.12],[1.41 1.24 1.24 1.41 1.41 1.12]
33,6,[4.83258847e-07 8.25099739e-07 4.04107702e-02 4.76412072e-04],[1.33 1.01 1.15 1.01 1.15 1.01],[1.47 1.37 1.39 1.35 1.36 1.15]
33,7,[2.26418799e-05 9.04225121e-06 1.47919956e-08 7.09224246e-04],[1.25 1.25 1.17 1.25 1.17 1.17],[1.35 1.52 1.3  1.58 1.34 1.47]
33,8,[4.81376469e-04 3.58639462e-05 5.46748713e-03 7.14253862e-07],[1.15 1.1  1.15 1.1  1.21 1.1 ],[1.24 1.17 1.36 1.24 1.4  1.35]
33,9,[3.20119093e-01 6.98270257e-03 2.69269957e-04 1.92462117e-05],[1.   1.   1.   1.06 1.06 1.15],[1.06 1.16 1.24 1.16 1.24 1.24]
52,0,[7.75092968e-09 8.34728233e-05 2.97890811e-02 1.87606797e-03],[1.19 1.03 1.1  1.03 1.1  1.03],[1.46 1.46 1.46 1.21 1.21 1.1 ]
52,1,[4.60302684e-06 2.40506412e-03 2.28232400e-06 8.23347656e-06],[1.13 1.27 1.27 1.13 1.13 1.27],[1.3  1.42 1.39 1.34 1.29 1.38]
52,2,[2.19897469e-05 5.48531293e-03 2.21323586e-04 4.42677080e-04],[1.1  1.16 1.15 1.1  1.1  1.15],[1.25 1.28 1.28 1.19 1.16 1.2 ]
52,3,[8.41188259e-05 2.28613700e-01 4.04233644e-04 1.71233415e-01],[1.   1.14 1.   1.   1.   1.  ],[1.19 1.21 1.19 1.14 1.   1.14]
52,4,[3.31033891e-08 5.68623874e-07 5.54776840e-05 3.43159264e-03],[1.33 1.22 1.12 1.22 1.12 1.12],[1.51 1.47 1.46 1.42 1.37 1.22]
52,5,[3.17483803e-04 1.38593964e-02 5.06627881e-07 4.06578241e-04],[1.06 1.15 1.15 1.06 1.06 1.15],[1.16 1.38 1.21 1.36 1.16 1.36]
52,6,[3.35633921e-02 1.25084029e-04 2.48570620e-03 5.70474905e-05],[1.02 1.02 1.02 1.09 1.17 1.09],[1.19 1.09 1.21 1.19 1.25 1.21]
52,7,[5.80447700e-05 3.97574491e-03 1.05853411e-03 7.12738647e-04],[1.11 1.12 1.12 1.11 1.11 1.12],[1.23 1.23 1.24 1.14 1.16 1.17]
52,8,[1.99081623e-05 1.24164064e-06 8.21484669e-06 2.07382346e-07],[1.29 1.29 1.29 1.29 1.31 1.29],[1.39 1.38 1.48 1.45 1.57 1.47]
52,9,[2.45709794e-03 2.27927416e-05 2.40214443e-04 9.09822116e-07],[1.13 1.13 1.13 1.17 1.23 1.17],[1.25 1.19 1.36 1.28 1.4  1.36]
62,0,[4.38025419e-04 3.12424160e-03 8.03639314e-03 3.01452046e-05],[1.09 1.08 1.13 1.08 1.09 1.08],[1.14 1.14 1.25 1.1  1.23 1.23]
62,1,[1.94886886e-04 9.29446964e-10 1.08040093e-07 2.37324535e-05],[1.22 1.22 1.22 1.38 1.25 1.25],[1.56 1.46 1.31 1.7  1.58 1.48]
62,2,[6.90745363e-03 1.40415146e-05 1.37915685e-02 5.45525817e-02],[1.04 1.03 1.   1.03 1.   1.  ],[1.23 1.04 1.04 1.23 1.23 1.03]
62,3,[2.99550841e-02 2.88637904e-04 2.98656372e-04 2.40317390e-07],[1.03 1.03 1.03 1.15 1.15 1.15],[1.16 1.17 1.38 1.22 1.39 1.38]
62,4,[5.36962302e-06 1.41861355e-04 1.26863180e-04 3.35237534e-07],[1.23 1.23 1.27 1.23 1.23 1.23],[1.33 1.36 1.47 1.29 1.42 1.42]
62,5,[0.00022443 0.00048437 0.0058986  0.08756359],[1.13 1.06 1.   1.06 1.   1.  ],[1.18 1.16 1.16 1.14 1.14 1.06]
62,6,[1.16093389e-02 3.91329800e-03 6.38670945e-07 5.34686584e-04],[1.07 1.07 1.07 1.08 1.08 1.13],[1.08 1.34 1.14 1.34 1.14 1.34]
62,7,[7.20225370e-04 7.93127649e-06 7.22606641e-10 6.78985716e-05],[1.17 1.17 1.17 1.26 1.21 1.21],[1.31 1.6  1.28 1.63 1.34 1.57]
62,8,[1.23669420e-04 5.26665157e-02 1.36013106e-04 2.03231571e-01],[1.   1.16 1.   1.   1.   1.  ],[1.18 1.24 1.18 1.17 1.   1.17]
62,9,[4.03498518e-06 5.02357547e-03 3.11947127e-06 7.42530482e-11],[1.1  1.28 1.28 1.1  1.1  1.28],[1.3  1.42 1.69 1.31 1.62 1.64]
46,0,[2.78762140e-04 2.15146280e-03 1.62071445e-07 7.99117683e-05],[1.13 1.17 1.17 1.13 1.13 1.19],[1.19 1.42 1.27 1.42 1.25 1.42]
46,1,[1.15852491e-05 4.81725777e-03 1.08309829e-07 1.53626233e-06],[1.1  1.27 1.27 1.1  1.1  1.31],[1.27 1.46 1.41 1.41 1.33 1.45]
46,2,[7.25013486e-04 4.81402614e-06 7.93180032e-06 1.55229022e-02],[1.14 1.14 1.06 1.26 1.06 1.06],[1.29 1.29 1.14 1.38 1.29 1.28]
46,3,[8.52889672e-08 1.74269143e-06 8.41339646e-07 2.86675628e-02],[1.33 1.33 1.03 1.33 1.03 1.03],[1.47 1.53 1.42 1.44 1.33 1.35]
46,4,[4.32906768e-03 1.11497457e-04 2.07035684e-04 2.27641491e-05],[1.11 1.11 1.11 1.18 1.18 1.18],[1.2  1.2  1.27 1.26 1.31 1.27]
46,5,[9.44194364e-04 1.49191094e-03 4.49533531e-06 4.60257803e-06],[1.15 1.15 1.15 1.15 1.15 1.26],[1.16 1.33 1.32 1.33 1.32 1.38]
46,6,[4.77995242e-04 3.90170007e-07 3.06029128e-04 3.97418279e-04],[1.19 1.19 1.19 1.19 1.19 1.19],[1.39 1.24 1.23 1.39 1.39 1.22]
46,7,[2.25394563e-07 1.21045170e-06 7.41437785e-05 2.48073478e-07],[1.34 1.25 1.34 1.25 1.34 1.25],[1.46 1.45 1.57 1.41 1.54 1.42]
46,8,[5.48161780e-05 1.07069832e-07 9.78159925e-05 8.71721976e-04],[1.2  1.2  1.17 1.2  1.17 1.17],[1.43 1.31 1.27 1.45 1.43 1.23]
46,9,[1.06361272e-06 6.61042256e-06 8.72125881e-05 9.88874258e-03],[1.26 1.21 1.07 1.21 1.07 1.07],[1.4  1.39 1.35 1.33 1.29 1.21]
51,0,[2.71957764e-06 2.86949337e-02 1.09739336e-05 2.22217342e-04],[1.03 1.25 1.18 1.03 1.03 1.18],[1.31 1.43 1.35 1.27 1.18 1.28]
51,1,[4.65853715e-06 1.12388744e-05 1.10453590e-03 1.82569806e-04],[1.25 1.16 1.18 1.16 1.18 1.16],[1.36 1.32 1.33 1.3  1.31 1.2 ]
51,2,[1.66554963e-05 8.16807625e-06 2.45714201e-04 5.44510772e-04],[1.24 1.18 1.18 1.18 1.18 1.18],[1.35 1.31 1.31 1.33 1.33 1.21]
51,3,[2.34518248e-02 6.29903526e-04 8.88691290e-06 3.40723706e-05],[1.04 1.04 1.04 1.14 1.14 1.22],[1.14 1.28 1.24 1.28 1.26 1.31]
51,4,[1.30775390e-04 1.58798374e-03 2.42613126e-07 4.87159368e-07],[1.14 1.19 1.19 1.14 1.14 1.35],[1.2  1.43 1.41 1.42 1.39 1.54]
51,5,[7.01047316e-05 1.10471092e-06 1.18618019e-06 6.03352336e-02],[1.21 1.21 1.   1.3  1.   1.  ],[1.36 1.37 1.21 1.5  1.34 1.34]
51,6,[2.67303714e-06 2.69757737e-05 1.06662386e-01 1.01780923e-02],[1.22 1.   1.04 1.   1.04 1.  ],[1.33 1.29 1.29 1.22 1.22 1.04]
51,7,[1.38146967e-03 3.15509247e-03 5.20893970e-06 6.16865374e-07],[1.12 1.12 1.12 1.12 1.12 1.27],[1.13 1.31 1.35 1.31 1.35 1.4 ]
51,8,[7.15847432e-08 1.88983273e-09 4.16970729e-05 3.17672025e-03],[1.39 1.23 1.12 1.23 1.12 1.12],[1.62 1.47 1.43 1.56 1.54 1.24]
51,9,[5.30850686e-05 9.06134624e-05 1.36429066e-05 4.90265356e-05],[1.25 1.25 1.25 1.25 1.25 1.25],[1.28 1.37 1.33 1.36 1.32 1.33]
60,0,[4.26846131e-06 6.16766590e-06 1.58338319e-05 7.11318256e-05],[1.26 1.26 1.25 1.26 1.25 1.25],[1.41 1.41 1.41 1.41 1.39 1.32]
60,1,[3.11863642e-04 1.45132924e-03 1.32934977e-05 4.84055645e-04],[1.15 1.15 1.15 1.15 1.15 1.15],[1.18 1.29 1.21 1.29 1.19 1.29]
60,2,[2.33847647e-04 6.72167547e-05 2.93268078e-02 6.74849924e-04],[1.16 1.03 1.14 1.03 1.14 1.03],[1.24 1.18 1.2  1.21 1.24 1.14]
60,3,[1.93953246e-05 1.63684776e-06 2.46403207e-03 8.71793759e-05],[1.23 1.13 1.21 1.13 1.21 1.13],[1.39 1.28 1.32 1.36 1.4  1.22]
60,4,[0.00676916 0.0357402  0.00046009 0.00066678],[1.02 1.06 1.06 1.02 1.02 1.12],[1.06 1.14 1.13 1.14 1.13 1.15]
60,5,[1.02933460e-04 4.12141472e-04 1.66213828e-05 8.92675886e-05],[1.19 1.19 1.19 1.19 1.19 1.19],[1.24 1.33 1.28 1.3  1.26 1.31]
60,6,[0.01445842 0.00084157 0.0394383  0.00029163],[1.03 1.02 1.03 1.02 1.11 1.02],[1.11 1.03 1.15 1.11 1.17 1.15]
60,7,[8.73449056e-02 8.86660372e-04 1.84327638e-08 2.72988521e-10],[1.   1.   1.   1.13 1.13 1.43],[1.13 1.46 1.58 1.48 1.59 1.67]
60,8,[5.11725806e-03 5.48241823e-04 2.68484128e-07 1.12825378e-08],[1.1  1.1  1.1  1.15 1.15 1.36],[1.16 1.39 1.47 1.39 1.47 1.57]
60,9,[1.69035097e-04 7.04150279e-06 3.24238069e-04 2.16594653e-03],[1.16 1.16 1.13 1.16 1.13 1.13],[1.3  1.23 1.22 1.3  1.3  1.18]
47,0,[2.39325601e-04 8.71534201e-04 1.65587493e-03 3.50510384e-05],[1.14 1.14 1.15 1.14 1.14 1.14],[1.2  1.2  1.28 1.16 1.25 1.25]
47,1,[9.58058003e-05 3.57345041e-05 9.44379916e-08 4.07840333e-06],[1.24 1.24 1.24 1.24 1.24 1.28],[1.29 1.47 1.39 1.49 1.39 1.49]
47,2,[0.00386615 0.00027819 0.24891237 0.18095466],[1.06 1.   1.   1.   1.   1.  ],[1.14 1.06 1.06 1.14 1.14 1.  ]
47,3,[8.01055730e-06 5.90205271e-06 5.36841789e-03 1.10027525e-03],[1.25 1.1  1.12 1.1  1.12 1.1 ],[1.35 1.28 1.28 1.3  1.3  1.13]
47,4,[2.31915385e-07 1.71169646e-05 6.63752469e-07 2.79466836e-05],[1.28 1.34 1.28 1.28 1.28 1.28],[1.45 1.58 1.48 1.45 1.38 1.43]
47,5,[1.80396630e-05 2.29042701e-07 1.26605981e-04 3.10194614e-06],[1.25 1.23 1.25 1.23 1.29 1.23],[1.45 1.33 1.42 1.46 1.52 1.35]
47,6,[1.20301502e-03 4.46907769e-04 5.50785443e-07 2.42192373e-08],[1.15 1.15 1.15 1.15 1.15 1.34],[1.19 1.39 1.47 1.4  1.47 1.55]
47,7,[0.04175949 0.0004158  0.00731084 0.00041129],[1.01 1.01 1.01 1.05 1.12 1.05],[1.14 1.05 1.14 1.14 1.19 1.14]
47,8,[3.42961655e-05 2.51274606e-02 1.24062591e-05 1.12871200e-04],[1.04 1.21 1.2  1.04 1.04 1.2 ],[1.23 1.36 1.28 1.27 1.2  1.29]
47,9,[1.56614666e-05 1.10265043e-05 1.32091356e-05 1.51761328e-06],[1.3 1.3 1.3 1.3 1.3 1.3],[1.35 1.38 1.44 1.39 1.46 1.4 ]
58,0,[0.0008122  0.0134832  0.01692741 0.00013203],[1.03 1.03 1.11 1.03 1.03 1.03],[1.11 1.11 1.2  1.03 1.17 1.17]
58,1,[3.97719246e-03 3.96095621e-07 3.03520863e-05 2.85468145e-07],[1.11 1.11 1.11 1.24 1.34 1.24],[1.38 1.26 1.39 1.45 1.54 1.41]
58,2,[3.34553246e-04 4.28096782e-06 1.03939217e-05 7.84436189e-06],[1.2  1.2  1.2  1.26 1.26 1.26],[1.32 1.33 1.36 1.42 1.44 1.38]
58,3,[3.59019274e-04 3.11802685e-04 5.08064553e-05 3.00798392e-03],[1.15 1.15 1.12 1.15 1.12 1.12],[1.21 1.26 1.18 1.27 1.19 1.24]
58,4,[5.06016784e-06 8.35003801e-06 1.06996349e-04 2.70883083e-04],[1.26 1.21 1.21 1.21 1.21 1.21],[1.38 1.35 1.34 1.35 1.33 1.25]
58,5,[1.08152987e-04 6.40458418e-05 1.89333400e-04 4.67393733e-05],[1.22 1.22 1.22 1.22 1.22 1.22],[1.28 1.28 1.32 1.29 1.32 1.28]
58,6,[1.17630606e-04 3.01311199e-02 9.99553889e-07 2.85691718e-06],[1.03 1.19 1.19 1.03 1.03 1.29],[1.19 1.36 1.34 1.34 1.31 1.42]
58,7,[8.82295761e-03 1.24050605e-04 2.60421902e-06 9.58470150e-05],[1.08 1.08 1.08 1.18 1.18 1.18],[1.2  1.31 1.21 1.35 1.26 1.32]
58,8,[1.36428695e-05 3.84696279e-02 1.24102561e-06 1.85956085e-03],[1.02 1.24 1.1  1.02 1.02 1.1 ],[1.26 1.37 1.26 1.32 1.1  1.32]
58,9,[1.98826316e-03 8.77126151e-07 3.32206955e-05 8.36404656e-03],[1.1  1.1  1.08 1.21 1.08 1.08],[1.33 1.24 1.11 1.37 1.33 1.23]
65,0,[1.59391602e-04 1.55850826e-02 7.09138303e-05 1.59223293e-04],[1.06 1.17 1.17 1.06 1.06 1.17],[1.19 1.27 1.25 1.21 1.19 1.24]
65,1,[2.70965786e-03 5.20691599e-03 9.63904395e-05 3.78760467e-08],[1.1  1.1  1.1  1.1  1.1  1.18],[1.1  1.21 1.42 1.21 1.42 1.43]
65,2,[2.20926870e-03 3.57994317e-06 2.69784676e-05 1.07380888e-03],[1.13 1.13 1.13 1.22 1.13 1.13],[1.31 1.25 1.16 1.35 1.31 1.25]
65,3,[1.38998214e-05 6.40468256e-08 1.08522710e-03 7.87648956e-07],[1.27 1.16 1.27 1.16 1.32 1.16],[1.46 1.29 1.43 1.44 1.52 1.35]
65,4,[7.79124165e-07 1.19788484e-03 2.17528217e-06 6.31631314e-07],[1.15 1.32 1.32 1.15 1.15 1.32],[1.36 1.47 1.49 1.36 1.37 1.46]
65,5,[2.29537193e-04 1.79572098e-02 1.54745337e-02 1.71474654e-06],[1.03 1.03 1.16 1.03 1.03 1.03],[1.16 1.16 1.34 1.03 1.3  1.3 ]
65,6,[3.11954121e-04 2.07203106e-02 3.66137725e-07 7.84809857e-08],[1.04 1.16 1.16 1.04 1.04 1.35],[1.16 1.38 1.42 1.37 1.42 1.5 ]
65,7,[1.52214011e-07 8.34138245e-05 1.63070451e-06 5.82569309e-05],[1.24 1.31 1.24 1.24 1.24 1.24],[1.43 1.55 1.46 1.41 1.31 1.37]
65,8,[3.90720400e-06 5.20165365e-03 1.55083170e-05 2.12329586e-02],[1.07 1.24 1.04 1.07 1.04 1.04],[1.28 1.36 1.28 1.24 1.07 1.24]
65,9,[1.11767540e-02 2.33965314e-02 2.26603469e-09 4.72595099e-05],[1.04 1.04 1.04 1.04 1.04 1.21],[1.04 1.5  1.21 1.5  1.21 1.5 ]
56,0,[2.59176794e-01 1.37981777e-02 2.33314661e-08 4.56701683e-05],[1.   1.   1.   1.03 1.03 1.21],[1.03 1.43 1.21 1.43 1.21 1.43]
56,1,[5.86413940e-09 2.42404290e-05 2.79177841e-08 2.24091049e-04],[1.24 1.43 1.21 1.24 1.21 1.21],[1.53 1.69 1.53 1.53 1.31 1.47]
56,2,[4.28972791e-09 4.11212950e-05 5.11666813e-08 3.50210181e-04],[1.23 1.4  1.2  1.23 1.2  1.2 ],[1.54 1.68 1.54 1.49 1.3  1.43]
56,3,[0.0001186  0.03098976 0.00024849 0.00015272],[1.03 1.16 1.16 1.03 1.03 1.16],[1.2  1.23 1.25 1.17 1.19 1.22]
56,4,[3.87878470e-02 3.53999982e-04 1.16494677e-03 3.29964835e-05],[1.02 1.02 1.02 1.12 1.14 1.12],[1.16 1.12 1.22 1.17 1.25 1.22]
56,5,[6.34951396e-08 1.69987712e-02 2.00553814e-04 2.94562594e-05],[1.05 1.18 1.22 1.05 1.05 1.18],[1.42 1.43 1.46 1.18 1.24 1.25]
56,6,[6.21686858e-07 2.09038116e-06 1.12615237e-04 4.76960264e-03],[1.3 1.2 1.1 1.2 1.1 1.1],[1.45 1.4  1.37 1.36 1.34 1.2 ]
56,7,[5.58909807e-09 1.26929374e-04 1.45757463e-05 1.03194789e-05],[1.23 1.25 1.25 1.23 1.23 1.25],[1.51 1.54 1.55 1.33 1.35 1.37]
56,8,[2.66295918e-03 1.84217551e-04 5.76825279e-07 7.85152729e-05],[1.13 1.13 1.13 1.18 1.18 1.19],[1.19 1.38 1.23 1.39 1.26 1.39]
56,9,[1.37626076e-04 2.92096118e-06 1.03710265e-03 4.66796257e-04],[1.17 1.16 1.16 1.16 1.16 1.16],[1.34 1.23 1.23 1.34 1.34 1.19]
61,0,[7.35224907e-03 7.30106028e-02 1.38856477e-04 6.84207137e-05],[1.   1.05 1.05 1.   1.   1.17],[1.05 1.17 1.2  1.17 1.2  1.23]
61,1,[1.42010042e-04 6.35523911e-06 1.89752794e-04 2.01640166e-04],[1.22 1.22 1.22 1.22 1.22 1.22],[1.33 1.26 1.26 1.35 1.34 1.24]
61,2,[2.46990433e-03 1.38669744e-03 6.26057660e-02 9.73355246e-06],[1.09 1.   1.09 1.   1.1  1.  ],[1.12 1.09 1.26 1.11 1.26 1.26]
61,3,[4.01962671e-06 1.36891193e-03 8.79354926e-03 2.53436408e-03],[1.1  1.08 1.09 1.08 1.09 1.08],[1.28 1.28 1.28 1.12 1.12 1.1 ]
61,4,[8.95992176e-06 7.61732158e-03 1.74722013e-05 1.79156824e-01],[1.05 1.24 1.   1.05 1.   1.  ],[1.26 1.32 1.26 1.24 1.05 1.24]
61,5,[2.30153528e-07 1.10540962e-05 2.19371180e-02 8.67390192e-03],[1.25 1.04 1.05 1.04 1.05 1.04],[1.39 1.37 1.37 1.25 1.25 1.05]
61,6,[2.70551493e-05 1.25279495e-04 8.45460686e-05 6.39979666e-06],[1.23 1.23 1.23 1.23 1.23 1.23],[1.3  1.32 1.4  1.29 1.36 1.34]
61,7,[3.59141163e-07 1.73249507e-04 5.09554390e-08 4.40206499e-06],[1.22 1.35 1.3  1.22 1.22 1.3 ],[1.4  1.58 1.5  1.48 1.36 1.5 ]
61,8,[1.49864778e-06 5.65368863e-10 5.90075492e-06 8.52695739e-04],[1.3  1.29 1.17 1.29 1.17 1.17],[1.62 1.44 1.35 1.63 1.58 1.32]
61,9,[2.66220466e-03 1.01649735e-06 1.06989153e-03 2.50413808e-04],[1.13 1.13 1.13 1.13 1.15 1.13],[1.34 1.15 1.18 1.34 1.35 1.18]
57,0,[4.36905125e-03 2.04894789e-05 4.15033752e-02 2.56332631e-05],[1.07 1.01 1.07 1.01 1.22 1.01],[1.23 1.07 1.24 1.23 1.32 1.24]
57,1,[2.36363856e-05 3.60504529e-06 2.72333176e-03 1.90838493e-04],[1.23 1.13 1.18 1.13 1.18 1.13],[1.36 1.27 1.29 1.32 1.34 1.19]
57,2,[3.73331451e-04 2.05073147e-04 1.25446236e-04 2.03612528e-06],[1.19 1.19 1.19 1.19 1.19 1.19],[1.24 1.26 1.37 1.27 1.38 1.35]
57,3,[6.87307899e-09 4.88893231e-05 9.23494706e-04 1.38307091e-04],[1.2  1.16 1.19 1.16 1.19 1.16],[1.53 1.53 1.55 1.27 1.3  1.21]
57,4,[1.06980213e-06 1.28459978e-08 2.09870163e-08 1.39506634e-06],[1.38 1.38 1.38 1.43 1.38 1.38],[1.56 1.59 1.52 1.74 1.62 1.55]
57,5,[5.90701932e-10 1.56514422e-05 4.77736516e-04 5.72615289e-10],[1.26 1.19 1.51 1.19 1.26 1.19],[1.58 1.58 1.8  1.31 1.62 1.56]
57,6,[5.97452514e-03 8.43341123e-03 3.47066105e-03 5.81005521e-05],[1.07 1.07 1.07 1.07 1.07 1.08],[1.07 1.08 1.19 1.08 1.19 1.19]
57,7,[2.33861073e-04 1.70609853e-04 3.20777769e-05 2.53499604e-07],[1.21 1.21 1.21 1.21 1.21 1.22],[1.24 1.31 1.45 1.32 1.44 1.43]
57,8,[1.54076150e-02 5.09644986e-05 1.95940599e-02 3.96617903e-02],[1.01 1.01 1.01 1.01 1.01 1.01],[1.19 1.01 1.01 1.19 1.19 1.01]
57,9,[7.24128411e-07 5.92508328e-06 6.13928452e-02 4.75227675e-05],[1.27 1.   1.23 1.   1.23 1.  ],[1.42 1.35 1.41 1.29 1.38 1.23]
71,0,[1.63238722e-06 8.51045142e-07 5.87993964e-04 1.28193182e-02],[1.31 1.15 1.06 1.15 1.06 1.06],[1.42 1.33 1.33 1.36 1.36 1.15]
71,1,[4.18560754e-05 1.05111473e-05 8.84281353e-08 3.59285234e-04],[1.23 1.23 1.2  1.25 1.2  1.2 ],[1.33 1.47 1.29 1.49 1.32 1.42]
71,2,[7.95471022e-07 5.59684632e-08 1.99764376e-03 1.09487409e-03],[1.32 1.14 1.14 1.14 1.14 1.14],[1.51 1.35 1.35 1.42 1.42 1.15]
71,3,[0.0055928  0.00148061 0.04101927 0.00016252],[1.06 1.01 1.06 1.01 1.09 1.01],[1.1  1.06 1.18 1.1  1.18 1.18]
71,4,[6.53064455e-05 9.92493001e-08 3.04553502e-03 3.04103822e-04],[1.2  1.12 1.17 1.12 1.17 1.12],[1.41 1.23 1.25 1.41 1.42 1.18]
71,5,[0.00121779 0.00192463 0.00024348 0.00610669],[1.1  1.1  1.09 1.1  1.09 1.09],[1.13 1.18 1.13 1.18 1.12 1.18]
71,6,[7.35801348e-07 1.00478863e-03 9.14663191e-04 6.51117532e-06],[1.16 1.16 1.26 1.16 1.16 1.16],[1.37 1.37 1.41 1.18 1.29 1.29]
71,7,[4.21773607e-02 4.41032931e-03 3.93940643e-05 9.89322664e-07],[1.01 1.01 1.01 1.07 1.07 1.21],[1.07 1.22 1.33 1.22 1.33 1.34]
71,8,[2.10018802e-08 1.55595640e-06 5.79253175e-03 2.88417760e-05],[1.31 1.1  1.24 1.1  1.24 1.1 ],[1.52 1.46 1.53 1.35 1.42 1.24]
71,9,[1.39893503e-05 2.04743802e-03 1.00158950e-05 7.72952889e-05],[1.13 1.24 1.21 1.13 1.13 1.21],[1.27 1.37 1.33 1.28 1.23 1.31]
66,0,[7.50486112e-06 6.22627061e-09 8.84785509e-02 3.09019098e-03],[1.26 1.   1.09 1.   1.09 1.  ],[1.5  1.27 1.27 1.47 1.47 1.09]
66,1,[4.87057797e-02 2.05588011e-05 1.85991504e-06 1.13716115e-04],[1.01 1.01 1.01 1.23 1.2  1.2 ],[1.26 1.32 1.2  1.4  1.31 1.32]
66,2,[2.20286953e-04 1.23127261e-04 1.82365035e-05 1.38317326e-06],[1.21 1.21 1.21 1.21 1.21 1.23],[1.24 1.31 1.39 1.33 1.39 1.4 ]
66,3,[3.04476652e-05 9.24704764e-05 1.92900092e-04 1.70849306e-05],[1.22 1.22 1.22 1.22 1.22 1.22],[1.3  1.33 1.37 1.28 1.34 1.3 ]
66,4,[2.65524581e-02 4.83900053e-04 2.22179444e-04 1.91608586e-07],[1.03 1.03 1.03 1.15 1.15 1.16],[1.15 1.18 1.38 1.21 1.39 1.38]
66,5,[4.54395747e-03 6.25030666e-02 8.46178668e-06 3.39379020e-06],[1.   1.07 1.07 1.   1.   1.26],[1.07 1.27 1.29 1.27 1.29 1.34]
66,6,[5.94212756e-04 2.98036453e-06 1.07859078e-04 1.32463290e-07],[1.18 1.18 1.18 1.2  1.29 1.2 ],[1.33 1.26 1.44 1.36 1.52 1.43]
66,7,[9.72347961e-06 6.41180706e-06 8.26859808e-05 3.10246495e-03],[1.25 1.21 1.12 1.21 1.12 1.12],[1.37 1.33 1.29 1.34 1.3  1.22]
66,8,[3.01119661e-03 2.58806737e-03 5.52595978e-05 2.17902839e-04],[1.12 1.12 1.12 1.12 1.12 1.16],[1.12 1.22 1.19 1.22 1.19 1.24]
66,9,[7.89374319e-06 1.01115863e-04 3.86020163e-04 3.66717260e-02],[1.18 1.16 1.02 1.16 1.02 1.02],[1.31 1.29 1.28 1.24 1.2  1.16]
72,0,[0.00087676 0.0006189  0.00391953 0.00270513],[1.11 1.11 1.11 1.11 1.11 1.11],[1.16 1.14 1.14 1.16 1.16 1.11]
72,1,[5.20889500e-06 1.20869643e-02 3.07472946e-04 1.14946666e-05],[1.07 1.16 1.25 1.07 1.07 1.16],[1.29 1.31 1.4  1.17 1.27 1.28]
72,2,[2.04212985e-03 3.26050590e-02 2.90869826e-06 3.69383066e-02],[1.   1.08 1.   1.   1.   1.  ],[1.08 1.29 1.08 1.29 1.   1.29]
72,3,[1.29825221e-04 1.70176464e-04 3.51240661e-07 1.11121712e-03],[1.18 1.18 1.16 1.18 1.16 1.16],[1.25 1.4  1.24 1.4  1.22 1.39]
72,4,[1.61120478e-04 1.63482360e-03 3.32423378e-06 1.44766072e-06],[1.14 1.19 1.19 1.14 1.14 1.28],[1.2  1.34 1.36 1.33 1.35 1.42]
72,5,[2.35834727e-04 2.23818845e-04 4.86619747e-05 6.93416073e-08],[1.21 1.21 1.21 1.21 1.21 1.21],[1.22 1.29 1.46 1.29 1.46 1.47]
72,6,[3.26882509e-07 1.99452955e-03 1.14194970e-03 5.90456268e-08],[1.14 1.14 1.35 1.14 1.14 1.14],[1.38 1.38 1.55 1.16 1.41 1.41]
72,7,[7.10006068e-05 1.15246426e-01 7.28937011e-03 6.95592505e-04],[1.   1.05 1.12 1.   1.   1.05],[1.2  1.2  1.21 1.05 1.12 1.12]
72,8,[0.02975358 0.0001665  0.00095584 0.00987768],[1.03 1.03 1.03 1.11 1.04 1.04],[1.17 1.11 1.04 1.18 1.17 1.11]
72,9,[6.88626660e-03 1.45231295e-03 3.25198991e-03 3.87356813e-12],[1.09 1.09 1.09 1.09 1.1  1.09],[1.12 1.1  1.66 1.12 1.66 1.66]
86,0,[1.59260458e-01 1.01615054e-03 1.05652229e-05 7.15112717e-07],[1.   1.   1.   1.12 1.12 1.25],[1.12 1.27 1.34 1.27 1.34 1.38]
86,1,[0.00864661 0.00043653 0.00618698 0.00158179],[1.08 1.08 1.08 1.08 1.09 1.08],[1.14 1.08 1.1  1.14 1.15 1.1 ]
86,2,[9.31991289e-05 1.29680482e-01 4.36806883e-05 1.28962816e-05],[1.   1.2  1.2  1.   1.   1.21],[1.2  1.28 1.31 1.23 1.27 1.3 ]
86,3,[5.18111449e-03 3.46391182e-07 4.96498047e-08 4.89460055e-04],[1.1  1.1  1.1  1.35 1.15 1.15],[1.38 1.42 1.17 1.53 1.38 1.42]
86,4,[4.82790348e-05 2.98618871e-05 5.08329353e-04 1.68286615e-06],[1.22 1.19 1.22 1.19 1.22 1.19],[1.31 1.28 1.39 1.29 1.41 1.35]
86,5,[0.00928634 0.00132448 0.00110059 0.00368768],[1.08 1.08 1.08 1.09 1.08 1.08],[1.12 1.12 1.09 1.13 1.12 1.12]
86,6,[2.61856331e-05 3.13815019e-06 5.34168133e-04 1.69829979e-08],[1.24 1.18 1.24 1.18 1.29 1.18],[1.37 1.29 1.53 1.35 1.55 1.47]
86,7,[5.41398193e-02 1.43435054e-02 1.39936218e-05 4.19783951e-05],[1.   1.   1.   1.03 1.03 1.21],[1.03 1.24 1.21 1.24 1.21 1.29]
86,8,[1.22417061e-04 2.35313122e-05 7.73551093e-05 3.48268093e-04],[1.2 1.2 1.2 1.2 1.2 1.2],[1.32 1.29 1.25 1.33 1.31 1.25]
86,9,[1.67175033e-07 3.87411817e-04 7.92732870e-04 1.43513249e-02],[1.14 1.13 1.06 1.13 1.06 1.06],[1.38 1.38 1.38 1.19 1.16 1.13]
63,0,[2.68345058e-04 8.11111508e-06 1.25613875e-02 1.28818459e-04],[1.17 1.06 1.17 1.06 1.17 1.06],[1.28 1.17 1.23 1.28 1.31 1.19]
63,1,[2.45188511e-04 2.82676396e-05 7.40958406e-11 4.69867897e-05],[1.21 1.21 1.21 1.22 1.22 1.22],[1.27 1.64 1.3  1.65 1.33 1.64]
63,2,[5.20230205e-05 1.36780123e-06 4.86427948e-04 3.59271211e-05],[1.21 1.19 1.21 1.19 1.21 1.19],[1.38 1.28 1.3  1.38 1.41 1.26]
63,3,[3.37980602e-05 2.22753865e-04 1.73684699e-06 1.69491450e-07],[1.21 1.23 1.23 1.21 1.21 1.3 ],[1.27 1.41 1.46 1.39 1.44 1.51]
63,4,[5.40015243e-04 4.55356862e-06 1.47028377e-04 8.11001901e-05],[1.18 1.18 1.18 1.19 1.19 1.19],[1.32 1.26 1.27 1.35 1.38 1.27]
63,5,[4.69839348e-04 4.04858845e-05 5.54274596e-03 2.13188866e-02],[1.13 1.06 1.04 1.06 1.04 1.04],[1.22 1.14 1.14 1.22 1.22 1.06]
63,6,[8.08653757e-03 1.13512456e-05 3.50372258e-03 1.39555718e-05],[1.08 1.08 1.08 1.08 1.23 1.08],[1.27 1.09 1.25 1.27 1.35 1.25]
63,7,[1.03824267e-04 8.46104965e-04 8.64458610e-06 6.69726874e-09],[1.17 1.2  1.2  1.17 1.17 1.26],[1.22 1.34 1.52 1.32 1.5  1.54]
63,8,[0.00012143 0.00023854 0.00016358 0.0001281 ],[1.21 1.21 1.21 1.21 1.21 1.21],[1.25 1.28 1.28 1.26 1.27 1.25]
63,9,[2.67204340e-05 3.02623926e-10 2.98735658e-05 1.24943039e-02],[1.22 1.22 1.07 1.22 1.07 1.07],[1.55 1.31 1.25 1.59 1.55 1.24]
78,0,[8.85432372e-05 1.35748600e-05 4.57863976e-03 9.07863070e-06],[1.2  1.11 1.2  1.11 1.24 1.11],[1.3  1.22 1.34 1.28 1.38 1.28]
78,1,[5.66885327e-05 7.43949078e-05 6.87412684e-03 6.78537987e-06],[1.2  1.09 1.2  1.09 1.2  1.09],[1.27 1.23 1.36 1.23 1.35 1.28]
78,2,[9.01111214e-04 3.18409774e-06 2.64073390e-06 2.02566841e-04],[1.16 1.16 1.16 1.28 1.18 1.18],[1.32 1.34 1.24 1.41 1.34 1.34]
78,3,[1.20061702e-04 7.89177599e-05 4.54408530e-02 3.20967491e-06],[1.19 1.01 1.19 1.01 1.19 1.01],[1.24 1.19 1.34 1.21 1.36 1.31]
78,4,[8.31660270e-04 1.74895616e-07 5.66177726e-05 2.11677801e-05],[1.17 1.17 1.17 1.22 1.23 1.22],[1.4  1.26 1.29 1.45 1.46 1.31]
78,5,[0.00032777 0.00014484 0.00030023 0.00119169],[1.15 1.15 1.15 1.15 1.15 1.15],[1.24 1.23 1.21 1.25 1.23 1.19]
78,6,[2.69749894e-02 5.45938444e-05 1.25651464e-02 4.77393788e-04],[1.03 1.03 1.03 1.03 1.13 1.03],[1.2  1.03 1.13 1.2  1.23 1.13]
78,7,[3.46232986e-05 9.01822527e-04 9.82242338e-06 1.57631685e-10],[1.16 1.24 1.24 1.16 1.16 1.25],[1.25 1.34 1.64 1.31 1.62 1.65]
78,8,[8.31103720e-04 3.38152801e-08 9.12798503e-10 3.19027588e-04],[1.17 1.17 1.17 1.41 1.17 1.17],[1.45 1.54 1.21 1.68 1.47 1.54]
78,9,[4.72336554e-07 4.79681520e-06 3.65611959e-03 6.49243753e-05],[1.27 1.11 1.22 1.11 1.22 1.11],[1.45 1.38 1.41 1.31 1.35 1.22]
70,0,[2.89814268e-06 7.68768178e-05 1.43888238e-05 1.07181502e-02],[1.21 1.24 1.07 1.21 1.07 1.07],[1.32 1.41 1.32 1.32 1.21 1.26]
70,1,[1.79059961e-07 2.53183592e-06 2.02587267e-04 9.33528734e-05],[1.29 1.22 1.22 1.22 1.22 1.22],[1.51 1.46 1.45 1.38 1.39 1.26]
70,2,[1.55438561e-04 5.87473320e-03 1.29043938e-06 1.41342969e-03],[1.09 1.17 1.11 1.09 1.09 1.11],[1.19 1.36 1.19 1.32 1.13 1.32]
70,3,[3.66881008e-05 1.95079644e-02 1.77386093e-05 1.52617644e-05],[1.05 1.23 1.23 1.05 1.05 1.23],[1.24 1.35 1.35 1.26 1.26 1.32]
70,4,[9.03764711e-06 4.07921816e-06 2.10586940e-06 1.43762876e-04],[1.28 1.28 1.23 1.28 1.23 1.23],[1.4  1.46 1.35 1.45 1.37 1.36]
70,5,[4.58717280e-02 5.03935101e-04 7.93426678e-03 4.04734229e-05],[1.01 1.01 1.01 1.05 1.13 1.05],[1.13 1.05 1.21 1.13 1.23 1.21]
70,6,[1.03135603e-05 7.39367576e-06 2.57597613e-07 7.83027501e-03],[1.26 1.26 1.08 1.26 1.08 1.08],[1.35 1.47 1.27 1.49 1.29 1.38]
70,7,[0.0010701  0.00030836 0.13074835 0.00708161],[1.1  1.   1.06 1.   1.06 1.  ],[1.15 1.11 1.11 1.15 1.15 1.06]
70,8,[6.88540486e-03 1.07870534e-04 6.48696164e-03 3.94110213e-08],[1.08 1.08 1.08 1.08 1.18 1.08],[1.18 1.08 1.41 1.18 1.42 1.41]
70,9,[1.21663883e-04 9.38116253e-06 6.66154975e-06 4.36699334e-06],[1.23 1.23 1.23 1.26 1.26 1.26],[1.33 1.37 1.39 1.43 1.42 1.4 ]
83,0,[1.62442921e-02 5.66217677e-06 4.95958306e-04 9.92665049e-03],[1.05 1.05 1.05 1.13 1.05 1.05],[1.27 1.13 1.05 1.29 1.27 1.13]
83,1,[5.48394537e-04 2.00728321e-05 2.55892710e-05 4.72781881e-06],[1.18 1.18 1.18 1.23 1.23 1.23],[1.28 1.28 1.34 1.36 1.38 1.36]
83,2,[1.48357577e-04 1.87879415e-03 9.40305430e-06 5.44087380e-06],[1.14 1.19 1.19 1.14 1.14 1.25],[1.2  1.33 1.33 1.31 1.32 1.39]
83,3,[0.00723778 0.00406802 0.00363065 0.0023541 ],[1.08 1.08 1.08 1.08 1.08 1.09],[1.08 1.09 1.09 1.09 1.09 1.09]
83,4,[4.68604150e-04 1.40299788e-05 1.44095339e-03 1.68357182e-04],[1.15 1.15 1.15 1.15 1.17 1.15],[1.28 1.19 1.24 1.28 1.31 1.2 ]
83,5,[1.36972432e-02 2.90152950e-07 7.15508980e-07 2.60132975e-05],[1.06 1.06 1.06 1.33 1.24 1.24],[1.38 1.35 1.24 1.5  1.44 1.38]
83,6,[7.48238661e-07 1.10524807e-08 2.20202659e-03 2.35694391e-03],[1.33 1.12 1.12 1.12 1.12 1.12],[1.53 1.34 1.34 1.46 1.46 1.12]
83,7,[1.68469080e-01 7.57859519e-02 6.82984824e-09 2.39082239e-07],[1.   1.   1.   1.   1.   1.37],[1.   1.46 1.37 1.46 1.37 1.53]
83,8,[2.75567633e-01 1.01353408e-04 6.41949164e-03 6.74813414e-07],[1.   1.   1.   1.06 1.18 1.06],[1.19 1.06 1.33 1.19 1.38 1.33]
83,9,[4.44423167e-03 2.88432716e-03 1.44530913e-03 2.75171837e-05],[1.11 1.11 1.11 1.11 1.11 1.11],[1.11 1.13 1.22 1.13 1.22 1.22]
79,0,[1.28181103e-04 3.37737706e-06 1.23350228e-01 3.97512993e-05],[1.19 1.   1.19 1.   1.21 1.  ],[1.32 1.19 1.29 1.31 1.37 1.23]
79,1,[6.09941659e-06 4.61885329e-04 9.30723947e-05 6.51299145e-06],[1.19 1.2  1.26 1.19 1.19 1.2 ],[1.32 1.34 1.41 1.27 1.34 1.34]
79,2,[6.01159122e-03 2.46026200e-06 3.35299604e-03 5.65846259e-06],[1.09 1.09 1.09 1.09 1.27 1.09],[1.3  1.1  1.27 1.3  1.41 1.27]
79,3,[6.13884243e-08 1.18494581e-03 1.14264991e-04 7.41028396e-03],[1.12 1.18 1.09 1.12 1.09 1.09],[1.4  1.42 1.4  1.21 1.13 1.2 ]
79,4,[2.98195621e-05 5.21135725e-03 2.99609713e-06 7.39771423e-07],[1.1  1.24 1.24 1.1  1.1  1.29],[1.24 1.39 1.41 1.33 1.36 1.42]
79,5,[1.85182119e-05 9.34176896e-03 3.92407131e-08 4.53269863e-03],[1.08 1.24 1.08 1.08 1.08 1.08],[1.24 1.47 1.24 1.41 1.08 1.41]
79,6,[2.39066863e-02 1.18193114e-03 1.16580638e-03 5.19876740e-06],[1.04 1.04 1.04 1.1  1.1  1.1 ],[1.12 1.12 1.28 1.14 1.29 1.28]
79,7,[7.12649229e-09 1.16207539e-05 7.77617353e-06 1.27423450e-04],[1.26 1.26 1.23 1.26 1.23 1.23],[1.53 1.57 1.54 1.4  1.34 1.33]
79,8,[1.90366151e-03 5.08432071e-07 6.21008939e-05 4.69515810e-07],[1.14 1.14 1.14 1.22 1.33 1.22],[1.37 1.24 1.38 1.41 1.51 1.38]
79,9,[4.57317663e-05 6.17222396e-02 3.30404954e-03 4.22973180e-03],[1.   1.07 1.07 1.   1.   1.07],[1.2  1.2  1.2  1.08 1.07 1.08]
98,0,[4.75423018e-06 2.90941539e-05 5.36441611e-04 4.41157022e-07],[1.24 1.18 1.27 1.18 1.24 1.18],[1.37 1.34 1.47 1.29 1.43 1.38]
98,1,[9.63127593e-05 1.03922960e-03 2.84004561e-02 2.84622130e-03],[1.11 1.03 1.09 1.03 1.09 1.03],[1.2  1.2  1.2  1.12 1.13 1.09]
98,2,[1.93055108e-06 2.00967397e-04 5.03589155e-07 6.52845972e-03],[1.18 1.3  1.09 1.18 1.09 1.09],[1.33 1.47 1.33 1.39 1.19 1.36]
98,3,[1.85579452e-08 5.17236046e-03 8.53922313e-06 3.64003393e-04],[1.1  1.26 1.16 1.1  1.1  1.16],[1.45 1.53 1.47 1.28 1.18 1.28]
98,4,[4.07761243e-03 7.44142257e-03 2.92930667e-06 4.26497868e-05],[1.08 1.09 1.09 1.09 1.09 1.21],[1.08 1.3  1.22 1.3  1.22 1.33]
98,5,[1.92063110e-06 7.94656922e-05 9.26069479e-03 8.17391749e-04],[1.19 1.08 1.13 1.08 1.13 1.08],[1.34 1.33 1.33 1.22 1.23 1.13]
98,6,[0.00109042 0.0004394  0.00057668 0.00021013],[1.16 1.16 1.16 1.16 1.16 1.16],[1.17 1.2  1.21 1.2  1.21 1.21]
98,7,[1.43477852e-09 2.32051908e-06 1.61937306e-03 2.37180175e-04],[1.3  1.14 1.17 1.14 1.17 1.14],[1.57 1.54 1.54 1.35 1.36 1.19]
98,8,[0.00042841 0.06329603 0.00093858 0.00112046],[1.   1.11 1.11 1.   1.   1.11],[1.15 1.17 1.17 1.13 1.12 1.14]
98,9,[3.14353584e-07 2.11295227e-05 3.61452189e-03 1.15429868e-05],[1.25 1.11 1.25 1.11 1.25 1.11],[1.41 1.38 1.45 1.26 1.35 1.27]
94,0,[8.74758976e-02 1.86682049e-01 5.16308145e-08 1.26373642e-03],[1.  1.  1.  1.  1.  1.1],[1.   1.39 1.1  1.39 1.1  1.39]
94,1,[4.87144176e-03 1.71235921e-04 1.83004560e-08 1.86628462e-06],[1.1  1.1  1.1  1.18 1.18 1.3 ],[1.19 1.47 1.33 1.47 1.35 1.5 ]
94,2,[6.86042647e-07 9.15897475e-06 6.32149026e-07 1.60459331e-04],[1.28 1.32 1.22 1.28 1.22 1.22],[1.43 1.49 1.42 1.46 1.34 1.38]
94,3,[3.00984935e-04 4.03427005e-07 2.99844983e-03 5.27553969e-07],[1.17 1.12 1.17 1.12 1.33 1.12],[1.37 1.19 1.39 1.37 1.51 1.36]
94,4,[1.56346074e-08 1.01035278e-05 7.10086006e-03 1.50354072e-03],[1.25 1.09 1.11 1.09 1.11 1.09],[1.49 1.47 1.47 1.26 1.26 1.12]
94,5,[3.62700620e-02 3.89913016e-05 7.79082234e-02 2.29717619e-06],[1.   1.   1.   1.   1.21 1.  ],[1.21 1.   1.3  1.21 1.35 1.3 ]
94,6,[1.51220213e-03 2.18152015e-02 2.49433412e-08 1.25934692e-05],[1.04 1.11 1.11 1.04 1.04 1.25],[1.11 1.44 1.27 1.44 1.27 1.45]
94,7,[1.54841925e-04 7.66281339e-05 5.71794743e-02 6.67812420e-02],[1.17 1.   1.   1.   1.   1.  ],[1.22 1.17 1.17 1.19 1.19 1.  ]
94,8,[1.06880527e-05 3.21386290e-06 3.00240602e-03 2.25391782e-05],[1.25 1.12 1.25 1.12 1.25 1.12],[1.38 1.29 1.36 1.32 1.37 1.25]
94,9,[0.00019972 0.00038897 0.00095318 0.00066719],[1.16 1.16 1.16 1.16 1.16 1.16],[1.23 1.23 1.23 1.21 1.21 1.18]
74,0,[1.46297653e-04 1.82768818e-06 1.83117629e-05 1.86170045e-04],[1.22 1.22 1.22 1.23 1.22 1.22],[1.36 1.33 1.27 1.43 1.39 1.3 ]
74,1,[0.08770297 0.00046699 0.00188421 0.00017169],[1.   1.   1.   1.1  1.13 1.1 ],[1.15 1.1  1.18 1.17 1.21 1.18]
74,2,[4.86177700e-06 5.75860143e-04 4.97097552e-04 3.03619978e-03],[1.13 1.13 1.12 1.13 1.12 1.12],[1.28 1.28 1.28 1.18 1.17 1.16]
74,3,[0.00065554 0.00917973 0.00017717 0.00069322],[1.08 1.12 1.12 1.08 1.08 1.12],[1.14 1.2  1.18 1.19 1.14 1.19]
74,4,[0.00057122 0.00059738 0.00448241 0.00021749],[1.13 1.11 1.13 1.11 1.13 1.11],[1.17 1.16 1.21 1.16 1.21 1.18]
74,5,[5.92775500e-07 2.83241635e-05 2.60647958e-05 4.00778614e-06],[1.28 1.28 1.28 1.28 1.28 1.28],[1.42 1.46 1.49 1.35 1.42 1.38]
74,6,[4.90662536e-06 3.31565293e-08 1.42302703e-04 5.97033403e-03],[1.27 1.19 1.09 1.19 1.09 1.09],[1.5  1.33 1.3  1.45 1.44 1.19]
74,7,[1.32980171e-02 3.05208256e-06 1.63588986e-06 6.83532106e-03],[1.06 1.06 1.06 1.29 1.06 1.06],[1.3  1.31 1.06 1.41 1.3  1.31]
74,8,[1.87566275e-03 1.08464187e-07 2.03784309e-06 1.09270653e-03],[1.14 1.14 1.14 1.3  1.14 1.14],[1.41 1.32 1.16 1.48 1.42 1.32]
74,9,[4.94581700e-03 1.53908412e-07 3.09134462e-03 8.11241827e-05],[1.1  1.1  1.1  1.1  1.19 1.1 ],[1.38 1.11 1.2  1.38 1.42 1.2 ]
67,0,[1.58223979e-07 1.05446627e-03 1.29858027e-04 1.05007797e-04],[1.16 1.18 1.18 1.16 1.16 1.18],[1.41 1.44 1.45 1.24 1.25 1.26]
67,1,[1.81533437e-06 1.22121461e-03 3.37293405e-06 2.94101764e-07],[1.15 1.3  1.3  1.15 1.15 1.3 ],[1.33 1.45 1.5  1.33 1.4  1.44]
67,2,[4.22776558e-04 5.00122811e-05 3.77347492e-04 9.61993558e-05],[1.19 1.19 1.19 1.19 1.19 1.19],[1.26 1.23 1.26 1.27 1.3  1.24]
67,3,[3.37250656e-08 5.68235198e-07 4.58912717e-04 7.17041436e-03],[1.34 1.15 1.09 1.15 1.09 1.09],[1.52 1.45 1.45 1.37 1.36 1.16]
67,4,[5.33568788e-05 7.15066869e-05 8.65819194e-10 3.16422467e-03],[1.2  1.2  1.12 1.2  1.12 1.12],[1.26 1.57 1.24 1.58 1.23 1.55]
67,5,[4.92927273e-03 3.53930417e-05 1.09462990e-07 2.30832129e-06],[1.1  1.1  1.1  1.23 1.23 1.3 ],[1.23 1.42 1.33 1.48 1.39 1.47]
67,6,[5.15433477e-04 1.91737186e-05 1.16787014e-03 9.28528364e-02],[1.13 1.12 1.   1.12 1.   1.  ],[1.24 1.17 1.15 1.24 1.24 1.12]
67,7,[4.20547517e-05 2.57700340e-05 7.76725626e-06 6.23959484e-05],[1.26 1.26 1.26 1.26 1.26 1.26],[1.33 1.36 1.33 1.38 1.34 1.33]
67,8,[1.98818983e-09 2.02499118e-05 6.83013460e-04 7.63290924e-04],[1.23 1.17 1.17 1.17 1.17 1.17],[1.52 1.52 1.52 1.29 1.29 1.17]
67,9,[0.0002764  0.00172312 0.00358656 0.00604789],[1.09 1.09 1.09 1.09 1.09 1.09],[1.15 1.15 1.15 1.12 1.12 1.09]
96,0,[2.21859413e-04 7.40379692e-04 4.54687837e-03 4.61706501e-05],[1.14 1.1  1.15 1.1  1.14 1.1 ],[1.19 1.18 1.27 1.16 1.24 1.23]
96,1,[1.21706578e-05 4.82418994e-10 1.56153484e-04 3.10637404e-04],[1.25 1.2  1.2  1.2  1.2  1.2 ],[1.6  1.34 1.33 1.62 1.62 1.24]
96,2,[3.82918576e-06 6.12956178e-04 1.55399994e-05 6.79307206e-05],[1.18 1.24 1.22 1.18 1.18 1.22],[1.33 1.39 1.37 1.3  1.26 1.32]
96,3,[6.42573800e-03 1.88263785e-02 5.59273553e-05 2.12250579e-05],[1.05 1.06 1.06 1.05 1.05 1.2 ],[1.06 1.21 1.23 1.21 1.23 1.27]
96,4,[1.18510692e-03 2.65365245e-03 1.36074032e-05 1.06521927e-07],[1.12 1.12 1.12 1.12 1.12 1.24],[1.14 1.27 1.41 1.27 1.41 1.44]
96,5,[0.00294894 0.00023039 0.02107322 0.07332519],[1.07 1.01 1.   1.01 1.   1.  ],[1.14 1.07 1.07 1.14 1.14 1.01]
96,6,[2.79007952e-04 1.62283989e-05 1.31989834e-06 4.19543236e-05],[1.21 1.21 1.21 1.24 1.23 1.23],[1.3  1.39 1.28 1.43 1.35 1.38]
96,7,[5.29088960e-06 3.12683390e-04 1.07258598e-04 1.15438872e-03],[1.16 1.18 1.16 1.16 1.16 1.16],[1.32 1.34 1.32 1.27 1.22 1.22]
96,8,[4.70748977e-03 2.40888497e-02 3.05606045e-05 2.88060744e-06],[1.04 1.07 1.07 1.04 1.04 1.22],[1.07 1.22 1.29 1.22 1.29 1.34]
96,9,[8.92860517e-05 3.28967469e-02 3.52066030e-04 6.00274159e-06],[1.02 1.16 1.19 1.02 1.02 1.16],[1.21 1.24 1.34 1.16 1.28 1.28]
75,0,[9.73268830e-05 2.58863123e-03 3.01443578e-07 2.18215813e-04],[1.12 1.18 1.18 1.12 1.12 1.18],[1.21 1.4  1.26 1.39 1.2  1.39]
75,1,[8.38292077e-04 1.00584691e-01 7.24184998e-07 1.87359206e-07],[1.   1.13 1.13 1.   1.   1.33],[1.13 1.36 1.39 1.35 1.39 1.46]
75,2,[4.31758876e-06 8.69245532e-04 5.11073550e-04 4.91905755e-04],[1.17 1.17 1.17 1.17 1.17 1.17],[1.32 1.33 1.33 1.22 1.2  1.2 ]
75,3,[1.36993556e-07 4.96753493e-05 4.64072508e-04 7.95408379e-04],[1.2  1.17 1.17 1.17 1.17 1.17],[1.43 1.43 1.43 1.27 1.27 1.19]
75,4,[6.68778863e-02 2.43517630e-03 2.20050248e-04 1.17124980e-05],[1.   1.   1.   1.09 1.09 1.16],[1.09 1.17 1.26 1.18 1.26 1.27]
75,5,[1.61313898e-03 1.25460060e-04 3.34906091e-06 2.96303480e-04],[1.14 1.14 1.14 1.18 1.17 1.17],[1.2  1.33 1.2  1.35 1.23 1.33]
75,6,[2.01377119e-01 2.36256958e-05 2.09185955e-07 2.43695600e-06],[1.   1.   1.   1.25 1.25 1.3 ],[1.25 1.39 1.32 1.46 1.4  1.46]
75,7,[1.84483786e-03 1.99019160e-03 6.74288954e-05 1.00897801e-02],[1.09 1.09 1.07 1.09 1.07 1.07],[1.11 1.2  1.11 1.2  1.11 1.2 ]
75,8,[8.69796861e-04 3.89908528e-05 6.52988757e-07 5.21026014e-05],[1.17 1.17 1.17 1.21 1.21 1.21],[1.25 1.39 1.28 1.42 1.32 1.41]
75,9,[2.78825795e-06 1.74460589e-03 5.78946716e-06 1.14509873e-02],[1.11 1.27 1.07 1.11 1.07 1.07],[1.29 1.41 1.29 1.28 1.11 1.28]
85,0,[4.02149502e-05 6.28114403e-06 2.30707224e-05 5.79643060e-07],[1.27 1.27 1.27 1.27 1.27 1.27],[1.34 1.36 1.44 1.4  1.48 1.43]
85,1,[3.83098007e-05 8.90995424e-06 1.38134548e-07 2.24930741e-10],[1.27 1.27 1.27 1.28 1.28 1.37],[1.35 1.49 1.64 1.54 1.7  1.69]
85,2,[3.86201658e-04 5.65324782e-01 7.80381929e-04 1.06254910e-02],[1.   1.12 1.04 1.   1.   1.04],[1.14 1.16 1.14 1.12 1.04 1.12]
85,3,[1.60172560e-08 1.07755010e-04 1.29357077e-06 3.14448948e-03],[1.2  1.31 1.12 1.2  1.12 1.12],[1.46 1.56 1.46 1.38 1.23 1.34]
85,4,[3.29083526e-04 1.85151706e-03 4.09451780e-04 2.77411687e-06],[1.14 1.15 1.15 1.14 1.14 1.15],[1.18 1.22 1.33 1.2  1.33 1.33]
85,5,[2.63457465e-03 3.51350690e-03 9.28594317e-07 3.88133901e-04],[1.11 1.11 1.11 1.11 1.11 1.14],[1.11 1.32 1.16 1.32 1.16 1.32]
85,6,[6.54932018e-06 1.54614222e-04 1.16200610e-03 6.05674820e-04],[1.17 1.16 1.16 1.16 1.16 1.16],[1.32 1.32 1.32 1.22 1.23 1.18]
85,7,[2.23056755e-02 9.21567600e-05 1.67597396e-07 9.48965590e-05],[1.04 1.04 1.04 1.18 1.18 1.18],[1.2  1.39 1.2  1.43 1.27 1.39]
85,8,[0.00028146 0.01474623 0.0174336  0.01013587],[1.03 1.03 1.03 1.03 1.03 1.03],[1.13 1.13 1.13 1.03 1.03 1.03]
85,9,[3.18953939e-06 1.33346931e-03 2.14874369e-04 1.62743241e-09],[1.15 1.18 1.28 1.15 1.15 1.18],[1.31 1.32 1.56 1.22 1.51 1.51]
81,0,[1.10252586e-04 1.39516871e-06 1.61081776e-06 3.39089842e-04],[1.2  1.2  1.19 1.3  1.19 1.19],[1.37 1.38 1.26 1.48 1.38 1.35]
81,1,[0.00023969 0.00449012 0.01788111 0.00026243],[1.07 1.05 1.14 1.05 1.07 1.05],[1.15 1.15 1.2  1.08 1.16 1.16]
81,2,[2.05462213e-04 3.34241812e-09 3.01939997e-06 9.80545812e-06],[1.21 1.21 1.21 1.28 1.27 1.27],[1.52 1.36 1.34 1.62 1.59 1.41]
81,3,[9.99193303e-06 7.31096132e-04 2.20995962e-03 7.47913940e-05],[1.14 1.13 1.19 1.13 1.14 1.13],[1.28 1.28 1.31 1.16 1.23 1.22]
81,4,[2.80731833e-08 3.19180231e-05 1.05726739e-03 2.15081527e-04],[1.22 1.16 1.18 1.16 1.18 1.16],[1.46 1.46 1.46 1.27 1.28 1.21]
81,5,[0.00840476 0.00014602 0.00370513 0.00269878],[1.08 1.08 1.08 1.08 1.08 1.08],[1.18 1.09 1.09 1.18 1.18 1.09]
81,6,[8.13434962e-06 1.20981892e-04 8.47187623e-05 5.96417064e-05],[1.23 1.23 1.23 1.23 1.23 1.23],[1.33 1.37 1.41 1.3  1.3  1.28]
81,7,[1.48647912e-05 1.62917644e-02 1.13978772e-03 1.80705660e-04],[1.05 1.12 1.16 1.05 1.05 1.12],[1.26 1.26 1.28 1.12 1.18 1.18]
81,8,[6.75405538e-05 4.94176646e-03 3.29653927e-04 1.75833286e-04],[1.1  1.16 1.16 1.1  1.1  1.16],[1.22 1.26 1.27 1.18 1.21 1.21]
81,9,[4.43699875e-03 8.54949094e-05 1.25876382e-03 4.75476167e-04],[1.11 1.11 1.11 1.12 1.13 1.12],[1.21 1.14 1.16 1.22 1.23 1.16]
89,0,[2.20128347e-04 2.10216402e-02 1.11819260e-03 8.43795195e-05],[1.04 1.12 1.16 1.04 1.04 1.12],[1.18 1.2  1.24 1.12 1.2  1.2 ]
89,1,[0.01092937 0.02298177 0.0004351  0.0001621 ],[1.04 1.04 1.04 1.04 1.04 1.14],[1.04 1.14 1.17 1.14 1.17 1.19]
89,2,[9.88624904e-05 3.43614266e-01 1.25346718e-04 2.71980539e-04],[1.   1.17 1.17 1.   1.   1.17],[1.2  1.26 1.25 1.2  1.17 1.22]
89,3,[5.42004191e-05 2.48605836e-04 8.07326497e-04 1.44799163e-04],[1.17 1.17 1.17 1.17 1.17 1.17],[1.27 1.27 1.28 1.22 1.24 1.21]
89,4,[2.77400067e-06 3.46185841e-04 5.61595215e-12 6.30239969e-08],[1.2  1.31 1.31 1.2  1.2  1.4 ],[1.33 1.76 1.51 1.73 1.46 1.78]
89,5,[3.78229255e-06 8.13404161e-05 6.85351591e-02 9.33044214e-01],[1.19 1.   1.   1.   1.   1.  ],[1.31 1.28 1.28 1.19 1.19 1.  ]
89,6,[8.04606209e-04 3.45666032e-05 1.19085680e-05 7.84818408e-06],[1.17 1.17 1.17 1.23 1.23 1.25],[1.26 1.31 1.33 1.35 1.36 1.37]
89,7,[0.00024665 0.00334354 0.0001505  0.03019891],[1.08 1.15 1.03 1.08 1.03 1.03],[1.16 1.22 1.16 1.18 1.08 1.18]
89,8,[1.42218340e-06 2.55725493e-07 1.21333465e-01 4.52634164e-03],[1.31 1.   1.07 1.   1.07 1.  ],[1.46 1.32 1.32 1.37 1.37 1.07]
89,9,[1.03013185e-04 4.32605630e-04 1.32364758e-07 1.25044118e-03],[1.16 1.18 1.15 1.16 1.15 1.15],[1.23 1.43 1.23 1.41 1.19 1.4 ]
68,0,[3.56294422e-04 2.77146437e-05 1.33199938e-06 1.37920396e-03],[1.16 1.16 1.15 1.22 1.15 1.15],[1.28 1.37 1.22 1.41 1.27 1.34]
68,1,[3.88776846e-07 6.33560718e-04 9.63187778e-05 1.31681662e-07],[1.18 1.2  1.34 1.18 1.18 1.2 ],[1.38 1.41 1.54 1.25 1.43 1.43]
68,2,[1.91271281e-05 1.27560065e-03 2.74057042e-05 5.11824411e-05],[1.15 1.22 1.22 1.15 1.15 1.22],[1.26 1.36 1.32 1.27 1.26 1.32]
68,3,[3.28566951e-09 2.61255603e-05 4.12917263e-02 1.31678647e-01],[1.22 1.   1.   1.   1.   1.  ],[1.49 1.49 1.49 1.22 1.22 1.  ]
68,4,[2.79285333e-03 3.70132789e-06 8.74043572e-06 1.03415128e-04],[1.12 1.12 1.12 1.25 1.2  1.2 ],[1.3  1.29 1.22 1.42 1.34 1.31]
68,5,[1.91341809e-09 2.01367809e-05 7.57192950e-05 4.66207226e-08],[1.25 1.25 1.41 1.25 1.25 1.25],[1.58 1.6  1.79 1.35 1.55 1.48]
68,6,[0.00247636 0.03728878 0.00010426 0.00145757],[1.02 1.09 1.09 1.02 1.02 1.09],[1.09 1.19 1.12 1.19 1.11 1.19]
68,7,[0.00020182 0.00096868 0.02192495 0.01771614],[1.11 1.02 1.02 1.02 1.02 1.02],[1.16 1.16 1.16 1.11 1.11 1.02]
68,8,[2.58118284e-06 6.48696276e-05 3.08600155e-04 1.88147462e-05],[1.22 1.2  1.23 1.2  1.22 1.2 ],[1.38 1.37 1.4  1.28 1.34 1.29]
68,9,[1.34988710e-06 4.54096667e-04 2.14255656e-03 1.44792734e-03],[1.13 1.13 1.13 1.13 1.13 1.13],[1.32 1.32 1.32 1.18 1.18 1.14]
73,0,[5.84385341e-05 8.65796426e-05 6.36754291e-05 4.20153870e-06],[1.24 1.24 1.24 1.24 1.24 1.24],[1.28 1.31 1.39 1.32 1.4  1.35]
73,1,[2.80925471e-05 7.10428435e-02 2.58664954e-05 9.12176615e-07],[1.   1.22 1.22 1.   1.   1.22],[1.24 1.32 1.4  1.25 1.35 1.37]
73,2,[2.81332388e-06 1.14823041e-05 1.12879763e-02 2.87961585e-05],[1.25 1.07 1.24 1.07 1.24 1.07],[1.36 1.31 1.39 1.27 1.34 1.24]
73,3,[8.45657185e-05 3.12843291e-04 4.85171156e-04 1.08990452e-05],[1.19 1.19 1.19 1.19 1.19 1.19],[1.24 1.26 1.33 1.22 1.3  1.29]
73,4,[0.00039479 0.00064079 0.00011026 0.00716891],[1.14 1.14 1.09 1.14 1.09 1.09],[1.17 1.23 1.17 1.22 1.15 1.2 ]
73,5,[1.51929986e-04 4.72244066e-08 2.27057932e-03 2.96253076e-06],[1.19 1.13 1.19 1.13 1.29 1.13],[1.44 1.22 1.36 1.44 1.53 1.32]
73,6,[3.22497063e-02 1.54519297e-02 1.03227318e-05 1.67356722e-06],[1.02 1.02 1.02 1.02 1.02 1.25],[1.02 1.26 1.31 1.26 1.31 1.36]
73,7,[1.84013351e-06 2.56641117e-06 4.93351255e-05 9.65501851e-03],[1.29 1.22 1.08 1.22 1.08 1.08],[1.42 1.38 1.33 1.37 1.32 1.22]
73,8,[4.17922510e-05 6.05010747e-05 2.05136825e-03 2.55854188e-02],[1.2  1.1  1.04 1.1  1.04 1.04],[1.27 1.23 1.23 1.22 1.22 1.1 ]
73,9,[2.38059187e-06 7.73794784e-09 2.84284526e-04 9.45661577e-04],[1.3  1.17 1.16 1.17 1.16 1.16],[1.58 1.37 1.34 1.52 1.52 1.21]
97,0,[5.80323759e-03 4.30051815e-06 5.98250435e-05 5.15102400e-05],[1.09 1.09 1.09 1.2  1.2  1.2 ],[1.3  1.23 1.24 1.35 1.36 1.28]
97,1,[4.22356856e-08 2.11903865e-04 9.65754921e-03 3.93481168e-07],[1.17 1.08 1.35 1.08 1.17 1.08],[1.43 1.43 1.56 1.18 1.4  1.38]
97,2,[9.55875951e-05 1.01204972e-03 2.02623027e-03 3.55861514e-04],[1.13 1.13 1.14 1.13 1.13 1.13],[1.22 1.22 1.23 1.16 1.19 1.18]
97,3,[7.10483939e-05 9.67560287e-07 1.93883383e-06 2.16763744e-04],[1.21 1.21 1.21 1.3  1.21 1.21],[1.4  1.38 1.29 1.49 1.41 1.35]
97,4,[1.01889063e-06 2.23303984e-08 2.77848217e-03 8.43566081e-08],[1.34 1.12 1.34 1.12 1.39 1.12],[1.52 1.36 1.54 1.45 1.65 1.41]
97,5,[0.001134   0.00260542 0.00475082 0.00054899],[1.1 1.1 1.1 1.1 1.1 1.1],[1.13 1.13 1.16 1.12 1.15 1.15]
97,6,[1.19995016e-07 3.09586323e-06 1.41121844e-04 4.26262475e-04],[1.29 1.19 1.19 1.19 1.19 1.19],[1.5  1.46 1.45 1.36 1.35 1.23]
97,7,[2.84983354e-04 6.03710100e-05 4.43874507e-03 5.05048285e-08],[1.17 1.11 1.17 1.11 1.2  1.11],[1.24 1.18 1.44 1.23 1.46 1.43]
97,8,[1.67814105e-02 8.04611611e-03 4.82158649e-05 1.91655951e-03],[1.05 1.05 1.05 1.05 1.05 1.08],[1.05 1.2  1.09 1.2  1.09 1.2 ]
97,9,[1.30158661e-04 5.54542739e-05 4.12463481e-03 4.34039893e-05],[1.19 1.11 1.19 1.11 1.19 1.11],[1.26 1.2  1.27 1.24 1.3  1.23]
84,0,[1.60033217e-06 1.11315953e-05 8.47223106e-03 1.23448522e-05],[1.25 1.08 1.25 1.08 1.25 1.08],[1.4  1.33 1.4  1.28 1.37 1.27]
84,1,[5.09062946e-06 1.21064314e-03 2.86103058e-06 7.46275763e-03],[1.12 1.27 1.09 1.12 1.09 1.09],[1.29 1.41 1.29 1.31 1.13 1.31]
84,2,[3.37733501e-04 4.75585302e-05 7.08442973e-04 1.09322522e-02],[1.15 1.14 1.07 1.14 1.07 1.07],[1.24 1.19 1.17 1.23 1.23 1.14]
84,3,[7.17880555e-09 2.19735091e-03 2.46038731e-03 2.51634113e-06],[1.13 1.13 1.29 1.13 1.13 1.13],[1.47 1.47 1.58 1.14 1.31 1.31]
84,4,[2.15436662e-04 3.09451035e-07 1.16825776e-04 1.81063278e-07],[1.22 1.22 1.22 1.22 1.35 1.22],[1.4  1.27 1.43 1.41 1.55 1.42]
84,5,[5.90214988e-10 1.21186074e-04 2.75208308e-03 1.55077039e-03],[1.18 1.12 1.12 1.12 1.12 1.12],[1.54 1.54 1.54 1.22 1.22 1.13]
84,6,[1.43154152e-05 9.92073190e-07 7.95554003e-03 2.29444471e-02],[1.24 1.05 1.04 1.05 1.04 1.04],[1.37 1.24 1.24 1.32 1.32 1.05]
84,7,[9.93284649e-03 3.07442226e-05 1.73024751e-03 1.18890351e-06],[1.07 1.07 1.07 1.11 1.22 1.11],[1.24 1.11 1.32 1.24 1.37 1.32]
84,8,[1.23600743e-03 6.24348410e-04 3.24407468e-04 1.03173337e-08],[1.15 1.15 1.15 1.15 1.15 1.15],[1.17 1.2  1.49 1.21 1.49 1.49]
84,9,[6.38956212e-04 5.25820282e-05 3.76761930e-07 2.27462882e-08],[1.18 1.18 1.18 1.22 1.22 1.35],[1.25 1.41 1.49 1.44 1.49 1.59]
95,0,[9.85260200e-05 1.35543440e-02 1.77401267e-01 6.94938940e-04],[1.03 1.   1.12 1.   1.03 1.  ],[1.18 1.18 1.2  1.03 1.12 1.12]
95,1,[1.43763087e-02 4.31481608e-05 1.39890446e-05 7.37231668e-06],[1.06 1.06 1.06 1.23 1.23 1.24],[1.23 1.27 1.28 1.33 1.36 1.36]
95,2,[1.05306406e-05 1.24126333e-05 8.67170433e-06 7.50881261e-07],[1.31 1.31 1.31 1.31 1.31 1.31],[1.37 1.4  1.45 1.39 1.47 1.44]
95,3,[3.69500969e-06 4.64367945e-05 6.69642716e-07 1.88166910e-02],[1.23 1.28 1.05 1.23 1.05 1.05],[1.34 1.46 1.31 1.38 1.23 1.36]
95,4,[3.47620821e-02 1.68171646e-02 1.48532742e-10 1.00544018e-11],[1.02 1.02 1.02 1.02 1.02 1.56],[1.02 1.56 1.66 1.56 1.66 1.83]
95,5,[3.01035102e-02 2.01634376e-05 2.02714253e-04 3.00510728e-07],[1.03 1.03 1.03 1.18 1.23 1.18],[1.25 1.18 1.37 1.3  1.43 1.37]
95,6,[1.47125805e-07 4.51953671e-04 3.03052415e-04 4.15030098e-05],[1.19 1.19 1.21 1.19 1.19 1.19],[1.41 1.41 1.44 1.22 1.27 1.26]
95,7,[3.87833181e-06 1.40044145e-06 5.20151921e-03 4.06279378e-03],[1.28 1.1  1.1  1.1  1.1  1.09],[1.39 1.29 1.29 1.31 1.31 1.09]
95,8,[8.96094816e-04 7.71664975e-05 4.60240687e-02 7.51277272e-04],[1.12 1.01 1.12 1.01 1.12 1.01],[1.21 1.13 1.16 1.21 1.22 1.14]
95,9,[1.16654545e-05 4.83062945e-09 2.69414800e-04 2.97855751e-08],[1.26 1.21 1.26 1.21 1.42 1.21],[1.54 1.32 1.52 1.52 1.72 1.46]
64,0,[1.69803449e-05 6.09228600e-07 2.62737306e-04 1.58002358e-05],[1.24 1.21 1.24 1.21 1.24 1.21],[1.43 1.32 1.38 1.4  1.44 1.3 ]
64,1,[5.20998422e-02 1.55823479e-02 2.26800320e-04 8.81377832e-07],[1.   1.   1.   1.02 1.02 1.16],[1.02 1.16 1.32 1.16 1.32 1.32]
64,2,[3.91998325e-08 3.90487041e-04 2.58310118e-07 2.04787002e-07],[1.19 1.37 1.37 1.19 1.19 1.37],[1.46 1.61 1.59 1.44 1.43 1.52]
64,3,[3.89293552e-05 9.20595386e-04 2.09159325e-06 5.75485724e-07],[1.16 1.23 1.23 1.16 1.16 1.3 ],[1.25 1.39 1.44 1.36 1.39 1.44]
64,4,[3.72980840e-08 9.10383600e-04 1.21476635e-06 1.05843998e-06],[1.16 1.32 1.32 1.16 1.16 1.32],[1.44 1.57 1.54 1.39 1.36 1.44]
64,5,[2.59630668e-05 5.42871780e-03 1.54258708e-06 1.53787660e-08],[1.1  1.24 1.24 1.1  1.1  1.31],[1.25 1.38 1.51 1.33 1.47 1.53]
64,6,[8.92131258e-10 2.36145698e-05 1.90623453e-05 9.71526975e-06],[1.28 1.28 1.28 1.28 1.28 1.28],[1.59 1.62 1.62 1.38 1.4  1.37]
64,7,[6.99480502e-05 2.22181936e-06 3.55340903e-05 3.82920376e-05],[1.25 1.25 1.25 1.25 1.25 1.25],[1.36 1.34 1.33 1.42 1.4  1.32]
64,8,[1.41389216e-03 1.00140511e-02 1.36277832e-04 4.57488378e-05],[1.07 1.12 1.12 1.07 1.07 1.17],[1.12 1.19 1.25 1.19 1.23 1.25]
64,9,[1.27698166e-07 1.52268866e-08 2.40551078e-04 4.23597364e-04],[1.38 1.19 1.19 1.19 1.19 1.19],[1.57 1.45 1.44 1.5  1.49 1.21]
87,0,[1.11113883e-04 1.84835915e-07 1.61486231e-06 1.90214833e-08],[1.24 1.24 1.24 1.33 1.37 1.33],[1.41 1.41 1.54 1.52 1.66 1.57]
87,1,[7.71140174e-08 9.77920504e-04 1.35470791e-04 2.46919478e-04],[1.16 1.17 1.17 1.16 1.16 1.17],[1.43 1.44 1.44 1.23 1.22 1.24]
87,2,[2.11743553e-03 8.34195172e-07 1.77940852e-04 2.00975716e-04],[1.13 1.13 1.13 1.16 1.16 1.16],[1.35 1.21 1.22 1.38 1.38 1.24]
87,3,[9.61981846e-05 2.00841979e-03 1.58508371e-06 4.59415153e-06],[1.14 1.2  1.2  1.14 1.14 1.28],[1.21 1.38 1.36 1.35 1.32 1.42]
87,4,[1.64603001e-05 2.56692914e-07 1.83156146e-05 8.22379959e-07],[1.3  1.3  1.3  1.3  1.32 1.3 ],[1.46 1.39 1.44 1.49 1.56 1.42]
87,5,[4.41427456e-05 3.34115049e-06 8.57311660e-07 4.38329018e-09],[1.26 1.26 1.26 1.31 1.31 1.32],[1.35 1.45 1.58 1.5  1.63 1.58]
87,6,[1.72669287e-05 8.91490826e-04 7.31479291e-04 1.92273296e-03],[1.14 1.14 1.14 1.14 1.14 1.14],[1.26 1.26 1.26 1.18 1.17 1.16]
87,7,[7.17819022e-05 1.15340876e-05 2.91331720e-05 1.67876916e-02],[1.21 1.21 1.05 1.22 1.05 1.05],[1.3  1.29 1.21 1.35 1.27 1.24]
87,8,[2.39277314e-03 7.65981697e-05 4.67162367e-02 8.61333532e-03],[1.08 1.01 1.05 1.01 1.05 1.01],[1.18 1.08 1.08 1.18 1.18 1.05]
87,9,[1.38456137e-03 1.45173069e-03 1.77347397e-05 3.11898686e-03],[1.12 1.12 1.12 1.12 1.12 1.12],[1.14 1.26 1.14 1.26 1.14 1.26]
93,0,[0.00032622 0.03437074 0.00017128 0.00190954],[1.02 1.14 1.1  1.02 1.02 1.1 ],[1.16 1.21 1.17 1.17 1.1  1.17]
93,1,[2.95286545e-03 2.43284560e-05 5.77511630e-06 1.05451228e-06],[1.12 1.12 1.12 1.25 1.25 1.27],[1.26 1.31 1.35 1.37 1.42 1.41]
93,2,[0.00140741 0.07461185 0.00138625 0.00012352],[1.  1.1 1.1 1.  1.  1.1],[1.11 1.13 1.19 1.11 1.19 1.19]
93,3,[1.24370730e-01 4.64152180e-05 3.93140290e-03 1.14957785e-05],[1.   1.   1.   1.08 1.21 1.08],[1.22 1.08 1.25 1.22 1.31 1.25]
93,4,[7.66707158e-02 8.52695873e-04 3.72624592e-05 8.82970719e-08],[1.   1.   1.   1.13 1.13 1.21],[1.13 1.23 1.41 1.24 1.42 1.42]
93,5,[0.00018262 0.00013027 0.00011157 0.00031743],[1.2 1.2 1.2 1.2 1.2 1.2],[1.25 1.27 1.25 1.29 1.26 1.24]
93,6,[5.91997960e-05 5.96325041e-04 5.97478395e-06 2.30605492e-07],[1.18 1.22 1.22 1.18 1.18 1.27],[1.26 1.36 1.44 1.33 1.4  1.44]
93,7,[4.43415164e-04 8.98981093e-05 1.88720361e-06 2.58734598e-08],[1.19 1.19 1.19 1.21 1.21 1.3 ],[1.24 1.37 1.49 1.39 1.5  1.53]
93,8,[1.59949160e-05 1.32500587e-03 6.42387700e-05 2.91794176e-02],[1.12 1.2  1.03 1.12 1.03 1.03],[1.25 1.31 1.25 1.22 1.12 1.22]
93,9,[1.91721614e-06 2.30081093e-03 1.50543492e-03 2.34331197e-03],[1.13 1.13 1.13 1.13 1.13 1.13],[1.31 1.31 1.31 1.14 1.13 1.14]
77,0,[1.51492895e-04 1.78381962e-04 2.18667285e-05 9.58456130e-06],[1.22 1.22 1.22 1.22 1.22 1.23],[1.25 1.32 1.34 1.33 1.33 1.37]
77,1,[1.53583590e-10 3.08047134e-07 1.17245640e-08 1.53222914e-04],[1.38 1.45 1.23 1.38 1.23 1.23],[1.66 1.78 1.63 1.6  1.44 1.48]
77,2,[8.17397884e-06 4.07119290e-07 2.01688817e-03 2.35190575e-07],[1.28 1.13 1.28 1.13 1.35 1.13],[1.42 1.3  1.46 1.39 1.54 1.39]
77,3,[7.11250159e-05 9.66140119e-05 3.23501474e-05 1.23095205e-04],[1.23 1.23 1.23 1.23 1.23 1.23],[1.27 1.35 1.31 1.34 1.3  1.3 ]
77,4,[0.00095672 0.0017607  0.00800128 0.00203197],[1.09 1.08 1.09 1.08 1.09 1.08],[1.13 1.13 1.13 1.12 1.12 1.1 ]
77,5,[1.18744782e-05 7.93622116e-05 2.22083430e-05 3.33741918e-03],[1.21 1.23 1.12 1.21 1.12 1.12],[1.31 1.37 1.29 1.32 1.23 1.25]
77,6,[1.86553014e-02 3.84449108e-06 6.65179023e-10 3.35902819e-03],[1.05 1.05 1.05 1.28 1.08 1.08],[1.29 1.53 1.08 1.62 1.29 1.53]
77,7,[2.08960645e-06 1.56357068e-03 3.33295382e-07 2.40003554e-05],[1.15 1.3  1.25 1.15 1.15 1.25],[1.33 1.53 1.4  1.39 1.28 1.43]
77,8,[3.73126266e-06 5.75787306e-03 6.24595826e-06 1.97694693e-03],[1.1  1.27 1.1  1.1  1.1  1.1 ],[1.3  1.39 1.3  1.27 1.12 1.27]
77,9,[4.60297648e-02 3.56081256e-03 6.60091598e-05 1.22403343e-04],[1.01 1.01 1.01 1.08 1.08 1.18],[1.08 1.2  1.19 1.2  1.19 1.23]
92,0,[9.21751405e-06 1.01644476e-03 5.67066091e-05 2.92334861e-04],[1.16 1.2  1.17 1.16 1.16 1.17],[1.3  1.33 1.32 1.26 1.22 1.26]
92,1,[5.69540381e-03 4.57834977e-04 2.88846061e-05 1.63450814e-03],[1.1  1.1  1.1  1.13 1.11 1.11],[1.16 1.23 1.12 1.25 1.16 1.23]
92,2,[2.53557484e-03 1.09659124e-06 7.91963606e-10 2.29611694e-07],[1.13 1.13 1.13 1.34 1.34 1.36],[1.34 1.56 1.41 1.64 1.54 1.66]
92,3,[1.81996007e-06 5.64566419e-05 4.01249267e-07 9.13603424e-05],[1.25 1.3  1.25 1.25 1.25 1.25],[1.36 1.49 1.4  1.43 1.31 1.4 ]
92,4,[1.10035169e-03 1.78317116e-04 6.22856029e-04 1.27140119e-06],[1.16 1.16 1.16 1.16 1.16 1.16],[1.21 1.19 1.34 1.22 1.36 1.34]
92,5,[5.56861884e-03 5.26647972e-05 4.30178407e-07 3.02633955e-06],[1.1  1.1  1.1  1.22 1.22 1.29],[1.23 1.38 1.32 1.42 1.36 1.46]
92,6,[7.84939098e-06 4.91561490e-04 5.24401562e-03 3.85510514e-03],[1.13 1.09 1.09 1.09 1.09 1.09],[1.27 1.27 1.27 1.15 1.15 1.09]
92,7,[3.67800637e-05 1.61864133e-05 1.50032177e-04 4.80759676e-07],[1.23 1.22 1.23 1.22 1.24 1.22],[1.33 1.3  1.43 1.32 1.44 1.39]
92,8,[6.13260273e-07 7.49430450e-06 1.08133752e-04 3.28435548e-05],[1.26 1.24 1.24 1.24 1.24 1.24],[1.43 1.42 1.45 1.35 1.38 1.28]
92,9,[8.95471481e-05 4.38061613e-05 7.82301986e-06 2.17498755e-02],[1.21 1.21 1.04 1.21 1.04 1.04],[1.25 1.31 1.21 1.33 1.23 1.28]
80,0,[6.75361246e-04 1.81039112e-02 1.48086434e-06 2.10814916e-04],[1.05 1.14 1.14 1.05 1.05 1.16],[1.14 1.33 1.21 1.33 1.18 1.34]
80,1,[4.03095771e-07 1.60273608e-06 1.02117578e-04 4.93681827e-08],[1.33 1.24 1.34 1.24 1.33 1.24],[1.47 1.44 1.62 1.41 1.59 1.45]
80,2,[7.33892461e-07 2.93490466e-03 5.90398311e-04 9.86905437e-05],[1.12 1.14 1.18 1.12 1.12 1.14],[1.35 1.36 1.37 1.17 1.23 1.23]
80,3,[0.02656155 0.00142045 0.00032477 0.00018288],[1.03 1.03 1.03 1.11 1.11 1.15],[1.11 1.16 1.18 1.17 1.19 1.2 ]
80,4,[4.08446955e-03 5.69576373e-06 2.96714515e-08 2.73585224e-04],[1.11 1.11 1.11 1.27 1.17 1.17],[1.29 1.44 1.19 1.52 1.33 1.44]
80,5,[1.87934158e-04 1.91534628e-05 1.61919419e-05 8.81981507e-05],[1.22 1.22 1.22 1.22 1.22 1.22],[1.3  1.34 1.28 1.37 1.34 1.33]
80,6,[2.42266902e-04 6.91043956e-06 1.48897914e-05 3.32574625e-06],[1.21 1.21 1.21 1.26 1.27 1.26],[1.31 1.32 1.34 1.37 1.4  1.37]
80,7,[5.50273586e-05 8.39351447e-05 2.60960765e-02 3.29479324e-07],[1.2  1.03 1.2  1.03 1.2  1.03],[1.26 1.22 1.42 1.21 1.42 1.38]
80,8,[1.91795930e-04 4.32786878e-06 1.86909322e-03 5.02988704e-04],[1.16 1.14 1.15 1.14 1.15 1.14],[1.32 1.21 1.23 1.32 1.32 1.17]
80,9,[7.51441253e-05 8.00190229e-06 1.75132978e-06 7.57330306e-04],[1.21 1.21 1.17 1.26 1.17 1.17],[1.32 1.38 1.26 1.41 1.31 1.35]
90,0,[4.74360792e-07 1.77771131e-10 1.88409082e-04 7.65033501e-07],[1.34 1.22 1.34 1.22 1.34 1.22],[1.66 1.42 1.54 1.63 1.74 1.39]
90,1,[4.48643773e-05 1.18178523e-07 2.53399862e-05 2.89486938e-02],[1.23 1.23 1.03 1.23 1.03 1.03],[1.41 1.32 1.23 1.46 1.41 1.25]
90,2,[1.64899316e-06 1.58078140e-04 1.90112402e-07 8.29429008e-03],[1.19 1.31 1.08 1.19 1.08 1.08],[1.33 1.49 1.33 1.41 1.19 1.39]
90,3,[1.15000432e-03 8.59235892e-06 1.73832170e-06 9.94270465e-05],[1.15 1.15 1.15 1.26 1.2  1.2 ],[1.29 1.36 1.23 1.46 1.34 1.36]
90,4,[8.32129809e-05 8.50058389e-06 4.76734648e-03 1.57707382e-04],[1.19 1.1  1.19 1.1  1.19 1.1 ],[1.31 1.22 1.25 1.3  1.32 1.19]
90,5,[1.46832829e-06 9.71412263e-05 1.54396602e-06 6.28569734e-05],[1.24 1.3  1.24 1.24 1.24 1.24],[1.38 1.48 1.41 1.4  1.32 1.36]
90,6,[5.56216630e-03 2.32835129e-04 3.76994789e-03 1.13550103e-08],[1.1  1.1  1.1  1.1  1.16 1.1 ],[1.17 1.1  1.46 1.17 1.47 1.46]
90,7,[3.82227773e-06 2.03583772e-09 3.92099576e-03 9.51202687e-04],[1.29 1.11 1.13 1.11 1.13 1.11],[1.53 1.31 1.31 1.52 1.52 1.14]
90,8,[0.0033779  0.00041143 0.00204813 0.00048374],[1.12 1.12 1.12 1.12 1.12 1.12],[1.16 1.13 1.16 1.17 1.18 1.16]
90,9,[4.60081293e-08 2.48574299e-07 1.59882787e-02 2.22701455e-07],[1.36 1.05 1.36 1.05 1.36 1.05],[1.53 1.43 1.62 1.38 1.54 1.38]
69,0,[1.72242044e-06 1.26365303e-07 2.96893854e-06 1.04402730e-05],[1.31 1.31 1.31 1.31 1.31 1.31],[1.5  1.51 1.46 1.55 1.5  1.4 ]
69,1,[1.92679292e-06 7.95931316e-03 1.77757875e-09 2.18686418e-07],[1.08 1.32 1.32 1.08 1.08 1.37],[1.32 1.57 1.5  1.53 1.39 1.6 ]
69,2,[9.49025939e-06 2.14241366e-05 6.11994587e-05 1.94592824e-05],[1.25 1.25 1.25 1.25 1.25 1.25],[1.35 1.36 1.39 1.37 1.38 1.33]
69,3,[1.51223692e-06 2.89818225e-04 8.16109924e-08 6.27328897e-06],[1.2  1.31 1.29 1.2  1.2  1.29],[1.35 1.56 1.46 1.47 1.37 1.51]
69,4,[0.00050478 0.00064892 0.00024627 0.0004052 ],[1.17 1.17 1.17 1.17 1.17 1.17],[1.19 1.24 1.21 1.23 1.21 1.24]
69,5,[4.04093544e-04 1.84813736e-05 1.06685299e-04 1.52006224e-05],[1.19 1.19 1.19 1.2  1.23 1.2 ],[1.29 1.26 1.32 1.33 1.38 1.32]
69,6,[1.21155299e-06 1.11616236e-04 2.48939808e-04 2.39123065e-04],[1.21 1.21 1.21 1.21 1.21 1.21],[1.38 1.4  1.4  1.28 1.27 1.23]
69,7,[5.11848615e-06 1.47769575e-03 4.42799080e-05 7.15463375e-04],[1.15 1.2  1.15 1.15 1.15 1.15],[1.3  1.35 1.31 1.25 1.18 1.25]
69,8,[1.72739133e-06 3.65677115e-05 6.19645634e-02 2.38572421e-04],[1.21 1.   1.17 1.   1.17 1.  ],[1.34 1.33 1.37 1.23 1.28 1.17]
69,9,[3.47209417e-08 5.92958357e-04 5.07450267e-03 3.29908390e-03],[1.13 1.1  1.1  1.1  1.1  1.1 ],[1.41 1.41 1.41 1.15 1.15 1.1 ]
76,0,[0.00028562 0.00039238 0.00045756 0.00042459],[1.19 1.19 1.19 1.19 1.19 1.19],[1.21 1.23 1.24 1.22 1.24 1.2 ]
76,1,[1.65453554e-05 7.62466745e-05 1.61809377e-05 2.16506682e-03],[1.21 1.23 1.13 1.21 1.13 1.13],[1.31 1.36 1.29 1.33 1.25 1.27]
76,2,[0.00035871 0.03201688 0.00776844 0.00035392],[1.03 1.05 1.13 1.03 1.03 1.05],[1.14 1.14 1.19 1.05 1.14 1.14]
76,3,[1.33497764e-05 1.28303999e-03 4.29433785e-07 1.07027234e-06],[1.15 1.26 1.26 1.15 1.15 1.32],[1.27 1.47 1.41 1.4  1.36 1.48]
76,4,[0.00586751 0.00115531 0.06071036 0.00248737],[1.06 1.   1.06 1.   1.08 1.  ],[1.1  1.06 1.09 1.1  1.11 1.09]
76,5,[3.47397527e-05 5.86303706e-03 1.47004795e-04 7.66989496e-03],[1.08 1.17 1.08 1.08 1.08 1.08],[1.22 1.25 1.22 1.17 1.08 1.17]
76,6,[2.55200413e-06 7.50396268e-07 1.67029434e-04 6.43821015e-05],[1.29 1.22 1.22 1.22 1.22 1.22],[1.45 1.4  1.41 1.42 1.43 1.26]
76,7,[2.65871002e-06 4.11230551e-03 2.02740584e-06 1.72743533e-08],[1.11 1.3  1.3  1.11 1.11 1.3 ],[1.31 1.45 1.54 1.33 1.47 1.53]
76,8,[4.04717785e-03 1.76555673e-03 9.18701384e-06 7.46390283e-10],[1.11 1.11 1.11 1.11 1.11 1.26],[1.12 1.27 1.54 1.27 1.54 1.55]
76,9,[1.21966317e-02 1.42900507e-02 1.30948961e-06 6.89989513e-06],[1.04 1.04 1.04 1.04 1.04 1.26],[1.04 1.32 1.26 1.32 1.26 1.39]
91,0,[2.37931337e-07 1.06716784e-07 5.45210939e-05 4.32791113e-05],[1.37 1.26 1.26 1.26 1.26 1.26],[1.54 1.48 1.47 1.5  1.49 1.31]
91,1,[9.10156617e-05 1.24094724e-05 7.18884063e-05 2.87152453e-05],[1.24 1.24 1.24 1.24 1.24 1.24],[1.31 1.3  1.33 1.35 1.36 1.31]
91,2,[3.93942408e-03 3.90244249e-07 1.89113969e-03 1.64516263e-03],[1.11 1.11 1.11 1.11 1.11 1.11],[1.35 1.13 1.13 1.35 1.35 1.13]
91,3,[5.25689655e-03 1.94440608e-02 6.54831185e-08 4.80427576e-07],[1.05 1.07 1.07 1.05 1.05 1.34],[1.07 1.4  1.34 1.4  1.34 1.47]
91,4,[0.00635109 0.00010825 0.00053985 0.00017259],[1.09 1.09 1.09 1.15 1.16 1.15],[1.2  1.16 1.19 1.23 1.25 1.21]
91,5,[1.29351304e-07 9.92341272e-06 1.24591710e-02 9.87951839e-05],[1.25 1.07 1.2  1.07 1.2  1.07],[1.43 1.4  1.42 1.27 1.32 1.2 ]
91,6,[4.50253803e-04 1.48293877e-04 2.44471822e-06 4.11666004e-06],[1.19 1.19 1.19 1.19 1.19 1.28],[1.22 1.35 1.34 1.38 1.36 1.41]
91,7,[5.47713788e-05 1.16443363e-04 2.14412085e-03 4.97995834e-05],[1.19 1.13 1.19 1.13 1.19 1.13],[1.26 1.24 1.3  1.22 1.29 1.23]
91,8,[4.38313417e-06 3.72679135e-05 1.59804635e-06 1.66489440e-05],[1.27 1.28 1.27 1.27 1.27 1.27],[1.35 1.46 1.42 1.44 1.37 1.41]
91,9,[1.16055792e-03 2.31169968e-08 6.27533634e-03 4.52962783e-05],[1.12 1.09 1.12 1.09 1.21 1.09],[1.43 1.13 1.23 1.43 1.47 1.23]
88,0,[3.10432729e-06 6.49919032e-08 8.48522324e-07 2.07558318e-05],[1.31 1.31 1.29 1.32 1.29 1.29],[1.5  1.51 1.42 1.63 1.54 1.4 ]
88,1,[2.20416690e-05 1.40246059e-09 3.45100065e-05 5.19174193e-05],[1.27 1.27 1.27 1.27 1.27 1.27],[1.57 1.36 1.34 1.6  1.59 1.32]
88,2,[4.48039580e-03 5.77901023e-07 6.66233654e-06 1.52278885e-04],[1.11 1.11 1.11 1.26 1.19 1.19],[1.36 1.29 1.21 1.44 1.39 1.3 ]
88,3,[1.18321764e-06 1.26717444e-05 1.86542941e-02 9.58374917e-04],[1.25 1.05 1.13 1.05 1.13 1.05],[1.39 1.34 1.36 1.27 1.28 1.13]
88,4,[8.72198620e-06 2.02285868e-05 6.54000604e-03 1.81228388e-04],[1.23 1.09 1.18 1.09 1.18 1.09],[1.33 1.29 1.32 1.26 1.28 1.18]
88,5,[1.65105722e-02 9.89535645e-05 3.97018150e-07 1.14400989e-04],[1.05 1.05 1.05 1.18 1.18 1.18],[1.2  1.37 1.2  1.4  1.25 1.37]
88,6,[9.84301746e-05 1.62044755e-09 1.96144377e-07 4.19411454e-08],[1.24 1.24 1.24 1.39 1.41 1.39],[1.55 1.44 1.5  1.65 1.71 1.57]
88,7,[1.00687202e-06 3.12490425e-03 8.18475728e-05 8.27031104e-08],[1.12 1.21 1.32 1.12 1.12 1.21],[1.34 1.42 1.55 1.24 1.42 1.42]
88,8,[6.96754888e-06 1.19669516e-04 1.81753096e-07 3.21303829e-07],[1.23 1.29 1.29 1.23 1.23 1.35],[1.33 1.49 1.51 1.45 1.46 1.53]
88,9,[1.34240200e-06 2.12946840e-02 1.33207669e-04 3.43697333e-02],[1.01 1.17 1.01 1.01 1.01 1.01],[1.31 1.36 1.31 1.17 1.01 1.17]
99,0,[5.02664487e-04 4.41760587e-05 1.83772457e-05 1.85357789e-04],[1.18 1.18 1.18 1.21 1.18 1.18],[1.26 1.3  1.24 1.34 1.29 1.29]
99,1,[2.13705259e-05 2.47262158e-06 4.73452173e-03 9.90867432e-06],[1.25 1.1  1.25 1.1  1.25 1.1 ],[1.36 1.26 1.36 1.32 1.41 1.27]
99,2,[1.05696086e-03 3.89056733e-04 7.24876957e-06 5.58026474e-04],[1.16 1.16 1.16 1.16 1.16 1.16],[1.19 1.3  1.2  1.3  1.22 1.3 ]
99,3,[2.58383039e-05 2.82030774e-06 1.14134216e-06 6.73284080e-04],[1.25 1.25 1.17 1.29 1.17 1.17],[1.38 1.41 1.3  1.45 1.34 1.35]
99,4,[8.31780178e-08 7.44717443e-06 5.62204831e-04 2.17171772e-06],[1.28 1.18 1.3  1.18 1.28 1.18],[1.47 1.46 1.52 1.32 1.43 1.34]
99,5,[1.96751641e-06 3.00999493e-06 1.47253480e-04 6.96358576e-05],[1.28 1.23 1.23 1.23 1.23 1.23],[1.44 1.38 1.4  1.38 1.38 1.26]
99,6,[1.44250991e-08 6.45784073e-08 3.12243612e-04 5.84129126e-04],[1.4  1.18 1.18 1.18 1.18 1.18],[1.58 1.5  1.5  1.45 1.45 1.2 ]
99,7,[7.05886932e-05 4.32613728e-05 6.55529688e-04 8.41825295e-03],[1.19 1.14 1.08 1.14 1.08 1.08],[1.27 1.23 1.21 1.25 1.23 1.14]
99,8,[3.94752047e-06 4.38762473e-05 4.77776075e-04 1.80517447e-05],[1.23 1.19 1.23 1.19 1.23 1.19],[1.37 1.36 1.39 1.29 1.34 1.28]
99,9,[6.57260837e-02 2.04787461e-03 2.50088319e-06 3.70402703e-03],[1.   1.   1.   1.08 1.08 1.08],[1.1  1.29 1.08 1.29 1.1  1.29]
82,0,[1.93765925e-05 1.54450549e-01 5.98283645e-09 2.03611450e-04],[1.   1.23 1.18 1.   1.   1.18],[1.25 1.53 1.3  1.47 1.18 1.47]
82,1,[6.01403700e-04 6.52114856e-04 3.50334990e-04 4.91778780e-05],[1.17 1.17 1.17 1.17 1.17 1.17],[1.19 1.22 1.25 1.22 1.25 1.26]
82,2,[6.08948993e-07 5.65484120e-07 9.39658658e-05 3.20206270e-07],[1.34 1.24 1.34 1.24 1.34 1.24],[1.51 1.45 1.55 1.44 1.56 1.4 ]
82,3,[8.02357320e-05 6.01853630e-06 1.57881038e-06 1.00166153e-06],[1.25 1.25 1.25 1.29 1.29 1.31],[1.34 1.41 1.43 1.46 1.48 1.46]
82,4,[2.60657009e-06 5.19566012e-04 1.31119361e-07 3.81702914e-09],[1.18 1.32 1.32 1.18 1.18 1.38],[1.34 1.54 1.59 1.45 1.53 1.63]
82,5,[3.48233056e-05 8.65484490e-04 1.41106417e-02 3.38744101e-02],[1.11 1.03 1.02 1.03 1.02 1.02],[1.22 1.22 1.22 1.11 1.11 1.03]
82,6,[1.69419778e-07 4.85865394e-05 3.26413978e-05 1.62033673e-04],[1.22 1.22 1.22 1.22 1.22 1.22],[1.44 1.47 1.45 1.34 1.32 1.28]
82,7,[2.08002244e-06 6.98139628e-05 3.85616267e-03 4.78761050e-05],[1.2  1.11 1.2  1.11 1.2  1.11],[1.36 1.33 1.37 1.23 1.28 1.23]
82,8,[1.42744494e-04 4.52350686e-04 2.03185657e-05 1.62419701e-04],[1.19 1.19 1.19 1.19 1.19 1.19],[1.23 1.31 1.27 1.3  1.25 1.3 ]
82,9,[2.83021844e-05 1.18760076e-02 8.94395973e-08 1.08544773e-09],[1.07 1.24 1.24 1.07 1.07 1.39],[1.24 1.48 1.57 1.41 1.54 1.63]
