16,0,[1.32982778e-03 6.69905162e-04 9.00891263e-05 1.19859367e-05],[1.15 1.15 1.15 1.15 1.15 1.19],[1.21 1.25 1.29 1.25 1.31 1.31]
16,1,[1.36090503e-05 6.36392892e-02 8.04623497e-08 2.33560831e-04],[1.   1.24 1.17 1.   1.   1.17],[1.26 1.45 1.3  1.41 1.17 1.41]
16,2,[0.0082397  0.00024362 0.00315508 0.01377247],[1.06 1.06 1.05 1.07 1.06 1.06],[1.15 1.07 1.05 1.15 1.15 1.07]
16,3,[1.35750577e-03 1.15579095e-05 4.07748698e-06 3.85637009e-02],[1.11 1.11 1.02 1.25 1.02 1.02],[1.31 1.29 1.11 1.41 1.27 1.29]
16,4,[2.93031742e-07 4.44731491e-01 2.84235347e-06 2.37653436e-06],[1.  1.3 1.3 1.  1.  1.3],[1.38 1.5  1.48 1.31 1.32 1.41]
16,5,[2.65965888e-07 4.74036821e-04 7.55394202e-04 1.88457905e-04],[1.17 1.17 1.17 1.17 1.17 1.17],[1.46 1.42 1.42 1.21 1.23 1.22]
16,6,[0.00038803 0.00022619 0.0005382  0.13223986],[1.14 1.14 1.   1.14 1.   1.  ],[1.23 1.21 1.16 1.21 1.18 1.15]
16,7,[0.00043388 0.00012281 0.0002272  0.0219769 ],[1.15 1.15 1.04 1.16 1.04 1.04],[1.25 1.21 1.15 1.26 1.2  1.18]
16,8,[3.92720125e-02 9.38753111e-07 2.06995535e-02 1.34415265e-02],[1.01 1.01 1.01 1.01 1.01 1.01],[1.31 1.01 1.01 1.31 1.31 1.01]
16,9,[1.62148755e-07 8.29171638e-05 2.11987976e-03 3.19274882e-03],[1.19 1.12 1.12 1.12 1.12 1.12],[1.49 1.38 1.38 1.22 1.22 1.13]
11,0,[1.01686439e-06 1.17310187e-02 9.68685462e-05 3.26998105e-05],[1.07 1.2  1.22 1.07 1.07 1.2 ],[1.36 1.39 1.41 1.21 1.24 1.27]
11,1,[1.36986530e-02 2.75571050e-07 2.84762971e-04 1.45178958e-04],[1.06 1.06 1.06 1.17 1.17 1.17],[1.4  1.17 1.19 1.41 1.41 1.21]
11,2,[1.05715052e-06 4.91093956e-04 5.18273049e-05 3.71421202e-05],[1.19 1.21 1.21 1.19 1.19 1.21],[1.44 1.43 1.44 1.28 1.28 1.31]
11,3,[0.00050373 0.00095825 0.00217041 0.00377936],[1.11 1.11 1.11 1.11 1.11 1.11],[1.2  1.16 1.16 1.15 1.15 1.12]
11,4,[7.31997430e-03 2.61385682e-04 1.16337472e-05 1.36675993e-08],[1.09 1.09 1.09 1.17 1.17 1.25],[1.2  1.28 1.47 1.31 1.5  1.51]
11,5,[1.84781852e-06 9.44826212e-02 8.08387291e-04 1.09947359e-05],[1.   1.13 1.25 1.   1.   1.13],[1.33 1.34 1.38 1.13 1.26 1.26]
11,6,[1.69820818e-03 7.19205650e-06 3.79495830e-02 4.51390794e-03],[1.09 1.02 1.07 1.02 1.07 1.02],[1.3  1.1  1.1  1.27 1.27 1.07]
11,7,[0.00723796 0.00130193 0.00034817 0.01763986],[1.05 1.05 1.05 1.1  1.05 1.05],[1.11 1.14 1.06 1.15 1.11 1.14]
11,8,[4.43090984e-02 1.87849454e-08 1.41083196e-03 1.19701963e-03],[1.01 1.01 1.01 1.1  1.1  1.1 ],[1.45 1.11 1.12 1.45 1.45 1.13]
11,9,[1.19329323e-04 3.11273159e-05 1.10197333e-08 2.73512187e-03],[1.2  1.2  1.12 1.22 1.12 1.12],[1.33 1.49 1.22 1.51 1.26 1.47]
2,0,[2.25851906e-04 7.39349666e-04 2.65983731e-05 7.93615335e-06],[1.17 1.18 1.18 1.17 1.17 1.22],[1.27 1.32 1.34 1.28 1.32 1.36]
2,1,[6.12636401e-06 8.90347978e-04 1.05581952e-02 7.34529521e-03],[1.11 1.06 1.06 1.06 1.06 1.06],[1.32 1.27 1.27 1.12 1.12 1.06]
2,2,[2.44935817e-05 1.39101366e-03 5.43699381e-08 2.33876116e-06],[1.15 1.25 1.25 1.15 1.15 1.3 ],[1.31 1.53 1.42 1.45 1.34 1.52]
2,3,[2.65796642e-08 1.97318045e-02 3.45966014e-02 9.67934576e-04],[1.01 1.01 1.11 1.01 1.01 1.01],[1.42 1.42 1.42 1.01 1.11 1.11]
2,4,[1.66540522e-03 2.17206041e-04 9.64647414e-05 1.41524401e-06],[1.14 1.14 1.14 1.18 1.18 1.18],[1.24 1.23 1.35 1.27 1.39 1.35]
2,5,[1.39558735e-05 1.14860324e-01 1.41233362e-04 1.91195926e-06],[1.   1.19 1.24 1.   1.   1.19],[1.26 1.31 1.39 1.19 1.32 1.33]
2,6,[1.17935224e-05 8.09354088e-05 1.76178635e-03 6.69936384e-02],[1.19 1.11 1.   1.11 1.   1.  ],[1.34 1.26 1.26 1.21 1.21 1.11]
2,7,[1.67929449e-05 2.65324694e-03 3.46828918e-02 7.28889095e-03],[1.07 1.02 1.05 1.02 1.05 1.02],[1.25 1.24 1.24 1.08 1.08 1.05]
2,8,[1.17830627e-05 6.72682399e-06 1.44433240e-03 6.69280992e-04],[1.25 1.15 1.15 1.15 1.15 1.15],[1.44 1.29 1.31 1.31 1.31 1.17]
2,9,[7.37789700e-05 2.86803731e-04 7.59183464e-07 4.66020518e-07],[1.21 1.21 1.21 1.21 1.21 1.33],[1.32 1.46 1.46 1.43 1.41 1.49]
13,0,[4.76900515e-03 1.81214275e-08 6.87271558e-05 1.14372098e-03],[1.1  1.1  1.1  1.19 1.12 1.12],[1.48 1.22 1.14 1.48 1.48 1.22]
13,1,[9.37728625e-03 1.55090258e-02 8.84398023e-06 5.06313490e-06],[1.05 1.05 1.05 1.05 1.05 1.26],[1.05 1.26 1.28 1.26 1.28 1.35]
13,2,[1.25567440e-03 9.86068980e-07 1.00729272e-04 2.17973068e-02],[1.12 1.12 1.04 1.18 1.04 1.04],[1.37 1.21 1.12 1.39 1.34 1.2 ]
13,3,[2.48539614e-07 4.22602072e-05 1.53477319e-04 1.12253047e-03],[1.21 1.19 1.16 1.19 1.16 1.16],[1.49 1.4  1.4  1.3  1.27 1.21]
13,4,[0.01868087 0.00054319 0.00012492 0.0026844 ],[1.05 1.05 1.05 1.13 1.09 1.09],[1.14 1.18 1.09 1.2  1.14 1.18]
13,5,[3.44638453e-06 9.39360235e-03 2.44541936e-07 5.77083685e-06],[1.08 1.29 1.29 1.08 1.08 1.29],[1.33 1.5  1.41 1.39 1.29 1.42]
13,6,[6.72261613e-03 1.62405895e-08 1.28242163e-06 1.73373766e-03],[1.09 1.09 1.09 1.31 1.11 1.11],[1.48 1.32 1.12 1.58 1.48 1.32]
13,7,[7.30545684e-06 1.27058485e-04 3.03836166e-03 1.20505288e-05],[1.19 1.12 1.25 1.12 1.19 1.12],[1.37 1.3  1.37 1.22 1.3  1.28]
13,8,[4.19715368e-04 2.00949785e-03 7.38176604e-06 2.54230117e-06],[1.13 1.16 1.16 1.13 1.13 1.26],[1.22 1.32 1.36 1.31 1.32 1.39]
13,9,[2.06378807e-02 3.94076472e-04 1.22993193e-09 4.73446868e-06],[1.04 1.04 1.04 1.16 1.16 1.28],[1.16 1.54 1.3  1.54 1.32 1.54]
10,0,[1.33231516e-05 1.22746184e-03 3.52594998e-03 5.33713823e-06],[1.12 1.11 1.25 1.11 1.12 1.11],[1.3  1.28 1.39 1.14 1.29 1.29]
10,1,[1.03141008e-07 1.14191911e-03 1.32521825e-06 2.54935621e-05],[1.15 1.31 1.24 1.15 1.15 1.24],[1.5  1.57 1.5  1.35 1.28 1.38]
10,2,[2.33448782e-04 1.19421343e-04 1.74722491e-05 1.07266988e-03],[1.17 1.17 1.16 1.18 1.16 1.16],[1.3  1.29 1.22 1.32 1.24 1.28]
10,3,[1.91794202e-02 4.25628470e-03 3.39779838e-08 6.78630937e-05],[1.05 1.05 1.05 1.07 1.07 1.19],[1.08 1.42 1.2  1.42 1.2  1.43]
10,4,[7.30666556e-03 3.71217841e-08 2.51762510e-03 2.60985530e-02],[1.05 1.05 1.03 1.08 1.03 1.03],[1.42 1.08 1.05 1.42 1.42 1.08]
10,5,[1.50876892e-05 6.93881996e-04 6.89175267e-01 4.95615502e-04],[1.13 1.   1.13 1.   1.13 1.  ],[1.3  1.26 1.27 1.14 1.19 1.15]
10,6,[6.94220157e-05 2.60408896e-04 2.79800420e-07 5.61960486e-04],[1.18 1.19 1.18 1.18 1.18 1.18],[1.32 1.42 1.27 1.39 1.24 1.39]
10,7,[6.72357961e-03 5.47910555e-08 3.48086187e-05 3.67052387e-03],[1.09 1.09 1.09 1.22 1.09 1.09],[1.43 1.22 1.1  1.47 1.43 1.22]
10,8,[8.71049688e-05 4.00620178e-04 1.16108942e-06 5.98427058e-04],[1.18 1.19 1.18 1.18 1.18 1.18],[1.32 1.4  1.26 1.37 1.22 1.37]
10,9,[4.81198214e-07 9.49010226e-02 3.14570491e-06 4.72887661e-07],[1.   1.31 1.33 1.   1.   1.31],[1.37 1.47 1.51 1.31 1.36 1.43]
0,0,[1.58333400e-05 6.46595498e-03 4.35271833e-05 1.14869000e-02],[1.07 1.21 1.07 1.07 1.07 1.07],[1.26 1.33 1.26 1.22 1.07 1.22]
0,1,[4.03489213e-05 1.89949285e-01 5.34268754e-05 6.05111840e-07],[1.   1.21 1.21 1.   1.   1.21],[1.23 1.32 1.42 1.22 1.36 1.38]
0,2,[9.33924464e-04 1.30276757e-05 4.51975868e-05 1.14238972e-06],[1.16 1.16 1.16 1.23 1.25 1.23],[1.34 1.27 1.35 1.35 1.44 1.38]
0,3,[6.05751035e-05 3.28046745e-09 1.01185716e-03 6.43163789e-09],[1.22 1.16 1.22 1.16 1.46 1.16],[1.66 1.27 1.54 1.53 1.76 1.49]
0,4,[1.83519352e-03 6.44029255e-07 6.58619066e-04 2.48907419e-03],[1.13 1.13 1.13 1.13 1.13 1.13],[1.38 1.16 1.14 1.37 1.37 1.16]
0,5,[4.56982838e-04 1.57186583e-06 1.50395030e-06 1.57845057e-03],[1.15 1.15 1.15 1.29 1.15 1.15],[1.39 1.34 1.2  1.48 1.34 1.33]
0,6,[5.59069518e-02 5.47919413e-06 4.94811132e-07 2.67077185e-06],[1.   1.   1.   1.29 1.29 1.29],[1.29 1.36 1.32 1.45 1.43 1.44]
0,7,[1.56251031e-03 2.06333764e-05 1.08752494e-02 1.09769556e-04],[1.11 1.07 1.11 1.07 1.18 1.07],[1.29 1.12 1.2  1.25 1.32 1.2 ]
0,8,[1.44303480e-05 4.96802008e-05 5.02289032e-04 2.85341985e-02],[1.2  1.15 1.03 1.15 1.03 1.03],[1.35 1.28 1.26 1.26 1.23 1.15]
0,9,[1.79862296e-02 3.95282894e-05 6.55725750e-06 7.39623764e-06],[1.05 1.05 1.05 1.23 1.23 1.25],[1.24 1.28 1.29 1.37 1.36 1.36]
18,0,[1.51554167e-06 1.69771061e-04 5.01026154e-04 1.19494149e-05],[1.19 1.19 1.25 1.19 1.19 1.19],[1.44 1.37 1.43 1.25 1.33 1.3 ]
18,1,[4.62818862e-05 3.91484732e-06 1.53486731e-06 1.42755194e-08],[1.27 1.27 1.27 1.3  1.3  1.31],[1.44 1.4  1.56 1.5  1.59 1.58]
18,2,[0.00027257 0.00022614 0.0388667  0.01523133],[1.14 1.02 1.03 1.02 1.03 1.02],[1.24 1.15 1.15 1.16 1.16 1.03]
18,3,[2.49773321e-03 1.07085167e-07 1.67302932e-08 1.31486104e-02],[1.09 1.09 1.06 1.38 1.06 1.06],[1.42 1.43 1.1  1.61 1.41 1.43]
18,4,[2.09781493e-06 5.58069593e-04 1.34683673e-04 1.90836649e-05],[1.18 1.19 1.23 1.18 1.18 1.19],[1.41 1.41 1.43 1.26 1.3  1.31]
18,5,[3.40216123e-04 3.71594482e-02 4.08145976e-03 5.60949847e-05],[1.02 1.08 1.14 1.02 1.02 1.08],[1.15 1.15 1.23 1.08 1.2  1.2 ]
18,6,[5.80581825e-03 1.26978220e-06 1.86028470e-03 3.16373783e-03],[1.1 1.1 1.1 1.1 1.1 1.1],[1.33 1.11 1.11 1.33 1.33 1.11]
18,7,[2.51428576e-08 1.80113337e-05 2.56809571e-06 3.09485773e-07],[1.3  1.31 1.35 1.3  1.3  1.31],[1.6  1.58 1.62 1.42 1.51 1.49]
18,8,[3.09238605e-02 1.46115542e-03 2.89431622e-03 6.24223036e-05],[1.03 1.03 1.03 1.09 1.09 1.09],[1.11 1.09 1.2  1.11 1.2  1.2 ]
18,9,[3.78450904e-08 3.22402566e-04 1.30940753e-05 2.68434730e-06],[1.2  1.26 1.29 1.2  1.2  1.26],[1.53 1.55 1.56 1.32 1.37 1.4 ]
9,0,[4.15120765e-02 1.13832778e-06 8.27793842e-04 1.51676460e-04],[1.01 1.01 1.01 1.13 1.17 1.13],[1.34 1.13 1.19 1.35 1.37 1.19]
9,1,[1.74755636e-05 6.03045563e-02 3.40435658e-05 3.49151713e-05],[1.   1.21 1.21 1.   1.   1.21],[1.26 1.33 1.33 1.24 1.23 1.29]
9,2,[2.60157358e-08 8.58315239e-04 1.28894692e-03 2.78846360e-06],[1.15 1.15 1.29 1.15 1.15 1.15],[1.52 1.47 1.58 1.17 1.33 1.33]
9,3,[5.29549600e-07 3.90396661e-05 4.59707164e-07 9.04398199e-08],[1.27 1.34 1.34 1.27 1.27 1.34],[1.53 1.57 1.61 1.47 1.51 1.54]
9,4,[5.91602888e-06 4.06463166e-03 5.71544425e-07 1.03609614e-07],[1.11 1.29 1.29 1.11 1.11 1.34],[1.32 1.5  1.51 1.37 1.41 1.5 ]
9,5,[1.41536464e-03 5.87080209e-08 4.29050199e-05 3.58170906e-07],[1.15 1.15 1.15 1.23 1.35 1.23],[1.48 1.27 1.39 1.49 1.61 1.43]
9,6,[3.77100030e-06 9.14539039e-04 8.40724582e-03 8.86083582e-04],[1.11 1.08 1.11 1.08 1.11 1.08],[1.33 1.31 1.33 1.13 1.16 1.13]
9,7,[5.15370387e-05 2.17683724e-03 2.53524899e-05 1.53608177e-05],[1.13 1.22 1.22 1.13 1.13 1.22],[1.29 1.36 1.36 1.29 1.28 1.34]
9,8,[5.00064571e-04 3.85898140e-05 6.99725529e-04 1.53803200e-02],[1.13 1.13 1.06 1.13 1.06 1.06],[1.27 1.18 1.15 1.25 1.24 1.14]
9,9,[3.79735216e-06 3.04788565e-03 3.50112450e-04 1.11603167e-04],[1.12 1.16 1.18 1.12 1.12 1.16],[1.36 1.36 1.36 1.18 1.22 1.22]
14,0,[2.29943576e-05 5.07543570e-05 2.44475687e-04 5.93709321e-04],[1.2  1.18 1.18 1.18 1.18 1.18],[1.38 1.32 1.3  1.28 1.27 1.2 ]
14,1,[4.56443165e-08 1.47632303e-04 2.45749719e-05 9.52451940e-09],[1.23 1.25 1.41 1.23 1.23 1.25],[1.58 1.53 1.69 1.31 1.52 1.52]
14,2,[2.64797833e-08 4.88891087e-04 8.13520597e-01 2.04406816e-02],[1.13 1.   1.01 1.   1.01 1.  ],[1.46 1.42 1.42 1.13 1.13 1.01]
14,3,[4.78983801e-05 8.26736076e-06 1.45815177e-07 3.05290940e-02],[1.23 1.23 1.03 1.26 1.03 1.03],[1.38 1.45 1.23 1.48 1.28 1.4 ]
14,4,[8.28919878e-06 1.06824557e-03 1.65814419e-05 1.82950557e-02],[1.12 1.24 1.05 1.12 1.05 1.05],[1.32 1.37 1.28 1.27 1.12 1.26]
14,5,[2.66139828e-03 6.08976765e-05 3.51145659e-05 5.94373023e-05],[1.12 1.12 1.12 1.2  1.2  1.2 ],[1.26 1.25 1.23 1.33 1.31 1.28]
14,6,[1.14905299e-02 2.91778650e-05 1.31527864e-03 6.64282829e-04],[1.07 1.07 1.07 1.12 1.12 1.12],[1.25 1.12 1.14 1.25 1.25 1.15]
14,7,[8.18456414e-13 8.74738203e-03 1.40076351e-03 2.87362152e-05],[1.08 1.11 1.22 1.08 1.08 1.11],[1.74 1.74 1.77 1.12 1.23 1.23]
14,8,[3.81080990e-07 2.46160804e-03 1.00397646e-03 7.36361660e-07],[1.13 1.13 1.33 1.13 1.13 1.13],[1.38 1.38 1.48 1.15 1.34 1.34]
14,9,[0.0002973  0.00337084 0.00054458 0.03903027],[1.08 1.13 1.02 1.08 1.02 1.02],[1.18 1.18 1.17 1.15 1.08 1.15]
37,0,[1.80542868e-07 3.61892718e-01 3.59079182e-04 2.82587709e-09],[1.   1.16 1.37 1.   1.   1.16],[1.39 1.41 1.62 1.16 1.49 1.49]
37,1,[2.25975200e-04 2.05644898e-05 2.84776521e-02 1.07158457e-03],[1.16 1.03 1.12 1.03 1.12 1.03],[1.32 1.18 1.18 1.25 1.27 1.12]
37,2,[1.86931042e-07 5.53019793e-05 1.98585425e-02 7.65526034e-02],[1.2  1.01 1.   1.01 1.   1.  ],[1.46 1.37 1.37 1.2  1.2  1.01]
37,3,[1.44875509e-05 1.93499302e-04 2.59418449e-06 3.90192760e-04],[1.19 1.24 1.19 1.19 1.19 1.19],[1.38 1.42 1.33 1.34 1.24 1.33]
37,4,[3.54334665e-03 1.79251461e-05 3.14871558e-06 2.46112901e-03],[1.11 1.11 1.11 1.24 1.11 1.11],[1.26 1.3  1.13 1.37 1.26 1.3 ]
37,5,[0.00042264 0.00117831 0.02706191 0.00330685],[1.1  1.03 1.08 1.03 1.08 1.03],[1.18 1.15 1.15 1.12 1.13 1.08]
37,6,[0.01642312 0.02576735 0.00014601 0.01909593],[1.01 1.01 1.01 1.01 1.01 1.01],[1.01 1.16 1.01 1.16 1.01 1.16]
37,7,[1.95692020e-04 2.32626536e-04 9.41908005e-06 7.42316688e-08],[1.21 1.21 1.21 1.21 1.21 1.25],[1.31 1.34 1.46 1.33 1.49 1.48]
37,8,[7.42557787e-05 1.70646806e-04 1.04279605e-06 1.57343481e-03],[1.19 1.19 1.14 1.19 1.14 1.14],[1.31 1.39 1.24 1.38 1.22 1.34]
37,9,[2.95096752e-02 8.36421192e-04 3.85999623e-03 4.10653458e-05],[1.03 1.03 1.03 1.08 1.11 1.08],[1.13 1.08 1.21 1.13 1.22 1.21]
5,0,[3.71489332e-04 1.60573396e-06 2.07019000e-05 9.92144509e-04],[1.16 1.16 1.16 1.23 1.16 1.16],[1.39 1.27 1.2  1.42 1.37 1.27]
5,1,[2.74728707e-04 5.94830695e-05 8.62611863e-04 1.20466741e-06],[1.17 1.16 1.17 1.16 1.2  1.16],[1.31 1.22 1.35 1.26 1.4  1.35]
5,2,[1.03428545e-02 5.11006089e-07 1.61648472e-12 1.33123523e-05],[1.07 1.07 1.07 1.34 1.27 1.27],[1.38 1.72 1.27 1.82 1.44 1.72]
5,3,[5.79632343e-05 9.10324688e-03 6.69501424e-07 5.17638505e-06],[1.08 1.22 1.22 1.08 1.08 1.27],[1.24 1.41 1.36 1.36 1.3  1.41]
5,4,[6.20664479e-06 5.12903877e-03 1.58867501e-06 9.49379764e-07],[1.1  1.29 1.29 1.1  1.1  1.3 ],[1.31 1.44 1.47 1.34 1.35 1.43]
5,5,[8.84349188e-05 1.05599692e-04 2.34018157e-04 2.85750097e-08],[1.21 1.21 1.21 1.21 1.21 1.21],[1.34 1.29 1.49 1.27 1.47 1.45]
5,6,[8.93821017e-10 1.79600561e-04 7.94891986e-08 1.06333419e-03],[1.18 1.39 1.16 1.18 1.16 1.16],[1.64 1.71 1.56 1.43 1.23 1.42]
5,7,[7.18459080e-04 3.96542525e-04 3.35768653e-05 7.84624819e-03],[1.14 1.14 1.08 1.14 1.08 1.08],[1.22 1.24 1.14 1.28 1.17 1.24]
5,8,[3.32558483e-04 4.95810802e-02 1.08075270e-06 7.31755696e-04],[1.01 1.14 1.14 1.01 1.01 1.14],[1.16 1.35 1.18 1.34 1.14 1.34]
5,9,[1.31310048e-03 2.82908297e-04 4.30949853e-07 1.88046290e-06],[1.15 1.15 1.15 1.17 1.17 1.3 ],[1.25 1.41 1.35 1.39 1.37 1.46]
26,0,[4.42613133e-04 2.40436179e-04 3.59859285e-03 1.00554048e-05],[1.15 1.11 1.15 1.11 1.15 1.11],[1.24 1.18 1.3  1.2  1.31 1.28]
26,1,[8.70821416e-03 1.54728567e-03 1.28569926e-07 1.51720929e-05],[1.08 1.08 1.08 1.11 1.11 1.24],[1.13 1.39 1.27 1.39 1.27 1.43]
26,2,[6.00125764e-07 6.68983878e-02 3.00318976e-04 3.43286036e-01],[1.   1.15 1.   1.   1.   1.  ],[1.34 1.36 1.34 1.15 1.   1.15]
26,3,[2.44570053e-05 5.88925141e-03 5.53307448e-03 1.50627511e-06],[1.09 1.09 1.23 1.09 1.09 1.09],[1.25 1.25 1.38 1.09 1.31 1.31]
26,4,[7.74839838e-06 4.06131360e-07 2.47777299e-05 2.84167843e-04],[1.26 1.25 1.21 1.25 1.21 1.21],[1.58 1.38 1.36 1.45 1.41 1.29]
26,5,[3.58819035e-04 6.85710866e-09 3.58823613e-04 1.89601977e-03],[1.14 1.14 1.14 1.14 1.14 1.14],[1.55 1.22 1.2  1.5  1.5  1.18]
26,6,[1.51349760e-03 3.68053632e-03 3.70370198e-05 1.77385920e-05],[1.11 1.11 1.11 1.11 1.11 1.21],[1.16 1.26 1.27 1.25 1.26 1.29]
26,7,[1.15503909e-03 2.11479638e-05 1.09523732e-03 2.89433977e-02],[1.1  1.1  1.03 1.1  1.03 1.03],[1.28 1.15 1.12 1.27 1.25 1.12]
26,8,[3.26391138e-03 2.32123534e-05 2.26125140e-02 4.70095296e-07],[1.08 1.04 1.08 1.04 1.23 1.04],[1.26 1.08 1.36 1.25 1.45 1.36]
26,9,[1.63173253e-10 4.82065791e-03 7.28641580e-04 2.02876401e-02],[1.07 1.12 1.04 1.07 1.04 1.04],[1.6  1.58 1.58 1.13 1.07 1.13]
25,0,[2.57033252e-06 5.74429468e-03 1.00379404e-05 1.10257080e-01],[1.06 1.25 1.   1.06 1.   1.  ],[1.31 1.4  1.31 1.25 1.06 1.25]
25,1,[1.73373444e-05 1.46359959e-04 7.87221936e-03 4.21102909e-03],[1.17 1.08 1.08 1.08 1.08 1.08],[1.32 1.25 1.25 1.18 1.18 1.08]
25,2,[7.65079938e-02 3.38698896e-05 2.02886874e-04 6.08717857e-04],[1.   1.   1.   1.16 1.14 1.14],[1.23 1.18 1.14 1.27 1.25 1.18]
25,3,[7.10271976e-03 2.67054132e-05 1.04375795e-04 3.52229540e-05],[1.09 1.09 1.09 1.2  1.21 1.2 ],[1.27 1.21 1.24 1.34 1.34 1.26]
25,4,[2.49652342e-03 5.53407229e-02 6.61784453e-05 4.11829024e-05],[1.   1.09 1.09 1.   1.   1.19],[1.09 1.21 1.23 1.21 1.23 1.26]
25,5,[6.46580304e-05 1.53006207e-06 1.63004580e-04 4.60473610e-04],[1.2  1.19 1.19 1.19 1.19 1.19],[1.46 1.29 1.27 1.38 1.36 1.22]
25,6,[5.80434203e-03 1.15954783e-07 6.78519685e-04 1.32873748e-05],[1.1  1.1  1.1  1.14 1.24 1.14],[1.43 1.15 1.26 1.43 1.47 1.26]
25,7,[4.35647543e-04 6.26600466e-04 1.81863012e-04 5.38254641e-05],[1.18 1.18 1.18 1.18 1.18 1.18],[1.24 1.24 1.28 1.24 1.27 1.27]
25,8,[6.27280929e-05 1.10492203e-06 2.74109241e-03 1.35953669e-05],[1.22 1.12 1.22 1.12 1.24 1.12],[1.43 1.25 1.34 1.35 1.42 1.27]
25,9,[0.00056757 0.06258549 0.00485746 0.00301742],[1.   1.07 1.07 1.   1.   1.07],[1.13 1.13 1.13 1.07 1.08 1.08]
12,0,[1.89628237e-05 1.32954258e-04 3.76846335e-05 7.35925992e-07],[1.23 1.23 1.23 1.23 1.23 1.23],[1.37 1.37 1.49 1.31 1.41 1.41]
12,1,[0.00278952 0.00016698 0.00197877 0.00012445],[1.12 1.12 1.12 1.12 1.16 1.12],[1.22 1.14 1.19 1.21 1.26 1.19]
12,2,[4.89615484e-02 2.40176671e-05 9.61462601e-05 1.86635633e-02],[1.01 1.01 1.01 1.18 1.02 1.02],[1.22 1.18 1.02 1.28 1.22 1.18]
12,3,[6.45029075e-03 2.92896375e-06 2.77159626e-04 5.35447522e-08],[1.09 1.09 1.09 1.17 1.29 1.17],[1.34 1.18 1.43 1.36 1.53 1.43]
12,4,[2.09224080e-06 1.31733415e-05 3.93664385e-05 1.00928756e-08],[1.27 1.27 1.3  1.27 1.27 1.27],[1.53 1.41 1.6  1.38 1.58 1.52]
12,5,[3.08434923e-05 1.45025654e-08 1.17670875e-06 2.84456845e-04],[1.24 1.24 1.21 1.32 1.21 1.21],[1.61 1.43 1.31 1.57 1.5  1.36]
12,6,[5.79931051e-06 3.04991688e-07 4.00614706e-05 1.84698148e-05],[1.27 1.27 1.27 1.27 1.27 1.27],[1.62 1.42 1.41 1.45 1.47 1.31]
12,7,[4.13691906e-04 6.92768093e-03 2.40133744e-07 3.04261042e-06],[1.09 1.16 1.16 1.09 1.09 1.29],[1.18 1.41 1.34 1.39 1.32 1.47]
12,8,[1.26758499e-04 6.33782306e-04 6.78225646e-05 2.59960676e-04],[1.18 1.18 1.18 1.18 1.18 1.18],[1.27 1.31 1.27 1.27 1.23 1.27]
12,9,[3.53590664e-04 1.11004501e-05 3.42530263e-05 2.01123666e-04],[1.2  1.2  1.2  1.22 1.2  1.2 ],[1.37 1.28 1.25 1.39 1.34 1.28]
17,0,[1.08940329e-07 2.33870580e-03 1.91648706e-05 1.93227253e-04],[1.13 1.23 1.18 1.13 1.13 1.18],[1.45 1.48 1.45 1.27 1.21 1.28]
17,1,[1.00584296e-05 1.21134172e-03 1.22078265e-05 1.93799810e-05],[1.15 1.24 1.24 1.15 1.15 1.24],[1.35 1.39 1.41 1.3  1.28 1.33]
17,2,[1.21925818e-03 1.98997778e-03 1.45577503e-05 4.04943021e-06],[1.14 1.14 1.14 1.14 1.14 1.24],[1.18 1.3  1.32 1.28 1.32 1.36]
17,3,[1.07434372e-03 3.50639268e-05 1.36506720e-06 4.05435608e-06],[1.16 1.16 1.16 1.23 1.23 1.28],[1.3  1.37 1.33 1.42 1.4  1.42]
17,4,[2.55876772e-04 1.91717091e-03 1.05456023e-07 2.73865682e-04],[1.14 1.15 1.15 1.14 1.14 1.15],[1.23 1.43 1.25 1.41 1.21 1.41]
17,5,[4.77393939e-04 2.22275597e-05 2.43647828e-04 4.89500534e-03],[1.15 1.15 1.1  1.15 1.1  1.1 ],[1.33 1.21 1.17 1.29 1.26 1.18]
17,6,[7.21583731e-07 1.14497003e-02 1.61409548e-03 6.23066450e-04],[1.07 1.11 1.12 1.07 1.07 1.11],[1.34 1.34 1.34 1.11 1.14 1.14]
17,7,[2.75336455e-02 2.03166344e-04 3.71385613e-05 3.99777148e-03],[1.03 1.03 1.03 1.16 1.08 1.08],[1.17 1.22 1.08 1.26 1.17 1.22]
17,8,[0.00847391 0.00011441 0.00018639 0.00016264],[1.08 1.08 1.08 1.16 1.16 1.16],[1.23 1.19 1.19 1.26 1.27 1.22]
17,9,[6.49228389e-08 1.39983397e-04 5.06855148e-07 9.67656112e-05],[1.23 1.34 1.23 1.23 1.23 1.23],[1.52 1.58 1.5  1.42 1.28 1.4 ]
6,0,[1.78419645e-05 9.95133746e-06 3.23278054e-03 2.07553730e-02],[1.23 1.08 1.04 1.08 1.04 1.04],[1.4  1.25 1.25 1.26 1.26 1.08]
6,1,[1.05537974e-04 7.25664588e-03 3.00394281e-05 5.56122784e-06],[1.09 1.2  1.2  1.09 1.09 1.22],[1.22 1.32 1.36 1.25 1.3  1.34]
6,2,[2.56596298e-07 1.42949870e-04 6.41623605e-05 9.52194625e-04],[1.19 1.2  1.16 1.19 1.16 1.16],[1.5  1.43 1.42 1.28 1.23 1.23]
6,3,[3.76398514e-05 3.60068860e-06 1.15630647e-06 5.86840114e-05],[1.26 1.26 1.26 1.29 1.26 1.26],[1.44 1.43 1.33 1.47 1.41 1.39]
6,4,[0.01926806 0.00053267 0.04316635 0.00023192],[1.02 1.01 1.02 1.01 1.13 1.01],[1.13 1.02 1.15 1.13 1.18 1.15]
6,5,[1.60989355e-08 6.65612656e-05 2.24724317e-06 4.38952038e-05],[1.25 1.3  1.25 1.25 1.25 1.25],[1.61 1.62 1.53 1.4  1.34 1.38]
6,6,[5.99988432e-08 1.54747830e-02 3.21712656e-05 8.31163712e-05],[1.06 1.22 1.21 1.06 1.06 1.21],[1.44 1.46 1.46 1.24 1.21 1.25]
6,7,[6.23992971e-06 9.82242367e-05 1.29824290e-06 3.96816572e-04],[1.2  1.27 1.19 1.2  1.19 1.19],[1.42 1.43 1.34 1.39 1.26 1.36]
6,8,[6.93432335e-05 9.81255741e-04 1.84093452e-09 9.03764803e-07],[1.16 1.21 1.21 1.16 1.16 1.32],[1.3  1.59 1.45 1.54 1.36 1.6 ]
6,9,[1.89163849e-02 2.95337155e-05 9.14869289e-03 4.65577589e-06],[1.05 1.05 1.05 1.05 1.22 1.05],[1.22 1.05 1.28 1.22 1.36 1.28]
15,0,[4.39151284e-04 5.10300084e-05 5.10167932e-05 9.51355841e-07],[1.19 1.19 1.19 1.2  1.2  1.2 ],[1.32 1.29 1.38 1.31 1.42 1.39]
15,1,[7.16823658e-03 1.11789578e-01 7.80233890e-04 6.10006764e-07],[1.   1.05 1.05 1.   1.   1.12],[1.05 1.12 1.32 1.12 1.32 1.32]
15,2,[1.81629795e-05 1.38865979e-04 1.71986558e-03 1.98135561e-04],[1.17 1.14 1.17 1.14 1.17 1.14],[1.35 1.29 1.3  1.22 1.25 1.19]
15,3,[3.10087446e-05 2.77462222e-04 1.52836537e-04 8.58791474e-07],[1.21 1.21 1.22 1.21 1.21 1.21],[1.35 1.33 1.45 1.25 1.38 1.38]
15,4,[1.06439635e-02 2.45351352e-05 1.32355560e-02 2.49145430e-03],[1.05 1.05 1.05 1.05 1.08 1.05],[1.23 1.05 1.08 1.23 1.23 1.08]
15,5,[5.94992889e-05 4.73805575e-08 2.18966028e-07 6.73858036e-09],[1.26 1.26 1.26 1.39 1.41 1.39],[1.57 1.49 1.58 1.61 1.7  1.61]
15,6,[1.47505180e-04 2.94881406e-05 7.13033533e-07 1.47133726e-04],[1.22 1.22 1.22 1.22 1.22 1.22],[1.37 1.41 1.28 1.47 1.33 1.4 ]
15,7,[1.35694223e-02 3.41233775e-09 2.68083920e-02 1.60817761e-03],[1.03 1.03 1.03 1.03 1.09 1.03],[1.47 1.03 1.09 1.47 1.47 1.09]
15,8,[0.07574254 0.00011246 0.00964419 0.00880982],[1.   1.   1.   1.03 1.03 1.03],[1.17 1.04 1.04 1.17 1.17 1.04]
15,9,[5.65949803e-07 1.12218848e-04 5.93098719e-06 1.56633919e-04],[1.23 1.27 1.23 1.23 1.23 1.23],[1.47 1.48 1.43 1.37 1.28 1.33]
35,0,[9.06474156e-08 3.09635886e-02 1.08358236e-04 1.26676499e-04],[1.03 1.18 1.18 1.03 1.03 1.18],[1.42 1.45 1.46 1.2  1.19 1.23]
35,1,[7.33537449e-05 2.42316465e-04 5.24608906e-03 1.10183515e-01],[1.15 1.07 1.   1.07 1.   1.  ],[1.27 1.2  1.2  1.16 1.16 1.07]
35,2,[4.26839577e-08 3.79017934e-02 4.44437697e-07 1.31271894e-02],[1.02 1.34 1.03 1.02 1.02 1.03],[1.41 1.56 1.41 1.34 1.03 1.34]
35,3,[1.40975429e-04 1.38990859e-02 1.89626843e-05 2.82767203e-07],[1.06 1.19 1.19 1.06 1.06 1.23],[1.2  1.3  1.42 1.26 1.38 1.41]
35,4,[7.10056714e-02 5.93066194e-03 7.65881744e-06 2.24306351e-10],[1.   1.   1.   1.06 1.06 1.26],[1.06 1.26 1.56 1.26 1.56 1.58]
35,5,[8.59394771e-08 1.30077622e-05 7.13338493e-07 1.51811182e-03],[1.27 1.33 1.15 1.27 1.15 1.15],[1.57 1.55 1.44 1.43 1.3  1.36]
35,6,[0.00054266 0.00010946 0.00776153 0.00117913],[1.13 1.08 1.12 1.08 1.12 1.08],[1.25 1.15 1.17 1.21 1.21 1.12]
35,7,[3.12736905e-04 2.38271503e-07 8.09711052e-07 8.27601680e-04],[1.17 1.17 1.17 1.32 1.17 1.17],[1.48 1.36 1.23 1.54 1.4  1.35]
35,8,[7.75865742e-03 5.34807791e-06 6.76154777e-04 1.91816955e-05],[1.09 1.09 1.09 1.14 1.23 1.14],[1.31 1.15 1.25 1.31 1.35 1.25]
35,9,[2.80440867e-04 5.13986932e-07 2.64270579e-05 3.76217590e-09],[1.21 1.21 1.21 1.25 1.34 1.25],[1.48 1.31 1.54 1.43 1.65 1.55]
29,0,[5.05983768e-06 1.43634961e-05 4.84936451e-04 4.78628952e-03],[1.24 1.15 1.1  1.15 1.1  1.1 ],[1.44 1.32 1.3  1.28 1.28 1.16]
29,1,[4.05253975e-05 4.48632595e-03 2.46322421e-06 1.17199934e-05],[1.11 1.23 1.23 1.11 1.11 1.25],[1.26 1.39 1.34 1.33 1.28 1.37]
29,2,[0.00671359 0.00034758 0.00107626 0.06684228],[1.06 1.06 1.   1.1  1.   1.  ],[1.16 1.11 1.06 1.18 1.16 1.11]
29,3,[2.38065091e-02 2.69215168e-05 1.99069315e-05 3.29827117e-06],[1.04 1.04 1.04 1.23 1.23 1.23],[1.25 1.25 1.31 1.35 1.37 1.35]
29,4,[2.37523513e-03 3.97432330e-05 2.23576344e-05 5.78119060e-04],[1.13 1.13 1.13 1.21 1.15 1.15],[1.28 1.28 1.18 1.35 1.28 1.28]
29,5,[6.99453726e-06 3.43282427e-03 1.44588844e-05 1.98629350e-05],[1.12 1.24 1.24 1.12 1.12 1.24],[1.34 1.4  1.4  1.28 1.27 1.32]
29,6,[7.56893574e-04 3.60756465e-07 4.72516732e-03 6.29018509e-05],[1.13 1.1  1.13 1.1  1.19 1.1 ],[1.41 1.16 1.23 1.38 1.44 1.22]
29,7,[2.11085660e-02 2.03872878e-03 2.46416899e-05 8.51914717e-04],[1.04 1.04 1.04 1.1  1.1  1.11],[1.1  1.24 1.13 1.24 1.15 1.24]
29,8,[0.00051445 0.02576034 0.00039911 0.00734356],[1.03 1.13 1.05 1.03 1.03 1.05],[1.13 1.17 1.13 1.14 1.05 1.14]
29,9,[3.24836356e-05 3.17905451e-04 2.95703039e-03 1.30681700e-02],[1.14 1.09 1.06 1.09 1.06 1.06],[1.28 1.23 1.23 1.16 1.16 1.09]
31,0,[1.48377401e-08 5.83599851e-06 2.25974476e-03 1.47062069e-05],[1.27 1.13 1.26 1.13 1.26 1.13],[1.64 1.48 1.52 1.3  1.38 1.27]
31,1,[2.73315521e-03 1.45836147e-05 5.79713208e-07 5.23919599e-04],[1.12 1.12 1.12 1.24 1.15 1.15],[1.3  1.35 1.18 1.45 1.33 1.35]
31,2,[5.30995659e-04 6.93127356e-08 2.58206276e-05 1.12675064e-05],[1.18 1.18 1.18 1.25 1.25 1.25],[1.48 1.28 1.32 1.5  1.52 1.35]
31,3,[7.55057849e-05 4.51563075e-07 1.90527226e-01 2.67411774e-02],[1.19 1.   1.   1.   1.   1.  ],[1.43 1.19 1.19 1.34 1.34 1.  ]
31,4,[3.66885295e-05 1.70542371e-02 1.57709101e-08 3.83948180e-03],[1.05 1.21 1.08 1.05 1.05 1.08],[1.23 1.48 1.23 1.43 1.08 1.43]
31,5,[7.15347093e-07 2.10415753e-06 5.61266351e-04 1.05255711e-03],[1.3  1.16 1.16 1.16 1.16 1.16],[1.53 1.39 1.39 1.36 1.35 1.18]
31,6,[2.17146855e-06 3.09264250e-03 6.72070235e-03 2.35369647e-05],[1.09 1.09 1.23 1.09 1.09 1.09],[1.33 1.33 1.4  1.1  1.24 1.24]
31,7,[2.70005469e-02 4.70648605e-05 3.51178450e-05 6.52478651e-04],[1.03 1.03 1.03 1.2  1.14 1.14],[1.23 1.24 1.14 1.32 1.26 1.24]
31,8,[0.00043579 0.00874953 0.00411699 0.00010112],[1.08 1.08 1.13 1.08 1.08 1.08],[1.16 1.16 1.22 1.09 1.19 1.19]
31,9,[5.57051084e-07 5.60792075e-02 8.77985191e-05 2.45064175e-07],[1.   1.21 1.34 1.   1.   1.21],[1.36 1.4  1.51 1.21 1.38 1.39]
3,0,[9.93432826e-05 7.08901202e-06 5.76988639e-05 2.81987322e-09],[1.24 1.24 1.24 1.24 1.26 1.24],[1.42 1.3  1.55 1.39 1.62 1.53]
3,1,[7.83639578e-06 1.18398052e-04 3.39660846e-04 3.48912845e-04],[1.2 1.2 1.2 1.2 1.2 1.2],[1.39 1.34 1.34 1.26 1.26 1.21]
3,2,[1.42595623e-05 1.01005403e-03 2.01954882e-03 7.87828196e-05],[1.14 1.14 1.19 1.14 1.14 1.14],[1.34 1.28 1.31 1.16 1.23 1.22]
3,3,[1.00494547e-04 3.52121740e-05 2.77051485e-03 3.35907855e-06],[1.2  1.12 1.2  1.12 1.21 1.12],[1.34 1.22 1.35 1.25 1.37 1.31]
3,4,[1.96264370e-03 1.40550442e-05 9.69379994e-04 5.76057106e-07],[1.14 1.14 1.14 1.14 1.24 1.14],[1.32 1.17 1.34 1.3  1.44 1.34]
3,5,[1.33686024e-05 1.63745220e-03 1.66042987e-04 1.09840824e-01],[1.11 1.17 1.   1.11 1.   1.  ],[1.28 1.32 1.26 1.19 1.11 1.19]
3,6,[9.33423384e-06 1.84106781e-05 1.01730016e-06 1.14345003e-04],[1.25 1.25 1.24 1.25 1.24 1.24],[1.45 1.44 1.35 1.44 1.34 1.37]
3,7,[1.66175905e-05 9.51854397e-07 4.54457077e-03 3.97579158e-07],[1.26 1.1  1.26 1.1  1.32 1.1 ],[1.51 1.26 1.46 1.36 1.52 1.37]
3,8,[1.86510773e-03 1.41710184e-05 2.55750388e-07 9.95738949e-07],[1.14 1.14 1.14 1.26 1.26 1.32],[1.32 1.41 1.36 1.47 1.45 1.46]
3,9,[7.22580411e-08 2.00960261e-06 2.90449983e-05 2.50696597e-05],[1.3  1.28 1.28 1.28 1.28 1.28],[1.64 1.52 1.53 1.42 1.42 1.33]
24,0,[4.48111266e-08 4.19288839e-04 1.98401507e-03 2.67815276e-02],[1.14 1.1  1.03 1.1  1.03 1.03],[1.45 1.42 1.42 1.16 1.15 1.1 ]
24,1,[2.27061067e-04 4.90448956e-04 1.16404563e-02 9.26658631e-07],[1.15 1.07 1.15 1.07 1.15 1.07],[1.23 1.18 1.37 1.15 1.37 1.35]
24,2,[5.37430990e-03 8.11975129e-06 6.05545901e-05 2.66085741e-07],[1.1  1.1  1.1  1.22 1.26 1.22],[1.32 1.23 1.39 1.36 1.47 1.41]
24,3,[3.87417811e-05 1.03049442e-04 9.10592617e-06 5.46337123e-04],[1.2  1.21 1.18 1.2  1.18 1.18],[1.34 1.37 1.28 1.33 1.24 1.3 ]
24,4,[8.00093142e-04 1.33064421e-05 8.47340208e-07 9.32653622e-06],[1.17 1.17 1.17 1.26 1.26 1.26],[1.31 1.39 1.32 1.46 1.38 1.41]
24,5,[0.00036615 0.00337273 0.00081428 0.00148292],[1.12 1.12 1.12 1.12 1.12 1.12],[1.19 1.2  1.19 1.15 1.14 1.15]
24,6,[1.00746189e-09 4.36432170e-03 9.43778949e-04 3.30190938e-04],[1.11 1.13 1.14 1.11 1.11 1.13],[1.56 1.56 1.56 1.15 1.18 1.18]
24,7,[1.63314105e-02 1.31514022e-05 7.46087395e-03 3.33256562e-05],[1.05 1.05 1.05 1.05 1.22 1.05],[1.25 1.06 1.22 1.25 1.32 1.22]
24,8,[1.42479316e-04 5.42732483e-06 1.19155916e-03 4.84678555e-04],[1.17 1.15 1.15 1.15 1.15 1.15],[1.39 1.23 1.24 1.32 1.32 1.18]
24,9,[3.26626554e-07 5.73479888e-08 2.30351710e-03 3.77427778e-05],[1.36 1.13 1.23 1.13 1.23 1.13],[1.72 1.39 1.45 1.46 1.47 1.24]
22,0,[1.49471238e-05 3.29395017e-05 2.04158864e-02 2.72005523e-04],[1.21 1.04 1.17 1.04 1.17 1.04],[1.38 1.26 1.3  1.24 1.26 1.17]
22,1,[1.52719764e-05 2.26648334e-03 1.33889462e-04 3.75014762e-06],[1.13 1.19 1.24 1.13 1.13 1.19],[1.3  1.34 1.39 1.23 1.31 1.32]
22,2,[3.52287340e-04 7.53498264e-03 1.71302220e-03 1.87649969e-06],[1.08 1.11 1.14 1.08 1.08 1.11],[1.17 1.18 1.33 1.12 1.32 1.32]
22,3,[1.44398166e-07 1.91396128e-03 2.41065027e-04 2.03626768e-03],[1.13 1.15 1.13 1.13 1.13 1.13],[1.42 1.42 1.42 1.19 1.14 1.19]
22,4,[5.84318403e-03 2.37810961e-07 7.47200360e-06 2.77571186e-04],[1.09 1.09 1.09 1.26 1.17 1.17],[1.42 1.3  1.19 1.49 1.42 1.3 ]
22,5,[1.30824594e-03 4.41358684e-04 4.74330411e-05 1.79451107e-03],[1.14 1.14 1.14 1.14 1.14 1.14],[1.22 1.23 1.17 1.26 1.19 1.23]
22,6,[4.45562704e-07 7.11957878e-03 3.37986021e-06 2.66307616e-03],[1.09 1.28 1.09 1.09 1.09 1.09],[1.37 1.44 1.37 1.29 1.11 1.29]
22,7,[3.08252064e-05 6.58843226e-03 8.39043741e-05 1.82648072e-05],[1.09 1.21 1.22 1.09 1.09 1.21],[1.26 1.32 1.34 1.22 1.26 1.29]
22,8,[1.81716111e-04 9.97919539e-05 1.69205412e-03 2.62905170e-04],[1.16 1.14 1.16 1.14 1.16 1.14],[1.28 1.22 1.24 1.24 1.25 1.18]
22,9,[7.60409296e-05 5.80390542e-04 1.98455573e-01 8.40237064e-06],[1.15 1.   1.19 1.   1.15 1.  ],[1.27 1.21 1.33 1.15 1.28 1.28]
33,0,[1.54970610e-05 2.50633307e-02 2.13504794e-04 5.50159283e-05],[1.04 1.18 1.2  1.04 1.04 1.18],[1.26 1.3  1.32 1.18 1.22 1.25]
33,1,[4.74448354e-06 1.42055819e-02 2.86806826e-05 7.06036632e-07],[1.06 1.24 1.27 1.06 1.06 1.24],[1.3  1.38 1.44 1.24 1.36 1.39]
33,2,[5.90089451e-06 4.25918227e-04 8.33470517e-03 1.02104150e-03],[1.14 1.08 1.12 1.08 1.12 1.08],[1.34 1.29 1.29 1.16 1.17 1.13]
33,3,[8.56415038e-05 1.41436987e-02 5.26977135e-07 2.30995793e-03],[1.06 1.19 1.1  1.06 1.06 1.1 ],[1.21 1.37 1.21 1.34 1.1  1.34]
33,4,[9.49570298e-06 4.16611754e-03 7.85900792e-07 1.15031598e-08],[1.11 1.28 1.28 1.11 1.11 1.33],[1.32 1.46 1.53 1.35 1.48 1.55]
33,5,[7.21936277e-08 4.90789169e-04 1.93295021e-03 2.70046238e-03],[1.13 1.12 1.12 1.12 1.12 1.12],[1.47 1.41 1.41 1.18 1.18 1.12]
33,6,[8.25099739e-07 2.13912318e-03 4.04107702e-02 4.76412072e-04],[1.1  1.01 1.13 1.01 1.1  1.01],[1.36 1.35 1.36 1.1  1.15 1.15]
33,7,[9.04225121e-06 4.37020864e-03 1.47919956e-08 7.09224246e-04],[1.11 1.25 1.14 1.11 1.11 1.14],[1.31 1.57 1.32 1.44 1.15 1.44]
33,8,[3.58639462e-05 4.29034250e-05 5.46748713e-03 7.14253862e-07],[1.21 1.1  1.21 1.1  1.21 1.1 ],[1.37 1.25 1.41 1.24 1.4  1.35]
33,9,[6.98270257e-03 1.48911861e-09 2.69269957e-04 1.92462117e-05],[1.09 1.09 1.09 1.17 1.23 1.17],[1.56 1.18 1.26 1.57 1.57 1.26]
8,0,[9.43103304e-07 2.09122362e-05 7.51650768e-06 7.18805181e-07],[1.29 1.29 1.31 1.29 1.29 1.29],[1.56 1.46 1.53 1.4  1.45 1.45]
8,1,[2.07199382e-07 3.27681832e-05 8.02957513e-04 9.30459708e-04],[1.22 1.16 1.16 1.16 1.16 1.16],[1.46 1.4  1.4  1.27 1.27 1.17]
8,2,[4.81837252e-05 3.04227889e-03 1.02247051e-06 2.41972562e-06],[1.12 1.23 1.23 1.12 1.12 1.3 ],[1.28 1.43 1.4  1.36 1.33 1.42]
8,3,[6.05994779e-04 1.65117888e-05 1.78591526e-07 3.08544700e-05],[1.18 1.18 1.18 1.24 1.24 1.24],[1.32 1.43 1.28 1.48 1.38 1.43]
8,4,[2.17937325e-06 1.74383444e-04 2.94356648e-05 9.34072375e-09],[1.22 1.24 1.3  1.22 1.22 1.24],[1.42 1.43 1.61 1.34 1.52 1.52]
8,5,[1.49827042e-03 3.07062015e-05 2.35864053e-08 1.06188841e-05],[1.14 1.14 1.14 1.24 1.24 1.25],[1.31 1.48 1.3  1.51 1.37 1.49]
8,6,[8.01282433e-06 4.34045729e-02 1.62774624e-04 1.81210443e-02],[1.01 1.17 1.02 1.01 1.01 1.02],[1.26 1.28 1.26 1.17 1.02 1.17]
8,7,[2.83198125e-06 3.65565089e-04 9.24801436e-04 8.81731162e-03],[1.14 1.13 1.08 1.13 1.08 1.08],[1.38 1.32 1.32 1.18 1.17 1.13]
8,8,[1.39468813e-02 4.65955337e-07 1.54871263e-04 3.82915404e-08],[1.06 1.06 1.06 1.19 1.34 1.19],[1.39 1.19 1.43 1.39 1.54 1.43]
8,9,[4.25593739e-05 3.11566016e-03 3.15342028e-02 1.10190896e-04],[1.09 1.03 1.18 1.03 1.09 1.03],[1.25 1.23 1.29 1.09 1.19 1.19]
21,0,[3.93668067e-07 4.85282576e-02 2.60111059e-04 8.27903780e-02],[1.   1.15 1.   1.   1.   1.  ],[1.35 1.36 1.35 1.15 1.   1.15]
21,1,[3.59412360e-04 6.20572721e-04 2.29405648e-01 2.02402822e-05],[1.14 1.   1.14 1.   1.14 1.  ],[1.23 1.16 1.28 1.14 1.27 1.25]
21,2,[8.79181922e-07 1.41378548e-06 4.27378493e-04 8.14429320e-08],[1.32 1.19 1.32 1.19 1.32 1.19],[1.56 1.37 1.52 1.38 1.54 1.43]
21,3,[1.03295517e-07 2.49850036e-03 7.35298394e-04 9.96265707e-05],[1.13 1.14 1.18 1.13 1.13 1.14],[1.45 1.45 1.46 1.16 1.22 1.22]
21,4,[5.14414220e-06 3.77201442e-03 7.53322771e-03 2.35800686e-07],[1.09 1.09 1.27 1.09 1.09 1.09],[1.3  1.3  1.51 1.1  1.38 1.38]
21,5,[9.50957226e-06 1.32607326e-07 2.76383506e-03 1.11804459e-04],[1.25 1.12 1.2  1.12 1.2  1.12],[1.54 1.29 1.31 1.44 1.47 1.2 ]
21,6,[1.50085153e-05 7.58763623e-03 1.10579298e-03 5.79815266e-03],[1.08 1.1  1.08 1.08 1.08 1.08],[1.25 1.25 1.25 1.11 1.08 1.11]
21,7,[2.09426380e-03 4.92313224e-07 9.64912682e-05 8.64143979e-05],[1.13 1.13 1.13 1.19 1.19 1.19],[1.42 1.24 1.24 1.43 1.43 1.27]
21,8,[8.84765621e-03 1.65682962e-05 2.02946104e-10 1.43520129e-09],[1.08 1.08 1.08 1.26 1.26 1.5 ],[1.29 1.59 1.53 1.65 1.58 1.77]
21,9,[1.81601077e-04 2.96234041e-05 4.55301857e-04 4.06007312e-06],[1.19 1.19 1.19 1.19 1.22 1.19],[1.36 1.25 1.36 1.3  1.4  1.34]
19,0,[3.04037784e-04 4.59956380e-05 2.27848093e-03 2.53065223e-04],[1.15 1.13 1.15 1.13 1.15 1.13],[1.3  1.2  1.23 1.25 1.27 1.18]
19,1,[3.33681247e-04 2.81654166e-05 1.00174149e-02 1.06545970e-03],[1.14 1.07 1.12 1.07 1.12 1.07],[1.3  1.17 1.18 1.25 1.25 1.13]
19,2,[2.36145194e-05 5.90451858e-03 1.98135913e-05 5.02413974e-05],[1.1  1.22 1.22 1.1  1.1  1.22],[1.28 1.36 1.33 1.26 1.24 1.3 ]
19,3,[4.92215793e-08 1.05196366e-04 1.65807563e-02 2.18394642e-03],[1.18 1.05 1.1  1.05 1.1  1.05],[1.48 1.41 1.41 1.19 1.19 1.1 ]
19,4,[4.69657384e-06 3.38545849e-04 1.34546697e-04 4.55741551e-06],[1.2  1.2  1.26 1.2  1.2  1.2 ],[1.38 1.37 1.43 1.25 1.36 1.34]
19,5,[0.01220199 0.00040142 0.00053362 0.00019925],[1.07 1.07 1.07 1.14 1.14 1.14],[1.17 1.15 1.18 1.19 1.22 1.19]
19,6,[3.75817085e-05 1.06530974e-03 6.53722057e-06 4.00149777e-05],[1.16 1.21 1.21 1.16 1.16 1.21],[1.31 1.4  1.34 1.32 1.27 1.35]
19,7,[4.89289929e-04 5.98158650e-02 6.36319260e-08 5.51254952e-02],[1.   1.13 1.   1.   1.   1.  ],[1.13 1.4  1.13 1.39 1.   1.39]
19,8,[3.86393499e-06 6.78976712e-04 2.62502545e-06 8.99798772e-05],[1.17 1.28 1.2  1.17 1.17 1.2 ],[1.42 1.45 1.38 1.36 1.25 1.37]
19,9,[1.56963274e-04 4.14071821e-09 3.73092101e-03 5.61045650e-05],[1.19 1.11 1.19 1.11 1.2  1.11],[1.58 1.2  1.27 1.51 1.56 1.23]
41,0,[1.36627610e-05 4.72406260e-04 1.11046551e-04 2.73069855e-04],[1.18 1.18 1.18 1.18 1.18 1.18],[1.37 1.35 1.32 1.24 1.24 1.25]
41,1,[1.90840113e-04 1.28032189e-04 3.96998574e-04 1.69673164e-11],[1.19 1.19 1.19 1.19 1.19 1.19],[1.32 1.25 1.64 1.27 1.68 1.64]
41,2,[6.77214110e-05 2.63073548e-02 2.31500667e-06 1.23642259e-04],[1.03 1.19 1.19 1.03 1.03 1.19],[1.22 1.36 1.28 1.32 1.2  1.35]
41,3,[8.19757835e-04 6.59626555e-03 1.54062930e-02 1.58029483e-05],[1.06 1.06 1.11 1.06 1.06 1.06],[1.13 1.13 1.26 1.06 1.24 1.24]
41,4,[1.82393267e-02 1.94476267e-04 8.07281193e-05 1.46462300e-03],[1.05 1.05 1.05 1.16 1.11 1.11],[1.19 1.2  1.11 1.24 1.19 1.2 ]
41,5,[0.03101785 0.00071598 0.0018879  0.00259193],[1.03 1.03 1.03 1.09 1.09 1.09],[1.14 1.1  1.09 1.14 1.14 1.11]
41,6,[1.70116225e-03 2.48292830e-04 9.45448164e-11 1.31517142e-05],[1.14 1.14 1.14 1.17 1.17 1.24],[1.23 1.6  1.29 1.6  1.31 1.6 ]
41,7,[1.41738457e-02 1.45603504e-03 4.56838905e-06 4.35122710e-06],[1.06 1.06 1.06 1.11 1.11 1.26],[1.12 1.29 1.3  1.3  1.31 1.38]
41,8,[5.54127011e-03 2.08961707e-04 3.93191638e-01 2.39343254e-03],[1.06 1.   1.06 1.   1.08 1.  ],[1.18 1.06 1.09 1.18 1.18 1.09]
41,9,[0.00336111 0.06540783 0.00086515 0.0016461 ],[1.   1.08 1.08 1.   1.   1.09],[1.08 1.13 1.11 1.13 1.11 1.13]
38,0,[1.28271822e-07 2.51572241e-06 3.47775887e-02 6.16708340e-06],[1.29 1.02 1.28 1.02 1.28 1.02],[1.58 1.4  1.53 1.32 1.43 1.28]
38,1,[3.86190946e-04 4.81967937e-02 9.75953904e-07 2.07177100e-07],[1.01 1.16 1.16 1.01 1.01 1.32],[1.16 1.35 1.39 1.34 1.39 1.48]
38,2,[1.14707140e-05 5.55119180e-03 1.06263846e-05 2.82528085e-03],[1.1  1.24 1.1  1.1  1.1  1.1 ],[1.29 1.36 1.29 1.26 1.11 1.26]
38,3,[8.40370812e-05 5.18115820e-04 4.79597475e-02 4.58535162e-01],[1.13 1.   1.   1.   1.   1.  ],[1.23 1.19 1.19 1.13 1.13 1.  ]
38,4,[2.59157234e-02 4.15054857e-06 2.98280273e-06 2.13483627e-03],[1.03 1.03 1.03 1.27 1.1  1.1 ],[1.3  1.29 1.1  1.39 1.3  1.29]
38,5,[0.00242586 0.00030123 0.00022885 0.00112312],[1.13 1.13 1.13 1.14 1.13 1.13],[1.22 1.2  1.16 1.24 1.21 1.2 ]
38,6,[3.05061660e-05 3.42912546e-05 3.27884603e-04 4.80923136e-04],[1.2  1.19 1.19 1.19 1.19 1.19],[1.37 1.28 1.29 1.3  1.29 1.22]
38,7,[3.74645226e-04 1.97270996e-05 2.00742475e-04 9.92615660e-06],[1.19 1.19 1.19 1.19 1.23 1.19],[1.35 1.24 1.32 1.34 1.38 1.31]
38,8,[3.56586376e-02 1.41876150e-02 4.54542475e-03 1.71622716e-10],[1.02 1.02 1.02 1.03 1.03 1.05],[1.03 1.05 1.55 1.05 1.55 1.55]
38,9,[1.80187693e-05 1.42775371e-04 3.13632803e-03 5.85065910e-06],[1.19 1.12 1.23 1.12 1.19 1.12],[1.32 1.27 1.36 1.21 1.33 1.29]
20,0,[5.04798231e-03 1.59152106e-03 1.04194415e-04 7.70324686e-05],[1.1  1.1  1.1  1.11 1.11 1.18],[1.14 1.21 1.22 1.21 1.24 1.25]
20,1,[1.37199202e-04 3.62229398e-04 2.99126345e-06 1.15286733e-03],[1.16 1.17 1.16 1.16 1.16 1.16],[1.29 1.37 1.24 1.35 1.2  1.33]
20,2,[1.29520102e-05 8.55477008e-04 2.19881175e-06 3.01081383e-05],[1.17 1.24 1.24 1.17 1.17 1.24],[1.32 1.45 1.36 1.35 1.28 1.39]
20,3,[4.03173776e-04 1.78030468e-04 7.68247807e-07 2.15383267e-14],[1.19 1.19 1.19 1.19 1.19 1.33],[1.27 1.41 1.9  1.4  1.91 1.91]
20,4,[2.53513491e-03 6.12603226e-08 5.84560729e-06 2.43082982e-06],[1.13 1.13 1.13 1.29 1.29 1.29],[1.47 1.31 1.33 1.51 1.54 1.38]
20,5,[0.00064676 0.00190178 0.01525865 0.00181429],[1.09 1.06 1.09 1.06 1.09 1.06],[1.15 1.14 1.15 1.11 1.13 1.1 ]
20,6,[2.59002974e-03 1.47946821e-05 1.30479681e-03 1.15457361e-07],[1.13 1.13 1.13 1.13 1.24 1.13],[1.3  1.15 1.4  1.3  1.47 1.4 ]
20,7,[5.88471812e-05 3.64415352e-05 7.61758779e-03 3.64752437e-06],[1.21 1.09 1.21 1.09 1.21 1.09],[1.33 1.22 1.36 1.24 1.37 1.3 ]
20,8,[2.25650267e-03 5.15649638e-05 2.10418885e-04 2.04284231e-06],[1.13 1.13 1.13 1.18 1.2  1.18],[1.28 1.2  1.35 1.31 1.39 1.35]
20,9,[0.00035464 0.00434823 0.00444365 0.00048134],[1.1  1.1  1.13 1.1  1.1  1.1 ],[1.17 1.17 1.2  1.1  1.15 1.15]
36,0,[3.23581570e-02 1.30388209e-07 4.94689749e-05 9.21730761e-05],[1.02 1.02 1.02 1.21 1.21 1.21],[1.41 1.23 1.21 1.45 1.44 1.26]
36,1,[1.93845749e-05 3.37367082e-05 3.06162225e-02 1.36262302e-07],[1.23 1.03 1.23 1.03 1.23 1.03],[1.38 1.25 1.45 1.24 1.45 1.4 ]
36,2,[6.29897685e-05 7.40184599e-03 2.99578085e-04 1.74185692e-02],[1.05 1.15 1.05 1.05 1.05 1.05],[1.21 1.25 1.21 1.15 1.06 1.15]
36,3,[2.38048279e-04 7.20378934e-09 9.63848712e-05 1.31433001e-02],[1.18 1.18 1.06 1.18 1.06 1.06],[1.56 1.26 1.18 1.51 1.49 1.2 ]
36,4,[7.18388446e-05 2.22104028e-06 5.88212600e-05 4.31428793e-06],[1.25 1.25 1.25 1.25 1.28 1.25],[1.43 1.34 1.39 1.4  1.45 1.36]
36,5,[3.89978180e-03 3.60954577e-09 1.38919322e-04 1.30135415e-01],[1.08 1.08 1.   1.17 1.   1.  ],[1.51 1.18 1.08 1.52 1.51 1.18]
36,6,[9.85332873e-05 1.20043652e-04 2.85966398e-07 2.81924541e-03],[1.18 1.18 1.12 1.18 1.12 1.12],[1.29 1.44 1.23 1.42 1.21 1.38]
36,7,[6.80380202e-03 3.68859721e-05 4.09540059e-03 7.18624896e-03],[1.07 1.07 1.07 1.07 1.07 1.07],[1.21 1.07 1.07 1.21 1.21 1.07]
36,8,[4.35918866e-04 1.64603531e-06 9.80330566e-06 2.23797311e-03],[1.15 1.15 1.13 1.25 1.13 1.13],[1.4  1.3  1.18 1.44 1.35 1.28]
36,9,[9.57852672e-06 2.44001252e-03 1.67915892e-05 2.63477721e-03],[1.13 1.24 1.13 1.13 1.13 1.13],[1.31 1.36 1.3  1.25 1.14 1.25]
7,0,[3.75759917e-03 6.77872740e-06 3.73165584e-06 9.56305304e-05],[1.11 1.11 1.11 1.26 1.2  1.2 ],[1.31 1.31 1.22 1.44 1.35 1.32]
7,1,[5.07207320e-07 1.04652266e-03 7.08573280e-08 2.08879630e-03],[1.13 1.34 1.13 1.13 1.13 1.13],[1.39 1.56 1.38 1.42 1.16 1.42]
7,2,[1.70481170e-04 1.29269022e-08 2.90938385e-04 1.61894978e-04],[1.2 1.2 1.2 1.2 1.2 1.2],[1.55 1.25 1.26 1.51 1.51 1.23]
7,3,[8.85454971e-01 4.42491281e-05 1.16863594e-06 4.72534143e-08],[1.   1.   1.   1.23 1.23 1.31],[1.23 1.33 1.43 1.4  1.48 1.53]
7,4,[5.65052840e-05 7.29158553e-05 7.37408094e-05 2.71825651e-09],[1.25 1.25 1.25 1.25 1.25 1.25],[1.38 1.32 1.58 1.31 1.56 1.53]
7,5,[1.51430172e-01 1.11271197e-05 5.49352496e-06 3.27304080e-03],[1.   1.   1.   1.25 1.08 1.08],[1.26 1.27 1.08 1.35 1.26 1.27]
7,6,[2.33726490e-03 1.46060869e-04 5.45634322e-04 3.23626459e-10],[1.13 1.13 1.13 1.15 1.17 1.15],[1.24 1.17 1.55 1.25 1.56 1.55]
7,7,[6.26519184e-06 2.85691310e-04 1.31060026e-04 1.39392992e-04],[1.2 1.2 1.2 1.2 1.2 1.2],[1.4  1.36 1.37 1.26 1.26 1.26]
7,8,[6.00792521e-07 4.97706176e-04 2.43714898e-07 5.06556900e-07],[1.19 1.34 1.34 1.19 1.19 1.34],[1.42 1.58 1.54 1.42 1.4  1.5 ]
7,9,[3.47468907e-04 5.76143105e-06 2.33347930e-08 1.38107673e-05],[1.2  1.2  1.2  1.27 1.26 1.26],[1.38 1.5  1.32 1.55 1.42 1.52]
32,0,[1.66738640e-05 3.95526334e-05 8.17731894e-04 8.63976847e-06],[1.23 1.17 1.24 1.17 1.23 1.17],[1.41 1.29 1.36 1.27 1.35 1.29]
32,1,[4.19253047e-05 2.79795348e-04 2.29027223e-06 5.93244719e-04],[1.18 1.21 1.18 1.18 1.18 1.18],[1.33 1.39 1.29 1.35 1.22 1.33]
32,2,[0.00931407 0.00199851 0.05636398 0.00102784],[1.04 1.   1.04 1.   1.08 1.  ],[1.09 1.04 1.11 1.09 1.12 1.11]
32,3,[0.00171796 0.00433663 0.06095157 0.00907994],[1.06 1.   1.05 1.   1.05 1.  ],[1.1  1.09 1.09 1.06 1.06 1.05]
32,4,[1.35514411e-03 3.79591665e-05 1.82478860e-03 2.41227159e-05],[1.14 1.14 1.14 1.14 1.21 1.14],[1.28 1.16 1.25 1.26 1.31 1.25]
32,5,[2.74214986e-04 3.76587206e-09 7.42928038e-05 5.60099558e-06],[1.21 1.21 1.21 1.21 1.27 1.21],[1.6  1.29 1.35 1.56 1.64 1.34]
32,6,[5.42569353e-06 3.74128755e-05 5.07801245e-05 1.24618566e-04],[1.23 1.23 1.23 1.23 1.23 1.23],[1.45 1.4  1.37 1.33 1.32 1.28]
32,7,[2.33806813e-06 9.80620526e-03 2.71957004e-07 2.84273241e-05],[1.07 1.29 1.24 1.07 1.07 1.24],[1.34 1.52 1.4  1.38 1.24 1.41]
32,8,[1.48639602e-05 8.21818844e-07 5.29288673e-02 1.87839385e-03],[1.24 1.   1.1  1.   1.1  1.  ],[1.47 1.26 1.26 1.34 1.34 1.1 ]
32,9,[4.68973561e-03 1.76906268e-06 2.48946752e-07 2.63140205e-03],[1.1 1.1 1.1 1.3 1.1 1.1],[1.34 1.37 1.11 1.48 1.34 1.37]
28,0,[1.40254769e-04 3.00731757e-03 3.67662759e-05 6.71321931e-09],[1.12 1.19 1.19 1.12 1.12 1.21],[1.23 1.3  1.52 1.25 1.49 1.49]
28,1,[3.87774304e-05 7.43613867e-05 3.99609642e-06 2.83599391e-03],[1.21 1.21 1.12 1.21 1.12 1.12],[1.35 1.37 1.25 1.35 1.23 1.31]
28,2,[1.75250453e-07 3.21255460e-06 2.38747575e-05 5.61620463e-06],[1.28 1.28 1.28 1.28 1.28 1.28],[1.56 1.49 1.53 1.4  1.45 1.37]
28,3,[1.04612404e-05 7.35348434e-03 2.55906078e-03 5.84105387e-02],[1.05 1.07 1.   1.05 1.   1.  ],[1.27 1.27 1.27 1.08 1.05 1.08]
28,4,[0.0018093  0.00039095 0.00047116 0.00841168],[1.11 1.11 1.08 1.13 1.08 1.08],[1.19 1.16 1.11 1.19 1.17 1.15]
28,5,[2.59633434e-03 2.81887412e-06 1.70872813e-04 2.59977186e-03],[1.13 1.13 1.13 1.17 1.13 1.13],[1.33 1.19 1.13 1.34 1.33 1.19]
28,6,[2.74618621e-03 7.86872842e-05 1.20686755e-06 2.07707865e-04],[1.12 1.12 1.12 1.19 1.18 1.18],[1.27 1.36 1.2  1.38 1.28 1.36]
28,7,[1.21562993e-03 4.75791406e-05 1.91885518e-04 1.41983375e-06],[1.15 1.15 1.15 1.18 1.2  1.18],[1.29 1.21 1.34 1.31 1.4  1.34]
28,8,[6.78367059e-03 3.82508211e-05 9.76400294e-10 1.36307284e-04],[1.09 1.09 1.09 1.21 1.19 1.19],[1.25 1.53 1.21 1.57 1.3  1.53]
28,9,[1.19967496e-06 2.71064181e-04 8.96533393e-05 4.80192238e-07],[1.21 1.21 1.31 1.21 1.21 1.21],[1.43 1.44 1.54 1.27 1.4  1.4 ]
23,0,[4.16950157e-05 8.11917890e-05 2.45289092e-05 1.62602697e-05],[1.25 1.25 1.25 1.25 1.25 1.25],[1.37 1.36 1.36 1.32 1.34 1.35]
23,1,[4.81588255e-05 4.58626594e-07 3.33869274e-05 4.46497534e-04],[1.22 1.22 1.19 1.22 1.19 1.19],[1.49 1.33 1.28 1.48 1.43 1.27]
23,2,[1.23983893e-07 2.71430455e-05 3.41224121e-07 3.80367048e-04],[1.24 1.35 1.19 1.24 1.19 1.19],[1.56 1.57 1.44 1.43 1.31 1.39]
23,3,[9.78609656e-06 1.58543823e-04 4.68460901e-03 1.12497724e-04],[1.18 1.1  1.18 1.1  1.18 1.1 ],[1.35 1.28 1.32 1.2  1.24 1.2 ]
23,4,[3.49735329e-04 1.76757801e-07 2.70057934e-03 9.74972588e-05],[1.16 1.12 1.16 1.12 1.18 1.12],[1.48 1.2  1.25 1.4  1.44 1.22]
23,5,[1.30437405e-05 1.16392124e-05 4.90035277e-03 2.75609904e-03],[1.23 1.1  1.1  1.1  1.1  1.1 ],[1.4  1.26 1.26 1.26 1.26 1.1 ]
23,6,[1.05128644e-04 1.06245021e-03 1.00678360e-05 7.03843263e-03],[1.12 1.18 1.09 1.12 1.09 1.09],[1.25 1.33 1.21 1.27 1.14 1.27]
23,7,[0.00107619 0.00060265 0.00361886 0.00023827],[1.12 1.11 1.12 1.11 1.13 1.11],[1.21 1.15 1.2  1.16 1.2  1.18]
23,8,[9.69211603e-07 1.21012855e-03 4.59756165e-05 5.97656913e-06],[1.15 1.23 1.27 1.15 1.15 1.23],[1.39 1.42 1.46 1.26 1.32 1.35]
23,9,[4.54561252e-03 1.17526319e-05 5.50394724e-05 4.57447883e-07],[1.11 1.11 1.11 1.22 1.24 1.22],[1.3  1.23 1.38 1.35 1.46 1.4 ]
43,0,[8.22991340e-04 6.78869491e-07 8.88258025e-06 1.18807700e-03],[1.16 1.16 1.16 1.25 1.16 1.16],[1.41 1.3  1.19 1.49 1.38 1.29]
43,1,[6.01279247e-06 5.25208569e-07 2.26065554e-06 8.69209046e-07],[1.33 1.33 1.33 1.33 1.33 1.33],[1.59 1.46 1.52 1.52 1.53 1.46]
43,2,[3.69739245e-03 7.15384408e-02 3.42710615e-05 4.30562748e-06],[1.   1.08 1.08 1.   1.   1.21],[1.08 1.23 1.29 1.23 1.29 1.32]
43,3,[0.11478712 0.00088495 0.00234053 0.07592091],[1.   1.   1.   1.08 1.   1.  ],[1.11 1.08 1.   1.12 1.11 1.08]
43,4,[4.08072658e-05 2.00825733e-03 9.41559355e-05 1.80092249e-03],[1.14 1.18 1.14 1.14 1.14 1.14],[1.27 1.29 1.26 1.21 1.15 1.21]
43,5,[2.64120270e-02 1.67898848e-07 4.88097782e-03 5.34156366e-04],[1.03 1.03 1.03 1.07 1.13 1.07],[1.38 1.07 1.13 1.38 1.39 1.13]
43,6,[6.55506559e-04 5.12650096e-04 2.03472830e-06 2.49109486e-06],[1.18 1.18 1.18 1.18 1.18 1.29],[1.25 1.38 1.36 1.36 1.35 1.44]
43,7,[2.63852232e-03 1.73556942e-05 6.41365414e-06 8.42990339e-06],[1.12 1.12 1.12 1.25 1.25 1.25],[1.3  1.3  1.29 1.41 1.38 1.36]
43,8,[2.17047956e-02 1.09737344e-05 7.77550087e-08 1.38027916e-05],[1.04 1.04 1.04 1.25 1.25 1.25],[1.28 1.41 1.27 1.52 1.38 1.43]
43,9,[2.82388221e-03 6.21958232e-02 2.79587422e-05 6.17481462e-03],[1.   1.07 1.06 1.   1.   1.06],[1.08 1.22 1.08 1.22 1.06 1.22]
30,0,[8.16472793e-03 5.06832685e-06 4.04873728e-04 1.21488660e-03],[1.08 1.08 1.08 1.14 1.12 1.12],[1.31 1.16 1.13 1.31 1.31 1.16]
30,1,[1.46142540e-04 3.50054349e-03 7.30868593e-06 1.04618373e-04],[1.11 1.18 1.18 1.11 1.11 1.18],[1.22 1.35 1.28 1.29 1.22 1.31]
30,2,[2.41890533e-06 3.04565140e-03 1.66184203e-05 4.41577519e-02],[1.09 1.24 1.01 1.09 1.01 1.01],[1.33 1.37 1.32 1.25 1.09 1.25]
30,3,[3.52605427e-05 4.34443330e-04 1.36535955e-02 4.26290776e-06],[1.16 1.06 1.21 1.06 1.16 1.06],[1.29 1.24 1.36 1.16 1.32 1.3 ]
30,4,[3.27954654e-07 2.39701131e-04 3.33910214e-03 3.64933040e-04],[1.15 1.12 1.15 1.12 1.15 1.12],[1.45 1.39 1.4  1.2  1.23 1.17]
30,5,[3.49687909e-04 1.03556543e-03 5.00652789e-06 2.27495163e-05],[1.16 1.16 1.16 1.16 1.16 1.23],[1.23 1.33 1.31 1.32 1.29 1.37]
30,6,[1.06177481e-05 5.34694496e-07 3.26711416e-07 7.79043885e-03],[1.27 1.27 1.08 1.34 1.08 1.08],[1.5  1.45 1.27 1.51 1.37 1.38]
30,7,[2.13038095e-05 2.74327972e-06 3.73672674e-04 1.78787293e-04],[1.23 1.2  1.2  1.2  1.2  1.2 ],[1.48 1.3  1.32 1.36 1.36 1.23]
30,8,[2.58212873e-09 7.12052780e-03 2.40645057e-03 2.06355200e-09],[1.09 1.09 1.48 1.09 1.09 1.09],[1.52 1.52 1.77 1.11 1.5  1.5 ]
30,9,[6.77385373e-06 4.60407758e-05 6.33709542e-05 1.77516442e-07],[1.25 1.25 1.27 1.25 1.25 1.25],[1.42 1.4  1.54 1.33 1.47 1.44]
4,0,[4.32449103e-07 7.88971607e-04 2.35320592e-07 3.38849667e-05],[1.17 1.35 1.23 1.17 1.17 1.23],[1.44 1.59 1.5  1.43 1.28 1.43]
4,1,[6.67376950e-04 3.29893441e-05 5.94242822e-05 3.72813624e-03],[1.14 1.14 1.11 1.2  1.11 1.11],[1.27 1.24 1.16 1.3  1.25 1.23]
4,2,[5.76481805e-05 1.40159868e-04 1.04073169e-06 7.47209418e-07],[1.23 1.23 1.23 1.23 1.23 1.32],[1.34 1.41 1.44 1.42 1.43 1.47]
4,3,[2.68840064e-06 2.42060355e-05 2.35628036e-05 8.31812914e-05],[1.25 1.25 1.25 1.25 1.25 1.25],[1.48 1.44 1.4  1.38 1.32 1.31]
4,4,[9.12427687e-05 1.80433524e-05 1.26075389e-03 6.48594147e-06],[1.2  1.15 1.2  1.15 1.24 1.15],[1.35 1.24 1.36 1.28 1.37 1.3 ]
4,5,[3.17031179e-09 5.80887911e-02 1.96823379e-05 1.65624073e-04],[1.   1.23 1.19 1.   1.   1.19],[1.51 1.58 1.53 1.25 1.19 1.27]
4,6,[2.42890168e-07 1.12230568e-05 8.83178858e-06 6.40104123e-04],[1.26 1.26 1.18 1.26 1.18 1.18],[1.54 1.48 1.42 1.39 1.31 1.29]
4,7,[1.10349955e-05 1.90026184e-05 3.82566561e-04 4.45923805e-06],[1.25 1.2  1.25 1.2  1.25 1.2 ],[1.47 1.31 1.41 1.32 1.4  1.33]
4,8,[3.63349319e-04 1.79382152e-03 2.43121684e-05 1.89076855e-04],[1.14 1.16 1.16 1.14 1.14 1.16],[1.22 1.29 1.24 1.28 1.21 1.28]
4,9,[7.49688621e-04 1.22406977e-04 3.91247534e-05 8.32622880e-05],[1.17 1.17 1.17 1.19 1.19 1.19],[1.28 1.27 1.25 1.3  1.29 1.29]
1,0,[0.00178833 0.00013716 0.00206446 0.00139994],[1.13 1.13 1.13 1.13 1.13 1.13],[1.22 1.15 1.15 1.21 1.21 1.14]
1,1,[2.60983616e-06 9.71993172e-05 1.12509589e-06 1.94321666e-04],[1.22 1.29 1.22 1.22 1.22 1.22],[1.47 1.5  1.39 1.39 1.27 1.38]
1,2,[6.11032172e-05 6.69045686e-09 3.76575351e-05 8.24220918e-06],[1.26 1.26 1.26 1.26 1.26 1.26],[1.61 1.32 1.38 1.55 1.59 1.37]
1,3,[3.45638924e-04 1.47884418e-05 1.22010690e-03 3.17238763e-03],[1.14 1.12 1.12 1.12 1.12 1.12],[1.32 1.18 1.18 1.27 1.27 1.14]
1,4,[1.03672921e-04 2.33015902e-04 9.88409524e-07 2.04175881e-08],[1.21 1.21 1.21 1.21 1.21 1.31],[1.31 1.41 1.51 1.41 1.49 1.54]
1,5,[6.82167517e-04 2.36737837e-06 4.61852778e-13 1.66701094e-05],[1.17 1.17 1.17 1.3  1.26 1.26],[1.38 1.78 1.3  1.89 1.45 1.78]
1,6,[0.00036732 0.01312329 0.00636291 0.00062176],[1.06 1.06 1.12 1.06 1.06 1.06],[1.15 1.15 1.17 1.07 1.12 1.12]
1,7,[1.77674544e-05 8.86381335e-05 2.79342694e-04 7.18551311e-05],[1.21 1.21 1.21 1.21 1.21 1.21],[1.4  1.31 1.33 1.28 1.3  1.27]
1,8,[1.18433788e-05 9.36722070e-05 1.59701263e-06 1.47621769e-04],[1.23 1.25 1.23 1.23 1.23 1.23],[1.41 1.46 1.35 1.39 1.3  1.36]
1,9,[0.00044209 0.00471603 0.00109513 0.00048998],[1.1  1.12 1.12 1.1  1.1  1.12],[1.19 1.19 1.2  1.14 1.16 1.16]
48,0,[2.44332766e-04 1.98923370e-03 2.45840787e-04 1.41300261e-06],[1.14 1.15 1.15 1.14 1.14 1.15],[1.23 1.26 1.37 1.21 1.34 1.34]
48,1,[6.09751291e-03 2.32773755e-07 1.07020065e-03 4.75507732e-05],[1.09 1.09 1.09 1.12 1.21 1.12],[1.39 1.14 1.22 1.39 1.42 1.22]
48,2,[7.07020939e-03 8.39133308e-06 5.76094444e-06 1.11140823e-03],[1.09 1.09 1.09 1.25 1.12 1.12],[1.29 1.28 1.13 1.39 1.29 1.28]
48,3,[9.83513688e-03 6.56712984e-03 7.67245729e-07 7.76925817e-08],[1.07 1.07 1.07 1.07 1.07 1.33],[1.08 1.34 1.41 1.34 1.41 1.5 ]
48,4,[2.10088332e-02 8.34062049e-06 2.60570780e-05 1.33057120e-01],[1.01 1.01 1.   1.23 1.   1.  ],[1.26 1.23 1.01 1.34 1.26 1.23]
48,5,[1.83995489e-04 2.17842607e-05 1.12824940e-05 3.43101249e-03],[1.18 1.18 1.11 1.23 1.11 1.11],[1.34 1.31 1.2  1.36 1.27 1.27]
48,6,[3.71305485e-04 8.75847831e-03 9.17177445e-12 2.36796929e-04],[1.08 1.15 1.15 1.08 1.08 1.15],[1.18 1.64 1.22 1.64 1.18 1.64]
48,7,[4.41294952e-05 4.21769875e-02 1.53483473e-04 1.00262455e-02],[1.01 1.17 1.04 1.01 1.01 1.04],[1.21 1.26 1.21 1.17 1.04 1.17]
48,8,[1.62455016e-03 1.07471823e-04 1.23908272e-06 7.79770412e-07],[1.14 1.14 1.14 1.2  1.2  1.31],[1.26 1.36 1.37 1.39 1.4  1.47]
48,9,[4.53263700e-03 4.94746020e-06 1.06298948e-03 9.32640581e-05],[1.11 1.11 1.11 1.12 1.18 1.12],[1.33 1.14 1.22 1.33 1.35 1.22]
55,0,[6.60614606e-03 7.85192579e-07 5.63126433e-05 2.22694831e-04],[1.09 1.09 1.09 1.2  1.18 1.18],[1.37 1.22 1.18 1.42 1.39 1.25]
55,1,[8.74232983e-03 3.96127433e-06 3.90909044e-04 2.68506170e-02],[1.05 1.05 1.03 1.14 1.03 1.03],[1.29 1.14 1.05 1.3  1.29 1.14]
55,2,[4.67590106e-03 3.70212382e-05 2.01971119e-03 3.78989056e-06],[1.1  1.1  1.1  1.1  1.21 1.1 ],[1.26 1.12 1.29 1.26 1.36 1.29]
55,3,[4.12700970e-05 8.29422347e-05 3.09698931e-04 3.12079562e-05],[1.21 1.2  1.21 1.2  1.21 1.2 ],[1.35 1.3  1.34 1.27 1.33 1.27]
55,4,[7.57833329e-05 2.17465621e-02 8.54014350e-03 2.11679469e-05],[1.04 1.05 1.19 1.04 1.04 1.05],[1.19 1.19 1.31 1.05 1.23 1.23]
55,5,[4.73522231e-03 7.98666007e-06 5.53931826e-04 1.91830508e-07],[1.1  1.1  1.1  1.15 1.26 1.15],[1.32 1.17 1.39 1.32 1.47 1.39]
55,6,[1.08529302e-05 2.04795581e-04 1.62671583e-03 8.03458630e-03],[1.16 1.11 1.08 1.11 1.08 1.08],[1.33 1.28 1.28 1.19 1.19 1.11]
55,7,[9.89241425e-05 1.07247822e-04 3.37270130e-04 6.55669016e-04],[1.18 1.18 1.18 1.18 1.18 1.18],[1.32 1.26 1.25 1.28 1.27 1.2 ]
55,8,[5.13286756e-04 4.00146579e-07 3.74117762e-04 3.34246728e-03],[1.14 1.14 1.12 1.14 1.12 1.12],[1.42 1.2  1.18 1.38 1.38 1.17]
55,9,[9.17880816e-09 3.26745024e-02 5.04245367e-04 1.27743437e-05],[1.02 1.15 1.25 1.02 1.02 1.15],[1.48 1.48 1.54 1.15 1.26 1.26]
51,0,[2.86949337e-02 7.70124837e-03 1.09739336e-05 2.22217342e-04],[1.03 1.03 1.03 1.05 1.05 1.16],[1.05 1.25 1.16 1.25 1.16 1.26]
51,1,[1.12388744e-05 1.09027779e-03 1.10453590e-03 1.82569806e-04],[1.16 1.16 1.16 1.16 1.16 1.16],[1.34 1.3  1.31 1.18 1.22 1.2 ]
51,2,[8.16807625e-06 1.00477100e-03 2.45714201e-04 5.44510772e-04],[1.16 1.16 1.16 1.16 1.16 1.16],[1.35 1.33 1.33 1.22 1.2  1.21]
51,3,[6.29903526e-04 3.56470127e-08 8.88691290e-06 3.40723706e-05],[1.17 1.17 1.17 1.25 1.24 1.24],[1.51 1.31 1.29 1.56 1.53 1.33]
51,4,[1.58798374e-03 5.97442917e-05 2.42613126e-07 4.87159368e-07],[1.14 1.14 1.14 1.22 1.22 1.35],[1.29 1.42 1.39 1.46 1.43 1.54]
51,5,[1.10471092e-06 3.24834492e-04 1.18618019e-06 6.03352336e-02],[1.16 1.3  1.   1.16 1.   1.  ],[1.38 1.5  1.34 1.37 1.16 1.34]
51,6,[2.69757737e-05 2.62667340e-03 1.06662386e-01 1.01780923e-02],[1.07 1.   1.04 1.   1.04 1.  ],[1.24 1.22 1.22 1.08 1.08 1.04]
51,7,[3.15509247e-03 1.29030403e-06 5.20893970e-06 6.16865374e-07],[1.12 1.12 1.12 1.29 1.32 1.29],[1.38 1.31 1.37 1.46 1.53 1.41]
51,8,[1.88983273e-09 7.29740904e-03 4.16970729e-05 3.17672025e-03],[1.09 1.21 1.09 1.09 1.09 1.09],[1.53 1.55 1.53 1.21 1.1  1.21]
51,9,[9.06134624e-05 4.03963179e-04 1.36429066e-05 4.90265356e-05],[1.19 1.2  1.2  1.19 1.19 1.2 ],[1.31 1.36 1.32 1.31 1.28 1.33]
54,0,[3.47577788e-03 1.06447576e-02 2.41248817e-02 6.79572023e-05],[1.04 1.04 1.06 1.04 1.04 1.04],[1.07 1.07 1.19 1.04 1.19 1.19]
54,1,[8.74692894e-06 3.01251695e-05 3.88831882e-08 7.48956706e-05],[1.25 1.26 1.25 1.25 1.25 1.25],[1.43 1.57 1.36 1.51 1.34 1.47]
54,2,[1.26078174e-03 1.44908452e-03 3.07714295e-06 1.04712107e-05],[1.15 1.15 1.15 1.15 1.15 1.25],[1.19 1.34 1.32 1.34 1.3  1.38]
54,3,[1.29686568e-04 1.18161419e-04 2.66783970e-01 1.34806494e-04],[1.16 1.   1.16 1.   1.16 1.  ],[1.29 1.19 1.27 1.19 1.25 1.19]
54,4,[3.08268371e-03 8.58473692e-09 4.55992279e-05 2.55595860e-02],[1.09 1.09 1.03 1.21 1.03 1.03],[1.48 1.22 1.09 1.51 1.47 1.22]
54,5,[0.00032121 0.01670517 0.00475494 0.04572564],[1.02 1.05 1.01 1.02 1.01 1.01],[1.14 1.14 1.14 1.05 1.02 1.05]
54,6,[6.48733546e-06 7.87313231e-04 1.95903861e-03 3.80571324e-04],[1.14 1.14 1.14 1.14 1.14 1.14],[1.34 1.31 1.32 1.17 1.2  1.18]
54,7,[1.97036899e-05 7.23487341e-03 1.15144784e-07 1.01121136e-08],[1.09 1.25 1.25 1.09 1.09 1.38],[1.28 1.47 1.54 1.42 1.48 1.61]
54,8,[5.13279430e-05 6.63558672e-05 4.81195075e-05 1.90821658e-06],[1.25 1.25 1.25 1.25 1.25 1.25],[1.36 1.32 1.41 1.32 1.41 1.37]
54,9,[2.02170271e-07 2.36998721e-05 3.26618780e-03 3.18975335e-01],[1.23 1.08 1.   1.08 1.   1.  ],[1.5  1.37 1.37 1.24 1.24 1.08]
49,0,[5.62347174e-05 9.74273694e-04 1.13122304e-03 1.90556647e-04],[1.15 1.15 1.16 1.15 1.15 1.15],[1.29 1.25 1.27 1.19 1.22 1.21]
49,1,[1.11751932e-04 5.98405939e-07 8.05141738e-03 6.50656461e-04],[1.18 1.08 1.14 1.08 1.14 1.08],[1.44 1.2  1.22 1.36 1.36 1.14]
49,2,[5.46956341e-03 5.96521857e-07 1.48846521e-06 2.09623842e-04],[1.1  1.1  1.1  1.31 1.18 1.18],[1.39 1.33 1.19 1.5  1.41 1.33]
49,3,[5.03515277e-05 5.43365219e-05 5.88667044e-03 3.33808764e-03],[1.19 1.1  1.1  1.1  1.1  1.09],[1.33 1.22 1.22 1.22 1.22 1.09]
49,4,[5.81181526e-02 1.68362787e-07 1.58527391e-03 1.29340488e-03],[1.  1.  1.  1.1 1.1 1.1],[1.38 1.11 1.12 1.38 1.38 1.12]
49,5,[2.84068158e-02 9.16524140e-05 2.38675257e-09 1.39642897e-09],[1.03 1.03 1.03 1.21 1.21 1.48],[1.21 1.52 1.53 1.54 1.54 1.75]
49,6,[1.73065831e-04 1.38829393e-06 1.00049457e-03 4.90041887e-03],[1.16 1.13 1.1  1.13 1.1  1.1 ],[1.42 1.21 1.2  1.33 1.33 1.14]
49,7,[2.27606103e-03 1.52731520e-04 1.81739570e-02 7.16718742e-05],[1.1  1.05 1.1  1.05 1.17 1.05],[1.21 1.1  1.21 1.19 1.26 1.21]
49,8,[9.32091410e-04 2.71120350e-07 9.19066701e-08 1.85942985e-03],[1.14 1.14 1.14 1.36 1.14 1.14],[1.42 1.4  1.16 1.59 1.41 1.4 ]
49,9,[5.02062040e-07 1.83197798e-05 1.83330893e-02 3.45293837e-04],[1.24 1.05 1.16 1.05 1.16 1.05],[1.49 1.36 1.38 1.26 1.28 1.16]
53,0,[3.74252976e-02 3.43638133e-04 3.91863016e-02 4.52491264e-05],[1.   1.   1.   1.   1.14 1.  ],[1.14 1.   1.21 1.14 1.25 1.21]
53,1,[1.01174705e-03 5.05858517e-05 1.14894271e-03 1.80081982e-02],[1.11 1.11 1.05 1.11 1.05 1.05],[1.25 1.15 1.13 1.23 1.23 1.12]
53,2,[7.53471990e-05 5.06471071e-07 7.84867597e-04 1.65246609e-05],[1.21 1.17 1.21 1.17 1.24 1.17],[1.46 1.25 1.32 1.39 1.45 1.28]
53,3,[7.14931447e-03 6.39095933e-06 1.01908873e-02 3.02989417e-06],[1.07 1.07 1.07 1.07 1.27 1.07],[1.29 1.07 1.3  1.29 1.39 1.3 ]
53,4,[3.15114996e-05 2.99869499e-05 3.09814236e-03 1.56257912e-06],[1.22 1.12 1.22 1.12 1.22 1.12],[1.37 1.25 1.41 1.26 1.39 1.33]
53,5,[5.54172183e-05 2.52834373e-05 3.95036454e-04 3.52774665e-07],[1.22 1.19 1.22 1.19 1.22 1.19],[1.41 1.29 1.43 1.31 1.45 1.39]
53,6,[4.38025618e-07 8.73392176e-06 5.74583954e-04 9.73647800e-08],[1.28 1.18 1.34 1.18 1.28 1.18],[1.51 1.4  1.53 1.33 1.52 1.42]
53,7,[1.12764979e-06 3.97237381e-05 1.90820840e-05 2.25808813e-04],[1.23 1.24 1.21 1.23 1.21 1.21],[1.48 1.44 1.39 1.34 1.31 1.29]
53,8,[6.70028785e-07 1.14472701e-03 2.87242421e-04 4.22576092e-08],[1.15 1.17 1.33 1.15 1.15 1.17],[1.42 1.41 1.59 1.22 1.43 1.43]
53,9,[0.00130144 0.04419862 0.00026971 0.00124898],[1.01 1.1  1.1  1.01 1.01 1.1 ],[1.12 1.17 1.14 1.16 1.12 1.16]
27,0,[4.21365033e-05 6.98375188e-07 1.29820408e-06 2.19973960e-07],[1.27 1.27 1.27 1.33 1.33 1.33],[1.52 1.45 1.46 1.51 1.59 1.51]
27,1,[4.30583066e-05 5.99466348e-03 4.34710812e-02 4.32494657e-03],[1.06 1.01 1.06 1.01 1.06 1.01],[1.22 1.22 1.22 1.06 1.07 1.07]
27,2,[8.92561800e-04 6.11829373e-04 2.05833675e-06 8.26785347e-04],[1.16 1.16 1.16 1.16 1.16 1.16],[1.22 1.34 1.19 1.33 1.2  1.33]
27,3,[0.00025423 0.00275085 0.00116665 0.03926696],[1.09 1.1  1.02 1.09 1.02 1.02],[1.19 1.19 1.17 1.13 1.09 1.12]
27,4,[6.25758934e-04 1.24528537e-07 3.74422781e-05 7.11994806e-05],[1.18 1.18 1.18 1.21 1.21 1.21],[1.48 1.28 1.26 1.48 1.49 1.3 ]
27,5,[4.97036666e-06 8.10406591e-05 1.42637565e-03 2.99380063e-06],[1.21 1.15 1.28 1.15 1.21 1.15],[1.43 1.32 1.43 1.23 1.37 1.33]
27,6,[0.00133519 0.06449462 0.00014421 0.02784467],[1.  1.1 1.  1.  1.  1. ],[1.1  1.18 1.1  1.17 1.   1.17]
27,7,[2.01995550e-03 2.07715725e-07 1.64032205e-07 3.39344807e-06],[1.13 1.13 1.13 1.36 1.31 1.31],[1.46 1.41 1.33 1.58 1.52 1.48]
27,8,[1.24208079e-04 9.97338269e-04 2.84499925e-05 9.69589225e-04],[1.16 1.18 1.16 1.16 1.16 1.16],[1.27 1.3  1.24 1.27 1.19 1.26]
27,9,[3.86677256e-05 1.91166647e-04 8.59234883e-05 1.23214198e-01],[1.18 1.19 1.   1.18 1.   1.  ],[1.31 1.3  1.23 1.25 1.18 1.21]
56,0,[1.37981777e-02 8.25378432e-10 2.33314661e-08 4.56701683e-05],[1.06 1.06 1.06 1.43 1.23 1.23],[1.57 1.45 1.23 1.76 1.58 1.45]
56,1,[2.42404290e-05 1.30619542e-01 2.79177841e-08 2.24091049e-04],[1.   1.22 1.18 1.   1.   1.18],[1.24 1.5  1.28 1.44 1.18 1.44]
56,2,[4.11212950e-05 7.06992440e-02 5.11666813e-08 3.50210181e-04],[1.   1.21 1.16 1.   1.   1.16],[1.23 1.46 1.27 1.41 1.16 1.41]
56,3,[3.09897619e-02 3.13630655e-05 2.48493851e-04 1.52721983e-04],[1.03 1.03 1.03 1.17 1.17 1.17],[1.24 1.17 1.19 1.29 1.28 1.22]
56,4,[3.53999982e-04 2.13935960e-08 1.16494677e-03 3.29964835e-05],[1.16 1.15 1.16 1.15 1.21 1.15],[1.51 1.2  1.27 1.48 1.53 1.25]
56,5,[1.69987712e-02 1.26745656e-02 2.00553814e-04 2.94562594e-05],[1.04 1.04 1.04 1.04 1.04 1.16],[1.04 1.16 1.22 1.16 1.22 1.23]
56,6,[2.09038116e-06 1.30173482e-02 1.12615237e-04 4.76960264e-03],[1.06 1.18 1.07 1.06 1.06 1.07],[1.32 1.34 1.32 1.18 1.07 1.18]
56,7,[1.26929374e-04 9.24331964e-03 1.45757463e-05 1.03194789e-05],[1.08 1.19 1.19 1.08 1.08 1.24],[1.21 1.31 1.33 1.27 1.28 1.34]
56,8,[1.84217551e-04 4.29412161e-06 5.76825279e-07 7.85152729e-05],[1.22 1.22 1.22 1.28 1.22 1.22],[1.43 1.41 1.28 1.47 1.38 1.4 ]
56,9,[2.92096118e-06 1.91585572e-04 1.03710265e-03 4.66796257e-04],[1.16 1.16 1.16 1.16 1.16 1.16],[1.41 1.35 1.36 1.23 1.24 1.19]
50,0,[2.50105703e-04 1.04807356e-05 6.56177906e-02 3.49319779e-03],[1.15 1.   1.08 1.   1.08 1.  ],[1.31 1.16 1.16 1.26 1.26 1.08]
50,1,[7.56456239e-05 3.86592889e-03 1.11841196e-07 4.19081272e-04],[1.11 1.19 1.15 1.11 1.11 1.15],[1.26 1.45 1.27 1.39 1.17 1.39]
50,2,[4.80825029e-04 1.16205855e-02 7.95048952e-04 1.11682475e-06],[1.07 1.13 1.13 1.07 1.07 1.13],[1.17 1.19 1.33 1.14 1.32 1.32]
50,3,[2.58719166e-08 5.92312247e-05 1.51915552e-03 2.24746048e-07],[1.22 1.15 1.37 1.15 1.22 1.15],[1.55 1.46 1.59 1.25 1.45 1.4 ]
50,4,[3.02327398e-04 7.02555622e-04 7.71740323e-04 1.35174136e-08],[1.17 1.17 1.17 1.17 1.17 1.17],[1.25 1.23 1.47 1.21 1.45 1.45]
50,5,[0.01045025 0.00024726 0.06479492 0.00070003],[1.04 1.   1.04 1.   1.12 1.  ],[1.16 1.04 1.12 1.16 1.18 1.12]
50,6,[5.54095392e-04 3.81305287e-06 1.56664819e-05 1.96401165e-05],[1.18 1.18 1.18 1.24 1.24 1.24],[1.38 1.29 1.3  1.45 1.43 1.35]
50,7,[1.48841784e-06 1.45060287e-03 6.48412762e-04 7.52756069e-07],[1.15 1.15 1.31 1.15 1.15 1.15],[1.4  1.38 1.48 1.19 1.35 1.35]
50,8,[1.52773834e-08 1.83430496e-05 7.79749567e-06 6.45450826e-09],[1.29 1.29 1.45 1.29 1.29 1.29],[1.65 1.57 1.7  1.41 1.59 1.56]
50,9,[2.20128040e-08 1.01505175e-07 2.47171081e-04 1.22424995e-06],[1.39 1.21 1.34 1.21 1.34 1.21],[1.7  1.5  1.62 1.45 1.53 1.36]
52,0,[8.34728233e-05 2.75714422e-02 2.97890811e-02 1.87606797e-03],[1.   1.   1.09 1.   1.   1.  ],[1.19 1.19 1.19 1.   1.09 1.09]
52,1,[2.40506412e-03 3.98367716e-03 2.28232400e-06 8.23347656e-06],[1.11 1.11 1.11 1.11 1.11 1.26],[1.13 1.32 1.28 1.32 1.28 1.36]
52,2,[0.00548531 0.00057513 0.00022132 0.00044268],[1.1  1.1  1.1  1.13 1.13 1.13],[1.18 1.19 1.16 1.22 1.2  1.2 ]
52,3,[2.28613700e-01 1.64104431e-04 4.04233644e-04 1.71233415e-01],[1.   1.   1.   1.14 1.   1.  ],[1.17 1.14 1.   1.21 1.17 1.14]
52,4,[5.68623874e-07 6.95021030e-03 5.54776840e-05 3.43159264e-03],[1.09 1.2  1.09 1.09 1.09 1.09],[1.36 1.41 1.36 1.2  1.1  1.2 ]
52,5,[1.38593964e-02 1.13777060e-04 5.06627881e-07 4.06578241e-04],[1.06 1.06 1.06 1.18 1.16 1.16],[1.21 1.36 1.16 1.38 1.23 1.36]
52,6,[1.25084029e-04 5.59412450e-09 2.48570620e-03 5.70474905e-05],[1.19 1.13 1.19 1.13 1.2  1.13],[1.57 1.22 1.28 1.52 1.54 1.23]
52,7,[0.00397574 0.00011481 0.00105853 0.00071274],[1.11 1.11 1.11 1.12 1.12 1.12],[1.22 1.14 1.16 1.22 1.22 1.17]
52,8,[1.24164064e-06 4.50957212e-04 8.21484669e-06 2.07382346e-07],[1.19 1.28 1.31 1.19 1.19 1.28],[1.42 1.45 1.57 1.34 1.44 1.47]
52,9,[2.27927416e-05 1.57549479e-05 2.40214443e-04 9.09822116e-07],[1.24 1.21 1.24 1.21 1.24 1.21],[1.44 1.31 1.42 1.34 1.44 1.37]
57,0,[2.04894789e-05 1.98326591e-06 4.15033752e-02 2.56332631e-05],[1.23 1.01 1.23 1.01 1.23 1.01],[1.43 1.25 1.34 1.32 1.38 1.24]
57,1,[3.60504529e-06 1.99026620e-04 2.72333176e-03 1.90838493e-04],[1.16 1.13 1.16 1.13 1.16 1.13],[1.38 1.32 1.34 1.2  1.24 1.19]
57,2,[2.05073147e-04 1.93916582e-05 1.25446236e-04 2.03612528e-06],[1.22 1.22 1.22 1.22 1.23 1.22],[1.35 1.27 1.38 1.34 1.41 1.35]
57,3,[4.88893231e-05 4.65860485e-02 9.23494706e-04 1.38307091e-04],[1.01 1.13 1.17 1.01 1.01 1.13],[1.22 1.24 1.27 1.13 1.19 1.19]
57,4,[1.28459978e-08 1.07635419e-02 2.09870163e-08 1.39506634e-06],[1.07 1.43 1.34 1.07 1.07 1.34],[1.49 1.7  1.59 1.47 1.34 1.52]
57,5,[1.56514422e-05 5.55249966e-02 4.77736516e-04 5.72615289e-10],[1.   1.15 1.24 1.   1.   1.15],[1.26 1.28 1.59 1.15 1.53 1.53]
57,6,[8.43341123e-03 5.96278791e-06 3.47066105e-03 5.81005521e-05],[1.08 1.08 1.08 1.08 1.2  1.08],[1.3  1.09 1.21 1.3  1.34 1.21]
57,7,[1.70609853e-04 1.58893851e-05 3.20777769e-05 2.53499604e-07],[1.22 1.22 1.22 1.24 1.24 1.24],[1.39 1.32 1.44 1.35 1.47 1.43]
57,8,[5.09644986e-05 4.63251035e-08 1.95940599e-02 3.96617903e-02],[1.2  1.02 1.02 1.02 1.02 1.02],[1.53 1.2  1.2  1.41 1.41 1.02]
57,9,[5.92508328e-06 1.12630466e-02 6.13928452e-02 4.75227675e-05],[1.04 1.   1.21 1.   1.04 1.  ],[1.28 1.28 1.36 1.04 1.21 1.21]
34,0,[3.20006145e-02 8.28328579e-04 5.55084071e-07 3.68026595e-05],[1.03 1.03 1.03 1.13 1.13 1.21],[1.13 1.36 1.24 1.36 1.25 1.39]
34,1,[9.64133614e-05 4.84089456e-04 4.71690119e-07 1.20400980e-07],[1.19 1.2  1.2  1.19 1.19 1.34],[1.31 1.45 1.48 1.41 1.44 1.51]
34,2,[0.01377225 0.00024382 0.01066776 0.00013767],[1.05 1.05 1.05 1.05 1.15 1.05],[1.16 1.05 1.17 1.16 1.22 1.17]
34,3,[1.60538173e-05 8.45512680e-08 7.63566201e-06 1.03514433e-06],[1.3  1.3  1.3  1.3  1.32 1.3 ],[1.58 1.39 1.44 1.54 1.58 1.44]
34,4,[2.43257075e-04 9.33933597e-10 2.34501507e-09 3.52876947e-05],[1.21 1.21 1.21 1.49 1.23 1.23],[1.67 1.59 1.3  1.81 1.67 1.57]
34,5,[1.25158599e-07 1.53466233e-04 9.83528546e-05 9.32790782e-06],[1.22 1.22 1.26 1.22 1.22 1.22],[1.5  1.46 1.5  1.29 1.36 1.33]
34,6,[5.43791620e-05 4.95721671e-02 6.63637174e-04 2.12534300e-03],[1.01 1.12 1.1  1.01 1.01 1.1 ],[1.21 1.21 1.21 1.13 1.1  1.13]
34,7,[2.30329775e-03 6.38048185e-05 6.66910148e-04 1.78080519e-03],[1.13 1.13 1.13 1.13 1.13 1.13],[1.25 1.16 1.14 1.26 1.25 1.16]
34,8,[8.18062394e-03 1.33654780e-06 5.69138358e-04 4.80960921e-05],[1.08 1.08 1.08 1.14 1.21 1.14],[1.36 1.15 1.23 1.36 1.4  1.23]
34,9,[4.77668590e-06 1.89794915e-02 4.06724219e-05 2.58755596e-04],[1.05 1.21 1.17 1.05 1.05 1.17],[1.3  1.37 1.32 1.23 1.17 1.24]
47,0,[8.71534201e-04 1.97959427e-05 1.65587493e-03 3.50510384e-05],[1.14 1.14 1.14 1.14 1.22 1.14],[1.31 1.16 1.25 1.28 1.33 1.25]
47,1,[3.57345041e-05 2.62824923e-04 9.44379916e-08 4.07840333e-06],[1.21 1.24 1.24 1.21 1.21 1.28],[1.33 1.5  1.39 1.48 1.35 1.49]
47,2,[2.78193903e-04 1.92386839e-07 2.48912374e-01 1.80954661e-01],[1.15 1.   1.   1.   1.   1.  ],[1.42 1.15 1.15 1.36 1.36 1.  ]
47,3,[5.90205271e-06 2.73900858e-03 5.36841789e-03 1.10027525e-03],[1.1 1.1 1.1 1.1 1.1 1.1],[1.3  1.3  1.3  1.11 1.13 1.13]
47,4,[1.71169646e-05 2.64851895e-02 6.63752469e-07 2.79466836e-05],[1.03 1.24 1.24 1.03 1.03 1.24],[1.26 1.42 1.35 1.36 1.24 1.39]
47,5,[2.29042701e-07 3.17539551e-04 1.26605981e-04 3.10194614e-06],[1.2  1.2  1.29 1.2  1.2  1.2 ],[1.47 1.46 1.52 1.27 1.35 1.35]
47,6,[4.46907769e-04 1.60527301e-05 5.50785443e-07 2.42192373e-08],[1.19 1.19 1.19 1.26 1.26 1.34],[1.33 1.42 1.49 1.47 1.53 1.57]
47,7,[4.15799707e-04 6.94377447e-08 7.31084120e-03 4.11291151e-04],[1.14 1.09 1.14 1.09 1.14 1.09],[1.46 1.16 1.21 1.42 1.43 1.16]
47,8,[2.51274606e-02 4.61602821e-04 1.24062591e-05 1.12871200e-04],[1.04 1.04 1.04 1.15 1.15 1.18],[1.15 1.27 1.2  1.27 1.24 1.29]
47,9,[1.10265043e-05 7.89328158e-04 1.32091356e-05 1.51761328e-06],[1.17 1.25 1.25 1.17 1.17 1.25],[1.35 1.39 1.45 1.31 1.36 1.39]
45,0,[3.56004123e-05 2.05611288e-04 8.38182042e-07 6.41380827e-03],[1.18 1.22 1.09 1.18 1.09 1.09],[1.32 1.4  1.24 1.38 1.19 1.35]
45,1,[3.02546471e-04 4.74367240e-05 1.56122153e-05 1.44822883e-02],[1.16 1.16 1.06 1.2  1.06 1.06],[1.31 1.28 1.16 1.33 1.23 1.26]
45,2,[7.53426859e-05 5.49250287e-05 1.20748862e-02 9.32385682e-06],[1.2  1.07 1.2  1.07 1.2  1.07],[1.32 1.21 1.33 1.22 1.35 1.28]
45,3,[0.00294561 0.00201731 0.00155129 0.00457849],[1.1 1.1 1.1 1.1 1.1 1.1],[1.13 1.12 1.11 1.13 1.13 1.12]
45,4,[4.13203549e-03 9.03040756e-05 1.33970020e-04 6.67336919e-09],[1.11 1.11 1.11 1.18 1.18 1.18],[1.24 1.21 1.5  1.28 1.51 1.5 ]
45,5,[9.65630467e-05 8.84077337e-06 3.54605883e-03 1.13071476e-03],[1.18 1.12 1.12 1.12 1.12 1.12],[1.35 1.22 1.22 1.29 1.29 1.13]
45,6,[1.46559201e-05 1.09932562e-01 2.12193570e-05 2.29492296e-03],[1.   1.23 1.1  1.   1.   1.1 ],[1.26 1.33 1.26 1.24 1.1  1.24]
45,7,[7.16100708e-03 6.40766889e-05 2.02599634e-02 9.55168823e-05],[1.05 1.05 1.05 1.05 1.18 1.05],[1.22 1.06 1.19 1.22 1.27 1.19]
45,8,[5.28050892e-08 2.94180054e-03 8.23041644e-08 2.34076668e-04],[1.12 1.39 1.18 1.12 1.12 1.18],[1.47 1.67 1.5  1.41 1.19 1.41]
45,9,[4.33884891e-06 1.64088480e-04 1.39036378e-07 1.54204596e-06],[1.22 1.3  1.3  1.22 1.22 1.31],[1.42 1.54 1.48 1.45 1.39 1.5 ]
42,0,[5.06524698e-05 3.07699757e-06 3.85908284e-06 3.67929572e-06],[1.26 1.26 1.26 1.27 1.27 1.27],[1.44 1.39 1.4  1.47 1.44 1.41]
42,1,[4.28799666e-02 3.28100292e-07 8.02020669e-06 7.79721663e-04],[1.01 1.01 1.01 1.26 1.13 1.13],[1.38 1.27 1.13 1.46 1.38 1.27]
42,2,[1.49261953e-05 1.82128496e-01 2.29243153e-04 2.35369069e-06],[1.   1.17 1.24 1.   1.   1.17],[1.26 1.3  1.39 1.17 1.31 1.32]
42,3,[1.14837519e-03 5.38602858e-08 2.02640307e-03 5.10321849e-03],[1.1 1.1 1.1 1.1 1.1 1.1],[1.42 1.14 1.14 1.41 1.41 1.11]
42,4,[2.18234546e-02 2.01017442e-06 9.00448383e-05 1.81566966e-06],[1.04 1.04 1.04 1.21 1.29 1.21],[1.34 1.21 1.33 1.38 1.48 1.33]
42,5,[1.86464055e-03 4.52430394e-06 9.08332241e-05 6.56899683e-07],[1.14 1.14 1.14 1.21 1.28 1.21],[1.35 1.23 1.37 1.37 1.46 1.37]
42,6,[9.54732076e-04 1.02299080e-05 1.62976570e-05 1.31307356e-05],[1.16 1.16 1.16 1.24 1.24 1.24],[1.33 1.29 1.29 1.39 1.38 1.34]
42,7,[2.70303323e-06 1.17953683e-02 9.86415060e-03 3.50746516e-04],[1.05 1.05 1.14 1.05 1.05 1.05],[1.3  1.3  1.32 1.05 1.14 1.14]
42,8,[4.84201712e-05 3.23123667e-02 2.64258727e-05 1.13061641e-04],[1.02 1.2  1.2  1.02 1.02 1.2 ],[1.23 1.32 1.27 1.24 1.2  1.28]
42,9,[2.05964100e-06 2.27564427e-03 1.01961560e-04 1.00810327e-05],[1.13 1.2  1.25 1.13 1.13 1.2 ],[1.37 1.39 1.44 1.22 1.3  1.31]
46,0,[2.15146280e-03 1.38282446e-05 1.62071445e-07 7.99117683e-05],[1.13 1.13 1.13 1.24 1.21 1.21],[1.3  1.42 1.25 1.47 1.34 1.42]
46,1,[4.81725777e-03 1.06783596e-03 1.08309829e-07 1.53626233e-06],[1.1  1.1  1.1  1.12 1.12 1.31],[1.16 1.41 1.33 1.41 1.34 1.45]
46,2,[4.81402614e-06 1.02802987e-05 7.93180032e-06 1.55229022e-02],[1.26 1.26 1.06 1.26 1.06 1.06],[1.42 1.4  1.3  1.4  1.27 1.28]
46,3,[1.74269143e-06 1.88134596e-02 8.41339646e-07 2.86675628e-02],[1.02 1.3  1.02 1.02 1.02 1.02],[1.31 1.42 1.31 1.33 1.02 1.33]
46,4,[1.11497457e-04 4.02149130e-06 2.07035684e-04 2.27641491e-05],[1.21 1.21 1.21 1.21 1.23 1.21],[1.43 1.3  1.34 1.36 1.39 1.28]
46,5,[1.49191094e-03 1.64562946e-05 4.49533531e-06 4.60257803e-06],[1.15 1.15 1.15 1.26 1.26 1.26],[1.32 1.34 1.32 1.39 1.41 1.39]
46,6,[3.90170007e-07 1.75738552e-05 3.06029128e-04 3.97418279e-04],[1.24 1.19 1.19 1.19 1.19 1.19],[1.48 1.4  1.4  1.31 1.31 1.22]
46,7,[1.21045170e-06 5.05279068e-03 7.41437785e-05 2.48073478e-07],[1.1  1.21 1.32 1.1  1.1  1.21],[1.38 1.41 1.53 1.23 1.39 1.39]
46,8,[1.07069832e-07 6.39826046e-05 9.78159925e-05 8.71721976e-04],[1.2  1.2  1.17 1.2  1.17 1.17],[1.5  1.45 1.43 1.29 1.25 1.23]
46,9,[6.61042256e-06 2.31207958e-03 8.72125881e-05 9.88874258e-03],[1.1  1.19 1.07 1.1  1.07 1.07],[1.3  1.33 1.29 1.2  1.11 1.2 ]
39,0,[1.16770099e-03 1.57491361e-04 2.17986794e-06 3.14897117e-05],[1.16 1.16 1.16 1.19 1.19 1.22],[1.27 1.34 1.29 1.37 1.29 1.37]
39,1,[1.45517411e-03 8.97653059e-05 6.69535425e-04 6.94934118e-05],[1.15 1.15 1.15 1.15 1.18 1.15],[1.27 1.18 1.24 1.27 1.3  1.24]
39,2,[0.00084386 0.00125882 0.00011098 0.00211963],[1.13 1.13 1.13 1.13 1.13 1.13],[1.19 1.22 1.17 1.21 1.16 1.21]
39,3,[2.93008507e-02 8.86368417e-05 1.52358152e-06 1.74975634e-08],[1.03 1.03 1.03 1.2  1.2  1.3 ],[1.21 1.33 1.46 1.38 1.49 1.51]
39,4,[6.54475780e-05 6.14972036e-04 4.43449172e-06 3.34767777e-06],[1.18 1.21 1.21 1.18 1.18 1.27],[1.29 1.39 1.39 1.33 1.33 1.39]
39,5,[1.80859132e-06 1.47198301e-04 5.22691351e-05 2.00078281e-05],[1.23 1.23 1.23 1.23 1.23 1.23],[1.43 1.41 1.45 1.32 1.34 1.33]
39,6,[1.10626619e-06 2.87304447e-05 2.93335882e-04 1.23622222e-02],[1.22 1.17 1.07 1.17 1.07 1.07],[1.46 1.36 1.34 1.27 1.24 1.17]
39,7,[2.48874838e-02 2.14130269e-10 5.44987468e-03 1.51377082e-03],[1.04 1.04 1.04 1.07 1.09 1.07],[1.55 1.07 1.1  1.55 1.55 1.1 ]
39,8,[3.00604196e-05 1.25558164e-06 5.10668361e-04 5.04586627e-04],[1.22 1.18 1.18 1.18 1.18 1.18],[1.47 1.28 1.28 1.38 1.38 1.2 ]
39,9,[4.57379844e-06 5.00212247e-05 1.54357625e-04 4.26512945e-05],[1.22 1.22 1.22 1.22 1.22 1.22],[1.43 1.36 1.39 1.31 1.33 1.27]
44,0,[1.36513262e-02 2.43986627e-06 2.80219513e-05 5.17381159e-03],[1.06 1.06 1.06 1.22 1.07 1.07],[1.31 1.22 1.07 1.36 1.31 1.22]
44,1,[1.54436111e-07 1.56228590e-03 9.56127415e-08 1.85822844e-08],[1.15 1.39 1.39 1.15 1.15 1.39],[1.44 1.62 1.65 1.44 1.49 1.6 ]
44,2,[9.69057274e-03 8.75141224e-05 1.21498278e-09 2.44179036e-05],[1.08 1.08 1.08 1.21 1.21 1.23],[1.23 1.54 1.25 1.56 1.31 1.58]
44,3,[4.39951371e-07 1.02674393e-04 2.96475059e-04 5.37970803e-06],[1.2  1.2  1.27 1.2  1.2  1.2 ],[1.48 1.45 1.49 1.27 1.35 1.32]
44,4,[1.79453133e-03 1.02869450e-04 1.50463229e-08 1.87427832e-07],[1.14 1.14 1.14 1.2  1.2  1.37],[1.25 1.48 1.41 1.51 1.45 1.57]
44,5,[0.00333825 0.00069186 0.00123233 0.00029674],[1.12 1.12 1.12 1.12 1.12 1.12],[1.19 1.15 1.18 1.19 1.21 1.18]
44,6,[5.80991784e-06 5.01087387e-06 1.77229440e-03 2.89948796e-04],[1.26 1.14 1.17 1.14 1.17 1.14],[1.46 1.31 1.33 1.32 1.32 1.19]
44,7,[1.52038521e-04 3.01392106e-06 5.20988583e-04 7.68256584e-05],[1.19 1.18 1.19 1.18 1.19 1.18],[1.41 1.25 1.29 1.35 1.37 1.25]
44,8,[1.42804894e-05 1.06786497e-03 2.36479918e-08 7.51685785e-05],[1.16 1.24 1.21 1.16 1.16 1.21],[1.34 1.54 1.35 1.47 1.25 1.47]
44,9,[2.39486120e-09 4.60096118e-06 1.57878153e-03 1.48030694e-04],[1.28 1.15 1.19 1.15 1.19 1.15],[1.72 1.53 1.54 1.32 1.33 1.21]
40,0,[5.14721451e-04 7.62248466e-05 1.84989607e-06 5.75011849e-07],[1.18 1.18 1.18 1.21 1.21 1.3 ],[1.3  1.36 1.4  1.41 1.43 1.46]
40,1,[1.13393312e-03 2.90889876e-02 6.79740241e-07 4.58925452e-04],[1.03 1.12 1.12 1.03 1.03 1.13],[1.12 1.33 1.16 1.33 1.15 1.33]
40,2,[3.18620373e-06 1.47551770e-05 1.38444811e-12 3.55830855e-06],[1.3 1.3 1.3 1.3 1.3 1.3],[1.49 1.82 1.45 1.84 1.43 1.77]
40,3,[2.33604430e-02 3.72197249e-08 1.97832888e-04 1.19603570e-02],[1.04 1.04 1.04 1.16 1.04 1.04],[1.42 1.16 1.04 1.44 1.42 1.16]
40,4,[2.38968120e-04 1.59636465e-04 5.55762613e-05 1.32116337e-03],[1.17 1.17 1.15 1.17 1.15 1.15],[1.3  1.27 1.21 1.29 1.24 1.24]
40,5,[6.23753627e-09 1.78255721e-04 2.13046123e-08 2.42001329e-04],[1.21 1.43 1.21 1.21 1.21 1.21],[1.59 1.68 1.54 1.49 1.26 1.47]
40,6,[5.61025810e-05 7.38966901e-05 5.54691837e-02 4.20458208e-06],[1.2 1.  1.2 1.  1.2 1. ],[1.33 1.22 1.36 1.21 1.36 1.3 ]
40,7,[2.22955868e-05 2.11953034e-06 1.28621630e-06 4.99097665e-04],[1.25 1.25 1.19 1.29 1.19 1.19],[1.47 1.42 1.3  1.49 1.37 1.35]
40,8,[5.93993736e-08 1.00742744e-02 8.66995406e-05 4.71369213e-07],[1.07 1.2  1.34 1.07 1.07 1.2 ],[1.44 1.47 1.56 1.21 1.37 1.37]
40,9,[2.28761421e-05 2.88694522e-08 2.09558221e-04 1.00577351e-06],[1.25 1.22 1.25 1.22 1.32 1.22],[1.59 1.3  1.4  1.49 1.59 1.37]
58,0,[1.34832040e-02 5.28696738e-06 1.69274063e-02 1.32033899e-04],[1.03 1.03 1.03 1.03 1.17 1.03],[1.28 1.03 1.17 1.28 1.3  1.17]
58,1,[3.96095621e-07 9.99268348e-07 3.03520863e-05 2.85468145e-07],[1.34 1.28 1.34 1.28 1.34 1.28],[1.59 1.49 1.58 1.44 1.54 1.44]
58,2,[4.28096782e-06 8.34985346e-05 1.03939217e-05 7.84436189e-06],[1.25 1.26 1.26 1.25 1.25 1.26],[1.45 1.44 1.46 1.36 1.34 1.38]
58,3,[3.11802685e-04 4.98564577e-05 5.08064553e-05 3.00798392e-03],[1.16 1.16 1.12 1.19 1.12 1.12],[1.3  1.28 1.19 1.31 1.24 1.24]
58,4,[8.35003801e-06 5.70919998e-04 1.06996349e-04 2.70883083e-04],[1.18 1.18 1.18 1.18 1.18 1.18],[1.36 1.35 1.33 1.26 1.24 1.25]
58,5,[6.40458418e-05 9.09530936e-05 1.89333400e-04 4.67393733e-05],[1.22 1.22 1.22 1.22 1.22 1.22],[1.34 1.29 1.32 1.29 1.32 1.28]
58,6,[3.01311199e-02 4.98044929e-05 9.99553889e-07 2.85691718e-06],[1.03 1.03 1.03 1.22 1.22 1.29],[1.23 1.34 1.31 1.41 1.38 1.42]
58,7,[1.24050605e-04 2.38989506e-07 2.60421902e-06 9.58470150e-05],[1.23 1.23 1.23 1.29 1.23 1.23],[1.54 1.38 1.29 1.54 1.47 1.35]
58,8,[3.84696279e-02 6.18628950e-04 1.24102561e-06 1.85956085e-03],[1.02 1.02 1.02 1.12 1.1  1.1 ],[1.14 1.32 1.1  1.34 1.15 1.32]
58,9,[8.77126151e-07 1.48094832e-05 3.32206955e-05 8.36404656e-03],[1.24 1.23 1.08 1.23 1.08 1.08],[1.49 1.39 1.35 1.33 1.26 1.23]
59,0,[3.91520706e-04 2.51701290e-05 1.23003240e-01 2.88825918e-04],[1.15 1.   1.15 1.   1.15 1.  ],[1.3  1.15 1.22 1.25 1.26 1.17]
59,1,[2.91972543e-02 2.88789484e-05 1.71763114e-05 3.29170420e-04],[1.03 1.03 1.03 1.22 1.16 1.16],[1.24 1.26 1.16 1.34 1.29 1.26]
59,2,[7.31283997e-03 2.32708529e-06 5.02524771e-04 1.82785795e-04],[1.09 1.09 1.09 1.15 1.16 1.15],[1.35 1.16 1.19 1.35 1.35 1.2 ]
59,3,[4.83764757e-02 6.29397045e-06 4.86418846e-02 4.17286816e-04],[1.   1.   1.   1.   1.14 1.  ],[1.27 1.   1.14 1.27 1.28 1.14]
59,4,[2.09711064e-06 4.33499971e-05 4.41030747e-02 7.93695973e-07],[1.23 1.01 1.3  1.01 1.23 1.01],[1.45 1.32 1.47 1.23 1.41 1.35]
59,5,[1.78903852e-05 1.40290210e-04 2.52657446e-03 3.33273131e-04],[1.17 1.13 1.16 1.13 1.16 1.13],[1.35 1.28 1.28 1.21 1.24 1.17]
59,6,[1.60345952e-06 8.06072640e-06 7.86360318e-04 1.39057195e-05],[1.26 1.17 1.26 1.17 1.26 1.17],[1.5  1.38 1.42 1.33 1.41 1.29]
59,7,[1.23428742e-04 5.63519374e-06 9.76622384e-04 2.14722542e-02],[1.17 1.13 1.04 1.13 1.04 1.04],[1.38 1.21 1.19 1.3  1.29 1.13]
59,8,[0.00070721 0.00018425 0.02744871 0.0020452 ],[1.12 1.03 1.1  1.03 1.1  1.03],[1.22 1.14 1.15 1.18 1.18 1.1 ]
59,9,[1.52324334e-04 7.03953814e-05 1.54573693e-04 6.05111051e-04],[1.18 1.18 1.18 1.18 1.18 1.18],[1.34 1.27 1.24 1.28 1.26 1.22]
62,0,[3.12424160e-03 1.31152356e-05 8.03639314e-03 3.01452046e-05],[1.09 1.08 1.09 1.08 1.22 1.08],[1.27 1.1  1.23 1.27 1.34 1.23]
62,1,[9.29446964e-10 1.00219737e-04 1.08040093e-07 2.37324535e-05],[1.24 1.38 1.25 1.24 1.24 1.25],[1.68 1.73 1.62 1.48 1.35 1.48]
62,2,[1.40415146e-05 2.69754064e-06 1.37915685e-02 5.45525817e-02],[1.24 1.03 1.   1.03 1.   1.  ],[1.44 1.24 1.24 1.29 1.29 1.03]
62,3,[2.88637904e-04 3.02157104e-08 2.98656372e-04 2.40317390e-07],[1.2  1.2  1.2  1.2  1.36 1.2 ],[1.55 1.25 1.42 1.48 1.6  1.41]
62,4,[1.41861355e-04 3.03093532e-03 1.26863180e-04 3.35237534e-07],[1.12 1.17 1.17 1.12 1.12 1.17],[1.24 1.28 1.41 1.22 1.4  1.4 ]
62,5,[4.84369608e-04 5.78428336e-05 5.89859859e-03 8.75635858e-02],[1.13 1.06 1.   1.06 1.   1.  ],[1.25 1.14 1.14 1.2  1.2  1.06]
62,6,[3.91329800e-03 1.01121914e-07 6.38670945e-07 5.34686584e-04],[1.11 1.11 1.11 1.34 1.15 1.15],[1.43 1.36 1.17 1.54 1.43 1.36]
62,7,[7.93127649e-06 1.03902146e-05 7.22606641e-10 6.78985716e-05],[1.26 1.26 1.25 1.26 1.25 1.25],[1.43 1.63 1.36 1.58 1.33 1.57]
62,8,[5.26665157e-02 6.83441884e-05 1.36013106e-04 2.03231571e-01],[1.   1.   1.   1.17 1.   1.  ],[1.19 1.17 1.   1.24 1.19 1.17]
62,9,[5.02357547e-03 9.53043399e-04 3.11947127e-06 7.42530482e-11],[1.1  1.1  1.1  1.13 1.13 1.28],[1.16 1.31 1.6  1.33 1.6  1.62]
61,0,[7.30106028e-02 9.18392933e-08 1.38856477e-04 6.84207137e-05],[1.   1.   1.   1.19 1.19 1.19],[1.41 1.19 1.21 1.45 1.44 1.25]
61,1,[6.35523911e-06 1.07466643e-04 1.89752794e-04 2.01640166e-04],[1.22 1.22 1.22 1.22 1.22 1.22],[1.41 1.35 1.34 1.3  1.28 1.24]
61,2,[1.38669744e-03 9.58766539e-07 6.26057660e-02 9.73355246e-06],[1.11 1.   1.11 1.   1.25 1.  ],[1.36 1.11 1.27 1.34 1.43 1.27]
61,3,[0.00136891 0.00078336 0.00879355 0.00253436],[1.1  1.08 1.09 1.08 1.09 1.08],[1.16 1.12 1.12 1.13 1.13 1.1 ]
61,4,[7.61732158e-03 1.67233744e-04 1.74722013e-05 1.79156824e-01],[1.05 1.05 1.   1.16 1.   1.  ],[1.18 1.24 1.05 1.3  1.18 1.24]
61,5,[1.10540962e-05 1.47690447e-02 2.19371180e-02 8.67390192e-03],[1.03 1.03 1.03 1.03 1.03 1.03],[1.24 1.24 1.24 1.03 1.03 1.03]
61,6,[1.25279495e-04 3.01334637e-04 8.45460686e-05 6.39979666e-06],[1.2 1.2 1.2 1.2 1.2 1.2],[1.29 1.29 1.36 1.28 1.33 1.34]
61,7,[1.73249507e-04 1.08612307e-02 5.09554390e-08 4.40206499e-06],[1.07 1.18 1.18 1.07 1.07 1.28],[1.2  1.46 1.33 1.43 1.3  1.47]
61,8,[5.65368863e-10 3.47064902e-03 5.90075492e-06 8.52695739e-04],[1.12 1.27 1.13 1.12 1.12 1.13],[1.57 1.62 1.57 1.3  1.16 1.3 ]
61,9,[1.01649735e-06 2.02960676e-05 1.06989153e-03 2.50413808e-04],[1.23 1.16 1.17 1.16 1.17 1.16],[1.5  1.37 1.38 1.29 1.31 1.19]
67,0,[0.00105447 0.01597515 0.00012986 0.00010501],[1.05 1.12 1.12 1.05 1.05 1.17],[1.13 1.21 1.22 1.19 1.2  1.23]
67,1,[1.22121461e-03 1.04377317e-03 3.37293405e-06 2.94101764e-07],[1.15 1.15 1.15 1.15 1.15 1.28],[1.21 1.33 1.4  1.33 1.4  1.43]
67,2,[5.00122811e-05 1.52901767e-05 3.77347492e-04 9.61993558e-05],[1.21 1.19 1.2  1.19 1.2  1.19],[1.39 1.28 1.31 1.32 1.34 1.24]
67,3,[5.68235198e-07 4.28542162e-02 4.58912717e-04 7.17041436e-03],[1.01 1.13 1.05 1.01 1.01 1.05],[1.34 1.35 1.34 1.13 1.05 1.13]
67,4,[7.15066869e-05 2.87034936e-04 8.65819194e-10 3.16422467e-03],[1.17 1.19 1.12 1.17 1.12 1.12],[1.3  1.58 1.23 1.56 1.19 1.55]
67,5,[3.53930417e-05 1.00258763e-06 1.09462990e-07 2.30832129e-06],[1.27 1.27 1.27 1.32 1.32 1.32],[1.5  1.51 1.42 1.58 1.51 1.51]
67,6,[1.91737186e-05 2.65651741e-05 1.16787014e-03 9.28528364e-02],[1.22 1.12 1.   1.12 1.   1.  ],[1.36 1.25 1.25 1.26 1.24 1.12]
67,7,[2.57700340e-05 4.79199783e-04 7.76725626e-06 6.23959484e-05],[1.19 1.22 1.22 1.19 1.19 1.22],[1.32 1.38 1.34 1.33 1.27 1.33]
67,8,[2.02499118e-05 5.24699510e-02 6.83013460e-04 7.63290924e-04],[1.   1.12 1.12 1.   1.   1.12],[1.25 1.27 1.27 1.14 1.14 1.15]
67,9,[1.72312134e-03 3.05920220e-05 3.58655911e-03 6.04788556e-03],[1.09 1.09 1.09 1.09 1.09 1.09],[1.25 1.12 1.12 1.23 1.23 1.09]
65,0,[1.55850826e-02 3.04792011e-04 7.09138303e-05 1.59223293e-04],[1.06 1.06 1.06 1.17 1.17 1.17],[1.18 1.21 1.19 1.24 1.23 1.24]
65,1,[5.20691599e-03 5.30714010e-05 9.63904395e-05 3.78760467e-08],[1.1 1.1 1.1 1.2 1.2 1.2],[1.25 1.21 1.44 1.28 1.49 1.45]
65,2,[3.57994317e-06 3.16792035e-06 2.69784676e-05 1.07380888e-03],[1.27 1.24 1.16 1.24 1.16 1.16],[1.47 1.37 1.33 1.39 1.35 1.26]
65,3,[6.40468256e-08 6.98981364e-04 1.08522710e-03 7.87648956e-07],[1.16 1.16 1.32 1.16 1.16 1.16],[1.48 1.44 1.52 1.19 1.35 1.35]
65,4,[1.19788484e-03 2.36138341e-02 2.17528217e-06 6.31631314e-07],[1.04 1.12 1.12 1.04 1.04 1.3 ],[1.12 1.33 1.34 1.32 1.34 1.43]
65,5,[1.79572098e-02 6.19192974e-05 1.54745337e-02 1.71474654e-06],[1.03 1.03 1.03 1.03 1.19 1.03],[1.2  1.03 1.3  1.2  1.35 1.3 ]
65,6,[2.07203106e-02 4.67349335e-05 3.66137725e-07 7.84809857e-08],[1.04 1.04 1.04 1.23 1.23 1.35],[1.23 1.37 1.42 1.45 1.47 1.51]
65,7,[8.34138245e-05 6.35332081e-03 1.63070451e-06 5.82569309e-05],[1.09 1.2  1.2  1.09 1.09 1.2 ],[1.24 1.39 1.29 1.33 1.23 1.34]
65,8,[5.20165365e-03 5.01792319e-03 1.55083170e-05 2.12329586e-02],[1.05 1.05 1.04 1.05 1.04 1.04],[1.08 1.23 1.07 1.23 1.07 1.23]
65,9,[2.33965314e-02 6.83360335e-08 2.26603469e-09 4.72595099e-05],[1.04 1.04 1.04 1.39 1.23 1.23],[1.42 1.52 1.23 1.69 1.47 1.53]
68,0,[2.77146437e-05 7.53194664e-06 1.33199938e-06 1.37920396e-03],[1.24 1.24 1.15 1.26 1.15 1.15],[1.41 1.41 1.27 1.43 1.29 1.34]
68,1,[6.33560718e-04 8.76292489e-03 9.63187778e-05 1.31681662e-07],[1.08 1.14 1.14 1.08 1.08 1.18],[1.16 1.23 1.4  1.21 1.4  1.41]
68,2,[1.27560065e-03 1.16179590e-03 2.74057042e-05 5.11824411e-05],[1.15 1.15 1.15 1.15 1.15 1.2 ],[1.2  1.27 1.26 1.27 1.26 1.31]
68,3,[2.61255603e-05 1.31287021e-01 4.12917263e-02 1.31678647e-01],[1. 1. 1. 1. 1. 1.],[1.21 1.21 1.21 1.   1.   1.  ]
68,4,[3.70132789e-06 2.30186443e-06 8.74043572e-06 1.03415128e-04],[1.28 1.27 1.24 1.27 1.24 1.24],[1.53 1.45 1.38 1.44 1.41 1.33]
68,5,[2.01367809e-05 5.62079321e-02 7.57192950e-05 4.66207226e-08],[1.   1.21 1.23 1.   1.   1.21],[1.25 1.32 1.51 1.21 1.43 1.45]
68,6,[3.72887847e-02 9.55232838e-06 1.04257841e-04 1.45757193e-03],[1.02 1.02 1.02 1.18 1.11 1.11],[1.28 1.2  1.11 1.32 1.28 1.2 ]
68,7,[0.00096868 0.00026115 0.02192495 0.01771614],[1.11 1.02 1.02 1.02 1.02 1.02],[1.19 1.11 1.11 1.15 1.15 1.02]
68,8,[6.48696276e-05 4.47063483e-03 3.08600155e-04 1.88147462e-05],[1.11 1.16 1.2  1.11 1.11 1.16],[1.25 1.26 1.33 1.18 1.27 1.27]
68,9,[0.0004541  0.0067289  0.00214256 0.00144793],[1.09 1.1  1.1  1.09 1.09 1.1 ],[1.17 1.17 1.17 1.12 1.12 1.12]
60,0,[6.16766590e-06 4.82923568e-04 1.58338319e-05 7.11318256e-05],[1.19 1.24 1.21 1.19 1.19 1.21],[1.35 1.41 1.39 1.31 1.26 1.32]
60,1,[1.45132924e-03 4.62336875e-05 1.32934977e-05 4.84055645e-04],[1.15 1.15 1.15 1.2  1.15 1.15],[1.29 1.29 1.19 1.36 1.29 1.29]
60,2,[6.72167547e-05 1.45113292e-05 2.93268078e-02 6.74849924e-04],[1.19 1.03 1.14 1.03 1.14 1.03],[1.35 1.21 1.24 1.26 1.27 1.14]
60,3,[1.63684776e-06 1.05536004e-03 2.46403207e-03 8.71793759e-05],[1.13 1.13 1.19 1.13 1.13 1.13],[1.38 1.36 1.4  1.16 1.22 1.22]
60,4,[3.57402017e-02 6.30849188e-07 4.60085374e-04 6.66779948e-04],[1.02 1.02 1.02 1.13 1.13 1.13],[1.36 1.15 1.14 1.36 1.36 1.17]
60,5,[4.12141472e-04 5.59951543e-05 1.66213828e-05 8.92675886e-05],[1.19 1.19 1.19 1.2  1.2  1.2 ],[1.32 1.3  1.26 1.36 1.31 1.31]
60,6,[8.41567313e-04 1.61959463e-07 3.94382964e-02 2.91633965e-04],[1.13 1.02 1.13 1.02 1.15 1.02],[1.43 1.13 1.19 1.4  1.41 1.17]
60,7,[8.86660372e-04 5.37332534e-09 1.84327638e-08 2.72988521e-10],[1.16 1.16 1.16 1.46 1.47 1.46],[1.58 1.51 1.63 1.73 1.83 1.7 ]
60,8,[5.48241823e-04 8.32968417e-07 2.68484128e-07 1.12825378e-08],[1.18 1.18 1.18 1.35 1.35 1.36],[1.4  1.41 1.5  1.52 1.61 1.59]
60,9,[7.04150279e-06 1.59053912e-04 3.24238069e-04 2.16594653e-03],[1.17 1.16 1.13 1.16 1.13 1.13],[1.39 1.3  1.3  1.24 1.22 1.18]
70,0,[7.68768178e-05 2.17573026e-03 1.43888238e-05 1.07181502e-02],[1.1  1.19 1.07 1.1  1.07 1.07],[1.24 1.32 1.21 1.25 1.1  1.25]
70,1,[2.53183592e-06 8.95946502e-03 2.02587267e-04 9.33528734e-05],[1.08 1.18 1.18 1.08 1.08 1.18],[1.33 1.35 1.37 1.18 1.21 1.24]
70,2,[5.87473320e-03 1.92151374e-04 1.29043938e-06 1.41342969e-03],[1.09 1.09 1.09 1.16 1.11 1.11],[1.21 1.32 1.13 1.35 1.21 1.32]
70,3,[1.95079644e-02 3.09034267e-04 1.77386093e-05 1.52617644e-05],[1.05 1.05 1.05 1.16 1.16 1.23],[1.17 1.26 1.26 1.28 1.29 1.32]
70,4,[4.07921816e-06 5.04528471e-04 2.10586940e-06 1.43762876e-04],[1.18 1.28 1.19 1.18 1.18 1.19],[1.37 1.45 1.37 1.36 1.25 1.36]
70,5,[5.03935101e-04 2.71804858e-07 7.93426678e-03 4.04734229e-05],[1.15 1.08 1.15 1.08 1.21 1.08],[1.46 1.15 1.25 1.39 1.42 1.23]
70,6,[7.39367576e-06 2.44908904e-04 2.57597613e-07 7.83027501e-03],[1.17 1.26 1.08 1.17 1.08 1.08],[1.37 1.49 1.29 1.4  1.19 1.38]
70,7,[3.08363434e-04 2.30029503e-06 1.30748351e-01 7.08161149e-03],[1.15 1.   1.06 1.   1.06 1.  ],[1.35 1.15 1.15 1.3  1.3  1.06]
70,8,[1.07870534e-04 4.03640400e-07 6.48696164e-03 3.94110213e-08],[1.2  1.09 1.2  1.09 1.34 1.09],[1.46 1.21 1.44 1.37 1.62 1.43]
70,9,[9.38116253e-06 1.01747818e-04 6.66154975e-06 4.36699334e-06],[1.24 1.26 1.26 1.24 1.24 1.26],[1.4  1.43 1.42 1.36 1.37 1.4 ]
64,0,[6.09228600e-07 1.32685425e-03 2.62737306e-04 1.58002358e-05],[1.15 1.17 1.24 1.15 1.15 1.17],[1.41 1.4  1.44 1.21 1.29 1.29]
64,1,[1.55823479e-02 3.92280179e-08 2.26800320e-04 8.81377832e-07],[1.06 1.06 1.06 1.18 1.33 1.18],[1.47 1.18 1.34 1.48 1.56 1.34]
64,2,[3.90487041e-04 6.83073966e-03 2.58310118e-07 2.04787002e-07],[1.09 1.16 1.16 1.09 1.09 1.35],[1.18 1.41 1.41 1.39 1.4  1.5 ]
64,3,[9.20595386e-04 3.20065867e-05 2.09159325e-06 5.75485724e-07],[1.16 1.16 1.16 1.24 1.24 1.3 ],[1.31 1.36 1.39 1.43 1.45 1.44]
64,4,[9.10383600e-04 3.08666614e-02 1.21476635e-06 1.05843998e-06],[1.03 1.13 1.13 1.03 1.03 1.3 ],[1.13 1.35 1.33 1.34 1.33 1.42]
64,5,[5.42871780e-03 5.40355642e-04 1.54258708e-06 1.53787660e-08],[1.1  1.1  1.1  1.15 1.15 1.31],[1.18 1.33 1.47 1.36 1.47 1.53]
64,6,[2.36145698e-05 1.78727016e-01 1.90623453e-05 9.71526975e-06],[1.   1.23 1.23 1.   1.   1.23],[1.24 1.34 1.36 1.25 1.27 1.34]
64,7,[2.22181936e-06 2.78795296e-04 3.55340903e-05 3.82920376e-05],[1.21 1.22 1.22 1.21 1.21 1.22],[1.42 1.42 1.4  1.31 1.29 1.32]
64,8,[1.00140511e-02 2.88453723e-05 1.36277832e-04 4.57488378e-05],[1.07 1.07 1.07 1.19 1.2  1.19],[1.27 1.2  1.23 1.32 1.31 1.25]
64,9,[1.52268866e-08 3.87359171e-02 2.40551078e-04 4.23597364e-04],[1.02 1.15 1.15 1.02 1.02 1.15],[1.46 1.47 1.46 1.17 1.15 1.19]
72,0,[6.18895267e-04 6.90608266e-06 3.91953213e-03 2.70512671e-03],[1.12 1.11 1.11 1.11 1.11 1.11],[1.32 1.16 1.16 1.28 1.28 1.11]
72,1,[1.20869643e-02 5.47639333e-04 3.07472946e-04 1.14946666e-05],[1.07 1.07 1.07 1.15 1.15 1.15],[1.16 1.17 1.27 1.2  1.28 1.28]
72,2,[3.26050590e-02 2.87573892e-06 2.90869826e-06 3.69383066e-02],[1.   1.   1.   1.27 1.   1.  ],[1.29 1.29 1.   1.41 1.29 1.29]
72,3,[1.70176464e-04 5.14250794e-05 3.51240661e-07 1.11121712e-03],[1.19 1.19 1.16 1.2  1.16 1.16],[1.32 1.4  1.22 1.44 1.26 1.39]
72,4,[1.63482360e-03 3.04240866e-04 3.32423378e-06 1.44766072e-06],[1.14 1.14 1.14 1.17 1.17 1.28],[1.23 1.33 1.35 1.37 1.4  1.42]
72,5,[2.23818845e-04 1.37540682e-05 4.86619747e-05 6.93416073e-08],[1.21 1.21 1.21 1.23 1.24 1.23],[1.41 1.29 1.49 1.36 1.53 1.47]
72,6,[1.99452955e-03 1.91608712e-03 1.14194970e-03 5.90456268e-08],[1.14 1.14 1.14 1.14 1.14 1.14],[1.16 1.16 1.41 1.16 1.41 1.41]
72,7,[1.15246426e-01 7.90578187e-05 7.28937011e-03 6.95592505e-04],[1.   1.   1.   1.05 1.12 1.05],[1.19 1.05 1.12 1.19 1.21 1.12]
72,8,[1.66500103e-04 5.02929915e-08 9.55836489e-04 9.87767527e-03],[1.17 1.13 1.07 1.13 1.07 1.07],[1.51 1.19 1.19 1.43 1.43 1.13]
72,9,[1.45231295e-03 4.14767218e-08 3.25198991e-03 3.87356813e-12],[1.12 1.12 1.12 1.12 1.41 1.12],[1.47 1.15 1.69 1.45 1.85 1.69]
71,0,[8.51045142e-07 1.09297510e-02 5.87993964e-04 1.28193182e-02],[1.05 1.13 1.05 1.05 1.05 1.05],[1.34 1.35 1.34 1.13 1.05 1.13]
71,1,[1.05111473e-05 5.93517784e-05 8.84281353e-08 3.59285234e-04],[1.22 1.25 1.2  1.22 1.2  1.2 ],[1.42 1.49 1.32 1.45 1.28 1.42]
71,2,[5.59684632e-08 2.18520856e-03 1.99764376e-03 1.09487409e-03],[1.13 1.13 1.13 1.13 1.13 1.13],[1.43 1.42 1.42 1.14 1.15 1.15]
71,3,[1.48060669e-03 7.78745813e-07 4.10192666e-02 1.62519448e-04],[1.11 1.01 1.11 1.01 1.17 1.01],[1.37 1.11 1.2  1.35 1.38 1.19]
71,4,[9.92493001e-08 7.50919174e-04 3.04553502e-03 3.04103822e-04],[1.14 1.12 1.15 1.12 1.14 1.12],[1.46 1.42 1.42 1.17 1.2  1.18]
71,5,[1.92463122e-03 6.59309615e-06 2.43483810e-04 6.10669318e-03],[1.1  1.1  1.09 1.16 1.09 1.09],[1.31 1.18 1.12 1.31 1.29 1.18]
71,6,[1.00478863e-03 2.85038472e-03 9.14663191e-04 6.51117532e-06],[1.12 1.12 1.12 1.12 1.12 1.12],[1.17 1.17 1.29 1.15 1.29 1.29]
71,7,[4.41032931e-03 1.06858873e-07 3.93940643e-05 9.89322664e-07],[1.11 1.11 1.11 1.23 1.32 1.23],[1.46 1.25 1.35 1.49 1.58 1.36]
71,8,[1.55595640e-06 3.24786764e-02 5.79253175e-03 2.88417760e-05],[1.02 1.06 1.22 1.02 1.02 1.06],[1.32 1.32 1.4  1.06 1.22 1.22]
71,9,[2.04743802e-03 1.26429831e-03 1.00158950e-05 7.72952889e-05],[1.13 1.13 1.13 1.13 1.13 1.19],[1.18 1.28 1.23 1.29 1.24 1.3 ]
94,0,[1.86682049e-01 2.01011996e-08 5.16308145e-08 1.26373642e-03],[1.   1.   1.   1.41 1.12 1.12],[1.44 1.41 1.12 1.63 1.44 1.41]
94,1,[1.71235921e-04 1.21508202e-06 1.83004560e-08 1.86628462e-06],[1.22 1.22 1.22 1.31 1.31 1.31],[1.47 1.51 1.39 1.61 1.52 1.53]
94,2,[9.15897475e-06 1.40600225e-02 6.32149026e-07 1.60459331e-04],[1.06 1.26 1.18 1.06 1.06 1.18],[1.29 1.44 1.31 1.35 1.19 1.35]
94,3,[4.03427005e-07 2.87732924e-05 2.99844983e-03 5.27553969e-07],[1.24 1.12 1.33 1.12 1.24 1.12],[1.49 1.39 1.53 1.26 1.42 1.36]
94,4,[1.01035278e-05 5.04344531e-02 7.10086006e-03 1.50354072e-03],[1.   1.06 1.09 1.   1.   1.06],[1.25 1.25 1.25 1.06 1.1  1.1 ]
94,5,[3.89913016e-05 6.65140645e-08 7.79082234e-02 2.29717619e-06],[1.23 1.   1.23 1.   1.3  1.  ],[1.52 1.23 1.38 1.42 1.5  1.32]
94,6,[2.18152015e-02 2.34354842e-06 2.49433412e-08 1.25934692e-05],[1.04 1.04 1.04 1.3  1.27 1.27],[1.32 1.45 1.27 1.55 1.38 1.46]
94,7,[7.66281339e-05 1.32592801e-04 5.71794743e-02 6.67812420e-02],[1.17 1.   1.   1.   1.   1.  ],[1.28 1.19 1.19 1.17 1.17 1.  ]
94,8,[3.21386290e-06 2.76625262e-04 3.00240602e-03 2.25391782e-05],[1.17 1.12 1.22 1.12 1.17 1.12],[1.37 1.32 1.37 1.19 1.28 1.25]
94,9,[3.88972912e-04 7.05716417e-06 9.53182190e-04 6.67185747e-04],[1.16 1.16 1.16 1.16 1.16 1.16],[1.34 1.21 1.21 1.3  1.3  1.18]
98,0,[2.90941539e-05 2.04937036e-03 5.36441611e-04 4.41157022e-07],[1.14 1.15 1.22 1.14 1.14 1.15],[1.29 1.29 1.43 1.18 1.37 1.37]
98,1,[0.00103923 0.00012642 0.02840046 0.00284622],[1.11 1.03 1.09 1.03 1.09 1.03],[1.22 1.12 1.13 1.19 1.19 1.09]
98,2,[2.00967397e-04 2.80379556e-03 5.03589155e-07 6.52845972e-03],[1.09 1.16 1.09 1.09 1.09 1.09],[1.2  1.38 1.19 1.35 1.11 1.35]
98,3,[5.17236046e-03 6.47282901e-02 8.53922313e-06 3.64003393e-04],[1.   1.07 1.07 1.   1.   1.14],[1.07 1.26 1.15 1.26 1.15 1.26]
98,4,[7.44142257e-03 7.65669329e-07 2.92930667e-06 4.26497868e-05],[1.09 1.09 1.09 1.29 1.23 1.23],[1.37 1.32 1.24 1.45 1.41 1.34]
98,5,[7.94656922e-05 5.74563183e-03 9.26069479e-03 8.17391749e-04],[1.08 1.08 1.11 1.08 1.08 1.08],[1.21 1.21 1.22 1.08 1.12 1.12]
98,6,[4.39397560e-04 4.83623330e-06 5.76675448e-04 2.10131620e-04],[1.18 1.18 1.18 1.18 1.18 1.18],[1.4  1.22 1.23 1.33 1.35 1.21]
98,7,[2.32051908e-06 1.11365913e-01 1.61937306e-03 2.37180175e-04],[1.   1.11 1.15 1.   1.   1.11],[1.32 1.32 1.33 1.11 1.17 1.17]
98,8,[6.32960326e-02 1.75497616e-06 9.38580438e-04 1.12045722e-03],[1.   1.   1.   1.11 1.11 1.11],[1.33 1.13 1.12 1.34 1.33 1.14]
98,9,[2.11295227e-05 1.22270543e-02 3.61452189e-03 1.15429868e-05],[1.07 1.08 1.23 1.07 1.07 1.08],[1.24 1.24 1.33 1.09 1.25 1.25]
76,0,[3.92376034e-04 5.22980982e-06 4.57563825e-04 4.24591791e-04],[1.19 1.19 1.19 1.19 1.19 1.19],[1.39 1.22 1.24 1.32 1.32 1.2 ]
76,1,[7.62466745e-05 2.92766415e-03 1.61809377e-05 2.16506682e-03],[1.12 1.19 1.12 1.12 1.12 1.12],[1.25 1.32 1.25 1.25 1.13 1.25]
76,2,[3.20168840e-02 1.14148616e-05 7.76844231e-03 3.53920258e-04],[1.03 1.03 1.03 1.05 1.14 1.05],[1.26 1.05 1.14 1.26 1.27 1.14]
76,3,[1.28303999e-03 3.14877855e-03 4.29433785e-07 1.07027234e-06],[1.12 1.12 1.12 1.12 1.12 1.32],[1.17 1.38 1.35 1.38 1.35 1.45]
76,4,[1.15530599e-03 5.80811804e-07 6.07103614e-02 2.48736668e-03],[1.1  1.   1.09 1.   1.09 1.  ],[1.38 1.12 1.13 1.35 1.35 1.09]
76,5,[0.00586304 0.00012238 0.000147   0.00766989],[1.08 1.08 1.07 1.16 1.08 1.08],[1.2  1.17 1.07 1.25 1.2  1.17]
76,6,[7.50396268e-07 8.24998481e-03 1.67029434e-04 6.43821015e-05],[1.08 1.19 1.19 1.08 1.08 1.19],[1.38 1.4  1.41 1.19 1.22 1.24]
76,7,[4.11230551e-03 1.89697979e-03 2.02740584e-06 1.72743533e-08],[1.11 1.11 1.11 1.11 1.11 1.3 ],[1.15 1.32 1.47 1.32 1.47 1.53]
76,8,[1.76555673e-03 7.28682352e-08 9.18701384e-06 7.46390283e-10],[1.14 1.14 1.14 1.28 1.39 1.28],[1.49 1.3  1.57 1.53 1.78 1.57]
76,9,[1.42900507e-02 6.34338593e-07 1.30948961e-06 6.89989513e-06],[1.06 1.06 1.06 1.31 1.29 1.29],[1.38 1.34 1.29 1.5  1.45 1.41]
85,0,[6.28114403e-06 7.24723054e-04 2.30707224e-05 5.79643060e-07],[1.17 1.25 1.27 1.17 1.17 1.25],[1.38 1.4  1.49 1.29 1.4  1.43]
85,1,[8.90995424e-06 6.49760757e-04 1.38134548e-07 2.24930741e-10],[1.18 1.28 1.28 1.18 1.18 1.37],[1.35 1.53 1.71 1.43 1.62 1.68]
85,2,[5.65324782e-01 8.26524206e-06 7.80381929e-04 1.06254910e-02],[1.   1.   1.   1.12 1.04 1.04],[1.26 1.12 1.04 1.27 1.26 1.12]
85,3,[1.07755010e-04 1.10396665e-01 1.29357077e-06 3.14448948e-03],[1.   1.18 1.08 1.   1.   1.08],[1.2  1.36 1.2  1.31 1.08 1.31]
85,4,[1.85151706e-03 7.39630468e-05 4.09451780e-04 2.77411687e-06],[1.14 1.14 1.14 1.16 1.19 1.16],[1.27 1.2  1.33 1.27 1.38 1.33]
85,5,[3.51350690e-03 1.12882207e-05 9.28594317e-07 3.88133901e-04],[1.11 1.11 1.11 1.25 1.16 1.16],[1.31 1.34 1.18 1.43 1.32 1.34]
85,6,[0.00015461 0.00039792 0.00116201 0.00060567],[1.16 1.16 1.16 1.16 1.16 1.16],[1.28 1.22 1.23 1.2  1.22 1.18]
85,7,[9.21567600e-05 3.60407637e-09 1.67597396e-07 9.48965590e-05],[1.24 1.24 1.24 1.37 1.24 1.24],[1.61 1.46 1.3  1.73 1.61 1.42]
85,8,[1.47462259e-02 2.99174562e-05 1.74336046e-02 1.01358693e-02],[1.03 1.03 1.03 1.03 1.03 1.03],[1.21 1.03 1.03 1.21 1.21 1.03]
85,9,[1.33346931e-03 2.38423379e-03 2.14874369e-04 1.62743241e-09],[1.13 1.13 1.13 1.13 1.13 1.16],[1.17 1.22 1.51 1.22 1.52 1.51]
66,0,[6.22627061e-09 1.41945260e-03 8.84785509e-02 3.09019098e-03],[1.1  1.   1.09 1.   1.09 1.  ],[1.49 1.47 1.47 1.11 1.12 1.09]
66,1,[2.05588011e-05 3.28246896e-09 1.85991504e-06 1.13716115e-04],[1.26 1.26 1.23 1.3  1.23 1.23],[1.7  1.43 1.34 1.65 1.56 1.35]
66,2,[1.23127261e-04 2.02946799e-04 1.82365035e-05 1.38317326e-06],[1.21 1.21 1.21 1.21 1.21 1.23],[1.33 1.34 1.4  1.33 1.38 1.4 ]
66,3,[9.24704764e-05 3.61575942e-04 1.92900092e-04 1.70849306e-05],[1.19 1.19 1.19 1.19 1.19 1.19],[1.31 1.28 1.34 1.25 1.3  1.3 ]
66,4,[4.83900053e-04 9.10930342e-08 2.22179444e-04 1.91608586e-07],[1.19 1.19 1.19 1.19 1.37 1.19],[1.52 1.24 1.42 1.45 1.6  1.41]
66,5,[6.25030666e-02 2.36205229e-05 8.46178668e-06 3.39379020e-06],[1.   1.   1.   1.25 1.25 1.26],[1.25 1.28 1.31 1.36 1.39 1.36]
66,6,[2.98036453e-06 9.47110693e-06 1.07859078e-04 1.32463290e-07],[1.28 1.24 1.29 1.24 1.28 1.24],[1.49 1.37 1.54 1.36 1.47 1.43]
66,7,[6.41180706e-06 1.73536830e-04 8.26859808e-05 3.10246495e-03],[1.18 1.19 1.12 1.18 1.12 1.12],[1.37 1.34 1.3  1.27 1.21 1.22]
66,8,[2.58806737e-03 4.83983030e-06 5.52595978e-05 2.17902839e-04],[1.12 1.12 1.12 1.2  1.18 1.18],[1.35 1.24 1.2  1.38 1.37 1.26]
66,9,[0.00010112 0.00076014 0.00038602 0.03667173],[1.13 1.14 1.02 1.13 1.02 1.02],[1.25 1.24 1.2  1.2  1.13 1.16]
74,0,[1.82768818e-06 2.01281734e-04 1.83117629e-05 1.86170045e-04],[1.21 1.23 1.21 1.21 1.21 1.21],[1.44 1.44 1.39 1.33 1.27 1.3 ]
74,1,[4.66991339e-04 1.09865983e-09 1.88421312e-03 1.71694132e-04],[1.15 1.14 1.15 1.14 1.17 1.14],[1.61 1.2  1.23 1.55 1.55 1.2 ]
74,2,[0.00057586 0.00199096 0.0004971  0.0030362 ],[1.12 1.12 1.12 1.12 1.12 1.12],[1.19 1.18 1.17 1.17 1.14 1.16]
74,3,[9.17973295e-03 5.51855948e-06 1.77174542e-04 6.93219082e-04],[1.08 1.08 1.08 1.17 1.14 1.14],[1.31 1.19 1.14 1.34 1.31 1.19]
74,4,[5.97384520e-04 5.49882031e-06 4.48240936e-03 2.17494550e-04],[1.14 1.11 1.14 1.11 1.16 1.11],[1.34 1.16 1.21 1.3  1.34 1.18]
74,5,[2.83241635e-05 1.50170704e-03 2.60647958e-05 4.00778614e-06],[1.15 1.22 1.22 1.15 1.15 1.22],[1.29 1.35 1.41 1.28 1.33 1.37]
74,6,[3.31565293e-08 2.87660700e-03 1.42302703e-04 5.97033403e-03],[1.09 1.17 1.09 1.09 1.09 1.09],[1.44 1.44 1.44 1.19 1.11 1.19]
74,7,[3.05208256e-06 3.50109168e-08 1.63588986e-06 6.83532106e-03],[1.3  1.3  1.09 1.3  1.09 1.09],[1.59 1.44 1.32 1.53 1.45 1.33]
74,8,[1.08464187e-07 1.57498233e-06 2.03784309e-06 1.09270653e-03],[1.31 1.31 1.16 1.31 1.16 1.16],[1.61 1.51 1.46 1.48 1.36 1.33]
74,9,[1.53908412e-07 8.25485457e-06 3.09134462e-03 8.11241827e-05],[1.26 1.12 1.21 1.12 1.21 1.12],[1.59 1.41 1.45 1.3  1.36 1.22]
77,0,[1.78381962e-04 1.21405867e-04 2.18667285e-05 9.58456130e-06],[1.22 1.22 1.22 1.22 1.22 1.23],[1.31 1.33 1.33 1.33 1.36 1.37]
77,1,[3.08047134e-07 3.80883935e-01 1.17245640e-08 1.53222914e-04],[1.   1.36 1.19 1.   1.   1.19],[1.38 1.57 1.4  1.45 1.19 1.45]
77,2,[4.07119290e-07 1.51117531e-03 2.01688817e-03 2.35190575e-07],[1.13 1.13 1.35 1.13 1.13 1.13],[1.41 1.39 1.54 1.15 1.39 1.39]
77,3,[9.66140119e-05 2.10398394e-04 3.23501474e-05 1.23095205e-04],[1.22 1.22 1.22 1.22 1.22 1.22],[1.33 1.34 1.3  1.29 1.27 1.3 ]
77,4,[1.76069510e-03 3.11143614e-05 8.00128305e-03 2.03197422e-03],[1.09 1.08 1.09 1.08 1.09 1.08],[1.25 1.12 1.12 1.24 1.24 1.1 ]
77,5,[7.93622116e-05 1.97086836e-03 2.22083430e-05 3.33741918e-03],[1.12 1.19 1.12 1.12 1.12 1.12],[1.25 1.31 1.23 1.25 1.13 1.25]
77,6,[3.84449108e-06 1.47002071e-07 6.65179023e-10 3.35902819e-03],[1.31 1.31 1.11 1.37 1.11 1.11],[1.56 1.65 1.32 1.69 1.4  1.56]
77,7,[1.56357068e-03 5.59599444e-04 3.33295382e-07 2.40003554e-05],[1.15 1.15 1.15 1.15 1.15 1.23],[1.2  1.38 1.28 1.38 1.29 1.42]
77,8,[5.75787306e-03 3.47515127e-03 6.24595826e-06 1.97694693e-03],[1.1 1.1 1.1 1.1 1.1 1.1],[1.11 1.26 1.12 1.26 1.12 1.26]
77,9,[3.56081256e-03 2.38600810e-07 6.60091598e-05 1.22403343e-04],[1.11 1.11 1.11 1.2  1.2  1.2 ],[1.43 1.23 1.21 1.43 1.43 1.25]
78,0,[1.35748600e-05 4.68929889e-05 4.57863976e-03 9.07863070e-06],[1.22 1.11 1.24 1.11 1.22 1.11],[1.37 1.28 1.38 1.24 1.35 1.28]
78,1,[7.43949078e-05 3.04067934e-03 6.87412684e-03 6.78537987e-06],[1.09 1.09 1.19 1.09 1.09 1.09],[1.23 1.23 1.34 1.11 1.27 1.27]
78,2,[3.18409774e-06 4.15278344e-06 2.64073390e-06 2.02566841e-04],[1.28 1.28 1.22 1.28 1.22 1.22],[1.51 1.42 1.36 1.45 1.35 1.35]
78,3,[7.89177599e-05 1.82463223e-05 4.54408530e-02 3.20967491e-06],[1.21 1.01 1.21 1.01 1.23 1.01],[1.36 1.21 1.36 1.25 1.41 1.31]
78,4,[1.74895616e-07 2.28746812e-05 5.66177726e-05 2.11677801e-05],[1.26 1.26 1.26 1.26 1.26 1.26],[1.56 1.48 1.49 1.36 1.38 1.32]
78,5,[1.44844215e-04 9.25683649e-06 3.00229206e-04 1.19169439e-03],[1.17 1.16 1.15 1.16 1.15 1.15],[1.37 1.25 1.23 1.32 1.31 1.19]
78,6,[5.45938444e-05 1.66269263e-07 1.25651464e-02 4.77393788e-04],[1.2  1.06 1.15 1.06 1.15 1.06],[1.49 1.22 1.25 1.39 1.39 1.15]
78,7,[9.01822527e-04 5.71672859e-04 9.82242338e-06 1.57631685e-10],[1.16 1.16 1.16 1.16 1.16 1.25],[1.24 1.31 1.61 1.33 1.61 1.63]
78,8,[3.38152801e-08 1.56868376e-05 9.12798503e-10 3.19027588e-04],[1.26 1.41 1.2  1.26 1.2  1.2 ],[1.57 1.71 1.5  1.62 1.33 1.55]
78,9,[4.79681520e-06 1.82763563e-02 3.65611959e-03 6.49243753e-05],[1.05 1.08 1.2  1.05 1.05 1.08],[1.28 1.28 1.33 1.08 1.2  1.2 ]
82,0,[1.54450549e-01 1.89965813e-04 5.98283645e-09 2.03611450e-04],[1.   1.   1.   1.16 1.16 1.16],[1.18 1.47 1.18 1.48 1.23 1.47]
82,1,[6.52114856e-04 2.22072754e-05 3.50334990e-04 4.91778780e-05],[1.17 1.17 1.17 1.17 1.2  1.17],[1.33 1.22 1.26 1.29 1.34 1.27]
82,2,[5.65484120e-07 1.25676371e-02 9.39658658e-05 3.20206270e-07],[1.06 1.2  1.34 1.06 1.06 1.2 ],[1.37 1.4  1.53 1.2  1.37 1.37]
82,3,[6.01853630e-06 1.72762327e-04 1.57881038e-06 1.00166153e-06],[1.22 1.29 1.29 1.22 1.22 1.31],[1.41 1.46 1.49 1.38 1.39 1.46]
82,4,[5.19566012e-04 1.22872246e-03 1.31119361e-07 3.81702914e-09],[1.15 1.15 1.15 1.15 1.15 1.38],[1.21 1.43 1.52 1.43 1.52 1.61]
82,5,[0.00086548 0.00052047 0.01411064 0.03387441],[1.11 1.03 1.02 1.03 1.02 1.02],[1.17 1.11 1.11 1.13 1.13 1.03]
82,6,[4.85865394e-05 6.62853404e-03 3.26413978e-05 1.62033673e-04],[1.09 1.2  1.19 1.09 1.09 1.19],[1.25 1.32 1.3  1.25 1.19 1.26]
82,7,[6.98139628e-05 1.58941468e-03 3.85616267e-03 4.78761050e-05],[1.11 1.11 1.19 1.11 1.11 1.11],[1.24 1.23 1.28 1.14 1.23 1.23]
82,8,[4.52350686e-04 3.34577015e-05 2.03185657e-05 1.62419701e-04],[1.19 1.19 1.19 1.21 1.19 1.19],[1.32 1.3  1.25 1.37 1.31 1.3 ]
82,9,[1.18760076e-02 2.64768839e-04 8.94395973e-08 1.08544773e-09],[1.07 1.07 1.07 1.17 1.17 1.39],[1.19 1.41 1.54 1.42 1.56 1.63]
69,0,[1.26365303e-07 4.97686274e-03 2.96893854e-06 1.04402730e-05],[1.1  1.29 1.27 1.1  1.1  1.27],[1.44 1.52 1.49 1.32 1.28 1.37]
69,1,[7.95931316e-03 6.80324783e-03 1.77757875e-09 2.18686418e-07],[1.08 1.08 1.08 1.08 1.08 1.37],[1.08 1.52 1.38 1.52 1.38 1.59]
69,2,[2.14241366e-05 1.20391885e-03 6.11994587e-05 1.94592824e-05],[1.15 1.22 1.22 1.15 1.15 1.22],[1.3  1.37 1.38 1.26 1.29 1.32]
69,3,[2.89818225e-04 1.05662576e-03 8.16109924e-08 6.27328897e-06],[1.16 1.17 1.17 1.16 1.16 1.27],[1.24 1.45 1.36 1.44 1.31 1.49]
69,4,[6.48919298e-04 1.52446530e-05 2.46273327e-04 4.05195694e-04],[1.17 1.17 1.17 1.17 1.17 1.17],[1.34 1.23 1.21 1.32 1.33 1.24]
69,5,[1.84813736e-05 5.04116705e-06 1.06685299e-04 1.52006224e-05],[1.24 1.24 1.24 1.24 1.24 1.24],[1.46 1.34 1.39 1.37 1.4  1.32]
69,6,[0.00011162 0.00230843 0.00024894 0.00023912],[1.13 1.16 1.16 1.13 1.13 1.16],[1.25 1.27 1.27 1.2  1.2  1.21]
69,7,[1.47769575e-03 5.72103708e-03 4.42799080e-05 7.15463375e-04],[1.1  1.11 1.11 1.1  1.1  1.12],[1.14 1.23 1.16 1.23 1.15 1.23]
69,8,[3.65677115e-05 1.30546367e-03 6.19645634e-02 2.38572421e-04],[1.11 1.   1.16 1.   1.11 1.  ],[1.27 1.23 1.28 1.11 1.18 1.17]
69,9,[0.00059296 0.01808179 0.0050745  0.00329908],[1.05 1.07 1.07 1.05 1.05 1.07],[1.13 1.13 1.13 1.07 1.07 1.07]
79,0,[3.37737706e-06 2.13780996e-04 1.23350228e-01 3.97512993e-05],[1.18 1.   1.21 1.   1.18 1.  ],[1.38 1.31 1.37 1.18 1.26 1.23]
79,1,[4.61885329e-04 4.49401691e-04 9.30723947e-05 6.51299145e-06],[1.19 1.19 1.19 1.19 1.19 1.19],[1.25 1.27 1.34 1.27 1.33 1.34]
79,2,[2.46026200e-06 3.24141347e-07 3.35299604e-03 5.65846259e-06],[1.29 1.12 1.29 1.12 1.29 1.12],[1.55 1.33 1.43 1.39 1.5  1.3 ]
79,3,[0.00118495 0.0250075  0.00011426 0.00741028],[1.04 1.1  1.05 1.04 1.04 1.05],[1.11 1.19 1.11 1.18 1.05 1.18]
79,4,[5.21135725e-03 6.92688573e-05 2.99609713e-06 7.39771423e-07],[1.1  1.1  1.1  1.21 1.21 1.29],[1.24 1.33 1.36 1.37 1.4  1.42]
79,5,[9.34176896e-03 8.92922563e-04 3.92407131e-08 4.53269863e-03],[1.08 1.08 1.07 1.11 1.08 1.08],[1.13 1.41 1.07 1.42 1.13 1.41]
79,6,[1.18193114e-03 3.04551038e-08 1.16580638e-03 5.19876740e-06],[1.15 1.15 1.15 1.15 1.27 1.15],[1.46 1.17 1.31 1.46 1.52 1.3 ]
79,7,[1.16207539e-05 3.14358680e-02 7.77617353e-06 1.27423450e-04],[1.03 1.25 1.19 1.03 1.03 1.19],[1.27 1.38 1.31 1.28 1.19 1.3 ]
79,8,[5.08432071e-07 3.10992467e-06 6.21008939e-05 4.69515810e-07],[1.31 1.26 1.33 1.26 1.31 1.26],[1.59 1.44 1.54 1.4  1.52 1.4 ]
79,9,[0.06172224 0.00089706 0.00330405 0.00422973],[1.   1.   1.   1.07 1.07 1.07],[1.12 1.08 1.07 1.12 1.12 1.08]
73,0,[8.65796426e-05 2.02313801e-04 6.36754291e-05 4.20153870e-06],[1.22 1.22 1.22 1.22 1.22 1.22],[1.33 1.32 1.4  1.3  1.36 1.35]
73,1,[7.10428435e-02 1.11036382e-03 2.58664954e-05 9.12176615e-07],[1.   1.   1.   1.12 1.12 1.22],[1.12 1.25 1.35 1.25 1.35 1.37]
73,2,[1.14823041e-05 7.00567175e-03 1.12879763e-02 2.87961585e-05],[1.07 1.07 1.22 1.07 1.07 1.07],[1.26 1.26 1.33 1.07 1.22 1.22]
73,3,[3.12843291e-04 2.16911411e-04 4.85171156e-04 1.08990452e-05],[1.19 1.19 1.19 1.19 1.19 1.19],[1.28 1.22 1.3  1.24 1.32 1.29]
73,4,[6.40787972e-04 4.79828602e-05 1.10262558e-04 7.16890527e-03],[1.14 1.14 1.09 1.18 1.09 1.09],[1.27 1.22 1.15 1.28 1.23 1.2 ]
73,5,[4.72244066e-08 6.42518527e-06 2.27057932e-03 2.96253076e-06],[1.29 1.13 1.29 1.13 1.29 1.13],[1.58 1.46 1.54 1.3  1.41 1.32]
73,6,[1.54519297e-02 5.23058246e-08 1.03227318e-05 1.67356722e-06],[1.06 1.06 1.06 1.28 1.31 1.28],[1.43 1.28 1.33 1.5  1.53 1.38]
73,7,[2.56641117e-06 2.92077756e-03 4.93351255e-05 9.65501851e-03],[1.09 1.2  1.08 1.09 1.08 1.08],[1.32 1.37 1.32 1.21 1.09 1.21]
73,8,[6.05010747e-05 1.03169020e-04 2.05136825e-03 2.55854188e-02],[1.18 1.1  1.04 1.1  1.04 1.04],[1.3  1.22 1.22 1.2  1.2  1.1 ]
73,9,[7.73794784e-09 1.25533799e-03 2.84284526e-04 9.45661577e-04],[1.15 1.15 1.15 1.15 1.15 1.15],[1.51 1.51 1.51 1.2  1.18 1.2 ]
89,0,[2.10216402e-02 2.20022454e-05 1.11819260e-03 8.43795195e-05],[1.04 1.04 1.04 1.12 1.19 1.12],[1.25 1.12 1.2  1.26 1.29 1.2 ]
89,1,[2.29817714e-02 1.24632250e-07 4.35097583e-04 1.62102332e-04],[1.04 1.04 1.04 1.15 1.16 1.15],[1.42 1.16 1.18 1.42 1.42 1.2 ]
89,2,[3.43614266e-01 2.40819552e-04 1.25346718e-04 2.71980539e-04],[1.   1.   1.   1.15 1.15 1.15],[1.17 1.2  1.17 1.25 1.21 1.22]
89,3,[0.00024861 0.00066027 0.00080733 0.0001448 ],[1.17 1.17 1.17 1.17 1.17 1.17],[1.25 1.22 1.24 1.2  1.23 1.21]
89,4,[3.46185841e-04 2.38718117e-03 5.61595215e-12 6.30239969e-08],[1.13 1.16 1.16 1.13 1.13 1.4 ],[1.21 1.7  1.45 1.7  1.45 1.76]
89,5,[8.13404161e-05 2.59036644e-03 6.85351591e-02 9.33044214e-01],[1.07 1.   1.   1.   1.   1.  ],[1.2  1.19 1.19 1.07 1.07 1.  ]
89,6,[3.45666032e-05 2.92339038e-05 1.19085680e-05 7.84818408e-06],[1.27 1.27 1.27 1.27 1.27 1.27],[1.4  1.37 1.38 1.38 1.37 1.37]
89,7,[0.00334354 0.00011918 0.0001505  0.03019891],[1.08 1.08 1.03 1.16 1.03 1.03],[1.21 1.18 1.08 1.24 1.19 1.18]
89,8,[2.55725493e-07 8.08159279e-03 1.21333465e-01 4.52634164e-03],[1.05 1.   1.05 1.   1.05 1.  ],[1.36 1.36 1.36 1.05 1.06 1.06]
89,9,[4.32605630e-04 9.96687953e-05 1.32364758e-07 1.25044118e-03],[1.16 1.16 1.15 1.18 1.15 1.15],[1.3  1.41 1.19 1.44 1.25 1.4 ]
86,0,[1.01615054e-03 4.31297886e-10 1.05652229e-05 7.15112717e-07],[1.16 1.16 1.16 1.27 1.33 1.27],[1.66 1.3  1.37 1.68 1.74 1.4 ]
86,1,[4.36533990e-04 3.89437392e-07 6.18698137e-03 1.58178734e-03],[1.13 1.09 1.11 1.09 1.11 1.09],[1.42 1.16 1.17 1.36 1.36 1.12]
86,2,[1.29680482e-01 2.01420704e-04 4.36806883e-05 1.28962816e-05],[1.   1.   1.   1.18 1.18 1.21],[1.18 1.23 1.27 1.28 1.31 1.3 ]
86,3,[3.46391182e-07 5.84117010e-07 4.96498047e-08 4.89460055e-04],[1.35 1.35 1.19 1.35 1.19 1.19],[1.61 1.55 1.41 1.57 1.4  1.45]
86,4,[2.98618871e-05 1.37983289e-04 5.08329353e-04 1.68286615e-06],[1.19 1.19 1.22 1.19 1.19 1.19],[1.36 1.3  1.41 1.25 1.38 1.35]
86,5,[1.32447688e-03 1.00635024e-06 1.10059188e-03 3.68768253e-03],[1.11 1.11 1.11 1.11 1.11 1.11],[1.35 1.15 1.14 1.34 1.34 1.13]
86,6,[3.13815019e-06 3.72763321e-04 5.34168133e-04 1.69829979e-08],[1.18 1.18 1.29 1.18 1.18 1.18],[1.39 1.35 1.55 1.23 1.46 1.46]
86,7,[1.43435054e-02 2.24165042e-09 1.39936218e-05 4.19783951e-05],[1.06 1.06 1.06 1.24 1.23 1.23],[1.53 1.27 1.23 1.57 1.56 1.31]
86,8,[2.35313122e-05 1.36470711e-04 7.73551093e-05 3.48268093e-04],[1.2 1.2 1.2 1.2 1.2 1.2],[1.36 1.33 1.31 1.29 1.27 1.25]
86,9,[0.00038741 0.00369865 0.00079273 0.01435132],[1.08 1.11 1.06 1.08 1.06 1.06],[1.16 1.18 1.16 1.13 1.08 1.13]
81,0,[1.39516871e-06 9.86967499e-05 1.61081776e-06 3.39089842e-04],[1.2  1.3  1.19 1.2  1.19 1.19],[1.46 1.48 1.38 1.38 1.27 1.35]
81,1,[4.49012340e-03 5.75388598e-05 1.78811050e-02 2.62431005e-04],[1.07 1.05 1.07 1.05 1.15 1.05],[1.23 1.08 1.16 1.22 1.26 1.16]
81,2,[3.34241812e-09 2.06665044e-04 3.01939997e-06 9.80545812e-06],[1.21 1.28 1.27 1.21 1.21 1.27],[1.63 1.66 1.62 1.37 1.33 1.41]
81,3,[7.31096132e-04 1.24021969e-04 2.20995962e-03 7.47913940e-05],[1.14 1.13 1.14 1.13 1.18 1.13],[1.25 1.16 1.23 1.23 1.28 1.22]
81,4,[3.19180231e-05 1.40544187e-02 1.05726739e-03 2.15081527e-04],[1.06 1.12 1.16 1.06 1.06 1.12],[1.24 1.24 1.26 1.13 1.18 1.18]
81,5,[1.46016350e-04 1.23996985e-06 3.70512592e-03 2.69878153e-03],[1.17 1.11 1.11 1.11 1.11 1.11],[1.39 1.2  1.2  1.33 1.33 1.11]
81,6,[1.20981892e-04 9.85022042e-04 8.47187623e-05 5.96417064e-05],[1.16 1.18 1.18 1.16 1.16 1.18],[1.27 1.3  1.3  1.25 1.24 1.27]
81,7,[0.01629176 0.00192142 0.00113979 0.00018071],[1.05 1.05 1.05 1.1  1.1  1.1 ],[1.11 1.12 1.18 1.14 1.18 1.18]
81,8,[0.00494177 0.00024623 0.00032965 0.00017583],[1.1  1.1  1.1  1.15 1.15 1.15],[1.2  1.18 1.21 1.23 1.25 1.21]
81,9,[8.54949094e-05 5.87711046e-08 1.25876382e-03 4.75476167e-04],[1.19 1.15 1.15 1.15 1.15 1.15],[1.52 1.25 1.26 1.44 1.44 1.18]
84,0,[1.11315953e-05 3.73055114e-03 8.47223106e-03 1.23448522e-05],[1.08 1.08 1.24 1.08 1.08 1.08],[1.28 1.28 1.36 1.09 1.26 1.26]
84,1,[1.21064314e-03 5.17187309e-04 2.86103058e-06 7.46275763e-03],[1.12 1.12 1.09 1.13 1.09 1.09],[1.18 1.31 1.13 1.32 1.16 1.31]
84,2,[4.75585302e-05 6.91902692e-05 7.08442973e-04 1.09322522e-02],[1.19 1.14 1.07 1.14 1.07 1.07],[1.32 1.23 1.23 1.23 1.22 1.14]
84,3,[2.19735091e-03 6.18873038e-02 2.46038731e-03 2.51634113e-06],[1.   1.08 1.08 1.   1.   1.08],[1.1  1.11 1.29 1.09 1.29 1.29]
84,4,[3.09451035e-07 4.47516862e-05 1.16825776e-04 1.81063278e-07],[1.24 1.24 1.35 1.24 1.24 1.24],[1.55 1.43 1.58 1.33 1.48 1.42]
84,5,[0.00012119 0.09620628 0.00275208 0.00155077],[1.   1.09 1.09 1.   1.   1.09],[1.19 1.19 1.2  1.09 1.11 1.11]
84,6,[9.92073190e-07 2.49378253e-03 7.95554003e-03 2.29444471e-02],[1.07 1.05 1.04 1.05 1.04 1.04],[1.34 1.32 1.32 1.08 1.08 1.05]
84,7,[3.07442226e-05 3.77305306e-07 1.73024751e-03 1.18890351e-06],[1.24 1.14 1.24 1.14 1.31 1.14],[1.53 1.27 1.4  1.4  1.5  1.34]
84,8,[6.24348410e-04 2.04782398e-06 3.24407468e-04 1.03173337e-08],[1.18 1.18 1.18 1.18 1.3  1.18],[1.4  1.22 1.51 1.38 1.58 1.51]
84,9,[5.25820282e-05 5.91115843e-06 3.76761930e-07 2.27462882e-08],[1.26 1.26 1.26 1.29 1.29 1.35],[1.42 1.46 1.51 1.5  1.57 1.61]
99,0,[4.41760587e-05 9.70339747e-06 1.83772457e-05 1.85357789e-04],[1.23 1.23 1.22 1.23 1.22 1.22],[1.41 1.35 1.3  1.39 1.35 1.29]
99,1,[2.47262158e-06 5.48596320e-05 4.73452173e-03 9.90867432e-06],[1.22 1.1  1.25 1.1  1.22 1.1 ],[1.43 1.32 1.41 1.23 1.33 1.27]
99,2,[3.89056733e-04 1.27671277e-05 7.24876957e-06 5.58026474e-04],[1.18 1.18 1.18 1.24 1.18 1.18],[1.34 1.31 1.22 1.39 1.3  1.3 ]
99,3,[2.82030774e-06 1.33388941e-03 1.14134216e-06 6.73284080e-04],[1.15 1.29 1.15 1.15 1.15 1.15],[1.36 1.45 1.34 1.36 1.18 1.35]
99,4,[7.44717443e-06 2.19414260e-02 5.62204831e-04 2.17171772e-06],[1.04 1.14 1.26 1.04 1.04 1.14],[1.29 1.3  1.41 1.14 1.31 1.31]
99,5,[3.00999493e-06 3.16015004e-03 1.47253480e-04 6.96358576e-05],[1.12 1.19 1.2  1.12 1.12 1.19],[1.34 1.37 1.37 1.22 1.23 1.25]
99,6,[6.45784073e-08 2.03325219e-02 3.12243612e-04 5.84129126e-04],[1.04 1.15 1.14 1.04 1.04 1.14],[1.43 1.43 1.43 1.16 1.14 1.18]
99,7,[4.32613728e-05 5.63054178e-04 6.55529688e-04 8.41825295e-03],[1.13 1.13 1.08 1.13 1.08 1.08],[1.27 1.25 1.23 1.18 1.16 1.14]
99,8,[4.38762473e-05 1.19109500e-03 4.77776075e-04 1.80517447e-05],[1.15 1.15 1.21 1.15 1.15 1.15],[1.28 1.29 1.34 1.19 1.29 1.28]
99,9,[2.04787461e-03 7.37066517e-08 2.50088319e-06 3.70402703e-03],[1.11 1.11 1.11 1.29 1.11 1.11],[1.43 1.31 1.12 1.53 1.43 1.31]
96,0,[7.40379692e-04 9.19551990e-06 4.54687837e-03 4.61706501e-05],[1.14 1.1  1.14 1.1  1.21 1.1 ],[1.32 1.16 1.24 1.29 1.34 1.23]
96,1,[4.82418994e-10 1.38163751e-03 1.56153484e-04 3.10637404e-04],[1.15 1.17 1.17 1.15 1.15 1.17],[1.63 1.63 1.62 1.22 1.2  1.23]
96,2,[6.12956178e-04 4.96763051e-03 1.55399994e-05 6.79307206e-05],[1.1  1.14 1.14 1.1  1.1  1.2 ],[1.17 1.29 1.24 1.27 1.23 1.29]
96,3,[1.88263785e-02 5.40986579e-07 5.59273553e-05 2.12250579e-05],[1.05 1.05 1.05 1.22 1.23 1.22],[1.37 1.22 1.25 1.41 1.44 1.29]
96,4,[2.65365245e-03 1.12044463e-06 1.36074032e-05 1.06521927e-07],[1.12 1.12 1.12 1.27 1.32 1.27],[1.38 1.29 1.41 1.45 1.56 1.46]
96,5,[2.30385829e-04 6.59306268e-07 2.10732212e-02 7.33251924e-02],[1.15 1.01 1.   1.01 1.   1.  ],[1.41 1.15 1.15 1.33 1.33 1.01]
96,6,[1.62283989e-05 3.30000091e-05 1.31989834e-06 4.19543236e-05],[1.27 1.27 1.27 1.27 1.27 1.27],[1.43 1.44 1.36 1.42 1.37 1.38]
96,7,[0.00031268 0.00131153 0.00010726 0.00115439],[1.15 1.15 1.15 1.15 1.15 1.15],[1.22 1.26 1.22 1.23 1.17 1.22]
96,8,[2.40888497e-02 1.85373930e-06 3.05606045e-05 2.88060744e-06],[1.04 1.04 1.04 1.24 1.28 1.24],[1.32 1.24 1.31 1.38 1.44 1.36]
96,9,[3.28967469e-02 1.18778035e-04 3.52066030e-04 6.00274159e-06],[1.02 1.02 1.02 1.16 1.18 1.16],[1.2  1.16 1.28 1.24 1.32 1.28]
90,0,[1.77771131e-10 1.86778695e-02 1.88409082e-04 7.65033501e-07],[1.05 1.18 1.33 1.05 1.05 1.18],[1.62 1.62 1.71 1.18 1.35 1.36]
90,1,[1.18178523e-07 2.11626759e-04 2.53399862e-05 2.89486938e-02],[1.18 1.23 1.03 1.18 1.03 1.03],[1.48 1.46 1.41 1.28 1.18 1.25]
90,2,[1.58078140e-04 1.41054449e-03 1.90112402e-07 8.29429008e-03],[1.11 1.17 1.08 1.11 1.08 1.08],[1.22 1.41 1.19 1.38 1.13 1.38]
90,3,[8.59235892e-06 9.49094796e-06 1.73832170e-06 9.94270465e-05],[1.26 1.26 1.24 1.26 1.24 1.24],[1.47 1.49 1.37 1.46 1.37 1.37]
90,4,[8.50058389e-06 2.83358635e-05 4.76734648e-03 1.57707382e-04],[1.22 1.1  1.19 1.1  1.19 1.1 ],[1.42 1.3  1.32 1.26 1.3  1.19]
90,5,[9.71412263e-05 1.53417254e-03 1.54396602e-06 6.28569734e-05],[1.15 1.2  1.2  1.15 1.15 1.2 ],[1.26 1.39 1.32 1.35 1.25 1.35]
90,6,[2.32835129e-04 3.10243286e-07 3.76994789e-03 1.13550103e-08],[1.18 1.11 1.18 1.11 1.35 1.11],[1.45 1.19 1.49 1.38 1.6  1.48]
90,7,[2.03583772e-09 3.12353680e-03 3.92099576e-03 9.51202687e-04],[1.11 1.11 1.11 1.11 1.11 1.11],[1.53 1.52 1.52 1.12 1.14 1.14]
90,8,[4.11428363e-04 2.54474279e-06 2.04813153e-03 4.83736160e-04],[1.14 1.14 1.14 1.14 1.14 1.14],[1.38 1.19 1.2  1.34 1.34 1.17]
90,9,[2.48574299e-07 6.71995354e-02 1.59882787e-02 2.22701455e-07],[1.   1.02 1.35 1.   1.   1.02],[1.36 1.36 1.51 1.02 1.36 1.36]
63,0,[8.11111508e-06 2.43798244e-04 1.25613875e-02 1.28818459e-04],[1.17 1.06 1.17 1.06 1.17 1.06],[1.34 1.28 1.32 1.18 1.25 1.19]
63,1,[2.82676396e-05 1.05803972e-04 7.40958406e-11 4.69867897e-05],[1.24 1.24 1.24 1.24 1.24 1.24],[1.37 1.67 1.33 1.65 1.31 1.65]
63,2,[1.36780123e-06 1.26351540e-04 4.86427948e-04 3.59271211e-05],[1.19 1.19 1.21 1.19 1.19 1.19],[1.44 1.38 1.41 1.26 1.31 1.26]
63,3,[2.22753865e-04 1.92972446e-03 1.73684699e-06 1.69491450e-07],[1.14 1.17 1.17 1.14 1.14 1.3 ],[1.25 1.39 1.43 1.35 1.41 1.49]
63,4,[4.55356862e-06 7.01884103e-05 1.47028377e-04 8.11001901e-05],[1.23 1.23 1.23 1.23 1.23 1.23],[1.43 1.36 1.39 1.28 1.3  1.27]
63,5,[4.04858845e-05 2.07354058e-05 5.54274596e-03 2.13188866e-02],[1.21 1.06 1.04 1.06 1.04 1.04],[1.36 1.22 1.22 1.23 1.23 1.06]
63,6,[1.13512456e-05 1.50813475e-06 3.50372258e-03 1.39555718e-05],[1.25 1.11 1.25 1.11 1.25 1.11],[1.48 1.3  1.38 1.35 1.4  1.27]
63,7,[8.46104965e-04 2.16352980e-04 8.64458610e-06 6.69726874e-09],[1.17 1.17 1.17 1.18 1.18 1.26],[1.26 1.32 1.5  1.34 1.52 1.54]
63,8,[0.00023854 0.00024087 0.00016358 0.0001281 ],[1.21 1.21 1.21 1.21 1.21 1.21],[1.29 1.26 1.27 1.27 1.28 1.25]
63,9,[3.02623926e-10 1.18786811e-03 2.98735658e-05 1.24943039e-02],[1.12 1.22 1.07 1.12 1.07 1.07],[1.65 1.62 1.58 1.25 1.12 1.24]
75,0,[2.58863123e-03 1.15662858e-05 3.01443578e-07 2.18215813e-04],[1.12 1.12 1.12 1.25 1.18 1.18],[1.31 1.39 1.2  1.48 1.33 1.39]
75,1,[1.00584691e-01 9.43441930e-05 7.24184998e-07 1.87359206e-07],[1.   1.   1.   1.2  1.2  1.33],[1.2  1.35 1.4  1.39 1.44 1.46]
75,2,[0.00086925 0.0057034  0.00051107 0.00049191],[1.1  1.12 1.12 1.1  1.1  1.12],[1.15 1.19 1.18 1.16 1.16 1.18]
75,3,[4.96753493e-05 2.21947969e-02 4.64072508e-04 7.95408379e-04],[1.04 1.13 1.13 1.04 1.04 1.13],[1.23 1.25 1.24 1.15 1.13 1.16]
75,4,[2.43517630e-03 2.25858199e-09 2.20050248e-04 1.17124980e-05],[1.13 1.13 1.13 1.17 1.25 1.17],[1.57 1.2  1.29 1.59 1.62 1.29]
75,5,[1.25460060e-04 1.71929683e-05 3.34906091e-06 2.96303480e-04],[1.2  1.2  1.2  1.24 1.2  1.2 ],[1.4  1.37 1.26 1.41 1.33 1.34]
75,6,[2.36256958e-05 1.57894808e-10 2.09185955e-07 2.43695600e-06],[1.29 1.29 1.29 1.37 1.32 1.32],[1.78 1.49 1.44 1.8  1.75 1.49]
75,7,[1.99019160e-03 3.52852965e-06 6.74288954e-05 1.00897801e-02],[1.1  1.1  1.07 1.19 1.07 1.07],[1.32 1.21 1.11 1.38 1.3  1.21]
75,8,[3.89908528e-05 8.25627421e-06 6.52988757e-07 5.21026014e-05],[1.26 1.26 1.26 1.26 1.26 1.26],[1.43 1.45 1.34 1.46 1.36 1.42]
75,9,[1.74460589e-03 1.85402599e-03 5.78946716e-06 1.14509873e-02],[1.09 1.09 1.07 1.09 1.07 1.07],[1.14 1.28 1.11 1.28 1.11 1.28]
97,0,[4.30051815e-06 5.97344286e-07 5.98250435e-05 5.15102400e-05],[1.28 1.26 1.26 1.26 1.26 1.26],[1.55 1.38 1.4  1.43 1.42 1.3 ]
97,1,[2.11903865e-04 1.02250805e-02 9.65754921e-03 3.93481168e-07],[1.06 1.06 1.16 1.06 1.06 1.06],[1.17 1.17 1.38 1.06 1.36 1.36]
97,2,[1.01204972e-03 9.54182337e-05 2.02623027e-03 3.55861514e-04],[1.13 1.13 1.13 1.13 1.14 1.13],[1.26 1.16 1.19 1.23 1.25 1.18]
97,3,[9.67560287e-07 7.80574718e-05 1.93883383e-06 2.16763744e-04],[1.21 1.3  1.21 1.21 1.21 1.21],[1.46 1.49 1.41 1.38 1.28 1.35]
97,4,[2.23303984e-08 2.39201822e-03 2.77848217e-03 8.43566081e-08],[1.12 1.12 1.39 1.12 1.12 1.12],[1.47 1.45 1.64 1.13 1.39 1.39]
97,5,[2.60542174e-03 3.14528447e-05 4.75081901e-03 5.48986136e-04],[1.1  1.1  1.1  1.1  1.13 1.1 ],[1.26 1.12 1.15 1.25 1.25 1.15]
97,6,[3.09586323e-06 1.75844277e-02 1.41121844e-04 4.26262475e-04],[1.05 1.17 1.15 1.05 1.05 1.15],[1.32 1.34 1.32 1.19 1.15 1.2 ]
97,7,[6.03710100e-05 1.46082034e-04 4.43874507e-03 5.05048285e-08],[1.19 1.11 1.2  1.11 1.19 1.11],[1.31 1.23 1.47 1.2  1.45 1.43]
97,8,[8.04611611e-03 2.20457286e-07 4.82158649e-05 1.91655951e-03],[1.08 1.08 1.08 1.2  1.1  1.1 ],[1.39 1.21 1.12 1.42 1.39 1.21]
97,9,[5.54542739e-05 1.76012204e-04 4.12463481e-03 4.34039893e-05],[1.18 1.11 1.19 1.11 1.18 1.11],[1.31 1.24 1.3  1.2  1.28 1.23]
83,0,[5.66217677e-06 1.67774153e-07 4.95958306e-04 9.92665049e-03],[1.27 1.15 1.07 1.15 1.07 1.07],[1.55 1.31 1.29 1.39 1.39 1.15]
83,1,[2.00728321e-05 1.21372701e-04 2.55892710e-05 4.72781881e-06],[1.24 1.24 1.24 1.24 1.24 1.24],[1.36 1.38 1.39 1.36 1.37 1.38]
83,2,[1.87879415e-03 2.84446606e-04 9.40305430e-06 5.44087380e-06],[1.14 1.14 1.14 1.17 1.17 1.25],[1.24 1.31 1.32 1.33 1.35 1.39]
83,3,[4.06802131e-03 8.69722690e-06 3.63064764e-03 2.35410311e-03],[1.11 1.1  1.11 1.11 1.11 1.11],[1.28 1.1  1.11 1.28 1.28 1.11]
83,4,[1.40299788e-05 1.08499908e-05 1.44095339e-03 1.68357182e-04],[1.24 1.15 1.19 1.15 1.19 1.15],[1.44 1.29 1.32 1.31 1.32 1.2 ]
83,5,[2.90152950e-07 5.57311539e-07 7.15508980e-07 2.60132975e-05],[1.34 1.34 1.28 1.34 1.28 1.28],[1.65 1.54 1.47 1.53 1.46 1.41]
83,6,[1.10524807e-08 1.25073724e-02 2.20202659e-03 2.35694391e-03],[1.06 1.08 1.08 1.06 1.06 1.08],[1.45 1.45 1.45 1.1  1.1  1.1 ]
83,7,[7.57859519e-02 1.82251103e-10 6.82984824e-09 2.39082239e-07],[1.   1.   1.   1.46 1.39 1.39],[1.6  1.49 1.39 1.79 1.72 1.56]
83,8,[1.01353408e-04 1.02416076e-10 6.41949164e-03 6.74813414e-07],[1.2  1.09 1.2  1.09 1.33 1.09],[1.71 1.21 1.4  1.61 1.76 1.35]
83,9,[2.88432716e-03 1.21094691e-06 1.44530913e-03 2.75171837e-05],[1.12 1.12 1.12 1.12 1.22 1.12],[1.35 1.15 1.24 1.35 1.42 1.24]
80,0,[1.81039112e-02 5.61074684e-05 1.48086434e-06 2.10814916e-04],[1.05 1.05 1.05 1.2  1.18 1.18],[1.23 1.33 1.18 1.39 1.27 1.34]
80,1,[1.60273608e-06 7.52827808e-03 1.02117578e-04 4.93681827e-08],[1.09 1.2  1.31 1.09 1.09 1.2 ],[1.36 1.4  1.56 1.21 1.42 1.42]
80,2,[2.93490466e-03 3.59548271e-03 5.90398311e-04 9.86905437e-05],[1.11 1.11 1.11 1.11 1.11 1.12],[1.13 1.16 1.22 1.16 1.22 1.22]
80,3,[1.42044636e-03 3.31513914e-08 3.24770830e-04 1.82878596e-04],[1.15 1.15 1.15 1.16 1.16 1.16],[1.48 1.19 1.22 1.47 1.47 1.22]
80,4,[5.69576373e-06 1.21526460e-06 2.96714515e-08 2.73585224e-04],[1.29 1.29 1.21 1.31 1.21 1.21],[1.56 1.54 1.37 1.58 1.38 1.47]
80,5,[1.91534628e-05 1.80612243e-04 1.61919419e-05 8.81981507e-05],[1.22 1.22 1.22 1.22 1.22 1.22],[1.35 1.37 1.35 1.32 1.29 1.33]
80,6,[6.91043956e-06 9.94177136e-04 1.48897914e-05 3.32574625e-06],[1.16 1.26 1.27 1.16 1.16 1.26],[1.36 1.39 1.43 1.31 1.37 1.38]
80,7,[8.39351447e-05 4.84656164e-05 2.60960765e-02 3.29479324e-07],[1.2  1.03 1.2  1.03 1.2  1.03],[1.33 1.21 1.42 1.22 1.42 1.38]
80,8,[4.32786878e-06 5.24417275e-05 1.86909322e-03 5.02988704e-04],[1.2  1.14 1.15 1.14 1.15 1.14],[1.4  1.32 1.32 1.25 1.26 1.17]
80,9,[8.00190229e-06 5.50918272e-05 1.75132978e-06 7.57330306e-04],[1.22 1.26 1.17 1.22 1.17 1.17],[1.43 1.42 1.31 1.41 1.26 1.35]
88,0,[6.49919032e-08 2.59836729e-03 8.48522324e-07 2.07558318e-05],[1.12 1.32 1.25 1.12 1.12 1.25],[1.47 1.61 1.53 1.35 1.27 1.38]
88,1,[1.40246059e-09 4.41960224e-03 3.45100065e-05 5.19174193e-05],[1.11 1.22 1.22 1.11 1.11 1.22],[1.57 1.6  1.59 1.25 1.24 1.29]
88,2,[5.77901023e-07 1.33324818e-06 6.66233654e-06 1.52278885e-04],[1.31 1.29 1.23 1.29 1.23 1.23],[1.59 1.47 1.42 1.46 1.38 1.32]
88,3,[1.26717444e-05 9.31963010e-03 1.86542941e-02 9.58374917e-04],[1.05 1.05 1.11 1.05 1.05 1.05],[1.26 1.26 1.26 1.05 1.11 1.11]
88,4,[2.02285868e-05 2.54678391e-03 6.54000604e-03 1.81228388e-04],[1.09 1.09 1.16 1.09 1.09 1.09],[1.26 1.26 1.28 1.11 1.18 1.18]
88,5,[9.89535645e-05 1.85954657e-07 3.97018150e-07 1.14400989e-04],[1.24 1.24 1.24 1.35 1.24 1.24],[1.49 1.43 1.28 1.57 1.48 1.4 ]
88,6,[1.62044755e-09 3.92535155e-05 1.96144377e-07 4.19411454e-08],[1.27 1.39 1.41 1.27 1.27 1.39],[1.67 1.69 1.75 1.5  1.51 1.57]
88,7,[3.12490425e-03 1.75466342e-03 8.18475728e-05 8.27031104e-08],[1.12 1.12 1.12 1.12 1.12 1.19],[1.15 1.23 1.4  1.23 1.4  1.4 ]
88,8,[1.19669516e-04 8.33067979e-04 1.81753096e-07 3.21303829e-07],[1.17 1.2  1.2  1.17 1.17 1.35],[1.28 1.45 1.45 1.44 1.41 1.52]
88,9,[0.02129468 0.00612403 0.00013321 0.03436973],[1.01 1.01 1.01 1.04 1.01 1.01],[1.04 1.16 1.01 1.16 1.04 1.16]
87,0,[1.84835915e-07 1.43015874e-05 1.61486231e-06 1.90214833e-08],[1.3  1.33 1.37 1.3  1.3  1.33],[1.6  1.55 1.68 1.44 1.54 1.57]
87,1,[0.00097792 0.03815871 0.00013547 0.00024692],[1.02 1.13 1.13 1.02 1.02 1.15],[1.13 1.2  1.19 1.19 1.17 1.21]
87,2,[8.34195172e-07 7.36647799e-06 1.77940852e-04 2.00975716e-04],[1.26 1.21 1.21 1.21 1.21 1.21],[1.52 1.42 1.41 1.35 1.34 1.25]
87,3,[2.00841979e-03 5.62673098e-05 1.58508371e-06 4.59415153e-06],[1.14 1.14 1.14 1.22 1.22 1.28],[1.27 1.35 1.32 1.4  1.38 1.42]
87,4,[2.56692914e-07 1.36193857e-03 1.83156146e-05 8.22379959e-07],[1.15 1.26 1.32 1.15 1.15 1.26],[1.43 1.49 1.56 1.29 1.37 1.41]
87,5,[3.34115049e-06 6.52876444e-04 8.57311660e-07 4.38329018e-09],[1.18 1.31 1.31 1.18 1.18 1.32],[1.42 1.5  1.65 1.38 1.52 1.56]
87,6,[0.00089149 0.00147785 0.00073148 0.00192273],[1.14 1.14 1.14 1.14 1.14 1.14],[1.19 1.18 1.17 1.17 1.15 1.16]
87,7,[1.15340876e-05 3.83109230e-04 2.91331720e-05 1.67876916e-02],[1.16 1.22 1.05 1.16 1.05 1.05],[1.32 1.35 1.27 1.28 1.16 1.24]
87,8,[7.65981697e-05 6.75933268e-06 4.67162367e-02 8.61333532e-03],[1.19 1.01 1.05 1.01 1.05 1.01],[1.36 1.19 1.19 1.27 1.27 1.05]
87,9,[1.45173069e-03 7.23845206e-07 1.77347397e-05 3.11898686e-03],[1.12 1.12 1.12 1.23 1.12 1.12],[1.4  1.27 1.14 1.41 1.36 1.26]
95,0,[1.35543440e-02 1.33765722e-04 1.77401267e-01 6.94938940e-04],[1.03 1.   1.03 1.   1.12 1.  ],[1.18 1.03 1.12 1.18 1.2  1.12]
95,1,[4.31481608e-05 6.26340912e-08 1.39890446e-05 7.37231668e-06],[1.27 1.27 1.27 1.27 1.27 1.27],[1.56 1.36 1.39 1.53 1.55 1.39]
95,2,[1.24126333e-05 1.53610447e-04 8.67170433e-06 7.50881261e-07],[1.22 1.26 1.26 1.22 1.22 1.26],[1.39 1.39 1.47 1.36 1.42 1.44]
95,3,[4.64367945e-05 3.37927761e-03 6.69642716e-07 1.88166910e-02],[1.08 1.2  1.05 1.08 1.05 1.05],[1.23 1.38 1.23 1.34 1.09 1.34]
95,4,[1.68171646e-02 1.09449537e-07 1.48532742e-10 1.00544018e-11],[1.05 1.05 1.05 1.41 1.41 1.56],[1.43 1.59 1.69 1.79 1.82 1.86]
95,5,[2.01634376e-05 8.38137026e-09 2.02714253e-04 3.00510728e-07],[1.25 1.22 1.25 1.22 1.36 1.22],[1.66 1.34 1.45 1.55 1.67 1.4 ]
95,6,[4.51953671e-04 1.22914404e-02 3.03052415e-04 4.15030098e-05],[1.07 1.15 1.15 1.07 1.07 1.15],[1.17 1.2  1.25 1.17 1.23 1.24]
95,7,[1.40044145e-06 2.34224552e-03 5.20151921e-03 4.06279378e-03],[1.1  1.1  1.1  1.1  1.1  1.09],[1.32 1.31 1.31 1.1  1.1  1.09]
95,8,[7.71664975e-05 9.91944839e-06 4.60240687e-02 7.51277272e-04],[1.19 1.01 1.14 1.01 1.14 1.01],[1.37 1.21 1.22 1.28 1.29 1.14]
95,9,[4.83062945e-09 3.84641033e-03 2.69414800e-04 2.97855751e-08],[1.11 1.17 1.42 1.11 1.11 1.17],[1.52 1.52 1.7  1.19 1.44 1.44]
91,0,[1.06716784e-07 7.63623576e-03 5.45210939e-05 4.32791113e-05],[1.09 1.21 1.21 1.09 1.09 1.21],[1.43 1.47 1.46 1.22 1.23 1.28]
91,1,[1.24094724e-05 5.55495155e-04 7.18884063e-05 2.87152453e-05],[1.18 1.21 1.22 1.18 1.18 1.21],[1.36 1.35 1.37 1.28 1.29 1.31]
91,2,[3.90244249e-07 1.26547531e-06 1.89113969e-03 1.64516263e-03],[1.31 1.14 1.14 1.14 1.14 1.13],[1.52 1.38 1.38 1.34 1.34 1.13]
91,3,[1.94440608e-02 6.56055328e-08 6.54831185e-08 4.80427576e-07],[1.05 1.05 1.05 1.38 1.36 1.36],[1.42 1.42 1.36 1.64 1.57 1.49]
91,4,[1.08246152e-04 1.58138793e-06 5.39849284e-04 1.72585754e-04],[1.18 1.18 1.18 1.18 1.18 1.18],[1.44 1.25 1.28 1.37 1.39 1.23]
91,5,[9.92341272e-06 1.52199851e-03 1.24591710e-02 9.87951839e-05],[1.11 1.07 1.18 1.07 1.11 1.07],[1.3  1.27 1.32 1.12 1.22 1.2 ]
91,6,[1.48293877e-04 1.52406410e-05 2.44471822e-06 4.11666004e-06],[1.23 1.23 1.23 1.26 1.26 1.28],[1.4  1.4  1.38 1.45 1.44 1.43]
91,7,[1.16443363e-04 1.84566095e-04 2.14412085e-03 4.97995834e-05],[1.18 1.13 1.18 1.13 1.18 1.13],[1.3  1.21 1.29 1.21 1.27 1.23]
91,8,[3.72679135e-05 2.55537560e-03 1.59804635e-06 1.66489440e-05],[1.13 1.23 1.23 1.13 1.13 1.24],[1.29 1.44 1.36 1.35 1.27 1.38]
91,9,[2.31169968e-08 9.65994511e-06 6.27533634e-03 4.52962783e-05],[1.25 1.09 1.23 1.09 1.23 1.09],[1.61 1.45 1.5  1.28 1.35 1.23]
93,0,[3.43707420e-02 2.17940747e-05 1.71284316e-04 1.90954108e-03],[1.02 1.02 1.02 1.17 1.1  1.1 ],[1.25 1.17 1.1  1.28 1.25 1.17]
93,1,[2.43284560e-05 2.03013917e-06 5.77511630e-06 1.05451228e-06],[1.29 1.29 1.29 1.29 1.3  1.29],[1.48 1.4  1.45 1.46 1.51 1.43]
93,2,[7.46118546e-02 4.00065917e-06 1.38624740e-03 1.23522057e-04],[1.   1.   1.   1.11 1.18 1.11],[1.3  1.11 1.19 1.3  1.35 1.19]
93,3,[4.64152180e-05 3.04757359e-08 3.93140290e-03 1.14957785e-05],[1.23 1.11 1.23 1.11 1.25 1.11],[1.57 1.24 1.34 1.47 1.55 1.28]
93,4,[8.52695873e-04 8.90224914e-08 3.72624592e-05 8.82970719e-08],[1.17 1.17 1.17 1.23 1.37 1.23],[1.51 1.27 1.45 1.49 1.63 1.45]
93,5,[0.00013027 0.00014899 0.00011157 0.00031743],[1.2 1.2 1.2 1.2 1.2 1.2],[1.32 1.29 1.26 1.29 1.27 1.24]
93,6,[5.96325041e-04 9.09331781e-05 5.97478395e-06 2.30605492e-07],[1.18 1.18 1.18 1.21 1.21 1.27],[1.28 1.33 1.4  1.39 1.45 1.44]
93,7,[8.98981093e-05 1.09936945e-05 1.88720361e-06 2.58734598e-08],[1.25 1.25 1.25 1.27 1.27 1.3 ],[1.4  1.4  1.52 1.43 1.54 1.53]
93,8,[1.32500587e-03 8.48754628e-05 6.42387700e-05 2.91794176e-02],[1.12 1.12 1.03 1.18 1.03 1.03],[1.24 1.22 1.12 1.28 1.21 1.22]
93,9,[0.00230081 0.00450528 0.00150543 0.00234331],[1.11 1.11 1.11 1.11 1.11 1.11],[1.13 1.13 1.13 1.13 1.12 1.13]
92,0,[1.01644476e-03 3.81520616e-03 5.67066091e-05 2.92334861e-04],[1.11 1.13 1.13 1.11 1.11 1.15],[1.16 1.25 1.2  1.24 1.19 1.25]
92,1,[4.57834977e-04 1.59047186e-06 2.88846061e-05 1.63450814e-03],[1.15 1.15 1.14 1.22 1.14 1.14],[1.4  1.28 1.19 1.42 1.36 1.26]
92,2,[1.09659124e-06 6.90785598e-06 7.91963606e-10 2.29611694e-07],[1.32 1.34 1.34 1.32 1.32 1.36],[1.54 1.67 1.57 1.65 1.48 1.68]
92,3,[5.64566419e-05 1.81611410e-03 4.01249267e-07 9.13603424e-05],[1.14 1.2  1.2  1.14 1.14 1.2 ],[1.28 1.43 1.31 1.39 1.24 1.39]
92,4,[1.78317116e-04 2.92665414e-05 6.22856029e-04 1.27140119e-06],[1.18 1.18 1.18 1.18 1.22 1.18],[1.34 1.23 1.38 1.28 1.41 1.35]
92,5,[5.26647972e-05 1.72283473e-07 4.30178407e-07 3.02633955e-06],[1.26 1.26 1.26 1.35 1.31 1.31],[1.53 1.45 1.39 1.57 1.55 1.49]
92,6,[0.00049156 0.00176188 0.00524402 0.00385511],[1.1  1.09 1.09 1.09 1.09 1.09],[1.17 1.15 1.15 1.11 1.11 1.09]
92,7,[1.61864133e-05 1.16284918e-03 1.50032177e-04 4.80759676e-07],[1.16 1.19 1.24 1.16 1.16 1.19],[1.34 1.32 1.44 1.24 1.38 1.38]
92,8,[7.49430450e-06 4.50456899e-03 1.08133752e-04 3.28435548e-05],[1.11 1.2  1.22 1.11 1.11 1.2 ],[1.32 1.35 1.37 1.21 1.24 1.26]
92,9,[4.38061613e-05 4.10429620e-04 7.82301986e-06 2.17498755e-02],[1.16 1.21 1.04 1.16 1.04 1.04],[1.3  1.33 1.23 1.32 1.16 1.28]
